travelTimeMeta_ID,site_ID,conePenetrationTestMeta_ID,citation_ID,name,longitude,latitude,date,coneNo,tipArea_unit,tipArea_value,pushRate_unit,pushRate_value,notes,depth_unit,tipResistance_unit,sleeveFriction_unit,porePressure_unit,citation_url,citation_doi,citation_text,citation_comment
1,3228,1269,80.0,AGR002,-86.8453,46.43,2004.9.8,766TC,,0.0,cm/s,0.0,,m,MPa,kPa,,,,"Holzer, TL, Noce, TE, and Bennett, MJ (2010). Maps and Documentation of Seismic CPT Soundings in the Central, Eastern, and Western United States, USGS Open-File Report 2010-1136, 86 p. Data accessed from https://earthquake.usgs.gov/research/cpt/data/ on 05.29.2018.",
2,3229,1270,80.0,AGR003,-86.8454,46.4249,2004.9.8,766TC,,0.0,cm/s,0.0,,m,MPa,kPa,,,,"Holzer, TL, Noce, TE, and Bennett, MJ (2010). Maps and Documentation of Seismic CPT Soundings in the Central, Eastern, and Western United States, USGS Open-File Report 2010-1136, 86 p. Data accessed from https://earthquake.usgs.gov/research/cpt/data/ on 05.29.2018.",
3,3230,1271,80.0,AGR005,-86.8262,46.4143,2004.9.8,766TC,,0.0,cm/s,0.0,,m,MPa,kPa,,,,"Holzer, TL, Noce, TE, and Bennett, MJ (2010). Maps and Documentation of Seismic CPT Soundings in the Central, Eastern, and Western United States, USGS Open-File Report 2010-1136, 86 p. Data accessed from https://earthquake.usgs.gov/research/cpt/data/ on 05.29.2018.",
4,3231,1272,80.0,AGR006,-86.8305,46.4168,2004.9.8,766TC,,0.0,cm/s,0.0,,m,MPa,kPa,,,,"Holzer, TL, Noce, TE, and Bennett, MJ (2010). Maps and Documentation of Seismic CPT Soundings in the Central, Eastern, and Western United States, USGS Open-File Report 2010-1136, 86 p. Data accessed from https://earthquake.usgs.gov/research/cpt/data/ on 05.29.2018.",
5,3232,1273,80.0,AGR007,-86.8721,46.4295,2004.9.9,766TC,,0.0,cm/s,0.0,,m,MPa,kPa,,,,"Holzer, TL, Noce, TE, and Bennett, MJ (2010). Maps and Documentation of Seismic CPT Soundings in the Central, Eastern, and Western United States, USGS Open-File Report 2010-1136, 86 p. Data accessed from https://earthquake.usgs.gov/research/cpt/data/ on 05.29.2018.",
6,3233,1274,80.0,AGR008,-86.8634,46.4288,2004.9.9,766TC,,0.0,cm/s,0.0,,m,MPa,kPa,,,,"Holzer, TL, Noce, TE, and Bennett, MJ (2010). Maps and Documentation of Seismic CPT Soundings in the Central, Eastern, and Western United States, USGS Open-File Report 2010-1136, 86 p. Data accessed from https://earthquake.usgs.gov/research/cpt/data/ on 05.29.2018.",
7,3234,1275,80.0,AGR009,-86.8531,46.4296,2004.9.9,766TC,,0.0,cm/s,0.0,,m,MPa,kPa,,,,"Holzer, TL, Noce, TE, and Bennett, MJ (2010). Maps and Documentation of Seismic CPT Soundings in the Central, Eastern, and Western United States, USGS Open-File Report 2010-1136, 86 p. Data accessed from https://earthquake.usgs.gov/research/cpt/data/ on 05.29.2018.",
8,3235,1276,80.0,AGR010,-86.8396,46.4272,2004.9.9,766TC,,0.0,cm/s,0.0,,m,MPa,kPa,,,,"Holzer, TL, Noce, TE, and Bennett, MJ (2010). Maps and Documentation of Seismic CPT Soundings in the Central, Eastern, and Western United States, USGS Open-File Report 2010-1136, 86 p. Data accessed from https://earthquake.usgs.gov/research/cpt/data/ on 05.29.2018.",
9,3236,1277,80.0,AGR011,-86.8339,46.4273,2004.9.9,766TC,,0.0,cm/s,0.0,,m,MPa,kPa,,,,"Holzer, TL, Noce, TE, and Bennett, MJ (2010). Maps and Documentation of Seismic CPT Soundings in the Central, Eastern, and Western United States, USGS Open-File Report 2010-1136, 86 p. Data accessed from https://earthquake.usgs.gov/research/cpt/data/ on 05.29.2018.",
10,3237,1278,80.0,AGR012,-86.8316,46.4308,2004.9.9,766TC,,0.0,cm/s,0.0,,m,MPa,kPa,,,,"Holzer, TL, Noce, TE, and Bennett, MJ (2010). Maps and Documentation of Seismic CPT Soundings in the Central, Eastern, and Western United States, USGS Open-File Report 2010-1136, 86 p. Data accessed from https://earthquake.usgs.gov/research/cpt/data/ on 05.29.2018.",
11,3238,1279,80.0,AHY001,-91.4805,33.3304,2004.11.29,DDG0766,,0.0,cm/s,0.0,,m,MPa,kPa,,,,"Holzer, TL, Noce, TE, and Bennett, MJ (2010). Maps and Documentation of Seismic CPT Soundings in the Central, Eastern, and Western United States, USGS Open-File Report 2010-1136, 86 p. Data accessed from https://earthquake.usgs.gov/research/cpt/data/ on 05.29.2018.",
12,3239,1280,80.0,AHY002,-91.4829,33.3305,2004.11.29,DDG0766,,0.0,cm/s,0.0,,m,MPa,kPa,,,,"Holzer, TL, Noce, TE, and Bennett, MJ (2010). Maps and Documentation of Seismic CPT Soundings in the Central, Eastern, and Western United States, USGS Open-File Report 2010-1136, 86 p. Data accessed from https://earthquake.usgs.gov/research/cpt/data/ on 05.29.2018.",
13,3240,1281,80.0,AHY003,-91.4854,33.3305,2004.11.29,DDG0766,,0.0,cm/s,0.0,,m,MPa,kPa,,,,"Holzer, TL, Noce, TE, and Bennett, MJ (2010). Maps and Documentation of Seismic CPT Soundings in the Central, Eastern, and Western United States, USGS Open-File Report 2010-1136, 86 p. Data accessed from https://earthquake.usgs.gov/research/cpt/data/ on 05.29.2018.",
14,3241,1282,80.0,AHY004,-91.4863,33.3305,2004.11.29,DDG0766,,0.0,cm/s,0.0,,m,MPa,kPa,,,,"Holzer, TL, Noce, TE, and Bennett, MJ (2010). Maps and Documentation of Seismic CPT Soundings in the Central, Eastern, and Western United States, USGS Open-File Report 2010-1136, 86 p. Data accessed from https://earthquake.usgs.gov/research/cpt/data/ on 05.29.2018.",
15,3242,1283,80.0,ALC001,-122.253,37.7847,2000.11.7,660,,0.0,cm/s,0.0,,m,MPa,kPa,,,,"Holzer, TL, Noce, TE, and Bennett, MJ (2010). Maps and Documentation of Seismic CPT Soundings in the Central, Eastern, and Western United States, USGS Open-File Report 2010-1136, 86 p. Data accessed from https://earthquake.usgs.gov/research/cpt/data/ on 05.29.2018.",
16,3243,1284,80.0,ALC002,-122.2463,37.7802,2000.11.7,660,,0.0,cm/s,0.0,,m,MPa,kPa,,,,"Holzer, TL, Noce, TE, and Bennett, MJ (2010). Maps and Documentation of Seismic CPT Soundings in the Central, Eastern, and Western United States, USGS Open-File Report 2010-1136, 86 p. Data accessed from https://earthquake.usgs.gov/research/cpt/data/ on 05.29.2018.",
17,3244,1285,80.0,ALC003,-122.2491,37.7828,2000.11.7,660,,0.0,cm/s,0.0,,m,MPa,kPa,,,,"Holzer, TL, Noce, TE, and Bennett, MJ (2010). Maps and Documentation of Seismic CPT Soundings in the Central, Eastern, and Western United States, USGS Open-File Report 2010-1136, 86 p. Data accessed from https://earthquake.usgs.gov/research/cpt/data/ on 05.29.2018.",
18,3245,1286,80.0,ALC004,-122.2478,37.7829,2000.11.21,660,,0.0,cm/s,0.0,,m,MPa,kPa,,,,"Holzer, TL, Noce, TE, and Bennett, MJ (2010). Maps and Documentation of Seismic CPT Soundings in the Central, Eastern, and Western United States, USGS Open-File Report 2010-1136, 86 p. Data accessed from https://earthquake.usgs.gov/research/cpt/data/ on 05.29.2018.",
19,3246,1287,80.0,ALC005,-122.2506,37.7816,2000.11.15,660,,0.0,cm/s,0.0,,m,MPa,kPa,,,,"Holzer, TL, Noce, TE, and Bennett, MJ (2010). Maps and Documentation of Seismic CPT Soundings in the Central, Eastern, and Western United States, USGS Open-File Report 2010-1136, 86 p. Data accessed from https://earthquake.usgs.gov/research/cpt/data/ on 05.29.2018.",
20,3247,1288,80.0,ALC006,-122.2518,37.7831,2000.11.21,660,,0.0,cm/s,0.0,,m,MPa,kPa,,,,"Holzer, TL, Noce, TE, and Bennett, MJ (2010). Maps and Documentation of Seismic CPT Soundings in the Central, Eastern, and Western United States, USGS Open-File Report 2010-1136, 86 p. Data accessed from https://earthquake.usgs.gov/research/cpt/data/ on 05.29.2018.",
21,3248,1289,80.0,ALC007,-122.2371,37.7478,2000.12.7,660,,0.0,cm/s,0.0,,m,MPa,kPa,,,,"Holzer, TL, Noce, TE, and Bennett, MJ (2010). Maps and Documentation of Seismic CPT Soundings in the Central, Eastern, and Western United States, USGS Open-File Report 2010-1136, 86 p. Data accessed from https://earthquake.usgs.gov/research/cpt/data/ on 05.29.2018.",
22,3249,1290,80.0,ALC008,-122.2371,37.7506,2000.12.7,660,,0.0,cm/s,0.0,,m,MPa,kPa,,,,"Holzer, TL, Noce, TE, and Bennett, MJ (2010). Maps and Documentation of Seismic CPT Soundings in the Central, Eastern, and Western United States, USGS Open-File Report 2010-1136, 86 p. Data accessed from https://earthquake.usgs.gov/research/cpt/data/ on 05.29.2018.",
23,3250,1291,80.0,ALC009,-122.279,37.785,2000.12.8,660,,0.0,cm/s,0.0,,m,MPa,kPa,,,,"Holzer, TL, Noce, TE, and Bennett, MJ (2010). Maps and Documentation of Seismic CPT Soundings in the Central, Eastern, and Western United States, USGS Open-File Report 2010-1136, 86 p. Data accessed from https://earthquake.usgs.gov/research/cpt/data/ on 05.29.2018.",
24,3251,1292,80.0,ALC010,-122.2882,37.7851,2000.12.8,660,,0.0,cm/s,0.0,,m,MPa,kPa,,,,"Holzer, TL, Noce, TE, and Bennett, MJ (2010). Maps and Documentation of Seismic CPT Soundings in the Central, Eastern, and Western United States, USGS Open-File Report 2010-1136, 86 p. Data accessed from https://earthquake.usgs.gov/research/cpt/data/ on 05.29.2018.",
25,3252,1293,80.0,ALC011,-122.2884,37.7881,2000.12.8,660,,0.0,cm/s,0.0,,m,MPa,kPa,,,,"Holzer, TL, Noce, TE, and Bennett, MJ (2010). Maps and Documentation of Seismic CPT Soundings in the Central, Eastern, and Western United States, USGS Open-File Report 2010-1136, 86 p. Data accessed from https://earthquake.usgs.gov/research/cpt/data/ on 05.29.2018.",
26,3253,1294,80.0,ALC012,-122.2385,37.7417,2001.1.12,660,,0.0,cm/s,0.0,,m,MPa,kPa,,,,"Holzer, TL, Noce, TE, and Bennett, MJ (2010). Maps and Documentation of Seismic CPT Soundings in the Central, Eastern, and Western United States, USGS Open-File Report 2010-1136, 86 p. Data accessed from https://earthquake.usgs.gov/research/cpt/data/ on 05.29.2018.",
27,3254,1295,80.0,ALC013,-122.2791,37.7893,2001.1.12,660,,0.0,cm/s,0.0,,m,MPa,kPa,,,,"Holzer, TL, Noce, TE, and Bennett, MJ (2010). Maps and Documentation of Seismic CPT Soundings in the Central, Eastern, and Western United States, USGS Open-File Report 2010-1136, 86 p. Data accessed from https://earthquake.usgs.gov/research/cpt/data/ on 05.29.2018.",
28,3255,1296,80.0,ALC014,-122.2788,37.7869,2001.1.12,660,,0.0,cm/s,0.0,,m,MPa,kPa,,,,"Holzer, TL, Noce, TE, and Bennett, MJ (2010). Maps and Documentation of Seismic CPT Soundings in the Central, Eastern, and Western United States, USGS Open-File Report 2010-1136, 86 p. Data accessed from https://earthquake.usgs.gov/research/cpt/data/ on 05.29.2018.",
29,3256,1297,80.0,ALC015,-122.3137,37.7832,2001.1.24,660,,0.0,cm/s,0.0,,m,MPa,kPa,,,,"Holzer, TL, Noce, TE, and Bennett, MJ (2010). Maps and Documentation of Seismic CPT Soundings in the Central, Eastern, and Western United States, USGS Open-File Report 2010-1136, 86 p. Data accessed from https://earthquake.usgs.gov/research/cpt/data/ on 05.29.2018.",
30,3257,1298,80.0,ALC016,-122.3136,37.7824,2001.1.24,660,,0.0,cm/s,0.0,,m,MPa,kPa,,,,"Holzer, TL, Noce, TE, and Bennett, MJ (2010). Maps and Documentation of Seismic CPT Soundings in the Central, Eastern, and Western United States, USGS Open-File Report 2010-1136, 86 p. Data accessed from https://earthquake.usgs.gov/research/cpt/data/ on 05.29.2018.",
31,3258,1299,80.0,ALC017,-122.3134,37.7838,2001.1.24,660,,0.0,cm/s,0.0,,m,MPa,kPa,,,,"Holzer, TL, Noce, TE, and Bennett, MJ (2010). Maps and Documentation of Seismic CPT Soundings in the Central, Eastern, and Western United States, USGS Open-File Report 2010-1136, 86 p. Data accessed from https://earthquake.usgs.gov/research/cpt/data/ on 05.29.2018.",
32,3259,1300,80.0,ALC018,-122.3251,37.7817,2001.1.25,660,,0.0,cm/s,0.0,,m,MPa,kPa,,,,"Holzer, TL, Noce, TE, and Bennett, MJ (2010). Maps and Documentation of Seismic CPT Soundings in the Central, Eastern, and Western United States, USGS Open-File Report 2010-1136, 86 p. Data accessed from https://earthquake.usgs.gov/research/cpt/data/ on 05.29.2018.",
33,3260,1301,80.0,ALC019,-122.3257,37.7894,2001.1.25,660,,0.0,cm/s,0.0,,m,MPa,kPa,,,,"Holzer, TL, Noce, TE, and Bennett, MJ (2010). Maps and Documentation of Seismic CPT Soundings in the Central, Eastern, and Western United States, USGS Open-File Report 2010-1136, 86 p. Data accessed from https://earthquake.usgs.gov/research/cpt/data/ on 05.29.2018.",
34,3261,1302,80.0,ALC020,-122.3265,37.7955,2001.1.25,660,,0.0,cm/s,0.0,,m,MPa,kPa,,,,"Holzer, TL, Noce, TE, and Bennett, MJ (2010). Maps and Documentation of Seismic CPT Soundings in the Central, Eastern, and Western United States, USGS Open-File Report 2010-1136, 86 p. Data accessed from https://earthquake.usgs.gov/research/cpt/data/ on 05.29.2018.",
35,3262,1303,80.0,ALC021,-122.2369,37.7592,2001.1.31,660,,0.0,cm/s,0.0,,m,MPa,kPa,,,,"Holzer, TL, Noce, TE, and Bennett, MJ (2010). Maps and Documentation of Seismic CPT Soundings in the Central, Eastern, and Western United States, USGS Open-File Report 2010-1136, 86 p. Data accessed from https://earthquake.usgs.gov/research/cpt/data/ on 05.29.2018.",
36,3263,1304,80.0,ALC022,-122.2384,37.7665,2001.1.31,660,,0.0,cm/s,0.0,,m,MPa,kPa,,,,"Holzer, TL, Noce, TE, and Bennett, MJ (2010). Maps and Documentation of Seismic CPT Soundings in the Central, Eastern, and Western United States, USGS Open-File Report 2010-1136, 86 p. Data accessed from https://earthquake.usgs.gov/research/cpt/data/ on 05.29.2018.",
37,3264,1305,80.0,ALC023,-122.2897,37.7747,2001.1.31,660,,0.0,cm/s,0.0,,m,MPa,kPa,,,,"Holzer, TL, Noce, TE, and Bennett, MJ (2010). Maps and Documentation of Seismic CPT Soundings in the Central, Eastern, and Western United States, USGS Open-File Report 2010-1136, 86 p. Data accessed from https://earthquake.usgs.gov/research/cpt/data/ on 05.29.2018.",
38,3265,1306,80.0,ALC024,-122.2659,37.7732,2001.1.31,660,,0.0,cm/s,0.0,,m,MPa,kPa,,,,"Holzer, TL, Noce, TE, and Bennett, MJ (2010). Maps and Documentation of Seismic CPT Soundings in the Central, Eastern, and Western United States, USGS Open-File Report 2010-1136, 86 p. Data accessed from https://earthquake.usgs.gov/research/cpt/data/ on 05.29.2018.",
39,3266,1307,80.0,ALC025,-122.2955,37.7723,2001.2.1,660,,0.0,cm/s,0.0,,m,MPa,kPa,,,,"Holzer, TL, Noce, TE, and Bennett, MJ (2010). Maps and Documentation of Seismic CPT Soundings in the Central, Eastern, and Western United States, USGS Open-File Report 2010-1136, 86 p. Data accessed from https://earthquake.usgs.gov/research/cpt/data/ on 05.29.2018.",
40,3267,1308,80.0,ALC026,-122.2717,37.7682,2001.2.1,660,,0.0,cm/s,0.0,,m,MPa,kPa,,,,"Holzer, TL, Noce, TE, and Bennett, MJ (2010). Maps and Documentation of Seismic CPT Soundings in the Central, Eastern, and Western United States, USGS Open-File Report 2010-1136, 86 p. Data accessed from https://earthquake.usgs.gov/research/cpt/data/ on 05.29.2018.",
41,3268,1309,80.0,ALC027,-122.2588,37.7606,2001.2.1,660,,0.0,cm/s,0.0,,m,MPa,kPa,,,,"Holzer, TL, Noce, TE, and Bennett, MJ (2010). Maps and Documentation of Seismic CPT Soundings in the Central, Eastern, and Western United States, USGS Open-File Report 2010-1136, 86 p. Data accessed from https://earthquake.usgs.gov/research/cpt/data/ on 05.29.2018.",
42,3269,1310,80.0,ALC028,-122.2377,37.7382,2001.2.5,660,,0.0,cm/s,0.0,,m,MPa,kPa,,,,"Holzer, TL, Noce, TE, and Bennett, MJ (2010). Maps and Documentation of Seismic CPT Soundings in the Central, Eastern, and Western United States, USGS Open-File Report 2010-1136, 86 p. Data accessed from https://earthquake.usgs.gov/research/cpt/data/ on 05.29.2018.",
43,3270,1311,80.0,ALC029,-122.2393,37.7317,2001.2.5,660,,0.0,cm/s,0.0,,m,MPa,kPa,,,,"Holzer, TL, Noce, TE, and Bennett, MJ (2010). Maps and Documentation of Seismic CPT Soundings in the Central, Eastern, and Western United States, USGS Open-File Report 2010-1136, 86 p. Data accessed from https://earthquake.usgs.gov/research/cpt/data/ on 05.29.2018.",
44,3271,1312,80.0,ALC030,-122.2591,37.7437,2001.2.5,660,,0.0,cm/s,0.0,,m,MPa,kPa,,,,"Holzer, TL, Noce, TE, and Bennett, MJ (2010). Maps and Documentation of Seismic CPT Soundings in the Central, Eastern, and Western United States, USGS Open-File Report 2010-1136, 86 p. Data accessed from https://earthquake.usgs.gov/research/cpt/data/ on 05.29.2018.",
45,3272,1313,80.0,ALC031,-122.2272,37.755,2001.2.6,660,,0.0,cm/s,0.0,,m,MPa,kPa,,,,"Holzer, TL, Noce, TE, and Bennett, MJ (2010). Maps and Documentation of Seismic CPT Soundings in the Central, Eastern, and Western United States, USGS Open-File Report 2010-1136, 86 p. Data accessed from https://earthquake.usgs.gov/research/cpt/data/ on 05.29.2018.",
46,3273,1314,80.0,ALC032,-122.2794,37.7764,2001.2.6,660,,0.0,cm/s,0.0,,m,MPa,kPa,,,,"Holzer, TL, Noce, TE, and Bennett, MJ (2010). Maps and Documentation of Seismic CPT Soundings in the Central, Eastern, and Western United States, USGS Open-File Report 2010-1136, 86 p. Data accessed from https://earthquake.usgs.gov/research/cpt/data/ on 05.29.2018.",
47,3274,1315,80.0,ALC033,-122.3141,37.8636,2001.6.14,770TC,,0.0,cm/s,0.0,,m,MPa,kPa,,,,"Holzer, TL, Noce, TE, and Bennett, MJ (2010). Maps and Documentation of Seismic CPT Soundings in the Central, Eastern, and Western United States, USGS Open-File Report 2010-1136, 86 p. Data accessed from https://earthquake.usgs.gov/research/cpt/data/ on 05.29.2018.",
48,3275,1316,80.0,ALC034,-122.3123,37.8673,2001.6.14,770TC,,0.0,cm/s,0.0,,m,MPa,kPa,,,,"Holzer, TL, Noce, TE, and Bennett, MJ (2010). Maps and Documentation of Seismic CPT Soundings in the Central, Eastern, and Western United States, USGS Open-File Report 2010-1136, 86 p. Data accessed from https://earthquake.usgs.gov/research/cpt/data/ on 05.29.2018.",
49,3276,1317,80.0,ALC035,-122.3065,37.8663,2001.6.15,770TC,,0.0,cm/s,0.0,,m,MPa,kPa,,,,"Holzer, TL, Noce, TE, and Bennett, MJ (2010). Maps and Documentation of Seismic CPT Soundings in the Central, Eastern, and Western United States, USGS Open-File Report 2010-1136, 86 p. Data accessed from https://earthquake.usgs.gov/research/cpt/data/ on 05.29.2018.",
50,3277,1318,80.0,ALC036,-122.3058,37.8711,2001.6.15,770TC,,0.0,cm/s,0.0,,m,MPa,kPa,,,,"Holzer, TL, Noce, TE, and Bennett, MJ (2010). Maps and Documentation of Seismic CPT Soundings in the Central, Eastern, and Western United States, USGS Open-File Report 2010-1136, 86 p. Data accessed from https://earthquake.usgs.gov/research/cpt/data/ on 05.29.2018.",
51,3278,1319,80.0,ALC037,-122.3017,37.8613,2001.6.19,770TC,,0.0,cm/s,0.0,,m,MPa,kPa,,,,"Holzer, TL, Noce, TE, and Bennett, MJ (2010). Maps and Documentation of Seismic CPT Soundings in the Central, Eastern, and Western United States, USGS Open-File Report 2010-1136, 86 p. Data accessed from https://earthquake.usgs.gov/research/cpt/data/ on 05.29.2018.",
52,3279,1320,80.0,ALC038,-122.3011,37.8585,2001.6.19,770TC,,0.0,cm/s,0.0,,m,MPa,kPa,,,,"Holzer, TL, Noce, TE, and Bennett, MJ (2010). Maps and Documentation of Seismic CPT Soundings in the Central, Eastern, and Western United States, USGS Open-File Report 2010-1136, 86 p. Data accessed from https://earthquake.usgs.gov/research/cpt/data/ on 05.29.2018.",
53,3280,1321,80.0,ALC039,-122.2957,37.8501,2001.6.20,770TC,,0.0,cm/s,0.0,,m,MPa,kPa,,,,"Holzer, TL, Noce, TE, and Bennett, MJ (2010). Maps and Documentation of Seismic CPT Soundings in the Central, Eastern, and Western United States, USGS Open-File Report 2010-1136, 86 p. Data accessed from https://earthquake.usgs.gov/research/cpt/data/ on 05.29.2018.",
54,3281,1322,80.0,ALC040,-122.2994,37.8533,2001.6.20,770TC,,0.0,cm/s,0.0,,m,MPa,kPa,,,,"Holzer, TL, Noce, TE, and Bennett, MJ (2010). Maps and Documentation of Seismic CPT Soundings in the Central, Eastern, and Western United States, USGS Open-File Report 2010-1136, 86 p. Data accessed from https://earthquake.usgs.gov/research/cpt/data/ on 05.29.2018.",
55,3282,1323,80.0,ALC041,-122.3033,37.8673,2001.6.20,770TC,,0.0,cm/s,0.0,,m,MPa,kPa,,,,"Holzer, TL, Noce, TE, and Bennett, MJ (2010). Maps and Documentation of Seismic CPT Soundings in the Central, Eastern, and Western United States, USGS Open-File Report 2010-1136, 86 p. Data accessed from https://earthquake.usgs.gov/research/cpt/data/ on 05.29.2018.",
56,3283,1324,80.0,ALC042,-122.3094,37.8776,2001.6.21,770TC,,0.0,cm/s,0.0,,m,MPa,kPa,,,,"Holzer, TL, Noce, TE, and Bennett, MJ (2010). Maps and Documentation of Seismic CPT Soundings in the Central, Eastern, and Western United States, USGS Open-File Report 2010-1136, 86 p. Data accessed from https://earthquake.usgs.gov/research/cpt/data/ on 05.29.2018.",
57,3284,1325,80.0,ALC043,-122.3043,37.8635,2001.6.21,770TC,,0.0,cm/s,0.0,,m,MPa,kPa,,,,"Holzer, TL, Noce, TE, and Bennett, MJ (2010). Maps and Documentation of Seismic CPT Soundings in the Central, Eastern, and Western United States, USGS Open-File Report 2010-1136, 86 p. Data accessed from https://earthquake.usgs.gov/research/cpt/data/ on 05.29.2018.",
58,3285,1326,80.0,ALC044,-122.2787,37.8804,2001.6.26,770TC,,0.0,cm/s,0.0,,m,MPa,kPa,,,,"Holzer, TL, Noce, TE, and Bennett, MJ (2010). Maps and Documentation of Seismic CPT Soundings in the Central, Eastern, and Western United States, USGS Open-File Report 2010-1136, 86 p. Data accessed from https://earthquake.usgs.gov/research/cpt/data/ on 05.29.2018.",
59,3286,1327,80.0,ALC045,-122.2843,37.8786,2001.6.26,770TC,,0.0,cm/s,0.0,,m,MPa,kPa,,,,"Holzer, TL, Noce, TE, and Bennett, MJ (2010). Maps and Documentation of Seismic CPT Soundings in the Central, Eastern, and Western United States, USGS Open-File Report 2010-1136, 86 p. Data accessed from https://earthquake.usgs.gov/research/cpt/data/ on 05.29.2018.",
60,3287,1328,80.0,ALC046,-122.3,37.8817,2001.6.26,770TC,,0.0,cm/s,0.0,,m,MPa,kPa,,,,"Holzer, TL, Noce, TE, and Bennett, MJ (2010). Maps and Documentation of Seismic CPT Soundings in the Central, Eastern, and Western United States, USGS Open-File Report 2010-1136, 86 p. Data accessed from https://earthquake.usgs.gov/research/cpt/data/ on 05.29.2018.",
61,3288,1329,80.0,ALC047,-122.2743,37.8882,2001.6.26,770TC,,0.0,cm/s,0.0,,m,MPa,kPa,,,,"Holzer, TL, Noce, TE, and Bennett, MJ (2010). Maps and Documentation of Seismic CPT Soundings in the Central, Eastern, and Western United States, USGS Open-File Report 2010-1136, 86 p. Data accessed from https://earthquake.usgs.gov/research/cpt/data/ on 05.29.2018.",
62,3289,1330,80.0,ALC048,-122.2795,37.8743,2001.6.27,770TC,,0.0,cm/s,0.0,,m,MPa,kPa,,,,"Holzer, TL, Noce, TE, and Bennett, MJ (2010). Maps and Documentation of Seismic CPT Soundings in the Central, Eastern, and Western United States, USGS Open-File Report 2010-1136, 86 p. Data accessed from https://earthquake.usgs.gov/research/cpt/data/ on 05.29.2018.",
63,3290,1331,80.0,ALC049,-122.2875,37.8706,2001.6.27,770TC,,0.0,cm/s,0.0,,m,MPa,kPa,,,,"Holzer, TL, Noce, TE, and Bennett, MJ (2010). Maps and Documentation of Seismic CPT Soundings in the Central, Eastern, and Western United States, USGS Open-File Report 2010-1136, 86 p. Data accessed from https://earthquake.usgs.gov/research/cpt/data/ on 05.29.2018.",
64,3291,1332,80.0,ALC050,-122.2811,37.8765,2001.6.27,770TC,,0.0,cm/s,0.0,,m,MPa,kPa,,,,"Holzer, TL, Noce, TE, and Bennett, MJ (2010). Maps and Documentation of Seismic CPT Soundings in the Central, Eastern, and Western United States, USGS Open-File Report 2010-1136, 86 p. Data accessed from https://earthquake.usgs.gov/research/cpt/data/ on 05.29.2018.",
65,3292,1333,80.0,ALC051,-122.2982,37.865,2001.6.28,770TC,,0.0,cm/s,0.0,,m,MPa,kPa,,,,"Holzer, TL, Noce, TE, and Bennett, MJ (2010). Maps and Documentation of Seismic CPT Soundings in the Central, Eastern, and Western United States, USGS Open-File Report 2010-1136, 86 p. Data accessed from https://earthquake.usgs.gov/research/cpt/data/ on 05.29.2018.",
66,3293,1334,80.0,ALC052,-122.2903,37.8537,2001.7.5,770TC,,0.0,cm/s,0.0,,m,MPa,kPa,,,,"Holzer, TL, Noce, TE, and Bennett, MJ (2010). Maps and Documentation of Seismic CPT Soundings in the Central, Eastern, and Western United States, USGS Open-File Report 2010-1136, 86 p. Data accessed from https://earthquake.usgs.gov/research/cpt/data/ on 05.29.2018.",
67,3294,1335,80.0,ALC053,-122.2799,37.8492,2001.7.5,770TC,,0.0,cm/s,0.0,,m,MPa,kPa,,,,"Holzer, TL, Noce, TE, and Bennett, MJ (2010). Maps and Documentation of Seismic CPT Soundings in the Central, Eastern, and Western United States, USGS Open-File Report 2010-1136, 86 p. Data accessed from https://earthquake.usgs.gov/research/cpt/data/ on 05.29.2018.",
68,3295,1336,80.0,ALC054,-122.2752,37.8564,2001.7.9,770TC,,0.0,cm/s,0.0,,m,MPa,kPa,,,,"Holzer, TL, Noce, TE, and Bennett, MJ (2010). Maps and Documentation of Seismic CPT Soundings in the Central, Eastern, and Western United States, USGS Open-File Report 2010-1136, 86 p. Data accessed from https://earthquake.usgs.gov/research/cpt/data/ on 05.29.2018.",
69,3296,1337,80.0,ALC055,-122.2614,37.8561,2001.7.9,770TC,,0.0,cm/s,0.0,,m,MPa,kPa,,,,"Holzer, TL, Noce, TE, and Bennett, MJ (2010). Maps and Documentation of Seismic CPT Soundings in the Central, Eastern, and Western United States, USGS Open-File Report 2010-1136, 86 p. Data accessed from https://earthquake.usgs.gov/research/cpt/data/ on 05.29.2018.",
70,3297,1338,80.0,ALC056,-122.2634,37.8661,2001.7.9,770TC,,0.0,cm/s,0.0,,m,MPa,kPa,,,,"Holzer, TL, Noce, TE, and Bennett, MJ (2010). Maps and Documentation of Seismic CPT Soundings in the Central, Eastern, and Western United States, USGS Open-File Report 2010-1136, 86 p. Data accessed from https://earthquake.usgs.gov/research/cpt/data/ on 05.29.2018.",
71,3298,1339,80.0,ALC057,-122.2759,37.865,2001.7.9,770TC,,0.0,cm/s,0.0,,m,MPa,kPa,,,,"Holzer, TL, Noce, TE, and Bennett, MJ (2010). Maps and Documentation of Seismic CPT Soundings in the Central, Eastern, and Western United States, USGS Open-File Report 2010-1136, 86 p. Data accessed from https://earthquake.usgs.gov/research/cpt/data/ on 05.29.2018.",
72,3299,1340,80.0,ALC058,-122.2774,37.8704,2001.7.9,770TC,,0.0,cm/s,0.0,,m,MPa,kPa,,,,"Holzer, TL, Noce, TE, and Bennett, MJ (2010). Maps and Documentation of Seismic CPT Soundings in the Central, Eastern, and Western United States, USGS Open-File Report 2010-1136, 86 p. Data accessed from https://earthquake.usgs.gov/research/cpt/data/ on 05.29.2018.",
73,3300,1341,80.0,ALC059,-122.2941,37.8716,2001.7.23,770TC,,0.0,cm/s,0.0,,m,MPa,kPa,,,,"Holzer, TL, Noce, TE, and Bennett, MJ (2010). Maps and Documentation of Seismic CPT Soundings in the Central, Eastern, and Western United States, USGS Open-File Report 2010-1136, 86 p. Data accessed from https://earthquake.usgs.gov/research/cpt/data/ on 05.29.2018.",
74,3301,1342,80.0,ALC060,-122.2914,37.8642,2001.7.23,770TC,,0.0,cm/s,0.0,,m,MPa,kPa,,,,"Holzer, TL, Noce, TE, and Bennett, MJ (2010). Maps and Documentation of Seismic CPT Soundings in the Central, Eastern, and Western United States, USGS Open-File Report 2010-1136, 86 p. Data accessed from https://earthquake.usgs.gov/research/cpt/data/ on 05.29.2018.",
75,3302,1343,80.0,ALC061,-122.2835,37.8642,2001.7.24,770TC,,0.0,cm/s,0.0,,m,MPa,kPa,,,,"Holzer, TL, Noce, TE, and Bennett, MJ (2010). Maps and Documentation of Seismic CPT Soundings in the Central, Eastern, and Western United States, USGS Open-File Report 2010-1136, 86 p. Data accessed from https://earthquake.usgs.gov/research/cpt/data/ on 05.29.2018.",
76,3303,1344,80.0,ALC062,-122.2712,37.8695,2001.8.3,770TC,,0.0,cm/s,0.0,,m,MPa,kPa,,,,"Holzer, TL, Noce, TE, and Bennett, MJ (2010). Maps and Documentation of Seismic CPT Soundings in the Central, Eastern, and Western United States, USGS Open-File Report 2010-1136, 86 p. Data accessed from https://earthquake.usgs.gov/research/cpt/data/ on 05.29.2018.",
77,3304,1345,80.0,ALC063,-122.3151,37.8395,2001.9.19,770TC,,0.0,cm/s,0.0,,m,MPa,kPa,,,,"Holzer, TL, Noce, TE, and Bennett, MJ (2010). Maps and Documentation of Seismic CPT Soundings in the Central, Eastern, and Western United States, USGS Open-File Report 2010-1136, 86 p. Data accessed from https://earthquake.usgs.gov/research/cpt/data/ on 05.29.2018.",
78,3305,1346,80.0,ALC064,-122.3031,37.837,2001.9.19,770TC,,0.0,cm/s,0.0,,m,MPa,kPa,,,,"Holzer, TL, Noce, TE, and Bennett, MJ (2010). Maps and Documentation of Seismic CPT Soundings in the Central, Eastern, and Western United States, USGS Open-File Report 2010-1136, 86 p. Data accessed from https://earthquake.usgs.gov/research/cpt/data/ on 05.29.2018.",
79,3306,1347,80.0,ALC065,-122.2988,37.8375,2001.9.19,770TC,,0.0,cm/s,0.0,,m,MPa,kPa,,,,"Holzer, TL, Noce, TE, and Bennett, MJ (2010). Maps and Documentation of Seismic CPT Soundings in the Central, Eastern, and Western United States, USGS Open-File Report 2010-1136, 86 p. Data accessed from https://earthquake.usgs.gov/research/cpt/data/ on 05.29.2018.",
80,3307,1348,80.0,ALC067,-122.2932,37.8309,2001.9.19,770TC,,0.0,cm/s,0.0,,m,MPa,kPa,,,,"Holzer, TL, Noce, TE, and Bennett, MJ (2010). Maps and Documentation of Seismic CPT Soundings in the Central, Eastern, and Western United States, USGS Open-File Report 2010-1136, 86 p. Data accessed from https://earthquake.usgs.gov/research/cpt/data/ on 05.29.2018.",
81,3308,1349,80.0,ALC068,-122.2836,37.8338,2001.9.21,770TC,,0.0,cm/s,0.0,,m,MPa,kPa,,,,"Holzer, TL, Noce, TE, and Bennett, MJ (2010). Maps and Documentation of Seismic CPT Soundings in the Central, Eastern, and Western United States, USGS Open-File Report 2010-1136, 86 p. Data accessed from https://earthquake.usgs.gov/research/cpt/data/ on 05.29.2018.",
82,3309,1350,80.0,ALC069,-122.2903,37.8412,2001.9.21,770TC,,0.0,cm/s,0.0,,m,MPa,kPa,,,,"Holzer, TL, Noce, TE, and Bennett, MJ (2010). Maps and Documentation of Seismic CPT Soundings in the Central, Eastern, and Western United States, USGS Open-File Report 2010-1136, 86 p. Data accessed from https://earthquake.usgs.gov/research/cpt/data/ on 05.29.2018.",
83,3310,1351,80.0,ALC070,-122.2876,37.8449,2001.9.25,770TC,,0.0,cm/s,0.0,,m,MPa,kPa,,,,"Holzer, TL, Noce, TE, and Bennett, MJ (2010). Maps and Documentation of Seismic CPT Soundings in the Central, Eastern, and Western United States, USGS Open-File Report 2010-1136, 86 p. Data accessed from https://earthquake.usgs.gov/research/cpt/data/ on 05.29.2018.",
84,3311,1352,80.0,ALC071,-122.2916,37.8479,2001.9.25,770TC,,0.0,cm/s,0.0,,m,MPa,kPa,,,,"Holzer, TL, Noce, TE, and Bennett, MJ (2010). Maps and Documentation of Seismic CPT Soundings in the Central, Eastern, and Western United States, USGS Open-File Report 2010-1136, 86 p. Data accessed from https://earthquake.usgs.gov/research/cpt/data/ on 05.29.2018.",
85,3312,1353,80.0,ALC072,-122.2974,37.8443,2001.9.25,770TC,,0.0,cm/s,0.0,,m,MPa,kPa,,,,"Holzer, TL, Noce, TE, and Bennett, MJ (2010). Maps and Documentation of Seismic CPT Soundings in the Central, Eastern, and Western United States, USGS Open-File Report 2010-1136, 86 p. Data accessed from https://earthquake.usgs.gov/research/cpt/data/ on 05.29.2018.",
86,3313,1354,80.0,ALC073,-122.2906,37.8372,2001.9.26,770TC,,0.0,cm/s,0.0,,m,MPa,kPa,,,,"Holzer, TL, Noce, TE, and Bennett, MJ (2010). Maps and Documentation of Seismic CPT Soundings in the Central, Eastern, and Western United States, USGS Open-File Report 2010-1136, 86 p. Data accessed from https://earthquake.usgs.gov/research/cpt/data/ on 05.29.2018.",
87,3314,1355,80.0,ALC074,-122.2907,37.8315,2001.9.26,770TC,,0.0,cm/s,0.0,,m,MPa,kPa,,,,"Holzer, TL, Noce, TE, and Bennett, MJ (2010). Maps and Documentation of Seismic CPT Soundings in the Central, Eastern, and Western United States, USGS Open-File Report 2010-1136, 86 p. Data accessed from https://earthquake.usgs.gov/research/cpt/data/ on 05.29.2018.",
88,3315,1356,80.0,ALC075,-122.2914,37.8554,2001.11.14,766TC,,0.0,cm/s,0.0,,m,MPa,kPa,,,,"Holzer, TL, Noce, TE, and Bennett, MJ (2010). Maps and Documentation of Seismic CPT Soundings in the Central, Eastern, and Western United States, USGS Open-File Report 2010-1136, 86 p. Data accessed from https://earthquake.usgs.gov/research/cpt/data/ on 05.29.2018.",
89,3316,1357,80.0,ALC076,-122.2826,37.8574,2001.11.14,766TC,,0.0,cm/s,0.0,,m,MPa,kPa,,,,"Holzer, TL, Noce, TE, and Bennett, MJ (2010). Maps and Documentation of Seismic CPT Soundings in the Central, Eastern, and Western United States, USGS Open-File Report 2010-1136, 86 p. Data accessed from https://earthquake.usgs.gov/research/cpt/data/ on 05.29.2018.",
90,3317,1358,80.0,ALC077,-122.2818,37.8544,2001.11.14,766TC,,0.0,cm/s,0.0,,m,MPa,kPa,,,,"Holzer, TL, Noce, TE, and Bennett, MJ (2010). Maps and Documentation of Seismic CPT Soundings in the Central, Eastern, and Western United States, USGS Open-File Report 2010-1136, 86 p. Data accessed from https://earthquake.usgs.gov/research/cpt/data/ on 05.29.2018.",
91,3318,1359,80.0,ALC078,-122.2827,37.8596,2001.11.14,766TC,,0.0,cm/s,0.0,,m,MPa,kPa,,,,"Holzer, TL, Noce, TE, and Bennett, MJ (2010). Maps and Documentation of Seismic CPT Soundings in the Central, Eastern, and Western United States, USGS Open-File Report 2010-1136, 86 p. Data accessed from https://earthquake.usgs.gov/research/cpt/data/ on 05.29.2018.",
92,3319,1360,80.0,ALC079,-122.2695,37.8594,2001.11.15,766TC,,0.0,cm/s,0.0,,m,MPa,kPa,,,,"Holzer, TL, Noce, TE, and Bennett, MJ (2010). Maps and Documentation of Seismic CPT Soundings in the Central, Eastern, and Western United States, USGS Open-File Report 2010-1136, 86 p. Data accessed from https://earthquake.usgs.gov/research/cpt/data/ on 05.29.2018.",
93,3320,1361,80.0,ALC080,-122.2692,37.8565,2001.11.15,766TC,,0.0,cm/s,0.0,,m,MPa,kPa,,,,"Holzer, TL, Noce, TE, and Bennett, MJ (2010). Maps and Documentation of Seismic CPT Soundings in the Central, Eastern, and Western United States, USGS Open-File Report 2010-1136, 86 p. Data accessed from https://earthquake.usgs.gov/research/cpt/data/ on 05.29.2018.",
94,3321,1362,80.0,ALC081,-122.2926,37.8591,2002.3.28,766TC,,0.0,cm/s,0.0,,m,MPa,kPa,,,,"Holzer, TL, Noce, TE, and Bennett, MJ (2010). Maps and Documentation of Seismic CPT Soundings in the Central, Eastern, and Western United States, USGS Open-File Report 2010-1136, 86 p. Data accessed from https://earthquake.usgs.gov/research/cpt/data/ on 05.29.2018.",
95,3322,1363,80.0,ALC082,-122.2915,37.8608,2002.3.28,766TC,,0.0,cm/s,0.0,,m,MPa,kPa,,,,"Holzer, TL, Noce, TE, and Bennett, MJ (2010). Maps and Documentation of Seismic CPT Soundings in the Central, Eastern, and Western United States, USGS Open-File Report 2010-1136, 86 p. Data accessed from https://earthquake.usgs.gov/research/cpt/data/ on 05.29.2018.",
96,3323,1364,80.0,ALC083,-122.3027,37.8795,2002.3.28,766TC,,0.0,cm/s,0.0,,m,MPa,kPa,,,,"Holzer, TL, Noce, TE, and Bennett, MJ (2010). Maps and Documentation of Seismic CPT Soundings in the Central, Eastern, and Western United States, USGS Open-File Report 2010-1136, 86 p. Data accessed from https://earthquake.usgs.gov/research/cpt/data/ on 05.29.2018.",
97,3324,1365,80.0,ALC084,-122.3016,37.8761,2002.3.28,766TC,,0.0,cm/s,0.0,,m,MPa,kPa,,,,"Holzer, TL, Noce, TE, and Bennett, MJ (2010). Maps and Documentation of Seismic CPT Soundings in the Central, Eastern, and Western United States, USGS Open-File Report 2010-1136, 86 p. Data accessed from https://earthquake.usgs.gov/research/cpt/data/ on 05.29.2018.",
98,3325,1366,80.0,ALC085,-122.1568,37.6679,2006.6.22,DDG0770,,0.0,cm/s,0.0,,m,MPa,kPa,,,,"Holzer, TL, Noce, TE, and Bennett, MJ (2010). Maps and Documentation of Seismic CPT Soundings in the Central, Eastern, and Western United States, USGS Open-File Report 2010-1136, 86 p. Data accessed from https://earthquake.usgs.gov/research/cpt/data/ on 05.29.2018.",
99,3326,1367,80.0,AXR001,-89.5092,37.2955,2005.11.30,DDG0766,,0.0,cm/s,0.0,,m,MPa,kPa,,,,"Holzer, TL, Noce, TE, and Bennett, MJ (2010). Maps and Documentation of Seismic CPT Soundings in the Central, Eastern, and Western United States, USGS Open-File Report 2010-1136, 86 p. Data accessed from https://earthquake.usgs.gov/research/cpt/data/ on 05.29.2018.",
100,3327,1368,80.0,AXR002,-89.512,37.2959,2005.12.1,DDG0766,,0.0,cm/s,0.0,,m,MPa,kPa,,,,"Holzer, TL, Noce, TE, and Bennett, MJ (2010). Maps and Documentation of Seismic CPT Soundings in the Central, Eastern, and Western United States, USGS Open-File Report 2010-1136, 86 p. Data accessed from https://earthquake.usgs.gov/research/cpt/data/ on 05.29.2018.",
101,3328,1369,80.0,BDY001,-92.3444,33.2868,2005.12.14,DDG0766,,0.0,cm/s,0.0,,m,MPa,kPa,,,,"Holzer, TL, Noce, TE, and Bennett, MJ (2010). Maps and Documentation of Seismic CPT Soundings in the Central, Eastern, and Western United States, USGS Open-File Report 2010-1136, 86 p. Data accessed from https://earthquake.usgs.gov/research/cpt/data/ on 05.29.2018.",
102,3329,1370,80.0,BDY002,-92.3331,33.2779,2005.12.14,DDG0766,,0.0,cm/s,0.0,,m,MPa,kPa,,,,"Holzer, TL, Noce, TE, and Bennett, MJ (2010). Maps and Documentation of Seismic CPT Soundings in the Central, Eastern, and Western United States, USGS Open-File Report 2010-1136, 86 p. Data accessed from https://earthquake.usgs.gov/research/cpt/data/ on 05.29.2018.",
103,3330,1371,80.0,BKY001,-79.8135,32.9703,2004.10.22,DDE0766,,0.0,cm/s,0.0,,m,MPa,kPa,,,,"Holzer, TL, Noce, TE, and Bennett, MJ (2010). Maps and Documentation of Seismic CPT Soundings in the Central, Eastern, and Western United States, USGS Open-File Report 2010-1136, 86 p. Data accessed from https://earthquake.usgs.gov/research/cpt/data/ on 05.29.2018.",
104,3331,1372,80.0,BKY002,-79.8062,32.9757,2004.10.22,DDE0766,,0.0,cm/s,0.0,,m,MPa,kPa,,,,"Holzer, TL, Noce, TE, and Bennett, MJ (2010). Maps and Documentation of Seismic CPT Soundings in the Central, Eastern, and Western United States, USGS Open-File Report 2010-1136, 86 p. Data accessed from https://earthquake.usgs.gov/research/cpt/data/ on 05.29.2018.",
105,3332,1373,80.0,BKY003,-79.7976,32.9804,2004.11.5,DDE0766,,0.0,cm/s,0.0,,m,MPa,kPa,,,,"Holzer, TL, Noce, TE, and Bennett, MJ (2010). Maps and Documentation of Seismic CPT Soundings in the Central, Eastern, and Western United States, USGS Open-File Report 2010-1136, 86 p. Data accessed from https://earthquake.usgs.gov/research/cpt/data/ on 05.29.2018.",
106,3333,1374,80.0,BKY004,-79.7866,32.9841,2004.11.5,DDE0766,,0.0,cm/s,0.0,,m,MPa,kPa,,,,"Holzer, TL, Noce, TE, and Bennett, MJ (2010). Maps and Documentation of Seismic CPT Soundings in the Central, Eastern, and Western United States, USGS Open-File Report 2010-1136, 86 p. Data accessed from https://earthquake.usgs.gov/research/cpt/data/ on 05.29.2018.",
107,3334,1375,80.0,BKY005,-79.7798,32.9899,2004.11.5,DDE0766,,0.0,cm/s,0.0,,m,MPa,kPa,,,,"Holzer, TL, Noce, TE, and Bennett, MJ (2010). Maps and Documentation of Seismic CPT Soundings in the Central, Eastern, and Western United States, USGS Open-File Report 2010-1136, 86 p. Data accessed from https://earthquake.usgs.gov/research/cpt/data/ on 05.29.2018.",
108,3335,1376,80.0,BKY006,-79.9237,32.9046,2004.11.6,DDE0766,,0.0,cm/s,0.0,,m,MPa,kPa,,,,"Holzer, TL, Noce, TE, and Bennett, MJ (2010). Maps and Documentation of Seismic CPT Soundings in the Central, Eastern, and Western United States, USGS Open-File Report 2010-1136, 86 p. Data accessed from https://earthquake.usgs.gov/research/cpt/data/ on 05.29.2018.",
109,3336,1377,80.0,BKY007,-79.9061,32.915,2004.11.6,DDE0766,,0.0,cm/s,0.0,,m,MPa,kPa,,,,"Holzer, TL, Noce, TE, and Bennett, MJ (2010). Maps and Documentation of Seismic CPT Soundings in the Central, Eastern, and Western United States, USGS Open-File Report 2010-1136, 86 p. Data accessed from https://earthquake.usgs.gov/research/cpt/data/ on 05.29.2018.",
110,3337,1378,80.0,BKY008,-79.8988,32.9234,2004.11.6,DDE0766,,0.0,cm/s,0.0,,m,MPa,kPa,,,,"Holzer, TL, Noce, TE, and Bennett, MJ (2010). Maps and Documentation of Seismic CPT Soundings in the Central, Eastern, and Western United States, USGS Open-File Report 2010-1136, 86 p. Data accessed from https://earthquake.usgs.gov/research/cpt/data/ on 05.29.2018.",
111,3338,1379,80.0,BKY009,-79.8385,32.9443,2004.11.6,DDE0766,,0.0,cm/s,0.0,,m,MPa,kPa,,,,"Holzer, TL, Noce, TE, and Bennett, MJ (2010). Maps and Documentation of Seismic CPT Soundings in the Central, Eastern, and Western United States, USGS Open-File Report 2010-1136, 86 p. Data accessed from https://earthquake.usgs.gov/research/cpt/data/ on 05.29.2018.",
112,3339,1380,80.0,BKY010,-79.853,32.962,2004.11.6,DDE0766,,0.0,cm/s,0.0,,m,MPa,kPa,,,,"Holzer, TL, Noce, TE, and Bennett, MJ (2010). Maps and Documentation of Seismic CPT Soundings in the Central, Eastern, and Western United States, USGS Open-File Report 2010-1136, 86 p. Data accessed from https://earthquake.usgs.gov/research/cpt/data/ on 05.29.2018.",
113,3340,1381,80.0,BKY011,-79.8171,32.9543,2004.11.8,DDE0766,,0.0,cm/s,0.0,,m,MPa,kPa,,,,"Holzer, TL, Noce, TE, and Bennett, MJ (2010). Maps and Documentation of Seismic CPT Soundings in the Central, Eastern, and Western United States, USGS Open-File Report 2010-1136, 86 p. Data accessed from https://earthquake.usgs.gov/research/cpt/data/ on 05.29.2018.",
114,3341,1382,80.0,BKY012,-79.821,32.9682,2004.11.8,DDE0766,,0.0,cm/s,0.0,,m,MPa,kPa,,,,"Holzer, TL, Noce, TE, and Bennett, MJ (2010). Maps and Documentation of Seismic CPT Soundings in the Central, Eastern, and Western United States, USGS Open-File Report 2010-1136, 86 p. Data accessed from https://earthquake.usgs.gov/research/cpt/data/ on 05.29.2018.",
115,3342,1383,80.0,BKY013,-79.8343,32.9653,2004.11.8,DDE0766,,0.0,cm/s,0.0,,m,MPa,kPa,,,,"Holzer, TL, Noce, TE, and Bennett, MJ (2010). Maps and Documentation of Seismic CPT Soundings in the Central, Eastern, and Western United States, USGS Open-File Report 2010-1136, 86 p. Data accessed from https://earthquake.usgs.gov/research/cpt/data/ on 05.29.2018.",
116,3343,1384,80.0,BKY014,-79.7711,32.995,2004.11.8,DDE0766,,0.0,cm/s,0.0,,m,MPa,kPa,,,,"Holzer, TL, Noce, TE, and Bennett, MJ (2010). Maps and Documentation of Seismic CPT Soundings in the Central, Eastern, and Western United States, USGS Open-File Report 2010-1136, 86 p. Data accessed from https://earthquake.usgs.gov/research/cpt/data/ on 05.29.2018.",
117,3344,1385,80.0,BKY015,-79.7625,32.9999,2004.11.8,DDE0766,,0.0,cm/s,0.0,,m,MPa,kPa,,,,"Holzer, TL, Noce, TE, and Bennett, MJ (2010). Maps and Documentation of Seismic CPT Soundings in the Central, Eastern, and Western United States, USGS Open-File Report 2010-1136, 86 p. Data accessed from https://earthquake.usgs.gov/research/cpt/data/ on 05.29.2018.",
118,3345,1386,80.0,BKY016,-79.759,32.9928,2004.11.9,DDE0766,,0.0,cm/s,0.0,,m,MPa,kPa,,,,"Holzer, TL, Noce, TE, and Bennett, MJ (2010). Maps and Documentation of Seismic CPT Soundings in the Central, Eastern, and Western United States, USGS Open-File Report 2010-1136, 86 p. Data accessed from https://earthquake.usgs.gov/research/cpt/data/ on 05.29.2018.",
119,3346,1387,80.0,BKY017,-79.7486,33.002,2004.11.9,DDE0766,,0.0,cm/s,0.0,,m,MPa,kPa,,,,"Holzer, TL, Noce, TE, and Bennett, MJ (2010). Maps and Documentation of Seismic CPT Soundings in the Central, Eastern, and Western United States, USGS Open-File Report 2010-1136, 86 p. Data accessed from https://earthquake.usgs.gov/research/cpt/data/ on 05.29.2018.",
120,3347,1388,80.0,BKY018,-79.7407,33.0122,2004.11.9,DDE0766,,0.0,cm/s,0.0,,m,MPa,kPa,,,,"Holzer, TL, Noce, TE, and Bennett, MJ (2010). Maps and Documentation of Seismic CPT Soundings in the Central, Eastern, and Western United States, USGS Open-File Report 2010-1136, 86 p. Data accessed from https://earthquake.usgs.gov/research/cpt/data/ on 05.29.2018.",
121,3348,1389,80.0,BKY019,-79.9151,32.9087,2004.11.9,DDE0766,,0.0,cm/s,0.0,,m,MPa,kPa,,,,"Holzer, TL, Noce, TE, and Bennett, MJ (2010). Maps and Documentation of Seismic CPT Soundings in the Central, Eastern, and Western United States, USGS Open-File Report 2010-1136, 86 p. Data accessed from https://earthquake.usgs.gov/research/cpt/data/ on 05.29.2018.",
122,3349,1390,80.0,BKY020,-79.733,33.0216,2004.11.14,DDE0766,,0.0,cm/s,0.0,,m,MPa,kPa,,,,"Holzer, TL, Noce, TE, and Bennett, MJ (2010). Maps and Documentation of Seismic CPT Soundings in the Central, Eastern, and Western United States, USGS Open-File Report 2010-1136, 86 p. Data accessed from https://earthquake.usgs.gov/research/cpt/data/ on 05.29.2018.",
123,3350,1391,80.0,BKY021,-79.7362,33.0357,2004.11.14,DDE0766,,0.0,cm/s,0.0,,m,MPa,kPa,,,,"Holzer, TL, Noce, TE, and Bennett, MJ (2010). Maps and Documentation of Seismic CPT Soundings in the Central, Eastern, and Western United States, USGS Open-File Report 2010-1136, 86 p. Data accessed from https://earthquake.usgs.gov/research/cpt/data/ on 05.29.2018.",
124,3351,1392,80.0,BKY022,-79.7212,33.0327,2004.11.14,DDE0766,,0.0,cm/s,0.0,,m,MPa,kPa,,,,"Holzer, TL, Noce, TE, and Bennett, MJ (2010). Maps and Documentation of Seismic CPT Soundings in the Central, Eastern, and Western United States, USGS Open-File Report 2010-1136, 86 p. Data accessed from https://earthquake.usgs.gov/research/cpt/data/ on 05.29.2018.",
125,3352,1393,80.0,BKY023,-79.9855,32.9115,2004.11.19,DDE0770,,0.0,cm/s,0.0,,m,MPa,kPa,,,,"Holzer, TL, Noce, TE, and Bennett, MJ (2010). Maps and Documentation of Seismic CPT Soundings in the Central, Eastern, and Western United States, USGS Open-File Report 2010-1136, 86 p. Data accessed from https://earthquake.usgs.gov/research/cpt/data/ on 05.29.2018.",
126,3353,1394,80.0,BKY024,-80.0071,32.9118,2004.11.19,DDE0770,,0.0,cm/s,0.0,,m,MPa,kPa,,,,"Holzer, TL, Noce, TE, and Bennett, MJ (2010). Maps and Documentation of Seismic CPT Soundings in the Central, Eastern, and Western United States, USGS Open-File Report 2010-1136, 86 p. Data accessed from https://earthquake.usgs.gov/research/cpt/data/ on 05.29.2018.",
127,3354,1395,80.0,BZA001,-95.2851,28.9794,2006.1.3,DDG0766,,0.0,cm/s,0.0,,m,MPa,kPa,,,,"Holzer, TL, Noce, TE, and Bennett, MJ (2010). Maps and Documentation of Seismic CPT Soundings in the Central, Eastern, and Western United States, USGS Open-File Report 2010-1136, 86 p. Data accessed from https://earthquake.usgs.gov/research/cpt/data/ on 05.29.2018.",
128,3355,1396,80.0,BZA002,-95.2963,28.9756,2006.1.3,DDG0766,,0.0,cm/s,0.0,,m,MPa,kPa,,,,"Holzer, TL, Noce, TE, and Bennett, MJ (2010). Maps and Documentation of Seismic CPT Soundings in the Central, Eastern, and Western United States, USGS Open-File Report 2010-1136, 86 p. Data accessed from https://earthquake.usgs.gov/research/cpt/data/ on 05.29.2018.",
129,3356,1397,80.0,BZA003,-95.2688,28.9792,2006.1.3,DDG0766,,0.0,cm/s,0.0,,m,MPa,kPa,,,,"Holzer, TL, Noce, TE, and Bennett, MJ (2010). Maps and Documentation of Seismic CPT Soundings in the Central, Eastern, and Western United States, USGS Open-File Report 2010-1136, 86 p. Data accessed from https://earthquake.usgs.gov/research/cpt/data/ on 05.29.2018.",
130,3357,1398,80.0,BZA004,-95.4492,28.8691,2006.1.4,DDG0766,,0.0,cm/s,0.0,,m,MPa,kPa,,,,"Holzer, TL, Noce, TE, and Bennett, MJ (2010). Maps and Documentation of Seismic CPT Soundings in the Central, Eastern, and Western United States, USGS Open-File Report 2010-1136, 86 p. Data accessed from https://earthquake.usgs.gov/research/cpt/data/ on 05.29.2018.",
131,3358,1399,80.0,BZA005,-95.4812,28.8871,2006.1.4,DDG0766,,0.0,cm/s,0.0,,m,MPa,kPa,,,,"Holzer, TL, Noce, TE, and Bennett, MJ (2010). Maps and Documentation of Seismic CPT Soundings in the Central, Eastern, and Western United States, USGS Open-File Report 2010-1136, 86 p. Data accessed from https://earthquake.usgs.gov/research/cpt/data/ on 05.29.2018.",
132,3359,1400,80.0,BZA006,-95.5063,28.8959,2006.1.4,DDG0770,,0.0,cm/s,0.0,,m,MPa,kPa,,,,"Holzer, TL, Noce, TE, and Bennett, MJ (2010). Maps and Documentation of Seismic CPT Soundings in the Central, Eastern, and Western United States, USGS Open-File Report 2010-1136, 86 p. Data accessed from https://earthquake.usgs.gov/research/cpt/data/ on 05.29.2018.",
133,3360,1401,80.0,BZA007,-95.5464,28.9145,2006.1.4,DDG0770,,0.0,cm/s,0.0,,m,MPa,kPa,,,,"Holzer, TL, Noce, TE, and Bennett, MJ (2010). Maps and Documentation of Seismic CPT Soundings in the Central, Eastern, and Western United States, USGS Open-File Report 2010-1136, 86 p. Data accessed from https://earthquake.usgs.gov/research/cpt/data/ on 05.29.2018.",
134,3361,1402,80.0,BZA008,-95.2676,29.0601,2006.1.6,DDG0770,,0.0,cm/s,0.0,,m,MPa,kPa,,,,"Holzer, TL, Noce, TE, and Bennett, MJ (2010). Maps and Documentation of Seismic CPT Soundings in the Central, Eastern, and Western United States, USGS Open-File Report 2010-1136, 86 p. Data accessed from https://earthquake.usgs.gov/research/cpt/data/ on 05.29.2018.",
135,3362,1403,80.0,BZA009,-95.2555,29.065,2006.1.6,DDG0770,,0.0,cm/s,0.0,,m,MPa,kPa,,,,"Holzer, TL, Noce, TE, and Bennett, MJ (2010). Maps and Documentation of Seismic CPT Soundings in the Central, Eastern, and Western United States, USGS Open-File Report 2010-1136, 86 p. Data accessed from https://earthquake.usgs.gov/research/cpt/data/ on 05.29.2018.",
136,3363,1404,80.0,BZA010,-95.246,29.0739,2006.1.6,DDG0770,,0.0,cm/s,0.0,,m,MPa,kPa,,,,"Holzer, TL, Noce, TE, and Bennett, MJ (2010). Maps and Documentation of Seismic CPT Soundings in the Central, Eastern, and Western United States, USGS Open-File Report 2010-1136, 86 p. Data accessed from https://earthquake.usgs.gov/research/cpt/data/ on 05.29.2018.",
137,3364,1405,80.0,BZA011,-95.2291,29.0581,2006.1.6,DDG0770,,0.0,cm/s,0.0,,m,MPa,kPa,,,,"Holzer, TL, Noce, TE, and Bennett, MJ (2010). Maps and Documentation of Seismic CPT Soundings in the Central, Eastern, and Western United States, USGS Open-File Report 2010-1136, 86 p. Data accessed from https://earthquake.usgs.gov/research/cpt/data/ on 05.29.2018.",
138,3365,1406,80.0,BZA012,-95.2399,29.0616,2006.1.6,DDG0770,,0.0,cm/s,0.0,,m,MPa,kPa,,,,"Holzer, TL, Noce, TE, and Bennett, MJ (2010). Maps and Documentation of Seismic CPT Soundings in the Central, Eastern, and Western United States, USGS Open-File Report 2010-1136, 86 p. Data accessed from https://earthquake.usgs.gov/research/cpt/data/ on 05.29.2018.",
139,3366,1407,80.0,BZA013,-95.2675,29.0379,2006.1.6,DDG0770,,0.0,cm/s,0.0,,m,MPa,kPa,,,,"Holzer, TL, Noce, TE, and Bennett, MJ (2010). Maps and Documentation of Seismic CPT Soundings in the Central, Eastern, and Western United States, USGS Open-File Report 2010-1136, 86 p. Data accessed from https://earthquake.usgs.gov/research/cpt/data/ on 05.29.2018.",
140,3367,1408,80.0,BZA014,-95.5872,28.8668,2006.1.7,DDG0770,,0.0,cm/s,0.0,,m,MPa,kPa,,,,"Holzer, TL, Noce, TE, and Bennett, MJ (2010). Maps and Documentation of Seismic CPT Soundings in the Central, Eastern, and Western United States, USGS Open-File Report 2010-1136, 86 p. Data accessed from https://earthquake.usgs.gov/research/cpt/data/ on 05.29.2018.",
141,3368,1409,80.0,BZA015,-95.5841,28.8765,2006.1.7,DDG0770,,0.0,cm/s,0.0,,m,MPa,kPa,,,,"Holzer, TL, Noce, TE, and Bennett, MJ (2010). Maps and Documentation of Seismic CPT Soundings in the Central, Eastern, and Western United States, USGS Open-File Report 2010-1136, 86 p. Data accessed from https://earthquake.usgs.gov/research/cpt/data/ on 05.29.2018.",
142,3369,1410,80.0,BZA016,-95.5662,28.8805,2006.1.7,DDG0770,,0.0,cm/s,0.0,,m,MPa,kPa,,,,"Holzer, TL, Noce, TE, and Bennett, MJ (2010). Maps and Documentation of Seismic CPT Soundings in the Central, Eastern, and Western United States, USGS Open-File Report 2010-1136, 86 p. Data accessed from https://earthquake.usgs.gov/research/cpt/data/ on 05.29.2018.",
143,3370,1411,80.0,BZA017,-95.5576,28.8808,2006.1.7,DDG0770,,0.0,cm/s,0.0,,m,MPa,kPa,,,,"Holzer, TL, Noce, TE, and Bennett, MJ (2010). Maps and Documentation of Seismic CPT Soundings in the Central, Eastern, and Western United States, USGS Open-File Report 2010-1136, 86 p. Data accessed from https://earthquake.usgs.gov/research/cpt/data/ on 05.29.2018.",
144,3371,1412,80.0,BZA018,-95.565,28.8885,2006.1.7,DDG0770,,0.0,cm/s,0.0,,m,MPa,kPa,,,,"Holzer, TL, Noce, TE, and Bennett, MJ (2010). Maps and Documentation of Seismic CPT Soundings in the Central, Eastern, and Western United States, USGS Open-File Report 2010-1136, 86 p. Data accessed from https://earthquake.usgs.gov/research/cpt/data/ on 05.29.2018.",
145,3372,1413,80.0,BZA019,-95.576,28.8838,2006.1.7,DDG0770,,0.0,cm/s,0.0,,m,MPa,kPa,,,,"Holzer, TL, Noce, TE, and Bennett, MJ (2010). Maps and Documentation of Seismic CPT Soundings in the Central, Eastern, and Western United States, USGS Open-File Report 2010-1136, 86 p. Data accessed from https://earthquake.usgs.gov/research/cpt/data/ on 05.29.2018.",
146,3373,1414,80.0,BZA020,-95.2183,29.0127,2006.1.9,DDG0770,,0.0,cm/s,0.0,,m,MPa,kPa,,,,"Holzer, TL, Noce, TE, and Bennett, MJ (2010). Maps and Documentation of Seismic CPT Soundings in the Central, Eastern, and Western United States, USGS Open-File Report 2010-1136, 86 p. Data accessed from https://earthquake.usgs.gov/research/cpt/data/ on 05.29.2018.",
147,3374,1415,80.0,CCT001,-91.4037,33.4179,2004.11.30,DDG0766,,0.0,cm/s,0.0,,m,MPa,kPa,,,,"Holzer, TL, Noce, TE, and Bennett, MJ (2010). Maps and Documentation of Seismic CPT Soundings in the Central, Eastern, and Western United States, USGS Open-File Report 2010-1136, 86 p. Data accessed from https://earthquake.usgs.gov/research/cpt/data/ on 05.29.2018.",
148,3375,1416,80.0,CGD001,-90.303,35.8311,2005.11.21,DDG0766,,0.0,cm/s,0.0,,m,MPa,kPa,,,,"Holzer, TL, Noce, TE, and Bennett, MJ (2010). Maps and Documentation of Seismic CPT Soundings in the Central, Eastern, and Western United States, USGS Open-File Report 2010-1136, 86 p. Data accessed from https://earthquake.usgs.gov/research/cpt/data/ on 05.29.2018.",
149,3376,1417,80.0,CGD003,-90.3987,35.9061,2005.11.29,DDG0766,,0.0,cm/s,0.0,,m,MPa,kPa,,,,"Holzer, TL, Noce, TE, and Bennett, MJ (2010). Maps and Documentation of Seismic CPT Soundings in the Central, Eastern, and Western United States, USGS Open-File Report 2010-1136, 86 p. Data accessed from https://earthquake.usgs.gov/research/cpt/data/ on 05.29.2018.",
150,3377,1418,80.0,CGD005,-90.3329,35.934,2005.11.29,DDG0766,,0.0,cm/s,0.0,,m,MPa,kPa,,,,"Holzer, TL, Noce, TE, and Bennett, MJ (2010). Maps and Documentation of Seismic CPT Soundings in the Central, Eastern, and Western United States, USGS Open-File Report 2010-1136, 86 p. Data accessed from https://earthquake.usgs.gov/research/cpt/data/ on 05.29.2018.",
151,3378,1419,80.0,CGD010,-90.5639,35.7779,2005.12.3,DDG0766,,0.0,cm/s,0.0,,m,MPa,kPa,,,,"Holzer, TL, Noce, TE, and Bennett, MJ (2010). Maps and Documentation of Seismic CPT Soundings in the Central, Eastern, and Western United States, USGS Open-File Report 2010-1136, 86 p. Data accessed from https://earthquake.usgs.gov/research/cpt/data/ on 05.29.2018.",
152,3379,1420,80.0,CGD012,-90.5424,35.7785,2005.12.4,DDG0766,,0.0,cm/s,0.0,,m,MPa,kPa,,,,"Holzer, TL, Noce, TE, and Bennett, MJ (2010). Maps and Documentation of Seismic CPT Soundings in the Central, Eastern, and Western United States, USGS Open-File Report 2010-1136, 86 p. Data accessed from https://earthquake.usgs.gov/research/cpt/data/ on 05.29.2018.",
153,3380,1421,80.0,CGD013,-90.5134,35.7791,2005.12.4,DDG0766,,0.0,cm/s,0.0,,m,MPa,kPa,,,,"Holzer, TL, Noce, TE, and Bennett, MJ (2010). Maps and Documentation of Seismic CPT Soundings in the Central, Eastern, and Western United States, USGS Open-File Report 2010-1136, 86 p. Data accessed from https://earthquake.usgs.gov/research/cpt/data/ on 05.29.2018.",
154,3381,1422,80.0,CGD014,-90.3582,35.8029,2005.12.4,DDG0766,,0.0,cm/s,0.0,,m,MPa,kPa,,,,"Holzer, TL, Noce, TE, and Bennett, MJ (2010). Maps and Documentation of Seismic CPT Soundings in the Central, Eastern, and Western United States, USGS Open-File Report 2010-1136, 86 p. Data accessed from https://earthquake.usgs.gov/research/cpt/data/ on 05.29.2018.",
155,3382,1423,80.0,CGD015,-90.3097,35.802,2005.12.4,DDG0766,,0.0,cm/s,0.0,,m,MPa,kPa,,,,"Holzer, TL, Noce, TE, and Bennett, MJ (2010). Maps and Documentation of Seismic CPT Soundings in the Central, Eastern, and Western United States, USGS Open-File Report 2010-1136, 86 p. Data accessed from https://earthquake.usgs.gov/research/cpt/data/ on 05.29.2018.",
156,3383,1424,80.0,CGD016,-90.4206,35.805,2005.12.5,DDG0766,,0.0,cm/s,0.0,,m,MPa,kPa,,,,"Holzer, TL, Noce, TE, and Bennett, MJ (2010). Maps and Documentation of Seismic CPT Soundings in the Central, Eastern, and Western United States, USGS Open-File Report 2010-1136, 86 p. Data accessed from https://earthquake.usgs.gov/research/cpt/data/ on 05.29.2018.",
157,3384,1425,80.0,CGD017,-90.4703,35.7927,2005.12.5,DDG0766,,0.0,cm/s,0.0,,m,MPa,kPa,,,,"Holzer, TL, Noce, TE, and Bennett, MJ (2010). Maps and Documentation of Seismic CPT Soundings in the Central, Eastern, and Western United States, USGS Open-File Report 2010-1136, 86 p. Data accessed from https://earthquake.usgs.gov/research/cpt/data/ on 05.29.2018.",
158,3385,1426,80.0,CGD018,-90.4537,35.8922,2005.12.6,DDG0766,,0.0,cm/s,0.0,,m,MPa,kPa,,,,"Holzer, TL, Noce, TE, and Bennett, MJ (2010). Maps and Documentation of Seismic CPT Soundings in the Central, Eastern, and Western United States, USGS Open-File Report 2010-1136, 86 p. Data accessed from https://earthquake.usgs.gov/research/cpt/data/ on 05.29.2018.",
159,3386,1427,80.0,CGD019,-90.3226,35.7369,2008.9.28,DDG0766,,0.0,cm/s,0.0,,m,MPa,kPa,,,,"Holzer, TL, Noce, TE, and Bennett, MJ (2010). Maps and Documentation of Seismic CPT Soundings in the Central, Eastern, and Western United States, USGS Open-File Report 2010-1136, 86 p. Data accessed from https://earthquake.usgs.gov/research/cpt/data/ on 05.29.2018.",
160,3387,1428,80.0,CHN001,-79.79,32.7874,2004.10.23,DDE0766,,0.0,cm/s,0.0,,m,MPa,kPa,,,,"Holzer, TL, Noce, TE, and Bennett, MJ (2010). Maps and Documentation of Seismic CPT Soundings in the Central, Eastern, and Western United States, USGS Open-File Report 2010-1136, 86 p. Data accessed from https://earthquake.usgs.gov/research/cpt/data/ on 05.29.2018.",
161,3388,1429,80.0,CHN002,-79.748,32.803,2004.10.23,DDE0766,,0.0,cm/s,0.0,,m,MPa,kPa,,,,"Holzer, TL, Noce, TE, and Bennett, MJ (2010). Maps and Documentation of Seismic CPT Soundings in the Central, Eastern, and Western United States, USGS Open-File Report 2010-1136, 86 p. Data accessed from https://earthquake.usgs.gov/research/cpt/data/ on 05.29.2018.",
162,3389,1430,80.0,CHN003,-79.7629,32.7987,2004.10.23,DDE0766,,0.0,cm/s,0.0,,m,MPa,kPa,,,,"Holzer, TL, Noce, TE, and Bennett, MJ (2010). Maps and Documentation of Seismic CPT Soundings in the Central, Eastern, and Western United States, USGS Open-File Report 2010-1136, 86 p. Data accessed from https://earthquake.usgs.gov/research/cpt/data/ on 05.29.2018.",
163,3390,1431,80.0,CHN004,-79.7739,32.7953,2004.10.23,DDE0766,,0.0,cm/s,0.0,,m,MPa,kPa,,,,"Holzer, TL, Noce, TE, and Bennett, MJ (2010). Maps and Documentation of Seismic CPT Soundings in the Central, Eastern, and Western United States, USGS Open-File Report 2010-1136, 86 p. Data accessed from https://earthquake.usgs.gov/research/cpt/data/ on 05.29.2018.",
164,3391,1432,80.0,CHN005,-79.7988,32.7838,2004.10.23,DDE0766,,0.0,cm/s,0.0,,m,MPa,kPa,,,,"Holzer, TL, Noce, TE, and Bennett, MJ (2010). Maps and Documentation of Seismic CPT Soundings in the Central, Eastern, and Western United States, USGS Open-File Report 2010-1136, 86 p. Data accessed from https://earthquake.usgs.gov/research/cpt/data/ on 05.29.2018.",
165,3392,1433,80.0,CHN006,-79.81,32.8193,2004.10.24,DDE0766,,0.0,cm/s,0.0,,m,MPa,kPa,,,,"Holzer, TL, Noce, TE, and Bennett, MJ (2010). Maps and Documentation of Seismic CPT Soundings in the Central, Eastern, and Western United States, USGS Open-File Report 2010-1136, 86 p. Data accessed from https://earthquake.usgs.gov/research/cpt/data/ on 05.29.2018.",
166,3393,1434,80.0,CHN007,-79.8134,32.8231,2004.10.24,DDE0766,,0.0,cm/s,0.0,,m,MPa,kPa,,,,"Holzer, TL, Noce, TE, and Bennett, MJ (2010). Maps and Documentation of Seismic CPT Soundings in the Central, Eastern, and Western United States, USGS Open-File Report 2010-1136, 86 p. Data accessed from https://earthquake.usgs.gov/research/cpt/data/ on 05.29.2018.",
167,3394,1435,80.0,CHN008,-79.8167,32.8287,2004.10.24,DDE0766,,0.0,cm/s,0.0,,m,MPa,kPa,,,,"Holzer, TL, Noce, TE, and Bennett, MJ (2010). Maps and Documentation of Seismic CPT Soundings in the Central, Eastern, and Western United States, USGS Open-File Report 2010-1136, 86 p. Data accessed from https://earthquake.usgs.gov/research/cpt/data/ on 05.29.2018.",
168,3395,1436,80.0,CHN009,-79.7766,32.8445,2004.10.24,DDE0766,,0.0,cm/s,0.0,,m,MPa,kPa,,,,"Holzer, TL, Noce, TE, and Bennett, MJ (2010). Maps and Documentation of Seismic CPT Soundings in the Central, Eastern, and Western United States, USGS Open-File Report 2010-1136, 86 p. Data accessed from https://earthquake.usgs.gov/research/cpt/data/ on 05.29.2018.",
169,3396,1437,80.0,CHN010,-79.8154,32.8152,2004.10.25,DDE0766,,0.0,cm/s,0.0,,m,MPa,kPa,,,,"Holzer, TL, Noce, TE, and Bennett, MJ (2010). Maps and Documentation of Seismic CPT Soundings in the Central, Eastern, and Western United States, USGS Open-File Report 2010-1136, 86 p. Data accessed from https://earthquake.usgs.gov/research/cpt/data/ on 05.29.2018.",
170,3397,1438,80.0,CHN011,-79.8051,32.8311,2004.10.25,DDE0766,,0.0,cm/s,0.0,,m,MPa,kPa,,,,"Holzer, TL, Noce, TE, and Bennett, MJ (2010). Maps and Documentation of Seismic CPT Soundings in the Central, Eastern, and Western United States, USGS Open-File Report 2010-1136, 86 p. Data accessed from https://earthquake.usgs.gov/research/cpt/data/ on 05.29.2018.",
171,3398,1439,80.0,CHN012,-79.7989,32.831,2004.10.25,DDE0766,,0.0,cm/s,0.0,,m,MPa,kPa,,,,"Holzer, TL, Noce, TE, and Bennett, MJ (2010). Maps and Documentation of Seismic CPT Soundings in the Central, Eastern, and Western United States, USGS Open-File Report 2010-1136, 86 p. Data accessed from https://earthquake.usgs.gov/research/cpt/data/ on 05.29.2018.",
172,3399,1440,80.0,CHN013,-79.7832,32.8409,2004.10.25,DDE0766,,0.0,cm/s,0.0,,m,MPa,kPa,,,,"Holzer, TL, Noce, TE, and Bennett, MJ (2010). Maps and Documentation of Seismic CPT Soundings in the Central, Eastern, and Western United States, USGS Open-File Report 2010-1136, 86 p. Data accessed from https://earthquake.usgs.gov/research/cpt/data/ on 05.29.2018.",
173,3400,1441,80.0,CHN014,-79.787,32.8482,2004.10.25,DDE0766,,0.0,cm/s,0.0,,m,MPa,kPa,,,,"Holzer, TL, Noce, TE, and Bennett, MJ (2010). Maps and Documentation of Seismic CPT Soundings in the Central, Eastern, and Western United States, USGS Open-File Report 2010-1136, 86 p. Data accessed from https://earthquake.usgs.gov/research/cpt/data/ on 05.29.2018.",
174,3401,1442,80.0,CHN016,-79.7089,32.9121,2004.10.26,DDE0766,,0.0,cm/s,0.0,,m,MPa,kPa,,,,"Holzer, TL, Noce, TE, and Bennett, MJ (2010). Maps and Documentation of Seismic CPT Soundings in the Central, Eastern, and Western United States, USGS Open-File Report 2010-1136, 86 p. Data accessed from https://earthquake.usgs.gov/research/cpt/data/ on 05.29.2018.",
175,3402,1443,80.0,CHN017,-79.7187,32.9163,2004.10.26,DDE0766,,0.0,cm/s,0.0,,m,MPa,kPa,,,,"Holzer, TL, Noce, TE, and Bennett, MJ (2010). Maps and Documentation of Seismic CPT Soundings in the Central, Eastern, and Western United States, USGS Open-File Report 2010-1136, 86 p. Data accessed from https://earthquake.usgs.gov/research/cpt/data/ on 05.29.2018.",
176,3403,1444,80.0,CHN018,-79.7364,32.8808,2004.10.26,DDE0766,,0.0,cm/s,0.0,,m,MPa,kPa,,,,"Holzer, TL, Noce, TE, and Bennett, MJ (2010). Maps and Documentation of Seismic CPT Soundings in the Central, Eastern, and Western United States, USGS Open-File Report 2010-1136, 86 p. Data accessed from https://earthquake.usgs.gov/research/cpt/data/ on 05.29.2018.",
177,3404,1445,80.0,CHN019,-79.7655,32.8603,2004.10.27,DDE0766,,0.0,cm/s,0.0,,m,MPa,kPa,,,,"Holzer, TL, Noce, TE, and Bennett, MJ (2010). Maps and Documentation of Seismic CPT Soundings in the Central, Eastern, and Western United States, USGS Open-File Report 2010-1136, 86 p. Data accessed from https://earthquake.usgs.gov/research/cpt/data/ on 05.29.2018.",
178,3405,1446,80.0,CHN020,-79.815,32.8373,2004.10.27,DDE0766,,0.0,cm/s,0.0,,m,MPa,kPa,,,,"Holzer, TL, Noce, TE, and Bennett, MJ (2010). Maps and Documentation of Seismic CPT Soundings in the Central, Eastern, and Western United States, USGS Open-File Report 2010-1136, 86 p. Data accessed from https://earthquake.usgs.gov/research/cpt/data/ on 05.29.2018.",
179,3406,1447,80.0,CHN021,-79.825,32.8207,2004.10.27,DDE0766,,0.0,cm/s,0.0,,m,MPa,kPa,,,,"Holzer, TL, Noce, TE, and Bennett, MJ (2010). Maps and Documentation of Seismic CPT Soundings in the Central, Eastern, and Western United States, USGS Open-File Report 2010-1136, 86 p. Data accessed from https://earthquake.usgs.gov/research/cpt/data/ on 05.29.2018.",
180,3407,1448,80.0,CHN022,-79.8311,32.8049,2004.10.30,DDE0766,,0.0,cm/s,0.0,,m,MPa,kPa,,,,"Holzer, TL, Noce, TE, and Bennett, MJ (2010). Maps and Documentation of Seismic CPT Soundings in the Central, Eastern, and Western United States, USGS Open-File Report 2010-1136, 86 p. Data accessed from https://earthquake.usgs.gov/research/cpt/data/ on 05.29.2018.",
181,3408,1449,80.0,CHN023,-79.8472,32.7922,2004.10.30,DDE0766,,0.0,cm/s,0.0,,m,MPa,kPa,,,,"Holzer, TL, Noce, TE, and Bennett, MJ (2010). Maps and Documentation of Seismic CPT Soundings in the Central, Eastern, and Western United States, USGS Open-File Report 2010-1136, 86 p. Data accessed from https://earthquake.usgs.gov/research/cpt/data/ on 05.29.2018.",
182,3409,1450,80.0,CHN024,-79.8186,32.7692,2004.10.30,DDE0766,,0.0,cm/s,0.0,,m,MPa,kPa,,,,"Holzer, TL, Noce, TE, and Bennett, MJ (2010). Maps and Documentation of Seismic CPT Soundings in the Central, Eastern, and Western United States, USGS Open-File Report 2010-1136, 86 p. Data accessed from https://earthquake.usgs.gov/research/cpt/data/ on 05.29.2018.",
183,3410,1451,80.0,CHN025,-79.8145,32.7766,2004.10.30,DDE0766,,0.0,cm/s,0.0,,m,MPa,kPa,,,,"Holzer, TL, Noce, TE, and Bennett, MJ (2010). Maps and Documentation of Seismic CPT Soundings in the Central, Eastern, and Western United States, USGS Open-File Report 2010-1136, 86 p. Data accessed from https://earthquake.usgs.gov/research/cpt/data/ on 05.29.2018.",
184,3411,1452,80.0,CHN026,-79.8051,32.7808,2004.11.1,DDE0766,,0.0,cm/s,0.0,,m,MPa,kPa,,,,"Holzer, TL, Noce, TE, and Bennett, MJ (2010). Maps and Documentation of Seismic CPT Soundings in the Central, Eastern, and Western United States, USGS Open-File Report 2010-1136, 86 p. Data accessed from https://earthquake.usgs.gov/research/cpt/data/ on 05.29.2018.",
185,3412,1453,80.0,CHN027,-79.857,32.7602,2004.11.1,DDE0766,,0.0,cm/s,0.0,,m,MPa,kPa,,,,"Holzer, TL, Noce, TE, and Bennett, MJ (2010). Maps and Documentation of Seismic CPT Soundings in the Central, Eastern, and Western United States, USGS Open-File Report 2010-1136, 86 p. Data accessed from https://earthquake.usgs.gov/research/cpt/data/ on 05.29.2018.",
186,3413,1454,80.0,CHN028,-79.8428,32.7597,2004.11.1,DDE0766,,0.0,cm/s,0.0,,m,MPa,kPa,,,,"Holzer, TL, Noce, TE, and Bennett, MJ (2010). Maps and Documentation of Seismic CPT Soundings in the Central, Eastern, and Western United States, USGS Open-File Report 2010-1136, 86 p. Data accessed from https://earthquake.usgs.gov/research/cpt/data/ on 05.29.2018.",
187,3414,1455,80.0,CHN029,-79.784,32.8682,2004.11.2,DDE0766,,0.0,cm/s,0.0,,m,MPa,kPa,,,,"Holzer, TL, Noce, TE, and Bennett, MJ (2010). Maps and Documentation of Seismic CPT Soundings in the Central, Eastern, and Western United States, USGS Open-File Report 2010-1136, 86 p. Data accessed from https://earthquake.usgs.gov/research/cpt/data/ on 05.29.2018.",
188,3415,1456,80.0,CHN030,-79.7554,32.8848,2004.11.2,DDE0766,,0.0,cm/s,0.0,,m,MPa,kPa,,,,"Holzer, TL, Noce, TE, and Bennett, MJ (2010). Maps and Documentation of Seismic CPT Soundings in the Central, Eastern, and Western United States, USGS Open-File Report 2010-1136, 86 p. Data accessed from https://earthquake.usgs.gov/research/cpt/data/ on 05.29.2018.",
189,3416,1457,80.0,CHN031,-79.752,32.8741,2004.11.2,DDE0766,,0.0,cm/s,0.0,,m,MPa,kPa,,,,"Holzer, TL, Noce, TE, and Bennett, MJ (2010). Maps and Documentation of Seismic CPT Soundings in the Central, Eastern, and Western United States, USGS Open-File Report 2010-1136, 86 p. Data accessed from https://earthquake.usgs.gov/research/cpt/data/ on 05.29.2018.",
190,3417,1458,80.0,CHN032,-80.0267,32.9043,2004.11.3,DDE0766,,0.0,cm/s,0.0,,m,MPa,kPa,,,,"Holzer, TL, Noce, TE, and Bennett, MJ (2010). Maps and Documentation of Seismic CPT Soundings in the Central, Eastern, and Western United States, USGS Open-File Report 2010-1136, 86 p. Data accessed from https://earthquake.usgs.gov/research/cpt/data/ on 05.29.2018.",
191,3418,1459,80.0,CHN033,-80.0323,32.9166,2004.11.3,DDE0766,,0.0,cm/s,0.0,,m,MPa,kPa,,,,"Holzer, TL, Noce, TE, and Bennett, MJ (2010). Maps and Documentation of Seismic CPT Soundings in the Central, Eastern, and Western United States, USGS Open-File Report 2010-1136, 86 p. Data accessed from https://earthquake.usgs.gov/research/cpt/data/ on 05.29.2018.",
192,3419,1460,80.0,CHN034,-80.0391,32.917,2004.11.3,DDE0766,,0.0,cm/s,0.0,,m,MPa,kPa,,,,"Holzer, TL, Noce, TE, and Bennett, MJ (2010). Maps and Documentation of Seismic CPT Soundings in the Central, Eastern, and Western United States, USGS Open-File Report 2010-1136, 86 p. Data accessed from https://earthquake.usgs.gov/research/cpt/data/ on 05.29.2018.",
193,3420,1461,80.0,CHN035,-80.013,32.8994,2004.11.3,DDE0766,,0.0,cm/s,0.0,,m,MPa,kPa,,,,"Holzer, TL, Noce, TE, and Bennett, MJ (2010). Maps and Documentation of Seismic CPT Soundings in the Central, Eastern, and Western United States, USGS Open-File Report 2010-1136, 86 p. Data accessed from https://earthquake.usgs.gov/research/cpt/data/ on 05.29.2018.",
194,3421,1462,80.0,CHN036,-79.8234,32.847,2004.11.3,DDE0766,,0.0,cm/s,0.0,,m,MPa,kPa,,,,"Holzer, TL, Noce, TE, and Bennett, MJ (2010). Maps and Documentation of Seismic CPT Soundings in the Central, Eastern, and Western United States, USGS Open-File Report 2010-1136, 86 p. Data accessed from https://earthquake.usgs.gov/research/cpt/data/ on 05.29.2018.",
195,3422,1463,80.0,CHN037,-79.4676,33.0991,2004.11.5,DDE0766,,0.0,cm/s,0.0,,m,MPa,kPa,,,,"Holzer, TL, Noce, TE, and Bennett, MJ (2010). Maps and Documentation of Seismic CPT Soundings in the Central, Eastern, and Western United States, USGS Open-File Report 2010-1136, 86 p. Data accessed from https://earthquake.usgs.gov/research/cpt/data/ on 05.29.2018.",
196,3423,1464,80.0,CHN038,-80.1276,32.5954,2004.11.10,DDE0766,,0.0,cm/s,0.0,,m,MPa,kPa,,,,"Holzer, TL, Noce, TE, and Bennett, MJ (2010). Maps and Documentation of Seismic CPT Soundings in the Central, Eastern, and Western United States, USGS Open-File Report 2010-1136, 86 p. Data accessed from https://earthquake.usgs.gov/research/cpt/data/ on 05.29.2018.",
197,3424,1465,80.0,CHN039,-80.1283,32.5907,2004.11.10,DDE0766,,0.0,cm/s,0.0,,m,MPa,kPa,,,,"Holzer, TL, Noce, TE, and Bennett, MJ (2010). Maps and Documentation of Seismic CPT Soundings in the Central, Eastern, and Western United States, USGS Open-File Report 2010-1136, 86 p. Data accessed from https://earthquake.usgs.gov/research/cpt/data/ on 05.29.2018.",
198,3425,1466,80.0,CHN040,-80.1175,32.6016,2004.11.10,DDE0766,,0.0,cm/s,0.0,,m,MPa,kPa,,,,"Holzer, TL, Noce, TE, and Bennett, MJ (2010). Maps and Documentation of Seismic CPT Soundings in the Central, Eastern, and Western United States, USGS Open-File Report 2010-1136, 86 p. Data accessed from https://earthquake.usgs.gov/research/cpt/data/ on 05.29.2018.",
199,3426,1467,80.0,CHN041,-80.105,32.6039,2004.11.10,DDE0766,,0.0,cm/s,0.0,,m,MPa,kPa,,,,"Holzer, TL, Noce, TE, and Bennett, MJ (2010). Maps and Documentation of Seismic CPT Soundings in the Central, Eastern, and Western United States, USGS Open-File Report 2010-1136, 86 p. Data accessed from https://earthquake.usgs.gov/research/cpt/data/ on 05.29.2018.",
200,3427,1468,80.0,CHN042,-80.0564,32.6245,2004.11.10,DDE0766,,0.0,cm/s,0.0,,m,MPa,kPa,,,,"Holzer, TL, Noce, TE, and Bennett, MJ (2010). Maps and Documentation of Seismic CPT Soundings in the Central, Eastern, and Western United States, USGS Open-File Report 2010-1136, 86 p. Data accessed from https://earthquake.usgs.gov/research/cpt/data/ on 05.29.2018.",
201,3428,1469,80.0,CHN043,-80.0184,32.6178,2004.11.12,DDE0766,,0.0,cm/s,0.0,,m,MPa,kPa,,,,"Holzer, TL, Noce, TE, and Bennett, MJ (2010). Maps and Documentation of Seismic CPT Soundings in the Central, Eastern, and Western United States, USGS Open-File Report 2010-1136, 86 p. Data accessed from https://earthquake.usgs.gov/research/cpt/data/ on 05.29.2018.",
202,3429,1470,80.0,CHN044,-80.049,32.6136,2004.11.12,DDE0766,,0.0,cm/s,0.0,,m,MPa,kPa,,,,"Holzer, TL, Noce, TE, and Bennett, MJ (2010). Maps and Documentation of Seismic CPT Soundings in the Central, Eastern, and Western United States, USGS Open-File Report 2010-1136, 86 p. Data accessed from https://earthquake.usgs.gov/research/cpt/data/ on 05.29.2018.",
203,3430,1471,80.0,CHN045,-80.0603,32.6106,2004.11.12,DDE0766,,0.0,cm/s,0.0,,m,MPa,kPa,,,,"Holzer, TL, Noce, TE, and Bennett, MJ (2010). Maps and Documentation of Seismic CPT Soundings in the Central, Eastern, and Western United States, USGS Open-File Report 2010-1136, 86 p. Data accessed from https://earthquake.usgs.gov/research/cpt/data/ on 05.29.2018.",
204,3431,1472,80.0,CHN046,-80.1423,32.6101,2004.11.12,DDE0766,,0.0,cm/s,0.0,,m,MPa,kPa,,,,"Holzer, TL, Noce, TE, and Bennett, MJ (2010). Maps and Documentation of Seismic CPT Soundings in the Central, Eastern, and Western United States, USGS Open-File Report 2010-1136, 86 p. Data accessed from https://earthquake.usgs.gov/research/cpt/data/ on 05.29.2018.",
205,3432,1473,80.0,CHN047,-80.05,32.7444,2004.11.13,DDE0766,,0.0,cm/s,0.0,,m,MPa,kPa,,,,"Holzer, TL, Noce, TE, and Bennett, MJ (2010). Maps and Documentation of Seismic CPT Soundings in the Central, Eastern, and Western United States, USGS Open-File Report 2010-1136, 86 p. Data accessed from https://earthquake.usgs.gov/research/cpt/data/ on 05.29.2018.",
206,3433,1474,80.0,CHN048,-80.0658,32.7306,2004.11.13,DDE0766,,0.0,cm/s,0.0,,m,MPa,kPa,,,,"Holzer, TL, Noce, TE, and Bennett, MJ (2010). Maps and Documentation of Seismic CPT Soundings in the Central, Eastern, and Western United States, USGS Open-File Report 2010-1136, 86 p. Data accessed from https://earthquake.usgs.gov/research/cpt/data/ on 05.29.2018.",
207,3434,1475,80.0,CHN049,-80.1784,32.6685,2004.11.13,DDE0766,,0.0,cm/s,0.0,,m,MPa,kPa,,,,"Holzer, TL, Noce, TE, and Bennett, MJ (2010). Maps and Documentation of Seismic CPT Soundings in the Central, Eastern, and Western United States, USGS Open-File Report 2010-1136, 86 p. Data accessed from https://earthquake.usgs.gov/research/cpt/data/ on 05.29.2018.",
208,3435,1476,80.0,CHN050,-80.1235,32.7023,2004.11.13,DDE0766,,0.0,cm/s,0.0,,m,MPa,kPa,,,,"Holzer, TL, Noce, TE, and Bennett, MJ (2010). Maps and Documentation of Seismic CPT Soundings in the Central, Eastern, and Western United States, USGS Open-File Report 2010-1136, 86 p. Data accessed from https://earthquake.usgs.gov/research/cpt/data/ on 05.29.2018.",
209,3436,1477,80.0,CHN051,-80.1625,32.5916,2004.11.15,DDE0766,,0.0,cm/s,0.0,,m,MPa,kPa,,,,"Holzer, TL, Noce, TE, and Bennett, MJ (2010). Maps and Documentation of Seismic CPT Soundings in the Central, Eastern, and Western United States, USGS Open-File Report 2010-1136, 86 p. Data accessed from https://earthquake.usgs.gov/research/cpt/data/ on 05.29.2018.",
210,3437,1478,80.0,CHN052,-80.1774,32.5617,2004.11.15,DDE0766,,0.0,cm/s,0.0,,m,MPa,kPa,,,,"Holzer, TL, Noce, TE, and Bennett, MJ (2010). Maps and Documentation of Seismic CPT Soundings in the Central, Eastern, and Western United States, USGS Open-File Report 2010-1136, 86 p. Data accessed from https://earthquake.usgs.gov/research/cpt/data/ on 05.29.2018.",
211,3438,1479,80.0,CHN053,-80.1583,32.57,2004.11.15,DDE0766,,0.0,cm/s,0.0,,m,MPa,kPa,,,,"Holzer, TL, Noce, TE, and Bennett, MJ (2010). Maps and Documentation of Seismic CPT Soundings in the Central, Eastern, and Western United States, USGS Open-File Report 2010-1136, 86 p. Data accessed from https://earthquake.usgs.gov/research/cpt/data/ on 05.29.2018.",
212,3439,1480,80.0,CHN054,-79.9452,32.6736,2004.11.16,DDE0766,,0.0,cm/s,0.0,,m,MPa,kPa,,,,"Holzer, TL, Noce, TE, and Bennett, MJ (2010). Maps and Documentation of Seismic CPT Soundings in the Central, Eastern, and Western United States, USGS Open-File Report 2010-1136, 86 p. Data accessed from https://earthquake.usgs.gov/research/cpt/data/ on 05.29.2018.",
213,3440,1481,80.0,CHN055,-79.9496,32.6538,2004.11.16,DDE0766,,0.0,cm/s,0.0,,m,MPa,kPa,,,,"Holzer, TL, Noce, TE, and Bennett, MJ (2010). Maps and Documentation of Seismic CPT Soundings in the Central, Eastern, and Western United States, USGS Open-File Report 2010-1136, 86 p. Data accessed from https://earthquake.usgs.gov/research/cpt/data/ on 05.29.2018.",
214,3441,1482,80.0,CHN056,-79.9607,32.6487,2004.11.16,DDE0766,,0.0,cm/s,0.0,,m,MPa,kPa,,,,"Holzer, TL, Noce, TE, and Bennett, MJ (2010). Maps and Documentation of Seismic CPT Soundings in the Central, Eastern, and Western United States, USGS Open-File Report 2010-1136, 86 p. Data accessed from https://earthquake.usgs.gov/research/cpt/data/ on 05.29.2018.",
215,3442,1483,80.0,CHN057,-79.9433,32.6569,2004.11.17,DDE0766,,0.0,cm/s,0.0,,m,MPa,kPa,,,,"Holzer, TL, Noce, TE, and Bennett, MJ (2010). Maps and Documentation of Seismic CPT Soundings in the Central, Eastern, and Western United States, USGS Open-File Report 2010-1136, 86 p. Data accessed from https://earthquake.usgs.gov/research/cpt/data/ on 05.29.2018.",
216,3443,1484,80.0,CHN058,-79.9271,32.6627,2004.11.17,DDE0770,,0.0,cm/s,0.0,,m,MPa,kPa,,,,"Holzer, TL, Noce, TE, and Bennett, MJ (2010). Maps and Documentation of Seismic CPT Soundings in the Central, Eastern, and Western United States, USGS Open-File Report 2010-1136, 86 p. Data accessed from https://earthquake.usgs.gov/research/cpt/data/ on 05.29.2018.",
217,3444,1485,80.0,CHN059,-79.9655,32.7575,2004.11.17,DDE0770,,0.0,cm/s,0.0,,m,MPa,kPa,,,,"Holzer, TL, Noce, TE, and Bennett, MJ (2010). Maps and Documentation of Seismic CPT Soundings in the Central, Eastern, and Western United States, USGS Open-File Report 2010-1136, 86 p. Data accessed from https://earthquake.usgs.gov/research/cpt/data/ on 05.29.2018.",
218,3445,1486,80.0,CHN060,-79.9652,32.695,2004.11.18,DDE0770,,0.0,cm/s,0.0,,m,MPa,kPa,,,,"Holzer, TL, Noce, TE, and Bennett, MJ (2010). Maps and Documentation of Seismic CPT Soundings in the Central, Eastern, and Western United States, USGS Open-File Report 2010-1136, 86 p. Data accessed from https://earthquake.usgs.gov/research/cpt/data/ on 05.29.2018.",
219,3446,1487,80.0,CHN061,-79.9193,32.6677,2004.11.18,DDE0770,,0.0,cm/s,0.0,,m,MPa,kPa,,,,"Holzer, TL, Noce, TE, and Bennett, MJ (2010). Maps and Documentation of Seismic CPT Soundings in the Central, Eastern, and Western United States, USGS Open-File Report 2010-1136, 86 p. Data accessed from https://earthquake.usgs.gov/research/cpt/data/ on 05.29.2018.",
220,3447,1488,80.0,CHN062,-79.9018,32.6758,2004.11.18,DDE0770,,0.0,cm/s,0.0,,m,MPa,kPa,,,,"Holzer, TL, Noce, TE, and Bennett, MJ (2010). Maps and Documentation of Seismic CPT Soundings in the Central, Eastern, and Western United States, USGS Open-File Report 2010-1136, 86 p. Data accessed from https://earthquake.usgs.gov/research/cpt/data/ on 05.29.2018.",
221,3448,1489,80.0,CHN063,-79.8915,32.6833,2004.11.18,DDE0770,,0.0,cm/s,0.0,,m,MPa,kPa,,,,"Holzer, TL, Noce, TE, and Bennett, MJ (2010). Maps and Documentation of Seismic CPT Soundings in the Central, Eastern, and Western United States, USGS Open-File Report 2010-1136, 86 p. Data accessed from https://earthquake.usgs.gov/research/cpt/data/ on 05.29.2018.",
222,3449,1490,80.0,CHN064,-80.0604,32.8982,2004.11.19,DDE0770,,0.0,cm/s,0.0,,m,MPa,kPa,,,,"Holzer, TL, Noce, TE, and Bennett, MJ (2010). Maps and Documentation of Seismic CPT Soundings in the Central, Eastern, and Western United States, USGS Open-File Report 2010-1136, 86 p. Data accessed from https://earthquake.usgs.gov/research/cpt/data/ on 05.29.2018.",
223,3450,1491,80.0,CHN065,-80.068,32.9118,2004.11.19,DDE0770,,0.0,cm/s,0.0,,m,MPa,kPa,,,,"Holzer, TL, Noce, TE, and Bennett, MJ (2010). Maps and Documentation of Seismic CPT Soundings in the Central, Eastern, and Western United States, USGS Open-File Report 2010-1136, 86 p. Data accessed from https://earthquake.usgs.gov/research/cpt/data/ on 05.29.2018.",
224,3451,1492,80.0,CHN066,-79.9663,32.7359,2004.11.20,DDE0770,,0.0,cm/s,0.0,,m,MPa,kPa,,,,"Holzer, TL, Noce, TE, and Bennett, MJ (2010). Maps and Documentation of Seismic CPT Soundings in the Central, Eastern, and Western United States, USGS Open-File Report 2010-1136, 86 p. Data accessed from https://earthquake.usgs.gov/research/cpt/data/ on 05.29.2018.",
225,3452,1493,80.0,CHN067,-79.992,32.7695,2004.11.20,DDE0770,,0.0,cm/s,0.0,,m,MPa,kPa,,,,"Holzer, TL, Noce, TE, and Bennett, MJ (2010). Maps and Documentation of Seismic CPT Soundings in the Central, Eastern, and Western United States, USGS Open-File Report 2010-1136, 86 p. Data accessed from https://earthquake.usgs.gov/research/cpt/data/ on 05.29.2018.",
226,3453,1494,80.0,CHN068,-79.9387,32.7085,2004.11.20,DDE0770,,0.0,cm/s,0.0,,m,MPa,kPa,,,,"Holzer, TL, Noce, TE, and Bennett, MJ (2010). Maps and Documentation of Seismic CPT Soundings in the Central, Eastern, and Western United States, USGS Open-File Report 2010-1136, 86 p. Data accessed from https://earthquake.usgs.gov/research/cpt/data/ on 05.29.2018.",
227,3454,1495,80.0,CHN069,-79.9133,32.731,2004.11.20,DDE0770,,0.0,cm/s,0.0,,m,MPa,kPa,,,,"Holzer, TL, Noce, TE, and Bennett, MJ (2010). Maps and Documentation of Seismic CPT Soundings in the Central, Eastern, and Western United States, USGS Open-File Report 2010-1136, 86 p. Data accessed from https://earthquake.usgs.gov/research/cpt/data/ on 05.29.2018.",
228,3455,1496,80.0,CHN070,-80.1515,32.5892,2004.11.22,DDE0770,,0.0,cm/s,0.0,,m,MPa,kPa,,,,"Holzer, TL, Noce, TE, and Bennett, MJ (2010). Maps and Documentation of Seismic CPT Soundings in the Central, Eastern, and Western United States, USGS Open-File Report 2010-1136, 86 p. Data accessed from https://earthquake.usgs.gov/research/cpt/data/ on 05.29.2018.",
229,3456,1497,80.0,CHN071,-80.1675,32.5778,2004.11.22,DDE0770,,0.0,cm/s,0.0,,m,MPa,kPa,,,,"Holzer, TL, Noce, TE, and Bennett, MJ (2010). Maps and Documentation of Seismic CPT Soundings in the Central, Eastern, and Western United States, USGS Open-File Report 2010-1136, 86 p. Data accessed from https://earthquake.usgs.gov/research/cpt/data/ on 05.29.2018.",
230,3457,1498,80.0,CHN072,-80.1785,32.5723,2004.11.22,DDE0770,,0.0,cm/s,0.0,,m,MPa,kPa,,,,"Holzer, TL, Noce, TE, and Bennett, MJ (2010). Maps and Documentation of Seismic CPT Soundings in the Central, Eastern, and Western United States, USGS Open-File Report 2010-1136, 86 p. Data accessed from https://earthquake.usgs.gov/research/cpt/data/ on 05.29.2018.",
231,3458,1499,80.0,CHN073,-80.1712,32.5753,2004.11.22,DDE0770,,0.0,cm/s,0.0,,m,MPa,kPa,,,,"Holzer, TL, Noce, TE, and Bennett, MJ (2010). Maps and Documentation of Seismic CPT Soundings in the Central, Eastern, and Western United States, USGS Open-File Report 2010-1136, 86 p. Data accessed from https://earthquake.usgs.gov/research/cpt/data/ on 05.29.2018.",
232,3459,1500,80.0,CHN074,-79.9679,32.7164,2004.11.23,DDE0770,,0.0,cm/s,0.0,,m,MPa,kPa,,,,"Holzer, TL, Noce, TE, and Bennett, MJ (2010). Maps and Documentation of Seismic CPT Soundings in the Central, Eastern, and Western United States, USGS Open-File Report 2010-1136, 86 p. Data accessed from https://earthquake.usgs.gov/research/cpt/data/ on 05.29.2018.",
233,3460,1501,80.0,CHN075,-79.9477,32.7298,2004.11.23,DDE0770,,0.0,cm/s,0.0,,m,MPa,kPa,,,,"Holzer, TL, Noce, TE, and Bennett, MJ (2010). Maps and Documentation of Seismic CPT Soundings in the Central, Eastern, and Western United States, USGS Open-File Report 2010-1136, 86 p. Data accessed from https://earthquake.usgs.gov/research/cpt/data/ on 05.29.2018.",
234,3461,1502,80.0,CHN076,-79.9353,32.6621,2004.11.23,DDE0770,,0.0,cm/s,0.0,,m,MPa,kPa,,,,"Holzer, TL, Noce, TE, and Bennett, MJ (2010). Maps and Documentation of Seismic CPT Soundings in the Central, Eastern, and Western United States, USGS Open-File Report 2010-1136, 86 p. Data accessed from https://earthquake.usgs.gov/research/cpt/data/ on 05.29.2018.",
235,3462,1503,80.0,CLN001,-92.5832,33.3959,2005.12.13,DDG0766,,0.0,cm/s,0.0,,m,MPa,kPa,,,,"Holzer, TL, Noce, TE, and Bennett, MJ (2010). Maps and Documentation of Seismic CPT Soundings in the Central, Eastern, and Western United States, USGS Open-File Report 2010-1136, 86 p. Data accessed from https://earthquake.usgs.gov/research/cpt/data/ on 05.29.2018.",
236,3463,1504,80.0,CLN002,-92.5906,33.4169,2005.12.13,DDG0766,,0.0,cm/s,0.0,,m,MPa,kPa,,,,"Holzer, TL, Noce, TE, and Bennett, MJ (2010). Maps and Documentation of Seismic CPT Soundings in the Central, Eastern, and Western United States, USGS Open-File Report 2010-1136, 86 p. Data accessed from https://earthquake.usgs.gov/research/cpt/data/ on 05.29.2018.",
237,3464,1505,80.0,CLN003,-92.5874,33.4267,2005.12.13,DDG0766,,0.0,cm/s,0.0,,m,MPa,kPa,,,,"Holzer, TL, Noce, TE, and Bennett, MJ (2010). Maps and Documentation of Seismic CPT Soundings in the Central, Eastern, and Western United States, USGS Open-File Report 2010-1136, 86 p. Data accessed from https://earthquake.usgs.gov/research/cpt/data/ on 05.29.2018.",
238,3465,1506,80.0,CLN004,-92.5853,33.4356,2005.12.13,DDG0766,,0.0,cm/s,0.0,,m,MPa,kPa,,,,"Holzer, TL, Noce, TE, and Bennett, MJ (2010). Maps and Documentation of Seismic CPT Soundings in the Central, Eastern, and Western United States, USGS Open-File Report 2010-1136, 86 p. Data accessed from https://earthquake.usgs.gov/research/cpt/data/ on 05.29.2018.",
239,3466,1507,80.0,CLN005,-92.528,33.339,2005.12.13,DDG0766,,0.0,cm/s,0.0,,m,MPa,kPa,,,,"Holzer, TL, Noce, TE, and Bennett, MJ (2010). Maps and Documentation of Seismic CPT Soundings in the Central, Eastern, and Western United States, USGS Open-File Report 2010-1136, 86 p. Data accessed from https://earthquake.usgs.gov/research/cpt/data/ on 05.29.2018.",
240,3467,1508,80.0,CLN006,-92.5304,33.3477,2005.12.13,DDG0766,,0.0,cm/s,0.0,,m,MPa,kPa,,,,"Holzer, TL, Noce, TE, and Bennett, MJ (2010). Maps and Documentation of Seismic CPT Soundings in the Central, Eastern, and Western United States, USGS Open-File Report 2010-1136, 86 p. Data accessed from https://earthquake.usgs.gov/research/cpt/data/ on 05.29.2018.",
241,3468,1509,80.0,CLY001,-90.2322,36.2373,2008.10.9,DDG0766,,0.0,cm/s,0.0,,m,MPa,kPa,,,,"Holzer, TL, Noce, TE, and Bennett, MJ (2010). Maps and Documentation of Seismic CPT Soundings in the Central, Eastern, and Western United States, USGS Open-File Report 2010-1136, 86 p. Data accessed from https://earthquake.usgs.gov/research/cpt/data/ on 05.29.2018.",
242,3469,1510,80.0,CMN001,-97.5469,25.9473,2005.1.14,DSG0766,,0.0,cm/s,0.0,,m,MPa,kPa,,,,"Holzer, TL, Noce, TE, and Bennett, MJ (2010). Maps and Documentation of Seismic CPT Soundings in the Central, Eastern, and Western United States, USGS Open-File Report 2010-1136, 86 p. Data accessed from https://earthquake.usgs.gov/research/cpt/data/ on 05.29.2018.",
243,3470,1511,80.0,CMN002,-97.5597,25.9527,2005.1.14,DSG0766,,0.0,cm/s,0.0,,m,MPa,kPa,,,,"Holzer, TL, Noce, TE, and Bennett, MJ (2010). Maps and Documentation of Seismic CPT Soundings in the Central, Eastern, and Western United States, USGS Open-File Report 2010-1136, 86 p. Data accessed from https://earthquake.usgs.gov/research/cpt/data/ on 05.29.2018.",
244,3471,1512,80.0,CMN003,-97.5684,25.9572,2005.1.14,DSG0766,,0.0,cm/s,0.0,,m,MPa,kPa,,,,"Holzer, TL, Noce, TE, and Bennett, MJ (2010). Maps and Documentation of Seismic CPT Soundings in the Central, Eastern, and Western United States, USGS Open-File Report 2010-1136, 86 p. Data accessed from https://earthquake.usgs.gov/research/cpt/data/ on 05.29.2018.",
245,3472,1513,80.0,CMN004,-97.5761,25.9611,2005.1.14,DSG0766,,0.0,cm/s,0.0,,m,MPa,kPa,,,,"Holzer, TL, Noce, TE, and Bennett, MJ (2010). Maps and Documentation of Seismic CPT Soundings in the Central, Eastern, and Western United States, USGS Open-File Report 2010-1136, 86 p. Data accessed from https://earthquake.usgs.gov/research/cpt/data/ on 05.29.2018.",
246,3473,1514,80.0,CMN005,-97.5842,25.9655,2005.1.15,DSG0766,,0.0,cm/s,0.0,,m,MPa,kPa,,,,"Holzer, TL, Noce, TE, and Bennett, MJ (2010). Maps and Documentation of Seismic CPT Soundings in the Central, Eastern, and Western United States, USGS Open-File Report 2010-1136, 86 p. Data accessed from https://earthquake.usgs.gov/research/cpt/data/ on 05.29.2018.",
247,3474,1515,80.0,CMN006,-97.5921,25.9729,2005.1.15,DSG0766,,0.0,cm/s,0.0,,m,MPa,kPa,,,,"Holzer, TL, Noce, TE, and Bennett, MJ (2010). Maps and Documentation of Seismic CPT Soundings in the Central, Eastern, and Western United States, USGS Open-File Report 2010-1136, 86 p. Data accessed from https://earthquake.usgs.gov/research/cpt/data/ on 05.29.2018.",
248,3475,1516,80.0,CMN007,-97.5979,25.9816,2005.1.15,DSG0766,,0.0,cm/s,0.0,,m,MPa,kPa,,,,"Holzer, TL, Noce, TE, and Bennett, MJ (2010). Maps and Documentation of Seismic CPT Soundings in the Central, Eastern, and Western United States, USGS Open-File Report 2010-1136, 86 p. Data accessed from https://earthquake.usgs.gov/research/cpt/data/ on 05.29.2018.",
249,3476,1517,80.0,CMN008,-97.6018,25.9903,2005.1.15,DSG0766,,0.0,cm/s,0.0,,m,MPa,kPa,,,,"Holzer, TL, Noce, TE, and Bennett, MJ (2010). Maps and Documentation of Seismic CPT Soundings in the Central, Eastern, and Western United States, USGS Open-File Report 2010-1136, 86 p. Data accessed from https://earthquake.usgs.gov/research/cpt/data/ on 05.29.2018.",
250,3477,1518,80.0,CMN009,-97.6037,25.9993,2005.1.15,DSG0766,,0.0,cm/s,0.0,,m,MPa,kPa,,,,"Holzer, TL, Noce, TE, and Bennett, MJ (2010). Maps and Documentation of Seismic CPT Soundings in the Central, Eastern, and Western United States, USGS Open-File Report 2010-1136, 86 p. Data accessed from https://earthquake.usgs.gov/research/cpt/data/ on 05.29.2018.",
251,3478,1519,80.0,CMN010,-97.6055,26.0079,2005.1.16,DSG0766,,0.0,cm/s,0.0,,m,MPa,kPa,,,,"Holzer, TL, Noce, TE, and Bennett, MJ (2010). Maps and Documentation of Seismic CPT Soundings in the Central, Eastern, and Western United States, USGS Open-File Report 2010-1136, 86 p. Data accessed from https://earthquake.usgs.gov/research/cpt/data/ on 05.29.2018.",
252,3479,1520,80.0,CMN011,-97.607,26.0154,2005.1.16,DSG0766,,0.0,cm/s,0.0,,m,MPa,kPa,,,,"Holzer, TL, Noce, TE, and Bennett, MJ (2010). Maps and Documentation of Seismic CPT Soundings in the Central, Eastern, and Western United States, USGS Open-File Report 2010-1136, 86 p. Data accessed from https://earthquake.usgs.gov/research/cpt/data/ on 05.29.2018.",
253,3480,1521,80.0,CMN012,-97.6224,26.0232,2005.1.16,DSG0766,,0.0,cm/s,0.0,,m,MPa,kPa,,,,"Holzer, TL, Noce, TE, and Bennett, MJ (2010). Maps and Documentation of Seismic CPT Soundings in the Central, Eastern, and Western United States, USGS Open-File Report 2010-1136, 86 p. Data accessed from https://earthquake.usgs.gov/research/cpt/data/ on 05.29.2018.",
254,3481,1522,80.0,CMN013,-97.6308,26.0258,2005.1.16,DSG0766,,0.0,cm/s,0.0,,m,MPa,kPa,,,,"Holzer, TL, Noce, TE, and Bennett, MJ (2010). Maps and Documentation of Seismic CPT Soundings in the Central, Eastern, and Western United States, USGS Open-File Report 2010-1136, 86 p. Data accessed from https://earthquake.usgs.gov/research/cpt/data/ on 05.29.2018.",
255,3482,1523,80.0,CMN014,-97.641,26.029,2005.1.16,DSG0766,,0.0,cm/s,0.0,,m,MPa,kPa,,,,"Holzer, TL, Noce, TE, and Bennett, MJ (2010). Maps and Documentation of Seismic CPT Soundings in the Central, Eastern, and Western United States, USGS Open-File Report 2010-1136, 86 p. Data accessed from https://earthquake.usgs.gov/research/cpt/data/ on 05.29.2018.",
256,3483,1524,80.0,CMN015,-97.651,26.0329,2005.1.17,DSG0766,,0.0,cm/s,0.0,,m,MPa,kPa,,,,"Holzer, TL, Noce, TE, and Bennett, MJ (2010). Maps and Documentation of Seismic CPT Soundings in the Central, Eastern, and Western United States, USGS Open-File Report 2010-1136, 86 p. Data accessed from https://earthquake.usgs.gov/research/cpt/data/ on 05.29.2018.",
257,3484,1525,80.0,CMN016,-97.6587,26.0392,2005.1.17,DSG0766,,0.0,cm/s,0.0,,m,MPa,kPa,,,,"Holzer, TL, Noce, TE, and Bennett, MJ (2010). Maps and Documentation of Seismic CPT Soundings in the Central, Eastern, and Western United States, USGS Open-File Report 2010-1136, 86 p. Data accessed from https://earthquake.usgs.gov/research/cpt/data/ on 05.29.2018.",
258,3485,1526,80.0,CMN017,-97.6713,26.0452,2005.1.17,DSG0766,,0.0,cm/s,0.0,,m,MPa,kPa,,,,"Holzer, TL, Noce, TE, and Bennett, MJ (2010). Maps and Documentation of Seismic CPT Soundings in the Central, Eastern, and Western United States, USGS Open-File Report 2010-1136, 86 p. Data accessed from https://earthquake.usgs.gov/research/cpt/data/ on 05.29.2018.",
259,3486,1527,80.0,CMN018,-97.6827,26.0449,2005.1.17,DSG0766,,0.0,cm/s,0.0,,m,MPa,kPa,,,,"Holzer, TL, Noce, TE, and Bennett, MJ (2010). Maps and Documentation of Seismic CPT Soundings in the Central, Eastern, and Western United States, USGS Open-File Report 2010-1136, 86 p. Data accessed from https://earthquake.usgs.gov/research/cpt/data/ on 05.29.2018.",
260,3487,1528,80.0,CMN019,-97.7047,26.0444,2005.1.17,DSG0766,,0.0,cm/s,0.0,,m,MPa,kPa,,,,"Holzer, TL, Noce, TE, and Bennett, MJ (2010). Maps and Documentation of Seismic CPT Soundings in the Central, Eastern, and Western United States, USGS Open-File Report 2010-1136, 86 p. Data accessed from https://earthquake.usgs.gov/research/cpt/data/ on 05.29.2018.",
261,3488,1529,80.0,CMN020,-97.7206,26.0492,2005.1.18,DSG0766,,0.0,cm/s,0.0,,m,MPa,kPa,,,,"Holzer, TL, Noce, TE, and Bennett, MJ (2010). Maps and Documentation of Seismic CPT Soundings in the Central, Eastern, and Western United States, USGS Open-File Report 2010-1136, 86 p. Data accessed from https://earthquake.usgs.gov/research/cpt/data/ on 05.29.2018.",
262,3489,1530,80.0,CMN021,-97.6181,26.057,2005.1.18,DSG0766,,0.0,cm/s,0.0,,m,MPa,kPa,,,,"Holzer, TL, Noce, TE, and Bennett, MJ (2010). Maps and Documentation of Seismic CPT Soundings in the Central, Eastern, and Western United States, USGS Open-File Report 2010-1136, 86 p. Data accessed from https://earthquake.usgs.gov/research/cpt/data/ on 05.29.2018.",
263,3490,1531,80.0,CMN022,-97.6243,26.0468,2005.1.19,DSG0766,,0.0,cm/s,0.0,,m,MPa,kPa,,,,"Holzer, TL, Noce, TE, and Bennett, MJ (2010). Maps and Documentation of Seismic CPT Soundings in the Central, Eastern, and Western United States, USGS Open-File Report 2010-1136, 86 p. Data accessed from https://earthquake.usgs.gov/research/cpt/data/ on 05.29.2018.",
264,3491,1532,80.0,CMN023,-97.6197,26.0739,2005.1.19,DSG0766,,0.0,cm/s,0.0,,m,MPa,kPa,,,,"Holzer, TL, Noce, TE, and Bennett, MJ (2010). Maps and Documentation of Seismic CPT Soundings in the Central, Eastern, and Western United States, USGS Open-File Report 2010-1136, 86 p. Data accessed from https://earthquake.usgs.gov/research/cpt/data/ on 05.29.2018.",
265,3492,1533,80.0, CMN024,-97.6302,26.0847,2005.1.19,DSG0766,,0.0,cm/s,0.0,,m,MPa,kPa,,,,"Holzer, TL, Noce, TE, and Bennett, MJ (2010). Maps and Documentation of Seismic CPT Soundings in the Central, Eastern, and Western United States, USGS Open-File Report 2010-1136, 86 p. Data accessed from https://earthquake.usgs.gov/research/cpt/data/ on 05.29.2018.",
266,3493,1534,80.0,CMN025,-97.644,26.0921,2005.1.20,DSG0766,,0.0,cm/s,0.0,,m,MPa,kPa,,,,"Holzer, TL, Noce, TE, and Bennett, MJ (2010). Maps and Documentation of Seismic CPT Soundings in the Central, Eastern, and Western United States, USGS Open-File Report 2010-1136, 86 p. Data accessed from https://earthquake.usgs.gov/research/cpt/data/ on 05.29.2018.",
267,3494,1535,80.0,CMN026,-97.6472,26.1066,2005.1.20,DSG0766,,0.0,cm/s,0.0,,m,MPa,kPa,,,,"Holzer, TL, Noce, TE, and Bennett, MJ (2010). Maps and Documentation of Seismic CPT Soundings in the Central, Eastern, and Western United States, USGS Open-File Report 2010-1136, 86 p. Data accessed from https://earthquake.usgs.gov/research/cpt/data/ on 05.29.2018.",
268,3495,1536,80.0,CMN027,-97.6644,26.1187,2005.1.20,DSG0766,,0.0,cm/s,0.0,,m,MPa,kPa,,,,"Holzer, TL, Noce, TE, and Bennett, MJ (2010). Maps and Documentation of Seismic CPT Soundings in the Central, Eastern, and Western United States, USGS Open-File Report 2010-1136, 86 p. Data accessed from https://earthquake.usgs.gov/research/cpt/data/ on 05.29.2018.",
269,3496,1537,80.0,CMN028,-97.6653,26.0618,2005.1.20,DSG0766,,0.0,cm/s,0.0,,m,MPa,kPa,,,,"Holzer, TL, Noce, TE, and Bennett, MJ (2010). Maps and Documentation of Seismic CPT Soundings in the Central, Eastern, and Western United States, USGS Open-File Report 2010-1136, 86 p. Data accessed from https://earthquake.usgs.gov/research/cpt/data/ on 05.29.2018.",
270,3497,1538,80.0,CMN029,-97.6059,26.1127,2005.1.21,DSG0766,,0.0,cm/s,0.0,,m,MPa,kPa,,,,"Holzer, TL, Noce, TE, and Bennett, MJ (2010). Maps and Documentation of Seismic CPT Soundings in the Central, Eastern, and Western United States, USGS Open-File Report 2010-1136, 86 p. Data accessed from https://earthquake.usgs.gov/research/cpt/data/ on 05.29.2018.",
271,3498,1539,80.0,CMN030,-97.5749,26.1246,2005.1.21,DSG0766,,0.0,cm/s,0.0,,m,MPa,kPa,,,,"Holzer, TL, Noce, TE, and Bennett, MJ (2010). Maps and Documentation of Seismic CPT Soundings in the Central, Eastern, and Western United States, USGS Open-File Report 2010-1136, 86 p. Data accessed from https://earthquake.usgs.gov/research/cpt/data/ on 05.29.2018.",
272,3499,1540,80.0,CMN031,-97.5435,26.0895,2005.1.21,DSG0766,,0.0,cm/s,0.0,,m,MPa,kPa,,,,"Holzer, TL, Noce, TE, and Bennett, MJ (2010). Maps and Documentation of Seismic CPT Soundings in the Central, Eastern, and Western United States, USGS Open-File Report 2010-1136, 86 p. Data accessed from https://earthquake.usgs.gov/research/cpt/data/ on 05.29.2018.",
273,3500,1541,80.0,CMN032,-97.5756,26.0741,2005.1.21,DSG0766,,0.0,cm/s,0.0,,m,MPa,kPa,,,,"Holzer, TL, Noce, TE, and Bennett, MJ (2010). Maps and Documentation of Seismic CPT Soundings in the Central, Eastern, and Western United States, USGS Open-File Report 2010-1136, 86 p. Data accessed from https://earthquake.usgs.gov/research/cpt/data/ on 05.29.2018.",
274,3501,1542,80.0,CNC001,-90.204,35.211,2003.9.29,766TC,,0.0,cm/s,0.0,,m,MPa,kPa,,,,"Holzer, TL, Noce, TE, and Bennett, MJ (2010). Maps and Documentation of Seismic CPT Soundings in the Central, Eastern, and Western United States, USGS Open-File Report 2010-1136, 86 p. Data accessed from https://earthquake.usgs.gov/research/cpt/data/ on 05.29.2018.",
275,3502,1543,80.0,CNC002,-90.1843,35.2192,2003.9.29,766TC,,0.0,cm/s,0.0,,m,MPa,kPa,,,,"Holzer, TL, Noce, TE, and Bennett, MJ (2010). Maps and Documentation of Seismic CPT Soundings in the Central, Eastern, and Western United States, USGS Open-File Report 2010-1136, 86 p. Data accessed from https://earthquake.usgs.gov/research/cpt/data/ on 05.29.2018.",
276,3503,1544,80.0,CNC003,-90.1398,35.2181,2003.9.29,766TC,,0.0,cm/s,0.0,,m,MPa,kPa,,,,"Holzer, TL, Noce, TE, and Bennett, MJ (2010). Maps and Documentation of Seismic CPT Soundings in the Central, Eastern, and Western United States, USGS Open-File Report 2010-1136, 86 p. Data accessed from https://earthquake.usgs.gov/research/cpt/data/ on 05.29.2018.",
277,3504,1545,80.0,CNC004,-90.2545,35.2561,2003.9.29,766TC,,0.0,cm/s,0.0,,m,MPa,kPa,,,,"Holzer, TL, Noce, TE, and Bennett, MJ (2010). Maps and Documentation of Seismic CPT Soundings in the Central, Eastern, and Western United States, USGS Open-File Report 2010-1136, 86 p. Data accessed from https://earthquake.usgs.gov/research/cpt/data/ on 05.29.2018.",
278,3505,1546,80.0,CNC005,-90.2233,35.2767,2003.9.30,766TC,,0.0,cm/s,0.0,,m,MPa,kPa,,,,"Holzer, TL, Noce, TE, and Bennett, MJ (2010). Maps and Documentation of Seismic CPT Soundings in the Central, Eastern, and Western United States, USGS Open-File Report 2010-1136, 86 p. Data accessed from https://earthquake.usgs.gov/research/cpt/data/ on 05.29.2018.",
279,3506,1547,80.0,CNC006,-90.2006,35.2989,2003.9.30,766TC,,0.0,cm/s,0.0,,m,MPa,kPa,,,,"Holzer, TL, Noce, TE, and Bennett, MJ (2010). Maps and Documentation of Seismic CPT Soundings in the Central, Eastern, and Western United States, USGS Open-File Report 2010-1136, 86 p. Data accessed from https://earthquake.usgs.gov/research/cpt/data/ on 05.29.2018.",
280,3507,1548,80.0,CNC007,-90.2719,35.3101,2003.9.30,766TC,,0.0,cm/s,0.0,,m,MPa,kPa,,,,"Holzer, TL, Noce, TE, and Bennett, MJ (2010). Maps and Documentation of Seismic CPT Soundings in the Central, Eastern, and Western United States, USGS Open-File Report 2010-1136, 86 p. Data accessed from https://earthquake.usgs.gov/research/cpt/data/ on 05.29.2018.",
281,3508,1549,80.0,CNC008,-90.3255,35.263,2003.9.30,766TC,,0.0,cm/s,0.0,,m,MPa,kPa,,,,"Holzer, TL, Noce, TE, and Bennett, MJ (2010). Maps and Documentation of Seismic CPT Soundings in the Central, Eastern, and Western United States, USGS Open-File Report 2010-1136, 86 p. Data accessed from https://earthquake.usgs.gov/research/cpt/data/ on 05.29.2018.",
282,3509,1550,80.0,CNC009,-90.3272,35.2061,2003.10.1,766TC,,0.0,cm/s,0.0,,m,MPa,kPa,,,,"Holzer, TL, Noce, TE, and Bennett, MJ (2010). Maps and Documentation of Seismic CPT Soundings in the Central, Eastern, and Western United States, USGS Open-File Report 2010-1136, 86 p. Data accessed from https://earthquake.usgs.gov/research/cpt/data/ on 05.29.2018.",
283,3510,1551,80.0,CNC010,-90.3635,35.1665,2003.10.1,766TC,,0.0,cm/s,0.0,,m,MPa,kPa,,,,"Holzer, TL, Noce, TE, and Bennett, MJ (2010). Maps and Documentation of Seismic CPT Soundings in the Central, Eastern, and Western United States, USGS Open-File Report 2010-1136, 86 p. Data accessed from https://earthquake.usgs.gov/research/cpt/data/ on 05.29.2018.",
284,3511,1552,80.0,CNC011,-90.2926,35.1546,2003.10.1,766TC,,0.0,cm/s,0.0,,m,MPa,kPa,,,,"Holzer, TL, Noce, TE, and Bennett, MJ (2010). Maps and Documentation of Seismic CPT Soundings in the Central, Eastern, and Western United States, USGS Open-File Report 2010-1136, 86 p. Data accessed from https://earthquake.usgs.gov/research/cpt/data/ on 05.29.2018.",
285,3512,1553,80.0,CNC012,-90.365,35.1188,2003.10.3,766TC,,0.0,cm/s,0.0,,m,MPa,kPa,,,,"Holzer, TL, Noce, TE, and Bennett, MJ (2010). Maps and Documentation of Seismic CPT Soundings in the Central, Eastern, and Western United States, USGS Open-File Report 2010-1136, 86 p. Data accessed from https://earthquake.usgs.gov/research/cpt/data/ on 05.29.2018.",
286,3513,1554,80.0,CNC013,-90.2807,35.2114,2003.10.6,766TC,,0.0,cm/s,0.0,,m,MPa,kPa,,,,"Holzer, TL, Noce, TE, and Bennett, MJ (2010). Maps and Documentation of Seismic CPT Soundings in the Central, Eastern, and Western United States, USGS Open-File Report 2010-1136, 86 p. Data accessed from https://earthquake.usgs.gov/research/cpt/data/ on 05.29.2018.",
287,3514,1555,80.0,CNC014,-90.2547,35.2107,2003.10.6,766TC,,0.0,cm/s,0.0,,m,MPa,kPa,,,,"Holzer, TL, Noce, TE, and Bennett, MJ (2010). Maps and Documentation of Seismic CPT Soundings in the Central, Eastern, and Western United States, USGS Open-File Report 2010-1136, 86 p. Data accessed from https://earthquake.usgs.gov/research/cpt/data/ on 05.29.2018.",
288,3515,1556,80.0,CNC015,-90.298,35.2638,2003.10.7,766TC,,0.0,cm/s,0.0,,m,MPa,kPa,,,,"Holzer, TL, Noce, TE, and Bennett, MJ (2010). Maps and Documentation of Seismic CPT Soundings in the Central, Eastern, and Western United States, USGS Open-File Report 2010-1136, 86 p. Data accessed from https://earthquake.usgs.gov/research/cpt/data/ on 05.29.2018.",
289,3516,1557,80.0,CNC016,-90.1291,35.1928,2003.10.7,766TC,,0.0,cm/s,0.0,,m,MPa,kPa,,,,"Holzer, TL, Noce, TE, and Bennett, MJ (2010). Maps and Documentation of Seismic CPT Soundings in the Central, Eastern, and Western United States, USGS Open-File Report 2010-1136, 86 p. Data accessed from https://earthquake.usgs.gov/research/cpt/data/ on 05.29.2018.",
290,3517,1558,80.0,CNC017,-90.1405,35.143,2003.10.7,766TC,,0.0,cm/s,0.0,,m,MPa,kPa,,,,"Holzer, TL, Noce, TE, and Bennett, MJ (2010). Maps and Documentation of Seismic CPT Soundings in the Central, Eastern, and Western United States, USGS Open-File Report 2010-1136, 86 p. Data accessed from https://earthquake.usgs.gov/research/cpt/data/ on 05.29.2018.",
291,3518,1559,80.0,CNC018,-90.1318,35.1614,2003.10.8,766TC,,0.0,cm/s,0.0,,m,MPa,kPa,,,,"Holzer, TL, Noce, TE, and Bennett, MJ (2010). Maps and Documentation of Seismic CPT Soundings in the Central, Eastern, and Western United States, USGS Open-File Report 2010-1136, 86 p. Data accessed from https://earthquake.usgs.gov/research/cpt/data/ on 05.29.2018.",
292,3519,1560,80.0,CNC019,-90.1272,35.1708,2003.10.8,766TC,,0.0,cm/s,0.0,,m,MPa,kPa,,,,"Holzer, TL, Noce, TE, and Bennett, MJ (2010). Maps and Documentation of Seismic CPT Soundings in the Central, Eastern, and Western United States, USGS Open-File Report 2010-1136, 86 p. Data accessed from https://earthquake.usgs.gov/research/cpt/data/ on 05.29.2018.",
293,3520,1561,80.0,CNC020,-90.1158,35.2097,2003.10.8,766TC,,0.0,cm/s,0.0,,m,MPa,kPa,,,,"Holzer, TL, Noce, TE, and Bennett, MJ (2010). Maps and Documentation of Seismic CPT Soundings in the Central, Eastern, and Western United States, USGS Open-File Report 2010-1136, 86 p. Data accessed from https://earthquake.usgs.gov/research/cpt/data/ on 05.29.2018.",
294,3521,1562,80.0,CNC021,-90.1129,35.2401,2003.10.8,766TC,,0.0,cm/s,0.0,,m,MPa,kPa,,,,"Holzer, TL, Noce, TE, and Bennett, MJ (2010). Maps and Documentation of Seismic CPT Soundings in the Central, Eastern, and Western United States, USGS Open-File Report 2010-1136, 86 p. Data accessed from https://earthquake.usgs.gov/research/cpt/data/ on 05.29.2018.",
295,3522,1563,80.0,CNC022,-90.166,35.2482,2003.10.9,766TC,,0.0,cm/s,0.0,,m,MPa,kPa,,,,"Holzer, TL, Noce, TE, and Bennett, MJ (2010). Maps and Documentation of Seismic CPT Soundings in the Central, Eastern, and Western United States, USGS Open-File Report 2010-1136, 86 p. Data accessed from https://earthquake.usgs.gov/research/cpt/data/ on 05.29.2018.",
296,3523,1564,80.0,CNC023,-90.2012,35.2701,2003.10.9,766TC,,0.0,cm/s,0.0,,m,MPa,kPa,,,,"Holzer, TL, Noce, TE, and Bennett, MJ (2010). Maps and Documentation of Seismic CPT Soundings in the Central, Eastern, and Western United States, USGS Open-File Report 2010-1136, 86 p. Data accessed from https://earthquake.usgs.gov/research/cpt/data/ on 05.29.2018.",
297,3524,1565,80.0,CNC024,-90.2009,35.2871,2003.10.9,766TC,,0.0,cm/s,0.0,,m,MPa,kPa,,,,"Holzer, TL, Noce, TE, and Bennett, MJ (2010). Maps and Documentation of Seismic CPT Soundings in the Central, Eastern, and Western United States, USGS Open-File Report 2010-1136, 86 p. Data accessed from https://earthquake.usgs.gov/research/cpt/data/ on 05.29.2018.",
298,3525,1566,80.0,CNC025,-90.1961,35.3089,2003.10.9,766TC,,0.0,cm/s,0.0,,m,MPa,kPa,,,,"Holzer, TL, Noce, TE, and Bennett, MJ (2010). Maps and Documentation of Seismic CPT Soundings in the Central, Eastern, and Western United States, USGS Open-File Report 2010-1136, 86 p. Data accessed from https://earthquake.usgs.gov/research/cpt/data/ on 05.29.2018.",
299,3526,1567,80.0,CNC026,-90.2153,35.3794,2003.10.10,766TC,,0.0,cm/s,0.0,,m,MPa,kPa,,,,"Holzer, TL, Noce, TE, and Bennett, MJ (2010). Maps and Documentation of Seismic CPT Soundings in the Central, Eastern, and Western United States, USGS Open-File Report 2010-1136, 86 p. Data accessed from https://earthquake.usgs.gov/research/cpt/data/ on 05.29.2018.",
300,3527,1568,80.0,CNC027,-90.3076,35.307,2003.10.10,766TC,,0.0,cm/s,0.0,,m,MPa,kPa,,,,"Holzer, TL, Noce, TE, and Bennett, MJ (2010). Maps and Documentation of Seismic CPT Soundings in the Central, Eastern, and Western United States, USGS Open-File Report 2010-1136, 86 p. Data accessed from https://earthquake.usgs.gov/research/cpt/data/ on 05.29.2018.",
301,3528,1569,80.0,CNC028,-90.3252,35.3004,2003.10.10,766TC,,0.0,cm/s,0.0,,m,MPa,kPa,,,,"Holzer, TL, Noce, TE, and Bennett, MJ (2010). Maps and Documentation of Seismic CPT Soundings in the Central, Eastern, and Western United States, USGS Open-File Report 2010-1136, 86 p. Data accessed from https://earthquake.usgs.gov/research/cpt/data/ on 05.29.2018.",
302,3529,1570,80.0,CNC029,-90.1936,35.3791,2003.10.13,766TC,,0.0,cm/s,0.0,,m,MPa,kPa,,,,"Holzer, TL, Noce, TE, and Bennett, MJ (2010). Maps and Documentation of Seismic CPT Soundings in the Central, Eastern, and Western United States, USGS Open-File Report 2010-1136, 86 p. Data accessed from https://earthquake.usgs.gov/research/cpt/data/ on 05.29.2018.",
303,3530,1571,80.0,CNC030,-90.2317,35.3796,2003.10.13,766TC,,0.0,cm/s,0.0,,m,MPa,kPa,,,,"Holzer, TL, Noce, TE, and Bennett, MJ (2010). Maps and Documentation of Seismic CPT Soundings in the Central, Eastern, and Western United States, USGS Open-File Report 2010-1136, 86 p. Data accessed from https://earthquake.usgs.gov/research/cpt/data/ on 05.29.2018.",
304,3531,1572,80.0,CNC031,-90.3063,35.3513,2003.10.13,766TC,,0.0,cm/s,0.0,,m,MPa,kPa,,,,"Holzer, TL, Noce, TE, and Bennett, MJ (2010). Maps and Documentation of Seismic CPT Soundings in the Central, Eastern, and Western United States, USGS Open-File Report 2010-1136, 86 p. Data accessed from https://earthquake.usgs.gov/research/cpt/data/ on 05.29.2018.",
305,3532,1573,80.0,CNC032,-90.3063,35.3655,2003.10.13,766TC,,0.0,cm/s,0.0,,m,MPa,kPa,,,,"Holzer, TL, Noce, TE, and Bennett, MJ (2010). Maps and Documentation of Seismic CPT Soundings in the Central, Eastern, and Western United States, USGS Open-File Report 2010-1136, 86 p. Data accessed from https://earthquake.usgs.gov/research/cpt/data/ on 05.29.2018.",
306,3533,1574,80.0,CNC033,-90.1823,35.3297,2003.10.14,766TC,,0.0,cm/s,0.0,,m,MPa,kPa,,,,"Holzer, TL, Noce, TE, and Bennett, MJ (2010). Maps and Documentation of Seismic CPT Soundings in the Central, Eastern, and Western United States, USGS Open-File Report 2010-1136, 86 p. Data accessed from https://earthquake.usgs.gov/research/cpt/data/ on 05.29.2018.",
307,3534,1575,80.0,CNC034,-90.3857,35.432,2003.10.14,766TC,,0.0,cm/s,0.0,,m,MPa,kPa,,,,"Holzer, TL, Noce, TE, and Bennett, MJ (2010). Maps and Documentation of Seismic CPT Soundings in the Central, Eastern, and Western United States, USGS Open-File Report 2010-1136, 86 p. Data accessed from https://earthquake.usgs.gov/research/cpt/data/ on 05.29.2018.",
308,3535,1576,80.0,CNC035,-90.3859,35.4184,2003.10.14,766TC,,0.0,cm/s,0.0,,m,MPa,kPa,,,,"Holzer, TL, Noce, TE, and Bennett, MJ (2010). Maps and Documentation of Seismic CPT Soundings in the Central, Eastern, and Western United States, USGS Open-File Report 2010-1136, 86 p. Data accessed from https://earthquake.usgs.gov/research/cpt/data/ on 05.29.2018.",
309,3536,1577,80.0,CNC036,-90.4198,35.3651,2003.10.14,766TC,,0.0,cm/s,0.0,,m,MPa,kPa,,,,"Holzer, TL, Noce, TE, and Bennett, MJ (2010). Maps and Documentation of Seismic CPT Soundings in the Central, Eastern, and Western United States, USGS Open-File Report 2010-1136, 86 p. Data accessed from https://earthquake.usgs.gov/research/cpt/data/ on 05.29.2018.",
310,3537,1578,80.0,CNC037,-90.4841,35.4198,2008.10.11,DDG0766,,0.0,cm/s,0.0,,m,MPa,kPa,,,,"Holzer, TL, Noce, TE, and Bennett, MJ (2010). Maps and Documentation of Seismic CPT Soundings in the Central, Eastern, and Western United States, USGS Open-File Report 2010-1136, 86 p. Data accessed from https://earthquake.usgs.gov/research/cpt/data/ on 05.29.2018.",
311,3538,1579,80.0,CNC038,-90.2449,35.4194,2008.10.18,DDG0766,,0.0,cm/s,0.0,,m,MPa,kPa,,,,"Holzer, TL, Noce, TE, and Bennett, MJ (2010). Maps and Documentation of Seismic CPT Soundings in the Central, Eastern, and Western United States, USGS Open-File Report 2010-1136, 86 p. Data accessed from https://earthquake.usgs.gov/research/cpt/data/ on 05.29.2018.",
312,3539,1580,80.0,CSC001,-90.5221,35.2988,2003.10.2,766TC,,0.0,cm/s,0.0,,m,MPa,kPa,,,,"Holzer, TL, Noce, TE, and Bennett, MJ (2010). Maps and Documentation of Seismic CPT Soundings in the Central, Eastern, and Western United States, USGS Open-File Report 2010-1136, 86 p. Data accessed from https://earthquake.usgs.gov/research/cpt/data/ on 05.29.2018.",
313,3540,1581,80.0,CSC002,-90.5218,35.3097,2003.10.2,766TC,,0.0,cm/s,0.0,,m,MPa,kPa,,,,"Holzer, TL, Noce, TE, and Bennett, MJ (2010). Maps and Documentation of Seismic CPT Soundings in the Central, Eastern, and Western United States, USGS Open-File Report 2010-1136, 86 p. Data accessed from https://earthquake.usgs.gov/research/cpt/data/ on 05.29.2018.",
314,3541,1582,80.0,CSC003,-90.5227,35.326,2003.10.2,766TC,,0.0,cm/s,0.0,,m,MPa,kPa,,,,"Holzer, TL, Noce, TE, and Bennett, MJ (2010). Maps and Documentation of Seismic CPT Soundings in the Central, Eastern, and Western United States, USGS Open-File Report 2010-1136, 86 p. Data accessed from https://earthquake.usgs.gov/research/cpt/data/ on 05.29.2018.",
315,3542,1583,80.0,CSC004,-90.5609,35.1611,2003.10.6,766TC,,0.0,cm/s,0.0,,m,MPa,kPa,,,,"Holzer, TL, Noce, TE, and Bennett, MJ (2010). Maps and Documentation of Seismic CPT Soundings in the Central, Eastern, and Western United States, USGS Open-File Report 2010-1136, 86 p. Data accessed from https://earthquake.usgs.gov/research/cpt/data/ on 05.29.2018.",
316,3543,1584,80.0,CSC005,-90.5598,35.1793,2003.10.6,766TC,,0.0,cm/s,0.0,,m,MPa,kPa,,,,"Holzer, TL, Noce, TE, and Bennett, MJ (2010). Maps and Documentation of Seismic CPT Soundings in the Central, Eastern, and Western United States, USGS Open-File Report 2010-1136, 86 p. Data accessed from https://earthquake.usgs.gov/research/cpt/data/ on 05.29.2018.",
317,3544,1585,80.0,CSC006,-90.5031,35.3745,2003.10.15,766TC,,0.0,cm/s,0.0,,m,MPa,kPa,,,,"Holzer, TL, Noce, TE, and Bennett, MJ (2010). Maps and Documentation of Seismic CPT Soundings in the Central, Eastern, and Western United States, USGS Open-File Report 2010-1136, 86 p. Data accessed from https://earthquake.usgs.gov/research/cpt/data/ on 05.29.2018.",
318,3545,1586,80.0,CSC007,-90.5031,35.3545,2003.10.15,766TC,,0.0,cm/s,0.0,,m,MPa,kPa,,,,"Holzer, TL, Noce, TE, and Bennett, MJ (2010). Maps and Documentation of Seismic CPT Soundings in the Central, Eastern, and Western United States, USGS Open-File Report 2010-1136, 86 p. Data accessed from https://earthquake.usgs.gov/research/cpt/data/ on 05.29.2018.",
319,3546,1587,80.0,CSC008,-90.5302,35.4019,2008.10.11,DDG0766,,0.0,cm/s,0.0,,m,MPa,kPa,,,,"Holzer, TL, Noce, TE, and Bennett, MJ (2010). Maps and Documentation of Seismic CPT Soundings in the Central, Eastern, and Western United States, USGS Open-File Report 2010-1136, 86 p. Data accessed from https://earthquake.usgs.gov/research/cpt/data/ on 05.29.2018.",
320,3547,1588,80.0,DKN001,-89.9611,36.2205,2008.9.22,DDG0766,,0.0,cm/s,0.0,,m,MPa,kPa,,,,"Holzer, TL, Noce, TE, and Bennett, MJ (2010). Maps and Documentation of Seismic CPT Soundings in the Central, Eastern, and Western United States, USGS Open-File Report 2010-1136, 86 p. Data accessed from https://earthquake.usgs.gov/research/cpt/data/ on 05.29.2018.",
321,3548,1589,80.0,DKN002,-89.9769,36.1034,2008.9.23,DDG0766,,0.0,cm/s,0.0,,m,MPa,kPa,,,,"Holzer, TL, Noce, TE, and Bennett, MJ (2010). Maps and Documentation of Seismic CPT Soundings in the Central, Eastern, and Western United States, USGS Open-File Report 2010-1136, 86 p. Data accessed from https://earthquake.usgs.gov/research/cpt/data/ on 05.29.2018.",
322,3549,1590,80.0,DKN009,-90.0715,36.1562,2008.9.27,DDG0766,,0.0,cm/s,0.0,,m,MPa,kPa,,,,"Holzer, TL, Noce, TE, and Bennett, MJ (2010). Maps and Documentation of Seismic CPT Soundings in the Central, Eastern, and Western United States, USGS Open-File Report 2010-1136, 86 p. Data accessed from https://earthquake.usgs.gov/research/cpt/data/ on 05.29.2018.",
323,3550,1591,80.0,DKN010,-90.0871,36.1268,2008.9.27,DDG0766,,0.0,cm/s,0.0,,m,MPa,kPa,,,,"Holzer, TL, Noce, TE, and Bennett, MJ (2010). Maps and Documentation of Seismic CPT Soundings in the Central, Eastern, and Western United States, USGS Open-File Report 2010-1136, 86 p. Data accessed from https://earthquake.usgs.gov/research/cpt/data/ on 05.29.2018.",
324,3551,1592,80.0,DKN011,-90.0999,36.0975,2008.9.27,DDG0766,,0.0,cm/s,0.0,,m,MPa,kPa,,,,"Holzer, TL, Noce, TE, and Bennett, MJ (2010). Maps and Documentation of Seismic CPT Soundings in the Central, Eastern, and Western United States, USGS Open-File Report 2010-1136, 86 p. Data accessed from https://earthquake.usgs.gov/research/cpt/data/ on 05.29.2018.",
325,3552,1593,80.0,DKN012,-90.1503,36.047,2008.9.27,DDG0766,,0.0,cm/s,0.0,,m,MPa,kPa,,,,"Holzer, TL, Noce, TE, and Bennett, MJ (2010). Maps and Documentation of Seismic CPT Soundings in the Central, Eastern, and Western United States, USGS Open-File Report 2010-1136, 86 p. Data accessed from https://earthquake.usgs.gov/research/cpt/data/ on 05.29.2018.",
326,3553,1594,80.0,DKN013,-90.2478,36.0173,2008.9.27,DDG0766,,0.0,cm/s,0.0,,m,MPa,kPa,,,,"Holzer, TL, Noce, TE, and Bennett, MJ (2010). Maps and Documentation of Seismic CPT Soundings in the Central, Eastern, and Western United States, USGS Open-File Report 2010-1136, 86 p. Data accessed from https://earthquake.usgs.gov/research/cpt/data/ on 05.29.2018.",
327,3554,1595,80.0,DSA001,-91.3335,33.7972,2004.11.30,DDG0766,,0.0,cm/s,0.0,,m,MPa,kPa,,,,"Holzer, TL, Noce, TE, and Bennett, MJ (2010). Maps and Documentation of Seismic CPT Soundings in the Central, Eastern, and Western United States, USGS Open-File Report 2010-1136, 86 p. Data accessed from https://earthquake.usgs.gov/research/cpt/data/ on 05.29.2018.",
328,3555,1596,80.0,DSA002,-91.3336,33.7958,2004.11.30,DDG0766,,0.0,cm/s,0.0,,m,MPa,kPa,,,,"Holzer, TL, Noce, TE, and Bennett, MJ (2010). Maps and Documentation of Seismic CPT Soundings in the Central, Eastern, and Western United States, USGS Open-File Report 2010-1136, 86 p. Data accessed from https://earthquake.usgs.gov/research/cpt/data/ on 05.29.2018.",
329,3556,1597,80.0,DSA003,-91.3337,33.7933,2004.11.30,DDG0766,,0.0,cm/s,0.0,,m,MPa,kPa,,,,"Holzer, TL, Noce, TE, and Bennett, MJ (2010). Maps and Documentation of Seismic CPT Soundings in the Central, Eastern, and Western United States, USGS Open-File Report 2010-1136, 86 p. Data accessed from https://earthquake.usgs.gov/research/cpt/data/ on 05.29.2018.",
330,3557,1598,80.0,DSO001,-90.0016,34.9921,2004.12.8,DDE0770,,0.0,cm/s,0.0,,m,MPa,kPa,,,,"Holzer, TL, Noce, TE, and Bennett, MJ (2010). Maps and Documentation of Seismic CPT Soundings in the Central, Eastern, and Western United States, USGS Open-File Report 2010-1136, 86 p. Data accessed from https://earthquake.usgs.gov/research/cpt/data/ on 05.29.2018.",
331,3558,1599,80.0,DSO002,-89.9979,34.953,2004.12.8,DDE0770,,0.0,cm/s,0.0,,m,MPa,kPa,,,,"Holzer, TL, Noce, TE, and Bennett, MJ (2010). Maps and Documentation of Seismic CPT Soundings in the Central, Eastern, and Western United States, USGS Open-File Report 2010-1136, 86 p. Data accessed from https://earthquake.usgs.gov/research/cpt/data/ on 05.29.2018.",
332,3559,1600,80.0,DSO003,-89.9957,34.9348,2004.12.8,DDE0770,,0.0,cm/s,0.0,,m,MPa,kPa,,,,"Holzer, TL, Noce, TE, and Bennett, MJ (2010). Maps and Documentation of Seismic CPT Soundings in the Central, Eastern, and Western United States, USGS Open-File Report 2010-1136, 86 p. Data accessed from https://earthquake.usgs.gov/research/cpt/data/ on 05.29.2018.",
333,3560,1601,80.0,DSO004,-89.9915,34.8705,2004.12.8,DDE0770,,0.0,cm/s,0.0,,m,MPa,kPa,,,,"Holzer, TL, Noce, TE, and Bennett, MJ (2010). Maps and Documentation of Seismic CPT Soundings in the Central, Eastern, and Western United States, USGS Open-File Report 2010-1136, 86 p. Data accessed from https://earthquake.usgs.gov/research/cpt/data/ on 05.29.2018.",
334,3561,1602,80.0,DSO005,-89.9916,34.8614,2004.12.9,DSG0769,,0.0,cm/s,0.0,,m,MPa,kPa,,,,"Holzer, TL, Noce, TE, and Bennett, MJ (2010). Maps and Documentation of Seismic CPT Soundings in the Central, Eastern, and Western United States, USGS Open-File Report 2010-1136, 86 p. Data accessed from https://earthquake.usgs.gov/research/cpt/data/ on 05.29.2018.",
335,3562,1603,80.0,DSO006,-89.9896,34.8579,2004.12.9,DSG0769,,0.0,cm/s,0.0,,m,MPa,kPa,,,,"Holzer, TL, Noce, TE, and Bennett, MJ (2010). Maps and Documentation of Seismic CPT Soundings in the Central, Eastern, and Western United States, USGS Open-File Report 2010-1136, 86 p. Data accessed from https://earthquake.usgs.gov/research/cpt/data/ on 05.29.2018.",
336,3563,1604,80.0,DSO007,-90.0778,34.8612,2004.12.11,DSG0769,,0.0,cm/s,0.0,,m,MPa,kPa,,,,"Holzer, TL, Noce, TE, and Bennett, MJ (2010). Maps and Documentation of Seismic CPT Soundings in the Central, Eastern, and Western United States, USGS Open-File Report 2010-1136, 86 p. Data accessed from https://earthquake.usgs.gov/research/cpt/data/ on 05.29.2018.",
337,3564,1605,80.0,DSO008,-90.0782,34.8639,2004.12.11,DSG0769,,0.0,cm/s,0.0,,m,MPa,kPa,,,,"Holzer, TL, Noce, TE, and Bennett, MJ (2010). Maps and Documentation of Seismic CPT Soundings in the Central, Eastern, and Western United States, USGS Open-File Report 2010-1136, 86 p. Data accessed from https://earthquake.usgs.gov/research/cpt/data/ on 05.29.2018.",
338,3565,1606,80.0,DSO009,-89.9896,34.8625,2004.12.11,DSG0769,,0.0,cm/s,0.0,,m,MPa,kPa,,,,"Holzer, TL, Noce, TE, and Bennett, MJ (2010). Maps and Documentation of Seismic CPT Soundings in the Central, Eastern, and Western United States, USGS Open-File Report 2010-1136, 86 p. Data accessed from https://earthquake.usgs.gov/research/cpt/data/ on 05.29.2018.",
339,3566,1607,80.0,DSO010,-89.9931,34.933,2004.12.11,DSG0769,,0.0,cm/s,0.0,,m,MPa,kPa,,,,"Holzer, TL, Noce, TE, and Bennett, MJ (2010). Maps and Documentation of Seismic CPT Soundings in the Central, Eastern, and Western United States, USGS Open-File Report 2010-1136, 86 p. Data accessed from https://earthquake.usgs.gov/research/cpt/data/ on 05.29.2018.",
340,3567,1608,80.0,DSO011,-89.9898,34.7231,2004.12.12,DSG0769,,0.0,cm/s,0.0,,m,MPa,kPa,,,,"Holzer, TL, Noce, TE, and Bennett, MJ (2010). Maps and Documentation of Seismic CPT Soundings in the Central, Eastern, and Western United States, USGS Open-File Report 2010-1136, 86 p. Data accessed from https://earthquake.usgs.gov/research/cpt/data/ on 05.29.2018.",
341,3568,1609,80.0,DSO012,-90.2248,34.8758,2004.12.13,DDE0770,,0.0,cm/s,0.0,,m,MPa,kPa,,,,"Holzer, TL, Noce, TE, and Bennett, MJ (2010). Maps and Documentation of Seismic CPT Soundings in the Central, Eastern, and Western United States, USGS Open-File Report 2010-1136, 86 p. Data accessed from https://earthquake.usgs.gov/research/cpt/data/ on 05.29.2018.",
342,3569,1610,80.0,DSO013,-90.2255,34.8673,2004.12.13,DDE0770,,0.0,cm/s,0.0,,m,MPa,kPa,,,,"Holzer, TL, Noce, TE, and Bennett, MJ (2010). Maps and Documentation of Seismic CPT Soundings in the Central, Eastern, and Western United States, USGS Open-File Report 2010-1136, 86 p. Data accessed from https://earthquake.usgs.gov/research/cpt/data/ on 05.29.2018.",
343,3570,1611,80.0,DYR002,-89.5315,36.1511,2008.10.15,DDG0766,,0.0,cm/s,0.0,,m,MPa,kPa,,,,"Holzer, TL, Noce, TE, and Bennett, MJ (2010). Maps and Documentation of Seismic CPT Soundings in the Central, Eastern, and Western United States, USGS Open-File Report 2010-1136, 86 p. Data accessed from https://earthquake.usgs.gov/research/cpt/data/ on 05.29.2018.",
344,3571,1612,80.0,GEE001,-90.3013,36.1571,2008.10.9,DDG0766,,0.0,cm/s,0.0,,m,MPa,kPa,,,,"Holzer, TL, Noce, TE, and Bennett, MJ (2010). Maps and Documentation of Seismic CPT Soundings in the Central, Eastern, and Western United States, USGS Open-File Report 2010-1136, 86 p. Data accessed from https://earthquake.usgs.gov/research/cpt/data/ on 05.29.2018.",
345,3572,1613,80.0,GEE002,-90.3198,36.1097,2008.10.9,DDG0766,,0.0,cm/s,0.0,,m,MPa,kPa,,,,"Holzer, TL, Noce, TE, and Bennett, MJ (2010). Maps and Documentation of Seismic CPT Soundings in the Central, Eastern, and Western United States, USGS Open-File Report 2010-1136, 86 p. Data accessed from https://earthquake.usgs.gov/research/cpt/data/ on 05.29.2018.",
346,3573,1614,80.0,GEE003,-90.3687,36.0478,2008.10.9,DDG0766,,0.0,cm/s,0.0,,m,MPa,kPa,,,,"Holzer, TL, Noce, TE, and Bennett, MJ (2010). Maps and Documentation of Seismic CPT Soundings in the Central, Eastern, and Western United States, USGS Open-File Report 2010-1136, 86 p. Data accessed from https://earthquake.usgs.gov/research/cpt/data/ on 05.29.2018.",
347,3574,1615,80.0,GEE004,-90.4415,35.9722,2008.10.9,DDG0766,,0.0,cm/s,0.0,,m,MPa,kPa,,,,"Holzer, TL, Noce, TE, and Bennett, MJ (2010). Maps and Documentation of Seismic CPT Soundings in the Central, Eastern, and Western United States, USGS Open-File Report 2010-1136, 86 p. Data accessed from https://earthquake.usgs.gov/research/cpt/data/ on 05.29.2018.",
348,3575,1616,80.0,HNC001,-87.5922,37.8153,2003.12.5,766TC,,0.0,cm/s,0.0,,m,MPa,kPa,,,,"Holzer, TL, Noce, TE, and Bennett, MJ (2010). Maps and Documentation of Seismic CPT Soundings in the Central, Eastern, and Western United States, USGS Open-File Report 2010-1136, 86 p. Data accessed from https://earthquake.usgs.gov/research/cpt/data/ on 05.29.2018.",
349,3576,1617,80.0,HNC002,-87.6669,37.8043,2003.12.5,766TC,,0.0,cm/s,0.0,,m,MPa,kPa,,,,"Holzer, TL, Noce, TE, and Bennett, MJ (2010). Maps and Documentation of Seismic CPT Soundings in the Central, Eastern, and Western United States, USGS Open-File Report 2010-1136, 86 p. Data accessed from https://earthquake.usgs.gov/research/cpt/data/ on 05.29.2018.",
350,3577,1618,80.0,HNC003,-87.6908,37.8382,2003.12.6,766TC,,0.0,cm/s,0.0,,m,MPa,kPa,,,,"Holzer, TL, Noce, TE, and Bennett, MJ (2010). Maps and Documentation of Seismic CPT Soundings in the Central, Eastern, and Western United States, USGS Open-File Report 2010-1136, 86 p. Data accessed from https://earthquake.usgs.gov/research/cpt/data/ on 05.29.2018.",
351,3578,1619,80.0,HNC004,-87.6978,37.8552,2003.12.6,766TC,,0.0,cm/s,0.0,,m,MPa,kPa,,,,"Holzer, TL, Noce, TE, and Bennett, MJ (2010). Maps and Documentation of Seismic CPT Soundings in the Central, Eastern, and Western United States, USGS Open-File Report 2010-1136, 86 p. Data accessed from https://earthquake.usgs.gov/research/cpt/data/ on 05.29.2018.",
352,3579,1620,80.0,HNC005,-87.7019,37.8721,2003.12.6,770TC,,0.0,cm/s,0.0,,m,MPa,kPa,,,,"Holzer, TL, Noce, TE, and Bennett, MJ (2010). Maps and Documentation of Seismic CPT Soundings in the Central, Eastern, and Western United States, USGS Open-File Report 2010-1136, 86 p. Data accessed from https://earthquake.usgs.gov/research/cpt/data/ on 05.29.2018.",
353,3580,1621,80.0,HNC006,-87.7073,37.8204,2003.12.6,770TC,,0.0,cm/s,0.0,,m,MPa,kPa,,,,"Holzer, TL, Noce, TE, and Bennett, MJ (2010). Maps and Documentation of Seismic CPT Soundings in the Central, Eastern, and Western United States, USGS Open-File Report 2010-1136, 86 p. Data accessed from https://earthquake.usgs.gov/research/cpt/data/ on 05.29.2018.",
354,3581,1622,80.0,HPD001,-93.8101,33.6062,2005.12.21,DDG0766,,0.0,cm/s,0.0,,m,MPa,kPa,,,,"Holzer, TL, Noce, TE, and Bennett, MJ (2010). Maps and Documentation of Seismic CPT Soundings in the Central, Eastern, and Western United States, USGS Open-File Report 2010-1136, 86 p. Data accessed from https://earthquake.usgs.gov/research/cpt/data/ on 05.29.2018.",
355,3582,1623,80.0,HPD002,-93.8103,33.597,2005.12.21,DDG0766,,0.0,cm/s,0.0,,m,MPa,kPa,,,,"Holzer, TL, Noce, TE, and Bennett, MJ (2010). Maps and Documentation of Seismic CPT Soundings in the Central, Eastern, and Western United States, USGS Open-File Report 2010-1136, 86 p. Data accessed from https://earthquake.usgs.gov/research/cpt/data/ on 05.29.2018.",
356,3583,1624,80.0,HPD003,-93.8151,33.6107,2005.12.21,DDG0766,,0.0,cm/s,0.0,,m,MPa,kPa,,,,"Holzer, TL, Noce, TE, and Bennett, MJ (2010). Maps and Documentation of Seismic CPT Soundings in the Central, Eastern, and Western United States, USGS Open-File Report 2010-1136, 86 p. Data accessed from https://earthquake.usgs.gov/research/cpt/data/ on 05.29.2018.",
357,3584,1625,80.0,HTH007,-88.2449,47.1664,2004.9.16,766TC,,0.0,cm/s,0.0,,m,MPa,kPa,,,,"Holzer, TL, Noce, TE, and Bennett, MJ (2010). Maps and Documentation of Seismic CPT Soundings in the Central, Eastern, and Western United States, USGS Open-File Report 2010-1136, 86 p. Data accessed from https://earthquake.usgs.gov/research/cpt/data/ on 05.29.2018.",
358,3585,1626,80.0,HTN001,-88.2634,47.1777,2004.9.15,766TC,,0.0,cm/s,0.0,,m,MPa,kPa,,,,"Holzer, TL, Noce, TE, and Bennett, MJ (2010). Maps and Documentation of Seismic CPT Soundings in the Central, Eastern, and Western United States, USGS Open-File Report 2010-1136, 86 p. Data accessed from https://earthquake.usgs.gov/research/cpt/data/ on 05.29.2018.",
359,3586,1627,80.0,HTN002,-88.2442,47.1795,2004.9.15,766TC,,0.0,cm/s,0.0,,m,MPa,kPa,,,,"Holzer, TL, Noce, TE, and Bennett, MJ (2010). Maps and Documentation of Seismic CPT Soundings in the Central, Eastern, and Western United States, USGS Open-File Report 2010-1136, 86 p. Data accessed from https://earthquake.usgs.gov/research/cpt/data/ on 05.29.2018.",
360,3587,1628,80.0,HTN003,-88.2449,47.1588,2004.9.15,766TC,,0.0,cm/s,0.0,,m,MPa,kPa,,,,"Holzer, TL, Noce, TE, and Bennett, MJ (2010). Maps and Documentation of Seismic CPT Soundings in the Central, Eastern, and Western United States, USGS Open-File Report 2010-1136, 86 p. Data accessed from https://earthquake.usgs.gov/research/cpt/data/ on 05.29.2018.",
361,3588,1629,80.0,HTN004,-88.2658,47.1579,2004.9.15,766TC,,0.0,cm/s,0.0,,m,MPa,kPa,,,,"Holzer, TL, Noce, TE, and Bennett, MJ (2010). Maps and Documentation of Seismic CPT Soundings in the Central, Eastern, and Western United States, USGS Open-File Report 2010-1136, 86 p. Data accessed from https://earthquake.usgs.gov/research/cpt/data/ on 05.29.2018.",
362,3589,1630,80.0,HTN005,-88.2688,47.168,2004.9.15,766TC,,0.0,cm/s,0.0,,m,MPa,kPa,,,,"Holzer, TL, Noce, TE, and Bennett, MJ (2010). Maps and Documentation of Seismic CPT Soundings in the Central, Eastern, and Western United States, USGS Open-File Report 2010-1136, 86 p. Data accessed from https://earthquake.usgs.gov/research/cpt/data/ on 05.29.2018.",
363,3590,1631,80.0,HTN006,-88.2585,47.178,2004.9.16,766TC,,0.0,cm/s,0.0,,m,MPa,kPa,,,,"Holzer, TL, Noce, TE, and Bennett, MJ (2010). Maps and Documentation of Seismic CPT Soundings in the Central, Eastern, and Western United States, USGS Open-File Report 2010-1136, 86 p. Data accessed from https://earthquake.usgs.gov/research/cpt/data/ on 05.29.2018.",
364,3591,1632,80.0,HTN008,-88.2664,47.1617,2004.9.16,766TC,,0.0,cm/s,0.0,,m,MPa,kPa,,,,"Holzer, TL, Noce, TE, and Bennett, MJ (2010). Maps and Documentation of Seismic CPT Soundings in the Central, Eastern, and Western United States, USGS Open-File Report 2010-1136, 86 p. Data accessed from https://earthquake.usgs.gov/research/cpt/data/ on 05.29.2018.",
365,3592,1633,80.0,IMC001,-115.5347,33.0966,2003.4.7,770tc,,0.0,cm/s,0.0,,m,MPa,kPa,,,,"Holzer, TL, Noce, TE, and Bennett, MJ (2010). Maps and Documentation of Seismic CPT Soundings in the Central, Eastern, and Western United States, USGS Open-File Report 2010-1136, 86 p. Data accessed from https://earthquake.usgs.gov/research/cpt/data/ on 05.29.2018.",
366,3593,1634,80.0,IMC002,-115.5344,33.0966,2003.4.7,770tc,,0.0,cm/s,0.0,,m,MPa,kPa,,,,"Holzer, TL, Noce, TE, and Bennett, MJ (2010). Maps and Documentation of Seismic CPT Soundings in the Central, Eastern, and Western United States, USGS Open-File Report 2010-1136, 86 p. Data accessed from https://earthquake.usgs.gov/research/cpt/data/ on 05.29.2018.",
367,3594,1635,80.0,IMC003,-115.5333,33.0966,2003.4.7,770tc,,0.0,cm/s,0.0,,m,MPa,kPa,,,,"Holzer, TL, Noce, TE, and Bennett, MJ (2010). Maps and Documentation of Seismic CPT Soundings in the Central, Eastern, and Western United States, USGS Open-File Report 2010-1136, 86 p. Data accessed from https://earthquake.usgs.gov/research/cpt/data/ on 05.29.2018.",
368,3595,1636,80.0,IMC004,-115.5325,33.0966,2003.4.7,770tc,,0.0,cm/s,0.0,,m,MPa,kPa,,,,"Holzer, TL, Noce, TE, and Bennett, MJ (2010). Maps and Documentation of Seismic CPT Soundings in the Central, Eastern, and Western United States, USGS Open-File Report 2010-1136, 86 p. Data accessed from https://earthquake.usgs.gov/research/cpt/data/ on 05.29.2018.",
369,3596,1637,80.0,IMC005,-115.5322,33.0971,2003.4.8,770tc,,0.0,cm/s,0.0,,m,MPa,kPa,,,,"Holzer, TL, Noce, TE, and Bennett, MJ (2010). Maps and Documentation of Seismic CPT Soundings in the Central, Eastern, and Western United States, USGS Open-File Report 2010-1136, 86 p. Data accessed from https://earthquake.usgs.gov/research/cpt/data/ on 05.29.2018.",
370,3597,1638,80.0,IMC006,-115.5314,33.0972,2003.4.8,770tc,,0.0,cm/s,0.0,,m,MPa,kPa,,,,"Holzer, TL, Noce, TE, and Bennett, MJ (2010). Maps and Documentation of Seismic CPT Soundings in the Central, Eastern, and Western United States, USGS Open-File Report 2010-1136, 86 p. Data accessed from https://earthquake.usgs.gov/research/cpt/data/ on 05.29.2018.",
371,3598,1639,80.0,IMC007,-115.5312,33.0969,2003.4.8,770tc,,0.0,cm/s,0.0,,m,MPa,kPa,,,,"Holzer, TL, Noce, TE, and Bennett, MJ (2010). Maps and Documentation of Seismic CPT Soundings in the Central, Eastern, and Western United States, USGS Open-File Report 2010-1136, 86 p. Data accessed from https://earthquake.usgs.gov/research/cpt/data/ on 05.29.2018.",
372,3599,1640,80.0,IMC008,-115.5307,33.0966,2003.4.8,770tc,,0.0,cm/s,0.0,,m,MPa,kPa,,,,"Holzer, TL, Noce, TE, and Bennett, MJ (2010). Maps and Documentation of Seismic CPT Soundings in the Central, Eastern, and Western United States, USGS Open-File Report 2010-1136, 86 p. Data accessed from https://earthquake.usgs.gov/research/cpt/data/ on 05.29.2018.",
373,3600,1641,80.0,IMC009,-115.5328,33.0966,2003.4.8,770tc,,0.0,cm/s,0.0,,m,MPa,kPa,,,,"Holzer, TL, Noce, TE, and Bennett, MJ (2010). Maps and Documentation of Seismic CPT Soundings in the Central, Eastern, and Western United States, USGS Open-File Report 2010-1136, 86 p. Data accessed from https://earthquake.usgs.gov/research/cpt/data/ on 05.29.2018.",
374,3601,1642,80.0,IMC010,-115.5338,33.0966,2003.4.9,766tc,,0.0,cm/s,0.0,,m,MPa,kPa,,,,"Holzer, TL, Noce, TE, and Bennett, MJ (2010). Maps and Documentation of Seismic CPT Soundings in the Central, Eastern, and Western United States, USGS Open-File Report 2010-1136, 86 p. Data accessed from https://earthquake.usgs.gov/research/cpt/data/ on 05.29.2018.",
375,3602,1643,80.0,IMC031,-115.5306,33.0975,2003.4.12,766tc,,0.0,cm/s,0.0,,m,MPa,kPa,,,,"Holzer, TL, Noce, TE, and Bennett, MJ (2010). Maps and Documentation of Seismic CPT Soundings in the Central, Eastern, and Western United States, USGS Open-File Report 2010-1136, 86 p. Data accessed from https://earthquake.usgs.gov/research/cpt/data/ on 05.29.2018.",
376,3603,1644,80.0,IMC038,-115.5305,33.0973,2003.4.13,766tc,,0.0,cm/s,0.0,,m,MPa,kPa,,,,"Holzer, TL, Noce, TE, and Bennett, MJ (2010). Maps and Documentation of Seismic CPT Soundings in the Central, Eastern, and Western United States, USGS Open-File Report 2010-1136, 86 p. Data accessed from https://earthquake.usgs.gov/research/cpt/data/ on 05.29.2018.",
377,3604,1645,80.0,IMC050,-115.5305,33.0974,2003.4.14,766tc,,0.0,cm/s,0.0,,m,MPa,kPa,,,,"Holzer, TL, Noce, TE, and Bennett, MJ (2010). Maps and Documentation of Seismic CPT Soundings in the Central, Eastern, and Western United States, USGS Open-File Report 2010-1136, 86 p. Data accessed from https://earthquake.usgs.gov/research/cpt/data/ on 05.29.2018.",
378,3605,1646,80.0,KER006,-118.2913,34.8212,2011.1.20,DDG1127,,0.0,cm/s,0.0,,m,MPa,kPa,,,,"Holzer, TL, Noce, TE, and Bennett, MJ (2010). Maps and Documentation of Seismic CPT Soundings in the Central, Eastern, and Western United States, USGS Open-File Report 2010-1136, 86 p. Data accessed from https://earthquake.usgs.gov/research/cpt/data/ on 05.29.2018.",
379,3606,1647,80.0,KNX001,-87.6039,38.6446,2004.10.6,766TC,,0.0,cm/s,0.0,,m,MPa,kPa,,,,"Holzer, TL, Noce, TE, and Bennett, MJ (2010). Maps and Documentation of Seismic CPT Soundings in the Central, Eastern, and Western United States, USGS Open-File Report 2010-1136, 86 p. Data accessed from https://earthquake.usgs.gov/research/cpt/data/ on 05.29.2018.",
380,3607,1648,80.0,LAC001,-118.2233,33.7964,2002.9.12,,,0.0,cm/s,0.0,,m,MPa,kPa,,,,"Holzer, TL, Noce, TE, and Bennett, MJ (2010). Maps and Documentation of Seismic CPT Soundings in the Central, Eastern, and Western United States, USGS Open-File Report 2010-1136, 86 p. Data accessed from https://earthquake.usgs.gov/research/cpt/data/ on 05.29.2018.",
381,3608,1649,80.0,LAC010,-118.2234,33.7962,2002.9.14,,,0.0,cm/s,0.0,,m,MPa,kPa,,,,"Holzer, TL, Noce, TE, and Bennett, MJ (2010). Maps and Documentation of Seismic CPT Soundings in the Central, Eastern, and Western United States, USGS Open-File Report 2010-1136, 86 p. Data accessed from https://earthquake.usgs.gov/research/cpt/data/ on 05.29.2018.",
382,3609,1650,80.0,LAC019,-118.1734,33.88,2002.9.18,766TC,,0.0,cm/s,0.0,,m,MPa,kPa,,,,"Holzer, TL, Noce, TE, and Bennett, MJ (2010). Maps and Documentation of Seismic CPT Soundings in the Central, Eastern, and Western United States, USGS Open-File Report 2010-1136, 86 p. Data accessed from https://earthquake.usgs.gov/research/cpt/data/ on 05.29.2018.",
383,3610,1651,80.0,LAC020,-118.1482,33.9743,2002.9.19,766TC,,0.0,cm/s,0.0,,m,MPa,kPa,,,,"Holzer, TL, Noce, TE, and Bennett, MJ (2010). Maps and Documentation of Seismic CPT Soundings in the Central, Eastern, and Western United States, USGS Open-File Report 2010-1136, 86 p. Data accessed from https://earthquake.usgs.gov/research/cpt/data/ on 05.29.2018.",
384,3611,1652,80.0,LAC021,-118.3321,33.8705,2002.9.19,766TC,,0.0,cm/s,0.0,,m,MPa,kPa,,,,"Holzer, TL, Noce, TE, and Bennett, MJ (2010). Maps and Documentation of Seismic CPT Soundings in the Central, Eastern, and Western United States, USGS Open-File Report 2010-1136, 86 p. Data accessed from https://earthquake.usgs.gov/research/cpt/data/ on 05.29.2018.",
385,3612,1653,80.0,LAC027,-117.9507,34.0093,2002.9.23,770TC,,0.0,cm/s,0.0,,m,MPa,kPa,,,,"Holzer, TL, Noce, TE, and Bennett, MJ (2010). Maps and Documentation of Seismic CPT Soundings in the Central, Eastern, and Western United States, USGS Open-File Report 2010-1136, 86 p. Data accessed from https://earthquake.usgs.gov/research/cpt/data/ on 05.29.2018.",
386,3613,1654,80.0,LAC028,-118.0809,34.0512,2002.9.23,770TC,,0.0,cm/s,0.0,,m,MPa,kPa,,,,"Holzer, TL, Noce, TE, and Bennett, MJ (2010). Maps and Documentation of Seismic CPT Soundings in the Central, Eastern, and Western United States, USGS Open-File Report 2010-1136, 86 p. Data accessed from https://earthquake.usgs.gov/research/cpt/data/ on 05.29.2018.",
387,3614,1655,80.0,LAC120,-118.3965,34.8056,2009.9.16,DDG766,,0.0,cm/s,0.0,,m,MPa,kPa,,,,"Holzer, TL, Noce, TE, and Bennett, MJ (2010). Maps and Documentation of Seismic CPT Soundings in the Central, Eastern, and Western United States, USGS Open-File Report 2010-1136, 86 p. Data accessed from https://earthquake.usgs.gov/research/cpt/data/ on 05.29.2018.",
388,3615,1656,80.0,LEE001,-90.8196,34.7205,2004.12.2,DDG0766,,0.0,cm/s,0.0,,m,MPa,kPa,,,,"Holzer, TL, Noce, TE, and Bennett, MJ (2010). Maps and Documentation of Seismic CPT Soundings in the Central, Eastern, and Western United States, USGS Open-File Report 2010-1136, 86 p. Data accessed from https://earthquake.usgs.gov/research/cpt/data/ on 05.29.2018.",
389,3616,1657,80.0,LEE002,-90.8196,34.7235,2004.12.2,DDG0766,,0.0,cm/s,0.0,,m,MPa,kPa,,,,"Holzer, TL, Noce, TE, and Bennett, MJ (2010). Maps and Documentation of Seismic CPT Soundings in the Central, Eastern, and Western United States, USGS Open-File Report 2010-1136, 86 p. Data accessed from https://earthquake.usgs.gov/research/cpt/data/ on 05.29.2018.",
390,3617,1658,80.0,LEE003,-90.8204,34.7157,2004.12.2,DDG0766,,0.0,cm/s,0.0,,m,MPa,kPa,,,,"Holzer, TL, Noce, TE, and Bennett, MJ (2010). Maps and Documentation of Seismic CPT Soundings in the Central, Eastern, and Western United States, USGS Open-File Report 2010-1136, 86 p. Data accessed from https://earthquake.usgs.gov/research/cpt/data/ on 05.29.2018.",
391,3618,1659,80.0,LEE004,-90.8108,34.7157,2004.12.2,DDG0766,,0.0,cm/s,0.0,,m,MPa,kPa,,,,"Holzer, TL, Noce, TE, and Bennett, MJ (2010). Maps and Documentation of Seismic CPT Soundings in the Central, Eastern, and Western United States, USGS Open-File Report 2010-1136, 86 p. Data accessed from https://earthquake.usgs.gov/research/cpt/data/ on 05.29.2018.",
392,3619,1660,80.0,LFE001,-93.6989,33.4245,2005.12.19,DDG0766,,0.0,cm/s,0.0,,m,MPa,kPa,,,,"Holzer, TL, Noce, TE, and Bennett, MJ (2010). Maps and Documentation of Seismic CPT Soundings in the Central, Eastern, and Western United States, USGS Open-File Report 2010-1136, 86 p. Data accessed from https://earthquake.usgs.gov/research/cpt/data/ on 05.29.2018.",
393,3620,1661,80.0,LFE002,-93.692,33.4146,2005.12.19,DDG0766,,0.0,cm/s,0.0,,m,MPa,kPa,,,,"Holzer, TL, Noce, TE, and Bennett, MJ (2010). Maps and Documentation of Seismic CPT Soundings in the Central, Eastern, and Western United States, USGS Open-File Report 2010-1136, 86 p. Data accessed from https://earthquake.usgs.gov/research/cpt/data/ on 05.29.2018.",
394,3621,1662,80.0,LFE003,-93.6942,33.4714,2005.12.19,DDG0766,,0.0,cm/s,0.0,,m,MPa,kPa,,,,"Holzer, TL, Noce, TE, and Bennett, MJ (2010). Maps and Documentation of Seismic CPT Soundings in the Central, Eastern, and Western United States, USGS Open-File Report 2010-1136, 86 p. Data accessed from https://earthquake.usgs.gov/research/cpt/data/ on 05.29.2018.",
395,3622,1663,80.0,LFE004,-93.676,33.4489,2005.12.19,DDG0766,,0.0,cm/s,0.0,,m,MPa,kPa,,,,"Holzer, TL, Noce, TE, and Bennett, MJ (2010). Maps and Documentation of Seismic CPT Soundings in the Central, Eastern, and Western United States, USGS Open-File Report 2010-1136, 86 p. Data accessed from https://earthquake.usgs.gov/research/cpt/data/ on 05.29.2018.",
396,3623,1664,80.0,LFE005,-93.8502,33.0909,2005.12.22,DDG0766,,0.0,cm/s,0.0,,m,MPa,kPa,,,,"Holzer, TL, Noce, TE, and Bennett, MJ (2010). Maps and Documentation of Seismic CPT Soundings in the Central, Eastern, and Western United States, USGS Open-File Report 2010-1136, 86 p. Data accessed from https://earthquake.usgs.gov/research/cpt/data/ on 05.29.2018.",
397,3624,1665,80.0,LFE006,-93.8339,33.1028,2005.12.22,DDG0766,,0.0,cm/s,0.0,,m,MPa,kPa,,,,"Holzer, TL, Noce, TE, and Bennett, MJ (2010). Maps and Documentation of Seismic CPT Soundings in the Central, Eastern, and Western United States, USGS Open-File Report 2010-1136, 86 p. Data accessed from https://earthquake.usgs.gov/research/cpt/data/ on 05.29.2018.",
398,3625,1666,80.0,LFE007,-93.8213,33.1134,2005.12.22,DDG0766,,0.0,cm/s,0.0,,m,MPa,kPa,,,,"Holzer, TL, Noce, TE, and Bennett, MJ (2010). Maps and Documentation of Seismic CPT Soundings in the Central, Eastern, and Western United States, USGS Open-File Report 2010-1136, 86 p. Data accessed from https://earthquake.usgs.gov/research/cpt/data/ on 05.29.2018.",
399,3626,1667,80.0,LFE008,-93.822,33.1219,2005.12.22,DDG0766,,0.0,cm/s,0.0,,m,MPa,kPa,,,,"Holzer, TL, Noce, TE, and Bennett, MJ (2010). Maps and Documentation of Seismic CPT Soundings in the Central, Eastern, and Western United States, USGS Open-File Report 2010-1136, 86 p. Data accessed from https://earthquake.usgs.gov/research/cpt/data/ on 05.29.2018.",
400,3627,1668,80.0,LFE009,-93.7921,33.1303,2005.12.22,DDG0766,,0.0,cm/s,0.0,,m,MPa,kPa,,,,"Holzer, TL, Noce, TE, and Bennett, MJ (2010). Maps and Documentation of Seismic CPT Soundings in the Central, Eastern, and Western United States, USGS Open-File Report 2010-1136, 86 p. Data accessed from https://earthquake.usgs.gov/research/cpt/data/ on 05.29.2018.",
401,3628,1669,80.0,LFE010,-93.7787,33.1374,2005.12.22,DDG0766,,0.0,cm/s,0.0,,m,MPa,kPa,,,,"Holzer, TL, Noce, TE, and Bennett, MJ (2010). Maps and Documentation of Seismic CPT Soundings in the Central, Eastern, and Western United States, USGS Open-File Report 2010-1136, 86 p. Data accessed from https://earthquake.usgs.gov/research/cpt/data/ on 05.29.2018.",
402,3629,1670,80.0,LVR001,-94.1409,33.5956,2005.12.23,DDG0766,,0.0,cm/s,0.0,,m,MPa,kPa,,,,"Holzer, TL, Noce, TE, and Bennett, MJ (2010). Maps and Documentation of Seismic CPT Soundings in the Central, Eastern, and Western United States, USGS Open-File Report 2010-1136, 86 p. Data accessed from https://earthquake.usgs.gov/research/cpt/data/ on 05.29.2018.",
403,3630,1671,80.0,LVR002,-94.1262,33.5953,2005.12.23,DDG0766,,0.0,cm/s,0.0,,m,MPa,kPa,,,,"Holzer, TL, Noce, TE, and Bennett, MJ (2010). Maps and Documentation of Seismic CPT Soundings in the Central, Eastern, and Western United States, USGS Open-File Report 2010-1136, 86 p. Data accessed from https://earthquake.usgs.gov/research/cpt/data/ on 05.29.2018.",
404,3631,1672,80.0,LVR003,-94.1106,33.5913,2005.12.23,DDG0766,,0.0,cm/s,0.0,,m,MPa,kPa,,,,"Holzer, TL, Noce, TE, and Bennett, MJ (2010). Maps and Documentation of Seismic CPT Soundings in the Central, Eastern, and Western United States, USGS Open-File Report 2010-1136, 86 p. Data accessed from https://earthquake.usgs.gov/research/cpt/data/ on 05.29.2018.",
405,3632,1673,80.0,LWE001,-87.5111,38.7472,2004.10.6,766TC,,0.0,cm/s,0.0,,m,MPa,kPa,,,,"Holzer, TL, Noce, TE, and Bennett, MJ (2010). Maps and Documentation of Seismic CPT Soundings in the Central, Eastern, and Western United States, USGS Open-File Report 2010-1136, 86 p. Data accessed from https://earthquake.usgs.gov/research/cpt/data/ on 05.29.2018.",
406,3633,1674,80.0,MGA001,-95.769,28.75,2006.1.5,DDG0766,,0.0,cm/s,0.0,,m,MPa,kPa,,,,"Holzer, TL, Noce, TE, and Bennett, MJ (2010). Maps and Documentation of Seismic CPT Soundings in the Central, Eastern, and Western United States, USGS Open-File Report 2010-1136, 86 p. Data accessed from https://earthquake.usgs.gov/research/cpt/data/ on 05.29.2018.",
407,3634,1675,80.0,MGA002,-95.7747,28.7582,2006.1.5,DDG0770,,0.0,cm/s,0.0,,m,MPa,kPa,,,,"Holzer, TL, Noce, TE, and Bennett, MJ (2010). Maps and Documentation of Seismic CPT Soundings in the Central, Eastern, and Western United States, USGS Open-File Report 2010-1136, 86 p. Data accessed from https://earthquake.usgs.gov/research/cpt/data/ on 05.29.2018.",
408,3635,1676,80.0,MGA003,-95.7867,28.7651,2006.1.5,DDG0770,,0.0,cm/s,0.0,,m,MPa,kPa,,,,"Holzer, TL, Noce, TE, and Bennett, MJ (2010). Maps and Documentation of Seismic CPT Soundings in the Central, Eastern, and Western United States, USGS Open-File Report 2010-1136, 86 p. Data accessed from https://earthquake.usgs.gov/research/cpt/data/ on 05.29.2018.",
409,3636,1677,80.0,MGA004,-95.6124,28.7747,2006.1.5,DDG0770,,0.0,cm/s,0.0,,m,MPa,kPa,,,,"Holzer, TL, Noce, TE, and Bennett, MJ (2010). Maps and Documentation of Seismic CPT Soundings in the Central, Eastern, and Western United States, USGS Open-File Report 2010-1136, 86 p. Data accessed from https://earthquake.usgs.gov/research/cpt/data/ on 05.29.2018.",
410,3637,1678,80.0,MGA005,-95.6044,28.7964,2006.1.8,DDG0770,,0.0,cm/s,0.0,,m,MPa,kPa,,,,"Holzer, TL, Noce, TE, and Bennett, MJ (2010). Maps and Documentation of Seismic CPT Soundings in the Central, Eastern, and Western United States, USGS Open-File Report 2010-1136, 86 p. Data accessed from https://earthquake.usgs.gov/research/cpt/data/ on 05.29.2018.",
411,3638,1679,80.0,MGA006,-95.6102,28.802,2006.1.8,DDG0770,,0.0,cm/s,0.0,,m,MPa,kPa,,,,"Holzer, TL, Noce, TE, and Bennett, MJ (2010). Maps and Documentation of Seismic CPT Soundings in the Central, Eastern, and Western United States, USGS Open-File Report 2010-1136, 86 p. Data accessed from https://earthquake.usgs.gov/research/cpt/data/ on 05.29.2018.",
412,3639,1680,80.0,MGA007,-95.6167,28.7966,2006.1.8,DDG0770,,0.0,cm/s,0.0,,m,MPa,kPa,,,,"Holzer, TL, Noce, TE, and Bennett, MJ (2010). Maps and Documentation of Seismic CPT Soundings in the Central, Eastern, and Western United States, USGS Open-File Report 2010-1136, 86 p. Data accessed from https://earthquake.usgs.gov/research/cpt/data/ on 05.29.2018.",
413,3640,1681,80.0,MGA008,-95.6293,28.7899,2006.1.8,DDG0770,,0.0,cm/s,0.0,,m,MPa,kPa,,,,"Holzer, TL, Noce, TE, and Bennett, MJ (2010). Maps and Documentation of Seismic CPT Soundings in the Central, Eastern, and Western United States, USGS Open-File Report 2010-1136, 86 p. Data accessed from https://earthquake.usgs.gov/research/cpt/data/ on 05.29.2018.",
414,3641,1682,80.0,MGA009,-95.6365,28.8331,2006.1.8,DDG0770,,0.0,cm/s,0.0,,m,MPa,kPa,,,,"Holzer, TL, Noce, TE, and Bennett, MJ (2010). Maps and Documentation of Seismic CPT Soundings in the Central, Eastern, and Western United States, USGS Open-File Report 2010-1136, 86 p. Data accessed from https://earthquake.usgs.gov/research/cpt/data/ on 05.29.2018.",
415,3642,1683,80.0,MGA010,-95.6446,28.8254,2006.1.8,DDG0770,,0.0,cm/s,0.0,,m,MPa,kPa,,,,"Holzer, TL, Noce, TE, and Bennett, MJ (2010). Maps and Documentation of Seismic CPT Soundings in the Central, Eastern, and Western United States, USGS Open-File Report 2010-1136, 86 p. Data accessed from https://earthquake.usgs.gov/research/cpt/data/ on 05.29.2018.",
416,3643,1684,80.0,MLR001,-93.9544,33.5381,2005.12.20,DDG0766,,0.0,cm/s,0.0,,m,MPa,kPa,,,,"Holzer, TL, Noce, TE, and Bennett, MJ (2010). Maps and Documentation of Seismic CPT Soundings in the Central, Eastern, and Western United States, USGS Open-File Report 2010-1136, 86 p. Data accessed from https://earthquake.usgs.gov/research/cpt/data/ on 05.29.2018.",
417,3644,1685,80.0,MLR002,-93.9141,33.4908,2005.12.20,DDG0766,,0.0,cm/s,0.0,,m,MPa,kPa,,,,"Holzer, TL, Noce, TE, and Bennett, MJ (2010). Maps and Documentation of Seismic CPT Soundings in the Central, Eastern, and Western United States, USGS Open-File Report 2010-1136, 86 p. Data accessed from https://earthquake.usgs.gov/research/cpt/data/ on 05.29.2018.",
418,3645,1686,80.0,MLR003,-93.9233,33.491,2005.12.20,DDG0766,,0.0,cm/s,0.0,,m,MPa,kPa,,,,"Holzer, TL, Noce, TE, and Bennett, MJ (2010). Maps and Documentation of Seismic CPT Soundings in the Central, Eastern, and Western United States, USGS Open-File Report 2010-1136, 86 p. Data accessed from https://earthquake.usgs.gov/research/cpt/data/ on 05.29.2018.",
419,3646,1687,80.0,MLR004,-93.9158,33.4788,2005.12.20,DDG0766,,0.0,cm/s,0.0,,m,MPa,kPa,,,,"Holzer, TL, Noce, TE, and Bennett, MJ (2010). Maps and Documentation of Seismic CPT Soundings in the Central, Eastern, and Western United States, USGS Open-File Report 2010-1136, 86 p. Data accessed from https://earthquake.usgs.gov/research/cpt/data/ on 05.29.2018.",
420,3647,1688,80.0,MLR005,-93.8856,33.4725,2005.12.20,DDG0766,,0.0,cm/s,0.0,,m,MPa,kPa,,,,"Holzer, TL, Noce, TE, and Bennett, MJ (2010). Maps and Documentation of Seismic CPT Soundings in the Central, Eastern, and Western United States, USGS Open-File Report 2010-1136, 86 p. Data accessed from https://earthquake.usgs.gov/research/cpt/data/ on 05.29.2018.",
421,3648,1689,80.0,MLR006,-93.8201,33.4901,2005.12.20,DDG0766,,0.0,cm/s,0.0,,m,MPa,kPa,,,,"Holzer, TL, Noce, TE, and Bennett, MJ (2010). Maps and Documentation of Seismic CPT Soundings in the Central, Eastern, and Western United States, USGS Open-File Report 2010-1136, 86 p. Data accessed from https://earthquake.usgs.gov/research/cpt/data/ on 05.29.2018.",
422,3649,1690,80.0,MLR007,-93.8089,33.4917,2005.12.20,DDG0766,,0.0,cm/s,0.0,,m,MPa,kPa,,,,"Holzer, TL, Noce, TE, and Bennett, MJ (2010). Maps and Documentation of Seismic CPT Soundings in the Central, Eastern, and Western United States, USGS Open-File Report 2010-1136, 86 p. Data accessed from https://earthquake.usgs.gov/research/cpt/data/ on 05.29.2018.",
423,3650,1691,80.0,MLR008,-93.8879,33.5549,2005.12.21,DDG0766,,0.0,cm/s,0.0,,m,MPa,kPa,,,,"Holzer, TL, Noce, TE, and Bennett, MJ (2010). Maps and Documentation of Seismic CPT Soundings in the Central, Eastern, and Western United States, USGS Open-File Report 2010-1136, 86 p. Data accessed from https://earthquake.usgs.gov/research/cpt/data/ on 05.29.2018.",
424,3651,1692,80.0,MLR009,-93.8752,33.5899,2005.12.21,DDG0766,,0.0,cm/s,0.0,,m,MPa,kPa,,,,"Holzer, TL, Noce, TE, and Bennett, MJ (2010). Maps and Documentation of Seismic CPT Soundings in the Central, Eastern, and Western United States, USGS Open-File Report 2010-1136, 86 p. Data accessed from https://earthquake.usgs.gov/research/cpt/data/ on 05.29.2018.",
425,3652,1693,80.0,MLR010,-93.8756,33.5794,2005.12.21,DDG0766,,0.0,cm/s,0.0,,m,MPa,kPa,,,,"Holzer, TL, Noce, TE, and Bennett, MJ (2010). Maps and Documentation of Seismic CPT Soundings in the Central, Eastern, and Western United States, USGS Open-File Report 2010-1136, 86 p. Data accessed from https://earthquake.usgs.gov/research/cpt/data/ on 05.29.2018.",
426,3653,1694,80.0,MLR011,-93.8757,33.5713,2005.12.21,DDG0766,,0.0,cm/s,0.0,,m,MPa,kPa,,,,"Holzer, TL, Noce, TE, and Bennett, MJ (2010). Maps and Documentation of Seismic CPT Soundings in the Central, Eastern, and Western United States, USGS Open-File Report 2010-1136, 86 p. Data accessed from https://earthquake.usgs.gov/research/cpt/data/ on 05.29.2018.",
427,3654,1695,80.0,MLR012,-93.7041,33.363,2005.12.22,DDG0766,,0.0,cm/s,0.0,,m,MPa,kPa,,,,"Holzer, TL, Noce, TE, and Bennett, MJ (2010). Maps and Documentation of Seismic CPT Soundings in the Central, Eastern, and Western United States, USGS Open-File Report 2010-1136, 86 p. Data accessed from https://earthquake.usgs.gov/research/cpt/data/ on 05.29.2018.",
428,3655,1696,80.0,MLR013,-94.0108,33.5056,2005.12.23,DDG0766,,0.0,cm/s,0.0,,m,MPa,kPa,,,,"Holzer, TL, Noce, TE, and Bennett, MJ (2010). Maps and Documentation of Seismic CPT Soundings in the Central, Eastern, and Western United States, USGS Open-File Report 2010-1136, 86 p. Data accessed from https://earthquake.usgs.gov/research/cpt/data/ on 05.29.2018.",
429,3656,1697,80.0,MLR014,-94.0421,33.5512,2005.12.23,DDG0766,,0.0,cm/s,0.0,,m,MPa,kPa,,,,"Holzer, TL, Noce, TE, and Bennett, MJ (2010). Maps and Documentation of Seismic CPT Soundings in the Central, Eastern, and Western United States, USGS Open-File Report 2010-1136, 86 p. Data accessed from https://earthquake.usgs.gov/research/cpt/data/ on 05.29.2018.",
430,3657,1698,80.0,MSC001,-89.9855,35.9817,2003.10.16,766TC,,0.0,cm/s,0.0,,m,MPa,kPa,,,,"Holzer, TL, Noce, TE, and Bennett, MJ (2010). Maps and Documentation of Seismic CPT Soundings in the Central, Eastern, and Western United States, USGS Open-File Report 2010-1136, 86 p. Data accessed from https://earthquake.usgs.gov/research/cpt/data/ on 05.29.2018.",
431,3658,1699,80.0,MSC002,-90.0181,35.9814,2003.10.16,766TC,,0.0,cm/s,0.0,,m,MPa,kPa,,,,"Holzer, TL, Noce, TE, and Bennett, MJ (2010). Maps and Documentation of Seismic CPT Soundings in the Central, Eastern, and Western United States, USGS Open-File Report 2010-1136, 86 p. Data accessed from https://earthquake.usgs.gov/research/cpt/data/ on 05.29.2018.",
432,3659,1700,80.0,MSC003,-89.9144,35.9822,2003.10.16,766TC,,0.0,cm/s,0.0,,m,MPa,kPa,,,,"Holzer, TL, Noce, TE, and Bennett, MJ (2010). Maps and Documentation of Seismic CPT Soundings in the Central, Eastern, and Western United States, USGS Open-File Report 2010-1136, 86 p. Data accessed from https://earthquake.usgs.gov/research/cpt/data/ on 05.29.2018.",
433,3660,1701,80.0,MSC004,-89.9121,35.9818,2003.10.16,766TC,,0.0,cm/s,0.0,,m,MPa,kPa,,,,"Holzer, TL, Noce, TE, and Bennett, MJ (2010). Maps and Documentation of Seismic CPT Soundings in the Central, Eastern, and Western United States, USGS Open-File Report 2010-1136, 86 p. Data accessed from https://earthquake.usgs.gov/research/cpt/data/ on 05.29.2018.",
434,3661,1702,80.0,MSC005,-90.0344,35.9813,2003.10.17,766TC,,0.0,cm/s,0.0,,m,MPa,kPa,,,,"Holzer, TL, Noce, TE, and Bennett, MJ (2010). Maps and Documentation of Seismic CPT Soundings in the Central, Eastern, and Western United States, USGS Open-File Report 2010-1136, 86 p. Data accessed from https://earthquake.usgs.gov/research/cpt/data/ on 05.29.2018.",
435,3662,1703,80.0,MSC006,-90.0351,35.8141,2003.10.17,766TC,,0.0,cm/s,0.0,,m,MPa,kPa,,,,"Holzer, TL, Noce, TE, and Bennett, MJ (2010). Maps and Documentation of Seismic CPT Soundings in the Central, Eastern, and Western United States, USGS Open-File Report 2010-1136, 86 p. Data accessed from https://earthquake.usgs.gov/research/cpt/data/ on 05.29.2018.",
436,3663,1704,80.0,MSC007,-90.0174,35.842,2003.10.17,766TC,,0.0,cm/s,0.0,,m,MPa,kPa,,,,"Holzer, TL, Noce, TE, and Bennett, MJ (2010). Maps and Documentation of Seismic CPT Soundings in the Central, Eastern, and Western United States, USGS Open-File Report 2010-1136, 86 p. Data accessed from https://earthquake.usgs.gov/research/cpt/data/ on 05.29.2018.",
437,3664,1705,80.0,MSC008,-90.0987,35.6838,2003.10.19,766TC,,0.0,cm/s,0.0,,m,MPa,kPa,,,,"Holzer, TL, Noce, TE, and Bennett, MJ (2010). Maps and Documentation of Seismic CPT Soundings in the Central, Eastern, and Western United States, USGS Open-File Report 2010-1136, 86 p. Data accessed from https://earthquake.usgs.gov/research/cpt/data/ on 05.29.2018.",
438,3665,1706,80.0,MSC009,-90.0729,35.7151,2003.10.19,766TC,,0.0,cm/s,0.0,,m,MPa,kPa,,,,"Holzer, TL, Noce, TE, and Bennett, MJ (2010). Maps and Documentation of Seismic CPT Soundings in the Central, Eastern, and Western United States, USGS Open-File Report 2010-1136, 86 p. Data accessed from https://earthquake.usgs.gov/research/cpt/data/ on 05.29.2018.",
439,3666,1707,80.0,MSC010,-90.0737,35.771,2003.10.19,766TC,,0.0,cm/s,0.0,,m,MPa,kPa,,,,"Holzer, TL, Noce, TE, and Bennett, MJ (2010). Maps and Documentation of Seismic CPT Soundings in the Central, Eastern, and Western United States, USGS Open-File Report 2010-1136, 86 p. Data accessed from https://earthquake.usgs.gov/research/cpt/data/ on 05.29.2018.",
440,3667,1708,80.0,MSC011,-90.0572,35.9812,2003.10.20,766TC,,0.0,cm/s,0.0,,m,MPa,kPa,,,,"Holzer, TL, Noce, TE, and Bennett, MJ (2010). Maps and Documentation of Seismic CPT Soundings in the Central, Eastern, and Western United States, USGS Open-File Report 2010-1136, 86 p. Data accessed from https://earthquake.usgs.gov/research/cpt/data/ on 05.29.2018.",
441,3668,1709,80.0,MSC012,-90.0368,35.9669,2003.10.20,766TC,,0.0,cm/s,0.0,,m,MPa,kPa,,,,"Holzer, TL, Noce, TE, and Bennett, MJ (2010). Maps and Documentation of Seismic CPT Soundings in the Central, Eastern, and Western United States, USGS Open-File Report 2010-1136, 86 p. Data accessed from https://earthquake.usgs.gov/research/cpt/data/ on 05.29.2018.",
442,3669,1710,80.0,MSC013,-90.0366,35.9521,2003.10.20,766TC,,0.0,cm/s,0.0,,m,MPa,kPa,,,,"Holzer, TL, Noce, TE, and Bennett, MJ (2010). Maps and Documentation of Seismic CPT Soundings in the Central, Eastern, and Western United States, USGS Open-File Report 2010-1136, 86 p. Data accessed from https://earthquake.usgs.gov/research/cpt/data/ on 05.29.2018.",
443,3670,1711,80.0,MSC014,-89.9831,35.9519,2003.10.20,766TC,,0.0,cm/s,0.0,,m,MPa,kPa,,,,"Holzer, TL, Noce, TE, and Bennett, MJ (2010). Maps and Documentation of Seismic CPT Soundings in the Central, Eastern, and Western United States, USGS Open-File Report 2010-1136, 86 p. Data accessed from https://earthquake.usgs.gov/research/cpt/data/ on 05.29.2018.",
444,3671,1712,80.0,MSC015,-90.0049,35.952,2003.10.21,766TC,,0.0,cm/s,0.0,,m,MPa,kPa,,,,"Holzer, TL, Noce, TE, and Bennett, MJ (2010). Maps and Documentation of Seismic CPT Soundings in the Central, Eastern, and Western United States, USGS Open-File Report 2010-1136, 86 p. Data accessed from https://earthquake.usgs.gov/research/cpt/data/ on 05.29.2018.",
445,3672,1713,80.0,MSC016,-90.0365,35.9377,2003.10.21,766TC,,0.0,cm/s,0.0,,m,MPa,kPa,,,,"Holzer, TL, Noce, TE, and Bennett, MJ (2010). Maps and Documentation of Seismic CPT Soundings in the Central, Eastern, and Western United States, USGS Open-File Report 2010-1136, 86 p. Data accessed from https://earthquake.usgs.gov/research/cpt/data/ on 05.29.2018.",
446,3673,1714,80.0,MSC017,-90.0915,35.8073,2003.10.21,766TC,,0.0,cm/s,0.0,,m,MPa,kPa,,,,"Holzer, TL, Noce, TE, and Bennett, MJ (2010). Maps and Documentation of Seismic CPT Soundings in the Central, Eastern, and Western United States, USGS Open-File Report 2010-1136, 86 p. Data accessed from https://earthquake.usgs.gov/research/cpt/data/ on 05.29.2018.",
447,3674,1715,80.0,MSC018,-89.8561,35.9502,2003.10.22,766TC,,0.0,cm/s,0.0,,m,MPa,kPa,,,,"Holzer, TL, Noce, TE, and Bennett, MJ (2010). Maps and Documentation of Seismic CPT Soundings in the Central, Eastern, and Western United States, USGS Open-File Report 2010-1136, 86 p. Data accessed from https://earthquake.usgs.gov/research/cpt/data/ on 05.29.2018.",
448,3675,1716,80.0,MSC019,-89.8137,35.9736,2003.10.22,766TC,,0.0,cm/s,0.0,,m,MPa,kPa,,,,"Holzer, TL, Noce, TE, and Bennett, MJ (2010). Maps and Documentation of Seismic CPT Soundings in the Central, Eastern, and Western United States, USGS Open-File Report 2010-1136, 86 p. Data accessed from https://earthquake.usgs.gov/research/cpt/data/ on 05.29.2018.",
449,3676,1717,80.0,MSC020,-89.7931,35.8758,2003.10.22,766TC,,0.0,cm/s,0.0,,m,MPa,kPa,,,,"Holzer, TL, Noce, TE, and Bennett, MJ (2010). Maps and Documentation of Seismic CPT Soundings in the Central, Eastern, and Western United States, USGS Open-File Report 2010-1136, 86 p. Data accessed from https://earthquake.usgs.gov/research/cpt/data/ on 05.29.2018.",
450,3677,1718,80.0,MSC021,-89.8382,35.8957,2003.10.22,766TC,,0.0,cm/s,0.0,,m,MPa,kPa,,,,"Holzer, TL, Noce, TE, and Bennett, MJ (2010). Maps and Documentation of Seismic CPT Soundings in the Central, Eastern, and Western United States, USGS Open-File Report 2010-1136, 86 p. Data accessed from https://earthquake.usgs.gov/research/cpt/data/ on 05.29.2018.",
451,3678,1719,80.0,MSC022,-89.7353,35.9736,2003.10.23,766TC,,0.0,cm/s,0.0,,m,MPa,kPa,,,,"Holzer, TL, Noce, TE, and Bennett, MJ (2010). Maps and Documentation of Seismic CPT Soundings in the Central, Eastern, and Western United States, USGS Open-File Report 2010-1136, 86 p. Data accessed from https://earthquake.usgs.gov/research/cpt/data/ on 05.29.2018.",
452,3679,1720,80.0,MSC023,-89.7429,35.9953,2003.10.23,766TC,,0.0,cm/s,0.0,,m,MPa,kPa,,,,"Holzer, TL, Noce, TE, and Bennett, MJ (2010). Maps and Documentation of Seismic CPT Soundings in the Central, Eastern, and Western United States, USGS Open-File Report 2010-1136, 86 p. Data accessed from https://earthquake.usgs.gov/research/cpt/data/ on 05.29.2018.",
453,3680,1721,80.0,MSC024,-89.8123,35.9465,2003.10.23,766TC,,0.0,cm/s,0.0,,m,MPa,kPa,,,,"Holzer, TL, Noce, TE, and Bennett, MJ (2010). Maps and Documentation of Seismic CPT Soundings in the Central, Eastern, and Western United States, USGS Open-File Report 2010-1136, 86 p. Data accessed from https://earthquake.usgs.gov/research/cpt/data/ on 05.29.2018.",
454,3681,1722,80.0,MSC027,-90.2871,35.9321,2005.11.29,DDG0766,,0.0,cm/s,0.0,,m,MPa,kPa,,,,"Holzer, TL, Noce, TE, and Bennett, MJ (2010). Maps and Documentation of Seismic CPT Soundings in the Central, Eastern, and Western United States, USGS Open-File Report 2010-1136, 86 p. Data accessed from https://earthquake.usgs.gov/research/cpt/data/ on 05.29.2018.",
455,3682,1723,80.0,MSC029,-90.1546,35.9314,2005.12.5,DDG0766,,0.0,cm/s,0.0,,m,MPa,kPa,,,,"Holzer, TL, Noce, TE, and Bennett, MJ (2010). Maps and Documentation of Seismic CPT Soundings in the Central, Eastern, and Western United States, USGS Open-File Report 2010-1136, 86 p. Data accessed from https://earthquake.usgs.gov/research/cpt/data/ on 05.29.2018.",
456,3683,1724,80.0,MSC030,-90.1958,35.8369,2005.12.5,DDG0766,,0.0,cm/s,0.0,,m,MPa,kPa,,,,"Holzer, TL, Noce, TE, and Bennett, MJ (2010). Maps and Documentation of Seismic CPT Soundings in the Central, Eastern, and Western United States, USGS Open-File Report 2010-1136, 86 p. Data accessed from https://earthquake.usgs.gov/research/cpt/data/ on 05.29.2018.",
457,3684,1725,80.0,MSC031,-90.2014,35.8005,2005.12.5,DDG0766,,0.0,cm/s,0.0,,m,MPa,kPa,,,,"Holzer, TL, Noce, TE, and Bennett, MJ (2010). Maps and Documentation of Seismic CPT Soundings in the Central, Eastern, and Western United States, USGS Open-File Report 2010-1136, 86 p. Data accessed from https://earthquake.usgs.gov/research/cpt/data/ on 05.29.2018.",
458,3685,1726,80.0,MSC032,-90.2442,35.7283,2008.9.28,DDG0766,,0.0,cm/s,0.0,,m,MPa,kPa,,,,"Holzer, TL, Noce, TE, and Bennett, MJ (2010). Maps and Documentation of Seismic CPT Soundings in the Central, Eastern, and Western United States, USGS Open-File Report 2010-1136, 86 p. Data accessed from https://earthquake.usgs.gov/research/cpt/data/ on 05.29.2018.",
459,3686,1727,80.0,MSC034,-90.1775,35.6928,2008.9.28,DDG0766,,0.0,cm/s,0.0,,m,MPa,kPa,,,,"Holzer, TL, Noce, TE, and Bennett, MJ (2010). Maps and Documentation of Seismic CPT Soundings in the Central, Eastern, and Western United States, USGS Open-File Report 2010-1136, 86 p. Data accessed from https://earthquake.usgs.gov/research/cpt/data/ on 05.29.2018.",
460,3687,1728,80.0,MSC037,-90.0884,35.6258,2008.9.29,DDG0766,,0.0,cm/s,0.0,,m,MPa,kPa,,,,"Holzer, TL, Noce, TE, and Bennett, MJ (2010). Maps and Documentation of Seismic CPT Soundings in the Central, Eastern, and Western United States, USGS Open-File Report 2010-1136, 86 p. Data accessed from https://earthquake.usgs.gov/research/cpt/data/ on 05.29.2018.",
461,3688,1729,80.0,MSC038,-90.0701,35.6253,2008.9.29,DDG0766,,0.0,cm/s,0.0,,m,MPa,kPa,,,,"Holzer, TL, Noce, TE, and Bennett, MJ (2010). Maps and Documentation of Seismic CPT Soundings in the Central, Eastern, and Western United States, USGS Open-File Report 2010-1136, 86 p. Data accessed from https://earthquake.usgs.gov/research/cpt/data/ on 05.29.2018.",
462,3689,1730,80.0,MSC039,-89.8289,35.8525,2008.9.30,DDG0766,,0.0,cm/s,0.0,,m,MPa,kPa,,,,"Holzer, TL, Noce, TE, and Bennett, MJ (2010). Maps and Documentation of Seismic CPT Soundings in the Central, Eastern, and Western United States, USGS Open-File Report 2010-1136, 86 p. Data accessed from https://earthquake.usgs.gov/research/cpt/data/ on 05.29.2018.",
463,3690,1731,80.0,MSC040,-89.8387,35.8129,2008.9.30,DDG0766,,0.0,cm/s,0.0,,m,MPa,kPa,,,,"Holzer, TL, Noce, TE, and Bennett, MJ (2010). Maps and Documentation of Seismic CPT Soundings in the Central, Eastern, and Western United States, USGS Open-File Report 2010-1136, 86 p. Data accessed from https://earthquake.usgs.gov/research/cpt/data/ on 05.29.2018.",
464,3691,1732,80.0,MSC041,-89.8387,35.7912,2008.9.30,DDG0766,,0.0,cm/s,0.0,,m,MPa,kPa,,,,"Holzer, TL, Noce, TE, and Bennett, MJ (2010). Maps and Documentation of Seismic CPT Soundings in the Central, Eastern, and Western United States, USGS Open-File Report 2010-1136, 86 p. Data accessed from https://earthquake.usgs.gov/research/cpt/data/ on 05.29.2018.",
465,3692,1733,80.0,MSC042,-89.8562,35.7991,2008.9.30,DDG0766,,0.0,cm/s,0.0,,m,MPa,kPa,,,,"Holzer, TL, Noce, TE, and Bennett, MJ (2010). Maps and Documentation of Seismic CPT Soundings in the Central, Eastern, and Western United States, USGS Open-File Report 2010-1136, 86 p. Data accessed from https://earthquake.usgs.gov/research/cpt/data/ on 05.29.2018.",
466,3693,1734,80.0,MSC043,-89.874,35.7988,2008.9.30,DDG0766,,0.0,cm/s,0.0,,m,MPa,kPa,,,,"Holzer, TL, Noce, TE, and Bennett, MJ (2010). Maps and Documentation of Seismic CPT Soundings in the Central, Eastern, and Western United States, USGS Open-File Report 2010-1136, 86 p. Data accessed from https://earthquake.usgs.gov/research/cpt/data/ on 05.29.2018.",
467,3694,1735,80.0,MSC044,-89.9049,35.799,2008.9.30,DDG0766,,0.0,cm/s,0.0,,m,MPa,kPa,,,,"Holzer, TL, Noce, TE, and Bennett, MJ (2010). Maps and Documentation of Seismic CPT Soundings in the Central, Eastern, and Western United States, USGS Open-File Report 2010-1136, 86 p. Data accessed from https://earthquake.usgs.gov/research/cpt/data/ on 05.29.2018.",
468,3695,1736,80.0,MSC045,-90.0158,35.6829,2008.10.17,DDG0766,,0.0,cm/s,0.0,,m,MPa,kPa,,,,"Holzer, TL, Noce, TE, and Bennett, MJ (2010). Maps and Documentation of Seismic CPT Soundings in the Central, Eastern, and Western United States, USGS Open-File Report 2010-1136, 86 p. Data accessed from https://earthquake.usgs.gov/research/cpt/data/ on 05.29.2018.",
469,3696,1737,80.0,MSC046,-90.2005,35.4811,2008.10.18,DDG0766,,0.0,cm/s,0.0,,m,MPa,kPa,,,,"Holzer, TL, Noce, TE, and Bennett, MJ (2010). Maps and Documentation of Seismic CPT Soundings in the Central, Eastern, and Western United States, USGS Open-File Report 2010-1136, 86 p. Data accessed from https://earthquake.usgs.gov/research/cpt/data/ on 05.29.2018.",
470,3697,1738,80.0,MSC047,-90.1758,35.4661,2008.10.18,DDG1107,,0.0,cm/s,0.0,,m,MPa,kPa,,,,"Holzer, TL, Noce, TE, and Bennett, MJ (2010). Maps and Documentation of Seismic CPT Soundings in the Central, Eastern, and Western United States, USGS Open-File Report 2010-1136, 86 p. Data accessed from https://earthquake.usgs.gov/research/cpt/data/ on 05.29.2018.",
471,3698,1739,80.0,MSC048,-90.144,35.4768,2008.10.18,DDG1107,,0.0,cm/s,0.0,,m,MPa,kPa,,,,"Holzer, TL, Noce, TE, and Bennett, MJ (2010). Maps and Documentation of Seismic CPT Soundings in the Central, Eastern, and Western United States, USGS Open-File Report 2010-1136, 86 p. Data accessed from https://earthquake.usgs.gov/research/cpt/data/ on 05.29.2018.",
472,3699,1740,80.0,MSC049,-90.1213,35.5092,2008.10.19,DDG0766,,0.0,cm/s,0.0,,m,MPa,kPa,,,,"Holzer, TL, Noce, TE, and Bennett, MJ (2010). Maps and Documentation of Seismic CPT Soundings in the Central, Eastern, and Western United States, USGS Open-File Report 2010-1136, 86 p. Data accessed from https://earthquake.usgs.gov/research/cpt/data/ on 05.29.2018.",
473,3700,1741,80.0,MSC050,-90.0898,35.5166,2008.10.19,DDG0766,,0.0,cm/s,0.0,,m,MPa,kPa,,,,"Holzer, TL, Noce, TE, and Bennett, MJ (2010). Maps and Documentation of Seismic CPT Soundings in the Central, Eastern, and Western United States, USGS Open-File Report 2010-1136, 86 p. Data accessed from https://earthquake.usgs.gov/research/cpt/data/ on 05.29.2018.",
474,3701,1742,80.0,MSC051,-90.0814,35.4906,2008.10.19,DDG0766,,0.0,cm/s,0.0,,m,MPa,kPa,,,,"Holzer, TL, Noce, TE, and Bennett, MJ (2010). Maps and Documentation of Seismic CPT Soundings in the Central, Eastern, and Western United States, USGS Open-File Report 2010-1136, 86 p. Data accessed from https://earthquake.usgs.gov/research/cpt/data/ on 05.29.2018.",
475,3702,1743,80.0,MSC052,-90.1149,35.4896,2008.10.19,DDG0766,,0.0,cm/s,0.0,,m,MPa,kPa,,,,"Holzer, TL, Noce, TE, and Bennett, MJ (2010). Maps and Documentation of Seismic CPT Soundings in the Central, Eastern, and Western United States, USGS Open-File Report 2010-1136, 86 p. Data accessed from https://earthquake.usgs.gov/research/cpt/data/ on 05.29.2018.",
476,3703,1744,80.0,MSC053,-90.0895,35.5312,2008.10.19,DDG0766,,0.0,cm/s,0.0,,m,MPa,kPa,,,,"Holzer, TL, Noce, TE, and Bennett, MJ (2010). Maps and Documentation of Seismic CPT Soundings in the Central, Eastern, and Western United States, USGS Open-File Report 2010-1136, 86 p. Data accessed from https://earthquake.usgs.gov/research/cpt/data/ on 05.29.2018.",
477,3704,1745,80.0,MSC054,-90.0852,35.5906,2008.10.20,DDG0766,,0.0,cm/s,0.0,,m,MPa,kPa,,,,"Holzer, TL, Noce, TE, and Bennett, MJ (2010). Maps and Documentation of Seismic CPT Soundings in the Central, Eastern, and Western United States, USGS Open-File Report 2010-1136, 86 p. Data accessed from https://earthquake.usgs.gov/research/cpt/data/ on 05.29.2018.",
478,3705,1746,80.0,MSC055,-90.1163,35.5906,2008.10.20,DDG0766,,0.0,cm/s,0.0,,m,MPa,kPa,,,,"Holzer, TL, Noce, TE, and Bennett, MJ (2010). Maps and Documentation of Seismic CPT Soundings in the Central, Eastern, and Western United States, USGS Open-File Report 2010-1136, 86 p. Data accessed from https://earthquake.usgs.gov/research/cpt/data/ on 05.29.2018.",
479,3706,1747,80.0,MSC056,-90.1066,35.6038,2008.10.20,DDG0766,,0.0,cm/s,0.0,,m,MPa,kPa,,,,"Holzer, TL, Noce, TE, and Bennett, MJ (2010). Maps and Documentation of Seismic CPT Soundings in the Central, Eastern, and Western United States, USGS Open-File Report 2010-1136, 86 p. Data accessed from https://earthquake.usgs.gov/research/cpt/data/ on 05.29.2018.",
480,3707,1748,80.0,MSC057,-90.107,35.5514,2008.10.20,DDG0766,,0.0,cm/s,0.0,,m,MPa,kPa,,,,"Holzer, TL, Noce, TE, and Bennett, MJ (2010). Maps and Documentation of Seismic CPT Soundings in the Central, Eastern, and Western United States, USGS Open-File Report 2010-1136, 86 p. Data accessed from https://earthquake.usgs.gov/research/cpt/data/ on 05.29.2018.",
481,3708,1749,80.0,MSI001,-89.3739,36.8338,2008.10.12,DDG0766,,0.0,cm/s,0.0,,m,MPa,kPa,,,,"Holzer, TL, Noce, TE, and Bennett, MJ (2010). Maps and Documentation of Seismic CPT Soundings in the Central, Eastern, and Western United States, USGS Open-File Report 2010-1136, 86 p. Data accessed from https://earthquake.usgs.gov/research/cpt/data/ on 05.29.2018.",
482,3709,1750,80.0,MSI002,-89.3557,36.7594,2008.10.12,DDG0766,,0.0,cm/s,0.0,,m,MPa,kPa,,,,"Holzer, TL, Noce, TE, and Bennett, MJ (2010). Maps and Documentation of Seismic CPT Soundings in the Central, Eastern, and Western United States, USGS Open-File Report 2010-1136, 86 p. Data accessed from https://earthquake.usgs.gov/research/cpt/data/ on 05.29.2018.",
483,3710,1751,80.0,MSI003,-89.3619,36.7213,2008.10.12,DDG0766,,0.0,cm/s,0.0,,m,MPa,kPa,,,,"Holzer, TL, Noce, TE, and Bennett, MJ (2010). Maps and Documentation of Seismic CPT Soundings in the Central, Eastern, and Western United States, USGS Open-File Report 2010-1136, 86 p. Data accessed from https://earthquake.usgs.gov/research/cpt/data/ on 05.29.2018.",
484,3711,1752,80.0,MSI004,-89.2298,36.82,2008.10.12,DDG0766,,0.0,cm/s,0.0,,m,MPa,kPa,,,,"Holzer, TL, Noce, TE, and Bennett, MJ (2010). Maps and Documentation of Seismic CPT Soundings in the Central, Eastern, and Western United States, USGS Open-File Report 2010-1136, 86 p. Data accessed from https://earthquake.usgs.gov/research/cpt/data/ on 05.29.2018.",
485,3712,1753,80.0,MSI005,-89.1987,36.8491,2008.10.13,DDG0766,,0.0,cm/s,0.0,,m,MPa,kPa,,,,"Holzer, TL, Noce, TE, and Bennett, MJ (2010). Maps and Documentation of Seismic CPT Soundings in the Central, Eastern, and Western United States, USGS Open-File Report 2010-1136, 86 p. Data accessed from https://earthquake.usgs.gov/research/cpt/data/ on 05.29.2018.",
486,3713,1754,80.0,MSI006,-89.2785,36.8341,2008.10.13,DDG0766,,0.0,cm/s,0.0,,m,MPa,kPa,,,,"Holzer, TL, Noce, TE, and Bennett, MJ (2010). Maps and Documentation of Seismic CPT Soundings in the Central, Eastern, and Western United States, USGS Open-File Report 2010-1136, 86 p. Data accessed from https://earthquake.usgs.gov/research/cpt/data/ on 05.29.2018.",
487,3714,1755,80.0,MSI007,-89.2108,36.7366,2008.10.13,DDG0766,,0.0,cm/s,0.0,,m,MPa,kPa,,,,"Holzer, TL, Noce, TE, and Bennett, MJ (2010). Maps and Documentation of Seismic CPT Soundings in the Central, Eastern, and Western United States, USGS Open-File Report 2010-1136, 86 p. Data accessed from https://earthquake.usgs.gov/research/cpt/data/ on 05.29.2018.",
488,3715,1756,80.0,MSI008,-89.2426,36.696,2008.10.13,DDG0766,,0.0,cm/s,0.0,,m,MPa,kPa,,,,"Holzer, TL, Noce, TE, and Bennett, MJ (2010). Maps and Documentation of Seismic CPT Soundings in the Central, Eastern, and Western United States, USGS Open-File Report 2010-1136, 86 p. Data accessed from https://earthquake.usgs.gov/research/cpt/data/ on 05.29.2018.",
489,3716,1757,80.0,MSI009,-89.284,36.7396,2008.10.13,DDG0766,,0.0,cm/s,0.0,,m,MPa,kPa,,,,"Holzer, TL, Noce, TE, and Bennett, MJ (2010). Maps and Documentation of Seismic CPT Soundings in the Central, Eastern, and Western United States, USGS Open-File Report 2010-1136, 86 p. Data accessed from https://earthquake.usgs.gov/research/cpt/data/ on 05.29.2018.",
490,3717,1758,80.0,,-122.249,37.8288,2000.4.18,,,0.0,cm/s,0.0,,m,MPa,kPa,,,,"Holzer, TL, Noce, TE, and Bennett, MJ (2010). Maps and Documentation of Seismic CPT Soundings in the Central, Eastern, and Western United States, USGS Open-File Report 2010-1136, 86 p. Data accessed from https://earthquake.usgs.gov/research/cpt/data/ on 05.29.2018.",
491,3718,1759,80.0,NMD001,-89.6409,36.4284,2008.10.4,DDG0766,,0.0,cm/s,0.0,,m,MPa,kPa,,,,"Holzer, TL, Noce, TE, and Bennett, MJ (2010). Maps and Documentation of Seismic CPT Soundings in the Central, Eastern, and Western United States, USGS Open-File Report 2010-1136, 86 p. Data accessed from https://earthquake.usgs.gov/research/cpt/data/ on 05.29.2018.",
492,3719,1760,80.0,NMD002,-89.6691,36.4256,2008.10.4,DDG0766,,0.0,cm/s,0.0,,m,MPa,kPa,,,,"Holzer, TL, Noce, TE, and Bennett, MJ (2010). Maps and Documentation of Seismic CPT Soundings in the Central, Eastern, and Western United States, USGS Open-File Report 2010-1136, 86 p. Data accessed from https://earthquake.usgs.gov/research/cpt/data/ on 05.29.2018.",
493,3720,1761,80.0,NMD003,-89.5725,36.425,2008.10.4,DDG0766,,0.0,cm/s,0.0,,m,MPa,kPa,,,,"Holzer, TL, Noce, TE, and Bennett, MJ (2010). Maps and Documentation of Seismic CPT Soundings in the Central, Eastern, and Western United States, USGS Open-File Report 2010-1136, 86 p. Data accessed from https://earthquake.usgs.gov/research/cpt/data/ on 05.29.2018.",
494,3721,1762,80.0,NMD004,-89.7961,36.5839,2008.10.5,DDG0766,,0.0,cm/s,0.0,,m,MPa,kPa,,,,"Holzer, TL, Noce, TE, and Bennett, MJ (2010). Maps and Documentation of Seismic CPT Soundings in the Central, Eastern, and Western United States, USGS Open-File Report 2010-1136, 86 p. Data accessed from https://earthquake.usgs.gov/research/cpt/data/ on 05.29.2018.",
495,3722,1763,80.0,NMD005,-89.8172,36.4811,2008.10.8,DDG0766,,0.0,cm/s,0.0,,m,MPa,kPa,,,,"Holzer, TL, Noce, TE, and Bennett, MJ (2010). Maps and Documentation of Seismic CPT Soundings in the Central, Eastern, and Western United States, USGS Open-File Report 2010-1136, 86 p. Data accessed from https://earthquake.usgs.gov/research/cpt/data/ on 05.29.2018.",
496,3723,1764,80.0,OAK066,-122.242,37.7776,1999.4.8,660,,0.0,cm/s,0.0,,m,MPa,kPa,,,,"Holzer, TL, Noce, TE, and Bennett, MJ (2010). Maps and Documentation of Seismic CPT Soundings in the Central, Eastern, and Western United States, USGS Open-File Report 2010-1136, 86 p. Data accessed from https://earthquake.usgs.gov/research/cpt/data/ on 05.29.2018.",
497,3724,1765,80.0,OAK095,-122.289,37.8129,2001.7.16,770TC,,0.0,cm/s,0.0,,m,MPa,kPa,,,,"Holzer, TL, Noce, TE, and Bennett, MJ (2010). Maps and Documentation of Seismic CPT Soundings in the Central, Eastern, and Western United States, USGS Open-File Report 2010-1136, 86 p. Data accessed from https://earthquake.usgs.gov/research/cpt/data/ on 05.29.2018.",
498,3725,1766,80.0,OAK096,-122.294,37.8081,2001.7.23,770TC,,0.0,cm/s,0.0,,m,MPa,kPa,,,,"Holzer, TL, Noce, TE, and Bennett, MJ (2010). Maps and Documentation of Seismic CPT Soundings in the Central, Eastern, and Western United States, USGS Open-File Report 2010-1136, 86 p. Data accessed from https://earthquake.usgs.gov/research/cpt/data/ on 05.29.2018.",
499,3726,1767,80.0,OAK097,-122.226,37.768,2001.7.24,770TC,,0.0,cm/s,0.0,,m,MPa,kPa,,,,"Holzer, TL, Noce, TE, and Bennett, MJ (2010). Maps and Documentation of Seismic CPT Soundings in the Central, Eastern, and Western United States, USGS Open-File Report 2010-1136, 86 p. Data accessed from https://earthquake.usgs.gov/research/cpt/data/ on 05.29.2018.",
500,3727,1768,80.0,OAK098,-122.234,37.7783,2001.7.24,770TC,,0.0,cm/s,0.0,,m,MPa,kPa,,,,"Holzer, TL, Noce, TE, and Bennett, MJ (2010). Maps and Documentation of Seismic CPT Soundings in the Central, Eastern, and Western United States, USGS Open-File Report 2010-1136, 86 p. Data accessed from https://earthquake.usgs.gov/research/cpt/data/ on 05.29.2018.",
501,3728,1769,80.0,OAK099,-122.239,37.7808,2001.7.24,770TC,,0.0,cm/s,0.0,,m,MPa,kPa,,,,"Holzer, TL, Noce, TE, and Bennett, MJ (2010). Maps and Documentation of Seismic CPT Soundings in the Central, Eastern, and Western United States, USGS Open-File Report 2010-1136, 86 p. Data accessed from https://earthquake.usgs.gov/research/cpt/data/ on 05.29.2018.",
502,3729,1770,80.0,OAK100,-122.227,37.7739,2001.7.25,770TC,,0.0,cm/s,0.0,,m,MPa,kPa,,,,"Holzer, TL, Noce, TE, and Bennett, MJ (2010). Maps and Documentation of Seismic CPT Soundings in the Central, Eastern, and Western United States, USGS Open-File Report 2010-1136, 86 p. Data accessed from https://earthquake.usgs.gov/research/cpt/data/ on 05.29.2018.",
503,3730,1771,80.0,OAK101,-122.296,37.8142,2001.7.31,770TC,,0.0,cm/s,0.0,,m,MPa,kPa,,,,"Holzer, TL, Noce, TE, and Bennett, MJ (2010). Maps and Documentation of Seismic CPT Soundings in the Central, Eastern, and Western United States, USGS Open-File Report 2010-1136, 86 p. Data accessed from https://earthquake.usgs.gov/research/cpt/data/ on 05.29.2018.",
504,3731,1772,80.0,OAK102,-122.302,37.8102,2001.8.14,770TC,,0.0,cm/s,0.0,,m,MPa,kPa,,,,"Holzer, TL, Noce, TE, and Bennett, MJ (2010). Maps and Documentation of Seismic CPT Soundings in the Central, Eastern, and Western United States, USGS Open-File Report 2010-1136, 86 p. Data accessed from https://earthquake.usgs.gov/research/cpt/data/ on 05.29.2018.",
505,3732,1773,80.0,OAK103,-122.281,37.8278,2001.11.13,776TC,,0.0,cm/s,0.0,,m,MPa,kPa,,,,"Holzer, TL, Noce, TE, and Bennett, MJ (2010). Maps and Documentation of Seismic CPT Soundings in the Central, Eastern, and Western United States, USGS Open-File Report 2010-1136, 86 p. Data accessed from https://earthquake.usgs.gov/research/cpt/data/ on 05.29.2018.",
506,3733,1774,80.0,OAK104,-122.277,37.8411,2001.11.13,776TC,,0.0,cm/s,0.0,,m,MPa,kPa,,,,"Holzer, TL, Noce, TE, and Bennett, MJ (2010). Maps and Documentation of Seismic CPT Soundings in the Central, Eastern, and Western United States, USGS Open-File Report 2010-1136, 86 p. Data accessed from https://earthquake.usgs.gov/research/cpt/data/ on 05.29.2018.",
507,3734,1775,80.0,OAK105,-122.264,37.8323,2001.11.13,776TC,,0.0,cm/s,0.0,,m,MPa,kPa,,,,"Holzer, TL, Noce, TE, and Bennett, MJ (2010). Maps and Documentation of Seismic CPT Soundings in the Central, Eastern, and Western United States, USGS Open-File Report 2010-1136, 86 p. Data accessed from https://earthquake.usgs.gov/research/cpt/data/ on 05.29.2018.",
508,3735,1776,80.0,OAK106,-122.264,37.8359,2001.11.15,776TC,,0.0,cm/s,0.0,,m,MPa,kPa,,,,"Holzer, TL, Noce, TE, and Bennett, MJ (2010). Maps and Documentation of Seismic CPT Soundings in the Central, Eastern, and Western United States, USGS Open-File Report 2010-1136, 86 p. Data accessed from https://earthquake.usgs.gov/research/cpt/data/ on 05.29.2018.",
509,3736,1777,80.0,OAK107,-122.268,37.8503,2002.3.27,776TC,,0.0,cm/s,0.0,,m,MPa,kPa,,,,"Holzer, TL, Noce, TE, and Bennett, MJ (2010). Maps and Documentation of Seismic CPT Soundings in the Central, Eastern, and Western United States, USGS Open-File Report 2010-1136, 86 p. Data accessed from https://earthquake.usgs.gov/research/cpt/data/ on 05.29.2018.",
510,3737,1778,80.0,OAK108,-122.258,37.8513,2002.3.27,776TC,,0.0,cm/s,0.0,,m,MPa,kPa,,,,"Holzer, TL, Noce, TE, and Bennett, MJ (2010). Maps and Documentation of Seismic CPT Soundings in the Central, Eastern, and Western United States, USGS Open-File Report 2010-1136, 86 p. Data accessed from https://earthquake.usgs.gov/research/cpt/data/ on 05.29.2018.",
511,3738,1779,80.0,OAK109,-122.228,37.844,2002.4.10,776TC,,0.0,cm/s,0.0,,m,MPa,kPa,,,,"Holzer, TL, Noce, TE, and Bennett, MJ (2010). Maps and Documentation of Seismic CPT Soundings in the Central, Eastern, and Western United States, USGS Open-File Report 2010-1136, 86 p. Data accessed from https://earthquake.usgs.gov/research/cpt/data/ on 05.29.2018.",
512,3739,1780,80.0,OAK110,-122.22,37.8374,2002.4.10,776TC,,0.0,cm/s,0.0,,m,MPa,kPa,,,,"Holzer, TL, Noce, TE, and Bennett, MJ (2010). Maps and Documentation of Seismic CPT Soundings in the Central, Eastern, and Western United States, USGS Open-File Report 2010-1136, 86 p. Data accessed from https://earthquake.usgs.gov/research/cpt/data/ on 05.29.2018.",
513,3740,1781,80.0,OAK111,-122.247,37.8284,2002.4.10,776TC,,0.0,cm/s,0.0,,m,MPa,kPa,,,,"Holzer, TL, Noce, TE, and Bennett, MJ (2010). Maps and Documentation of Seismic CPT Soundings in the Central, Eastern, and Western United States, USGS Open-File Report 2010-1136, 86 p. Data accessed from https://earthquake.usgs.gov/research/cpt/data/ on 05.29.2018.",
514,3741,1782,80.0,OAK112,-122.304,37.808,2002.4.16,776TC,,0.0,cm/s,0.0,,m,MPa,kPa,,,,"Holzer, TL, Noce, TE, and Bennett, MJ (2010). Maps and Documentation of Seismic CPT Soundings in the Central, Eastern, and Western United States, USGS Open-File Report 2010-1136, 86 p. Data accessed from https://earthquake.usgs.gov/research/cpt/data/ on 05.29.2018.",
515,3742,1783,80.0,OAK114,-122.289,37.8129,2002.4.16,776TC,,0.0,cm/s,0.0,,m,MPa,kPa,,,,"Holzer, TL, Noce, TE, and Bennett, MJ (2010). Maps and Documentation of Seismic CPT Soundings in the Central, Eastern, and Western United States, USGS Open-File Report 2010-1136, 86 p. Data accessed from https://earthquake.usgs.gov/research/cpt/data/ on 05.29.2018.",
516,3743,1784,80.0,OAK115,-122.278,37.8096,2002.4.23,776TC,,0.0,cm/s,0.0,,m,MPa,kPa,,,,"Holzer, TL, Noce, TE, and Bennett, MJ (2010). Maps and Documentation of Seismic CPT Soundings in the Central, Eastern, and Western United States, USGS Open-File Report 2010-1136, 86 p. Data accessed from https://earthquake.usgs.gov/research/cpt/data/ on 05.29.2018.",
517,3744,1785,80.0,OAK116,-122.272,37.8094,2002.4.23,776TC,,0.0,cm/s,0.0,,m,MPa,kPa,,,,"Holzer, TL, Noce, TE, and Bennett, MJ (2010). Maps and Documentation of Seismic CPT Soundings in the Central, Eastern, and Western United States, USGS Open-File Report 2010-1136, 86 p. Data accessed from https://earthquake.usgs.gov/research/cpt/data/ on 05.29.2018.",
518,3745,1786,80.0,OAK117,-122.27,37.803,2002.4.23,776TC,,0.0,cm/s,0.0,,m,MPa,kPa,,,,"Holzer, TL, Noce, TE, and Bennett, MJ (2010). Maps and Documentation of Seismic CPT Soundings in the Central, Eastern, and Western United States, USGS Open-File Report 2010-1136, 86 p. Data accessed from https://earthquake.usgs.gov/research/cpt/data/ on 05.29.2018.",
519,3746,1787,80.0,OAK118,-122.277,37.8032,2002.4.23,776TC,,0.0,cm/s,0.0,,m,MPa,kPa,,,,"Holzer, TL, Noce, TE, and Bennett, MJ (2010). Maps and Documentation of Seismic CPT Soundings in the Central, Eastern, and Western United States, USGS Open-File Report 2010-1136, 86 p. Data accessed from https://earthquake.usgs.gov/research/cpt/data/ on 05.29.2018.",
520,3747,1788,80.0,OAK119,-122.166,37.7447,2002.5.21,776TC,,0.0,cm/s,0.0,,m,MPa,kPa,,,,"Holzer, TL, Noce, TE, and Bennett, MJ (2010). Maps and Documentation of Seismic CPT Soundings in the Central, Eastern, and Western United States, USGS Open-File Report 2010-1136, 86 p. Data accessed from https://earthquake.usgs.gov/research/cpt/data/ on 05.29.2018.",
521,3748,1789,80.0,OAK120,-122.156,37.7404,2002.5.21,776TC,,0.0,cm/s,0.0,,m,MPa,kPa,,,,"Holzer, TL, Noce, TE, and Bennett, MJ (2010). Maps and Documentation of Seismic CPT Soundings in the Central, Eastern, and Western United States, USGS Open-File Report 2010-1136, 86 p. Data accessed from https://earthquake.usgs.gov/research/cpt/data/ on 05.29.2018.",
522,3749,1790,80.0,OAK121,-122.161,37.7389,2002.5.21,776TC,,0.0,cm/s,0.0,,m,MPa,kPa,,,,"Holzer, TL, Noce, TE, and Bennett, MJ (2010). Maps and Documentation of Seismic CPT Soundings in the Central, Eastern, and Western United States, USGS Open-File Report 2010-1136, 86 p. Data accessed from https://earthquake.usgs.gov/research/cpt/data/ on 05.29.2018.",
523,3750,1791,80.0,OAK122,-122.175,37.7513,2002.5.21,776TC,,0.0,cm/s,0.0,,m,MPa,kPa,,,,"Holzer, TL, Noce, TE, and Bennett, MJ (2010). Maps and Documentation of Seismic CPT Soundings in the Central, Eastern, and Western United States, USGS Open-File Report 2010-1136, 86 p. Data accessed from https://earthquake.usgs.gov/research/cpt/data/ on 05.29.2018.",
524,3751,1792,80.0,OAK123,-122.186,37.7646,2002.5.21,776TC,,0.0,cm/s,0.0,,m,MPa,kPa,,,,"Holzer, TL, Noce, TE, and Bennett, MJ (2010). Maps and Documentation of Seismic CPT Soundings in the Central, Eastern, and Western United States, USGS Open-File Report 2010-1136, 86 p. Data accessed from https://earthquake.usgs.gov/research/cpt/data/ on 05.29.2018.",
525,3752,1793,80.0,OAK124,-122.18,37.7598,2002.5.22,776TC,,0.0,cm/s,0.0,,m,MPa,kPa,,,,"Holzer, TL, Noce, TE, and Bennett, MJ (2010). Maps and Documentation of Seismic CPT Soundings in the Central, Eastern, and Western United States, USGS Open-File Report 2010-1136, 86 p. Data accessed from https://earthquake.usgs.gov/research/cpt/data/ on 05.29.2018.",
526,3753,1794,80.0,OAK125,-122.193,37.7675,2002.5.22,776TC,,0.0,cm/s,0.0,,m,MPa,kPa,,,,"Holzer, TL, Noce, TE, and Bennett, MJ (2010). Maps and Documentation of Seismic CPT Soundings in the Central, Eastern, and Western United States, USGS Open-File Report 2010-1136, 86 p. Data accessed from https://earthquake.usgs.gov/research/cpt/data/ on 05.29.2018.",
527,3754,1795,80.0,OAK126,-122.208,37.7687,2002.5.22,776TC,,0.0,cm/s,0.0,,m,MPa,kPa,,,,"Holzer, TL, Noce, TE, and Bennett, MJ (2010). Maps and Documentation of Seismic CPT Soundings in the Central, Eastern, and Western United States, USGS Open-File Report 2010-1136, 86 p. Data accessed from https://earthquake.usgs.gov/research/cpt/data/ on 05.29.2018.",
528,3755,1796,80.0,OBN001,-89.4413,36.3049,2008.10.14,DDG0766,,0.0,cm/s,0.0,,m,MPa,kPa,,,,"Holzer, TL, Noce, TE, and Bennett, MJ (2010). Maps and Documentation of Seismic CPT Soundings in the Central, Eastern, and Western United States, USGS Open-File Report 2010-1136, 86 p. Data accessed from https://earthquake.usgs.gov/research/cpt/data/ on 05.29.2018.",
529,3756,1797,80.0,OBN002,-89.4503,36.2827,2008.10.14,DDG0766,,0.0,cm/s,0.0,,m,MPa,kPa,,,,"Holzer, TL, Noce, TE, and Bennett, MJ (2010). Maps and Documentation of Seismic CPT Soundings in the Central, Eastern, and Western United States, USGS Open-File Report 2010-1136, 86 p. Data accessed from https://earthquake.usgs.gov/research/cpt/data/ on 05.29.2018.",
530,3757,1798,80.0,OBN003,-89.4605,36.255,2008.10.14,DDG0766,,0.0,cm/s,0.0,,m,MPa,kPa,,,,"Holzer, TL, Noce, TE, and Bennett, MJ (2010). Maps and Documentation of Seismic CPT Soundings in the Central, Eastern, and Western United States, USGS Open-File Report 2010-1136, 86 p. Data accessed from https://earthquake.usgs.gov/research/cpt/data/ on 05.29.2018.",
531,3758,1799,80.0,OBN004,-89.4862,36.2373,2008.10.14,DDG0766,,0.0,cm/s,0.0,,m,MPa,kPa,,,,"Holzer, TL, Noce, TE, and Bennett, MJ (2010). Maps and Documentation of Seismic CPT Soundings in the Central, Eastern, and Western United States, USGS Open-File Report 2010-1136, 86 p. Data accessed from https://earthquake.usgs.gov/research/cpt/data/ on 05.29.2018.",
532,3759,1800,80.0,OCA001,-92.8199,33.6067,2005.12.17,DDG0766,,0.0,cm/s,0.0,,m,MPa,kPa,,,,"Holzer, TL, Noce, TE, and Bennett, MJ (2010). Maps and Documentation of Seismic CPT Soundings in the Central, Eastern, and Western United States, USGS Open-File Report 2010-1136, 86 p. Data accessed from https://earthquake.usgs.gov/research/cpt/data/ on 05.29.2018.",
533,3760,1801,80.0,OCA002,-92.8184,33.5978,2005.12.17,DDG0766,,0.0,cm/s,0.0,,m,MPa,kPa,,,,"Holzer, TL, Noce, TE, and Bennett, MJ (2010). Maps and Documentation of Seismic CPT Soundings in the Central, Eastern, and Western United States, USGS Open-File Report 2010-1136, 86 p. Data accessed from https://earthquake.usgs.gov/research/cpt/data/ on 05.29.2018.",
534,3761,1802,80.0,OCA003,-92.7828,33.6075,2005.12.17,DDG0766,,0.0,cm/s,0.0,,m,MPa,kPa,,,,"Holzer, TL, Noce, TE, and Bennett, MJ (2010). Maps and Documentation of Seismic CPT Soundings in the Central, Eastern, and Western United States, USGS Open-File Report 2010-1136, 86 p. Data accessed from https://earthquake.usgs.gov/research/cpt/data/ on 05.29.2018.",
535,3762,1803,80.0,OCA004,-92.793,33.6013,2005.12.17,DDG0766,,0.0,cm/s,0.0,,m,MPa,kPa,,,,"Holzer, TL, Noce, TE, and Bennett, MJ (2010). Maps and Documentation of Seismic CPT Soundings in the Central, Eastern, and Western United States, USGS Open-File Report 2010-1136, 86 p. Data accessed from https://earthquake.usgs.gov/research/cpt/data/ on 05.29.2018.",
536,3763,1804,80.0,Oak001,-122.32,37.8041,1998.11.10,661tc,,0.0,cm/s,0.0,,m,MPa,kPa,,,,"Holzer, TL, Noce, TE, and Bennett, MJ (2010). Maps and Documentation of Seismic CPT Soundings in the Central, Eastern, and Western United States, USGS Open-File Report 2010-1136, 86 p. Data accessed from https://earthquake.usgs.gov/research/cpt/data/ on 05.29.2018.",
537,3764,1805,80.0,Oak002,-122.322,37.807,1998.11.10,661tc,,0.0,cm/s,0.0,,m,MPa,kPa,,,,"Holzer, TL, Noce, TE, and Bennett, MJ (2010). Maps and Documentation of Seismic CPT Soundings in the Central, Eastern, and Western United States, USGS Open-File Report 2010-1136, 86 p. Data accessed from https://earthquake.usgs.gov/research/cpt/data/ on 05.29.2018.",
538,3765,1806,80.0,Oak005,-122.314,37.8018,1998.11.13,661tc,,0.0,cm/s,0.0,,m,MPa,kPa,,,,"Holzer, TL, Noce, TE, and Bennett, MJ (2010). Maps and Documentation of Seismic CPT Soundings in the Central, Eastern, and Western United States, USGS Open-File Report 2010-1136, 86 p. Data accessed from https://earthquake.usgs.gov/research/cpt/data/ on 05.29.2018.",
539,3766,1807,80.0,Oak006,-122.264,37.7917,1998.11.16,661tc,,0.0,cm/s,0.0,,m,MPa,kPa,,,,"Holzer, TL, Noce, TE, and Bennett, MJ (2010). Maps and Documentation of Seismic CPT Soundings in the Central, Eastern, and Western United States, USGS Open-File Report 2010-1136, 86 p. Data accessed from https://earthquake.usgs.gov/research/cpt/data/ on 05.29.2018.",
540,3767,1808,80.0,Oak007,-122.268,37.7988,1998.11.18,661tc,,0.0,cm/s,0.0,,m,MPa,kPa,,,,"Holzer, TL, Noce, TE, and Bennett, MJ (2010). Maps and Documentation of Seismic CPT Soundings in the Central, Eastern, and Western United States, USGS Open-File Report 2010-1136, 86 p. Data accessed from https://earthquake.usgs.gov/research/cpt/data/ on 05.29.2018.",
541,3768,1809,80.0,Oak008,-122.228,37.778,1998.11.18,661tc,,0.0,cm/s,0.0,,m,MPa,kPa,,,,"Holzer, TL, Noce, TE, and Bennett, MJ (2010). Maps and Documentation of Seismic CPT Soundings in the Central, Eastern, and Western United States, USGS Open-File Report 2010-1136, 86 p. Data accessed from https://earthquake.usgs.gov/research/cpt/data/ on 05.29.2018.",
542,3769,1810,80.0,Oak009,-122.197,37.759,1998.11.20,661tc,,0.0,cm/s,0.0,,m,MPa,kPa,,,,"Holzer, TL, Noce, TE, and Bennett, MJ (2010). Maps and Documentation of Seismic CPT Soundings in the Central, Eastern, and Western United States, USGS Open-File Report 2010-1136, 86 p. Data accessed from https://earthquake.usgs.gov/research/cpt/data/ on 05.29.2018.",
543,3770,1811,80.0,Oak011,-122.207,37.7717,1998.11.24,660,,0.0,cm/s,0.0,,m,MPa,kPa,,,,"Holzer, TL, Noce, TE, and Bennett, MJ (2010). Maps and Documentation of Seismic CPT Soundings in the Central, Eastern, and Western United States, USGS Open-File Report 2010-1136, 86 p. Data accessed from https://earthquake.usgs.gov/research/cpt/data/ on 05.29.2018.",
544,3771,1812,80.0,Oak012,-122.231,37.8024,1998.12.1,660,,0.0,cm/s,0.0,,m,MPa,kPa,,,,"Holzer, TL, Noce, TE, and Bennett, MJ (2010). Maps and Documentation of Seismic CPT Soundings in the Central, Eastern, and Western United States, USGS Open-File Report 2010-1136, 86 p. Data accessed from https://earthquake.usgs.gov/research/cpt/data/ on 05.29.2018.",
545,3772,1813,80.0,Oak013,-122.201,37.7297,1998.12.7,660,,0.0,cm/s,0.0,,m,MPa,kPa,,,,"Holzer, TL, Noce, TE, and Bennett, MJ (2010). Maps and Documentation of Seismic CPT Soundings in the Central, Eastern, and Western United States, USGS Open-File Report 2010-1136, 86 p. Data accessed from https://earthquake.usgs.gov/research/cpt/data/ on 05.29.2018.",
546,3773,1814,80.0,Oak014,-122.26,37.8353,1998.12.7,660,,0.0,cm/s,0.0,,m,MPa,kPa,,,,"Holzer, TL, Noce, TE, and Bennett, MJ (2010). Maps and Documentation of Seismic CPT Soundings in the Central, Eastern, and Western United States, USGS Open-File Report 2010-1136, 86 p. Data accessed from https://earthquake.usgs.gov/research/cpt/data/ on 05.29.2018.",
547,3774,1815,80.0,Oak015,-122.276,37.825,1998.12.8,660,,0.0,cm/s,0.0,,m,MPa,kPa,,,,"Holzer, TL, Noce, TE, and Bennett, MJ (2010). Maps and Documentation of Seismic CPT Soundings in the Central, Eastern, and Western United States, USGS Open-File Report 2010-1136, 86 p. Data accessed from https://earthquake.usgs.gov/research/cpt/data/ on 05.29.2018.",
548,3775,1816,80.0,Oak017,-122.194,37.7598,1998.12.11,661tc,,0.0,cm/s,0.0,,m,MPa,kPa,,,,"Holzer, TL, Noce, TE, and Bennett, MJ (2010). Maps and Documentation of Seismic CPT Soundings in the Central, Eastern, and Western United States, USGS Open-File Report 2010-1136, 86 p. Data accessed from https://earthquake.usgs.gov/research/cpt/data/ on 05.29.2018.",
549,3776,1817,80.0,Oak018,-122.174,37.7435,1998.12.14,661tc,,0.0,cm/s,0.0,,m,MPa,kPa,,,,"Holzer, TL, Noce, TE, and Bennett, MJ (2010). Maps and Documentation of Seismic CPT Soundings in the Central, Eastern, and Western United States, USGS Open-File Report 2010-1136, 86 p. Data accessed from https://earthquake.usgs.gov/research/cpt/data/ on 05.29.2018.",
550,3777,1818,80.0,Oak019,-122.296,37.8157,1998.12.14,661tc,,0.0,cm/s,0.0,,m,MPa,kPa,,,,"Holzer, TL, Noce, TE, and Bennett, MJ (2010). Maps and Documentation of Seismic CPT Soundings in the Central, Eastern, and Western United States, USGS Open-File Report 2010-1136, 86 p. Data accessed from https://earthquake.usgs.gov/research/cpt/data/ on 05.29.2018.",
551,3778,1819,80.0,Oak020,-122.29,37.8089,1998.12.17,661tc,,0.0,cm/s,0.0,,m,MPa,kPa,,,,"Holzer, TL, Noce, TE, and Bennett, MJ (2010). Maps and Documentation of Seismic CPT Soundings in the Central, Eastern, and Western United States, USGS Open-File Report 2010-1136, 86 p. Data accessed from https://earthquake.usgs.gov/research/cpt/data/ on 05.29.2018.",
552,3779,1820,80.0,Oak021,-122.297,37.8122,1998.12.18,661tc,,0.0,cm/s,0.0,,m,MPa,kPa,,,,"Holzer, TL, Noce, TE, and Bennett, MJ (2010). Maps and Documentation of Seismic CPT Soundings in the Central, Eastern, and Western United States, USGS Open-File Report 2010-1136, 86 p. Data accessed from https://earthquake.usgs.gov/research/cpt/data/ on 05.29.2018.",
553,3780,1821,80.0,Oak022,-122.184,37.7512,1998.12.22,661tc,,0.0,cm/s,0.0,,m,MPa,kPa,,,,"Holzer, TL, Noce, TE, and Bennett, MJ (2010). Maps and Documentation of Seismic CPT Soundings in the Central, Eastern, and Western United States, USGS Open-File Report 2010-1136, 86 p. Data accessed from https://earthquake.usgs.gov/research/cpt/data/ on 05.29.2018.",
554,3781,1822,80.0,Oak023,-122.24,37.7898,1998.12.22,661tc,,0.0,cm/s,0.0,,m,MPa,kPa,,,,"Holzer, TL, Noce, TE, and Bennett, MJ (2010). Maps and Documentation of Seismic CPT Soundings in the Central, Eastern, and Western United States, USGS Open-File Report 2010-1136, 86 p. Data accessed from https://earthquake.usgs.gov/research/cpt/data/ on 05.29.2018.",
555,3782,1823,80.0,Oak024,-122.253,37.7939,1998.12.23,661tc,,0.0,cm/s,0.0,,m,MPa,kPa,,,,"Holzer, TL, Noce, TE, and Bennett, MJ (2010). Maps and Documentation of Seismic CPT Soundings in the Central, Eastern, and Western United States, USGS Open-File Report 2010-1136, 86 p. Data accessed from https://earthquake.usgs.gov/research/cpt/data/ on 05.29.2018.",
556,3783,1824,80.0,Oak025,-122.257,37.8074,1998.12.23,661tc,,0.0,cm/s,0.0,,m,MPa,kPa,,,,"Holzer, TL, Noce, TE, and Bennett, MJ (2010). Maps and Documentation of Seismic CPT Soundings in the Central, Eastern, and Western United States, USGS Open-File Report 2010-1136, 86 p. Data accessed from https://earthquake.usgs.gov/research/cpt/data/ on 05.29.2018.",
557,3784,1825,80.0,Oak026,-122.2,37.7818,1998.12.23,661tc,,0.0,cm/s,0.0,,m,MPa,kPa,,,,"Holzer, TL, Noce, TE, and Bennett, MJ (2010). Maps and Documentation of Seismic CPT Soundings in the Central, Eastern, and Western United States, USGS Open-File Report 2010-1136, 86 p. Data accessed from https://earthquake.usgs.gov/research/cpt/data/ on 05.29.2018.",
558,3785,1826,80.0,Oak027,-122.163,37.749,1999.1.5,660,,0.0,cm/s,0.0,,m,MPa,kPa,,,,"Holzer, TL, Noce, TE, and Bennett, MJ (2010). Maps and Documentation of Seismic CPT Soundings in the Central, Eastern, and Western United States, USGS Open-File Report 2010-1136, 86 p. Data accessed from https://earthquake.usgs.gov/research/cpt/data/ on 05.29.2018.",
559,3786,1827,80.0,Oak028,-122.175,37.7363,1999.1.5,660,,0.0,cm/s,0.0,,m,MPa,kPa,,,,"Holzer, TL, Noce, TE, and Bennett, MJ (2010). Maps and Documentation of Seismic CPT Soundings in the Central, Eastern, and Western United States, USGS Open-File Report 2010-1136, 86 p. Data accessed from https://earthquake.usgs.gov/research/cpt/data/ on 05.29.2018.",
560,3787,1828,80.0,Oak029,-122.243,37.7915,1999.1.6,660,,0.0,cm/s,0.0,,m,MPa,kPa,,,,"Holzer, TL, Noce, TE, and Bennett, MJ (2010). Maps and Documentation of Seismic CPT Soundings in the Central, Eastern, and Western United States, USGS Open-File Report 2010-1136, 86 p. Data accessed from https://earthquake.usgs.gov/research/cpt/data/ on 05.29.2018.",
561,3788,1829,80.0,Oak030,-122.215,37.7574,1999.1.6,660,,0.0,cm/s,0.0,,m,MPa,kPa,,,,"Holzer, TL, Noce, TE, and Bennett, MJ (2010). Maps and Documentation of Seismic CPT Soundings in the Central, Eastern, and Western United States, USGS Open-File Report 2010-1136, 86 p. Data accessed from https://earthquake.usgs.gov/research/cpt/data/ on 05.29.2018.",
562,3789,1830,80.0,Oak031,-122.261,37.7974,1999.1.7,660,,0.0,cm/s,0.0,,m,MPa,kPa,,,,"Holzer, TL, Noce, TE, and Bennett, MJ (2010). Maps and Documentation of Seismic CPT Soundings in the Central, Eastern, and Western United States, USGS Open-File Report 2010-1136, 86 p. Data accessed from https://earthquake.usgs.gov/research/cpt/data/ on 05.29.2018.",
563,3790,1831,80.0,Oak032,-122.187,37.7427,1999.1.15,660,,0.0,cm/s,0.0,,m,MPa,kPa,,,,"Holzer, TL, Noce, TE, and Bennett, MJ (2010). Maps and Documentation of Seismic CPT Soundings in the Central, Eastern, and Western United States, USGS Open-File Report 2010-1136, 86 p. Data accessed from https://earthquake.usgs.gov/research/cpt/data/ on 05.29.2018.",
564,3791,1832,80.0,Oak033,-122.179,37.7372,1999.1.19,660,,0.0,cm/s,0.0,,m,MPa,kPa,,,,"Holzer, TL, Noce, TE, and Bennett, MJ (2010). Maps and Documentation of Seismic CPT Soundings in the Central, Eastern, and Western United States, USGS Open-File Report 2010-1136, 86 p. Data accessed from https://earthquake.usgs.gov/research/cpt/data/ on 05.29.2018.",
565,3792,1833,80.0,Oak034,-122.175,37.7281,1999.1.19,660,,0.0,cm/s,0.0,,m,MPa,kPa,,,,"Holzer, TL, Noce, TE, and Bennett, MJ (2010). Maps and Documentation of Seismic CPT Soundings in the Central, Eastern, and Western United States, USGS Open-File Report 2010-1136, 86 p. Data accessed from https://earthquake.usgs.gov/research/cpt/data/ on 05.29.2018.",
566,3793,1834,80.0,Oak035,-122.191,37.7379,1999.1.20,660,,0.0,cm/s,0.0,,m,MPa,kPa,,,,"Holzer, TL, Noce, TE, and Bennett, MJ (2010). Maps and Documentation of Seismic CPT Soundings in the Central, Eastern, and Western United States, USGS Open-File Report 2010-1136, 86 p. Data accessed from https://earthquake.usgs.gov/research/cpt/data/ on 05.29.2018.",
567,3794,1835,80.0,Oak036,-122.189,37.729,1999.1.20,660,,0.0,cm/s,0.0,,m,MPa,kPa,,,,"Holzer, TL, Noce, TE, and Bennett, MJ (2010). Maps and Documentation of Seismic CPT Soundings in the Central, Eastern, and Western United States, USGS Open-File Report 2010-1136, 86 p. Data accessed from https://earthquake.usgs.gov/research/cpt/data/ on 05.29.2018.",
568,3795,1836,80.0,Oak037,-122.222,37.7146,1999.2.1,660,,0.0,cm/s,0.0,,m,MPa,kPa,,,,"Holzer, TL, Noce, TE, and Bennett, MJ (2010). Maps and Documentation of Seismic CPT Soundings in the Central, Eastern, and Western United States, USGS Open-File Report 2010-1136, 86 p. Data accessed from https://earthquake.usgs.gov/research/cpt/data/ on 05.29.2018.",
569,3796,1837,80.0,Oak038,-122.208,37.7202,1999.2.1,660tc,,0.0,cm/s,0.0,,m,MPa,kPa,,,,"Holzer, TL, Noce, TE, and Bennett, MJ (2010). Maps and Documentation of Seismic CPT Soundings in the Central, Eastern, and Western United States, USGS Open-File Report 2010-1136, 86 p. Data accessed from https://earthquake.usgs.gov/research/cpt/data/ on 05.29.2018.",
570,3797,1838,80.0,Oak039,-122.203,37.715,1999.2.2,660tc,,0.0,cm/s,0.0,,m,MPa,kPa,,,,"Holzer, TL, Noce, TE, and Bennett, MJ (2010). Maps and Documentation of Seismic CPT Soundings in the Central, Eastern, and Western United States, USGS Open-File Report 2010-1136, 86 p. Data accessed from https://earthquake.usgs.gov/research/cpt/data/ on 05.29.2018.",
571,3798,1839,80.0,Oak040,-122.207,37.7289,1999.2.3,660tc,,0.0,cm/s,0.0,,m,MPa,kPa,,,,"Holzer, TL, Noce, TE, and Bennett, MJ (2010). Maps and Documentation of Seismic CPT Soundings in the Central, Eastern, and Western United States, USGS Open-File Report 2010-1136, 86 p. Data accessed from https://earthquake.usgs.gov/research/cpt/data/ on 05.29.2018.",
572,3799,1840,80.0,Oak041,-122.226,37.7412,1999.2.5,660tc,,0.0,cm/s,0.0,,m,MPa,kPa,,,,"Holzer, TL, Noce, TE, and Bennett, MJ (2010). Maps and Documentation of Seismic CPT Soundings in the Central, Eastern, and Western United States, USGS Open-File Report 2010-1136, 86 p. Data accessed from https://earthquake.usgs.gov/research/cpt/data/ on 05.29.2018.",
573,3800,1841,80.0,Oak042,-122.213,37.7091,1999.2.5,660tc,,0.0,cm/s,0.0,,m,MPa,kPa,,,,"Holzer, TL, Noce, TE, and Bennett, MJ (2010). Maps and Documentation of Seismic CPT Soundings in the Central, Eastern, and Western United States, USGS Open-File Report 2010-1136, 86 p. Data accessed from https://earthquake.usgs.gov/research/cpt/data/ on 05.29.2018.",
574,3801,1842,80.0,Oak043,-122.232,37.7109,1999.2.8,660tc,,0.0,cm/s,0.0,,m,MPa,kPa,,,,"Holzer, TL, Noce, TE, and Bennett, MJ (2010). Maps and Documentation of Seismic CPT Soundings in the Central, Eastern, and Western United States, USGS Open-File Report 2010-1136, 86 p. Data accessed from https://earthquake.usgs.gov/research/cpt/data/ on 05.29.2018.",
575,3802,1843,80.0,Oak044,-122.219,37.7023,1999.2.8,660tc,,0.0,cm/s,0.0,,m,MPa,kPa,,,,"Holzer, TL, Noce, TE, and Bennett, MJ (2010). Maps and Documentation of Seismic CPT Soundings in the Central, Eastern, and Western United States, USGS Open-File Report 2010-1136, 86 p. Data accessed from https://earthquake.usgs.gov/research/cpt/data/ on 05.29.2018.",
576,3803,1844,80.0,Oak045,-122.226,37.7279,1999.2.10,660tc,,0.0,cm/s,0.0,,m,MPa,kPa,,,,"Holzer, TL, Noce, TE, and Bennett, MJ (2010). Maps and Documentation of Seismic CPT Soundings in the Central, Eastern, and Western United States, USGS Open-File Report 2010-1136, 86 p. Data accessed from https://earthquake.usgs.gov/research/cpt/data/ on 05.29.2018.",
577,3804,1845,80.0,Oak046,-122.189,37.729,1999.2.19,660tc,,0.0,cm/s,0.0,,m,MPa,kPa,,,,"Holzer, TL, Noce, TE, and Bennett, MJ (2010). Maps and Documentation of Seismic CPT Soundings in the Central, Eastern, and Western United States, USGS Open-File Report 2010-1136, 86 p. Data accessed from https://earthquake.usgs.gov/research/cpt/data/ on 05.29.2018.",
578,3805,1846,80.0,Oak047,-122.282,37.8455,1999.2.22,660tc,,0.0,cm/s,0.0,,m,MPa,kPa,,,,"Holzer, TL, Noce, TE, and Bennett, MJ (2010). Maps and Documentation of Seismic CPT Soundings in the Central, Eastern, and Western United States, USGS Open-File Report 2010-1136, 86 p. Data accessed from https://earthquake.usgs.gov/research/cpt/data/ on 05.29.2018.",
579,3806,1847,80.0,Oak048,-122.198,37.7541,1999.2.25,660tc,,0.0,cm/s,0.0,,m,MPa,kPa,,,,"Holzer, TL, Noce, TE, and Bennett, MJ (2010). Maps and Documentation of Seismic CPT Soundings in the Central, Eastern, and Western United States, USGS Open-File Report 2010-1136, 86 p. Data accessed from https://earthquake.usgs.gov/research/cpt/data/ on 05.29.2018.",
580,3807,1848,80.0,Oak049,-122.282,37.8413,1999.3.2,660tc,,0.0,cm/s,0.0,,m,MPa,kPa,,,,"Holzer, TL, Noce, TE, and Bennett, MJ (2010). Maps and Documentation of Seismic CPT Soundings in the Central, Eastern, and Western United States, USGS Open-File Report 2010-1136, 86 p. Data accessed from https://earthquake.usgs.gov/research/cpt/data/ on 05.29.2018.",
581,3808,1849,80.0,Oak050,-122.206,37.7556,1999.3.3,660,,0.0,cm/s,0.0,,m,MPa,kPa,,,,"Holzer, TL, Noce, TE, and Bennett, MJ (2010). Maps and Documentation of Seismic CPT Soundings in the Central, Eastern, and Western United States, USGS Open-File Report 2010-1136, 86 p. Data accessed from https://earthquake.usgs.gov/research/cpt/data/ on 05.29.2018.",
582,3809,1850,80.0,Oak051,-122.211,37.7504,1999.3.5,660,,0.0,cm/s,0.0,,m,MPa,kPa,,,,"Holzer, TL, Noce, TE, and Bennett, MJ (2010). Maps and Documentation of Seismic CPT Soundings in the Central, Eastern, and Western United States, USGS Open-File Report 2010-1136, 86 p. Data accessed from https://earthquake.usgs.gov/research/cpt/data/ on 05.29.2018.",
583,3810,1851,80.0,Oak052,-122.204,37.743,1999.3.5,660,,0.0,cm/s,0.0,,m,MPa,kPa,,,,"Holzer, TL, Noce, TE, and Bennett, MJ (2010). Maps and Documentation of Seismic CPT Soundings in the Central, Eastern, and Western United States, USGS Open-File Report 2010-1136, 86 p. Data accessed from https://earthquake.usgs.gov/research/cpt/data/ on 05.29.2018.",
584,3811,1852,80.0,Oak053,-122.31,37.8102,1999.3.11,660,,0.0,cm/s,0.0,,m,MPa,kPa,,,,"Holzer, TL, Noce, TE, and Bennett, MJ (2010). Maps and Documentation of Seismic CPT Soundings in the Central, Eastern, and Western United States, USGS Open-File Report 2010-1136, 86 p. Data accessed from https://earthquake.usgs.gov/research/cpt/data/ on 05.29.2018.",
585,3812,1853,80.0,Oak054,-122.302,37.816,1999.3.11,660,,0.0,cm/s,0.0,,m,MPa,kPa,,,,"Holzer, TL, Noce, TE, and Bennett, MJ (2010). Maps and Documentation of Seismic CPT Soundings in the Central, Eastern, and Western United States, USGS Open-File Report 2010-1136, 86 p. Data accessed from https://earthquake.usgs.gov/research/cpt/data/ on 05.29.2018.",
586,3813,1854,80.0,Oak055,-122.297,37.823,1999.3.11,660,,0.0,cm/s,0.0,,m,MPa,kPa,,,,"Holzer, TL, Noce, TE, and Bennett, MJ (2010). Maps and Documentation of Seismic CPT Soundings in the Central, Eastern, and Western United States, USGS Open-File Report 2010-1136, 86 p. Data accessed from https://earthquake.usgs.gov/research/cpt/data/ on 05.29.2018.",
587,3814,1855,80.0,Oak056,-122.311,37.8145,1999.3.16,660,,0.0,cm/s,0.0,,m,MPa,kPa,,,,"Holzer, TL, Noce, TE, and Bennett, MJ (2010). Maps and Documentation of Seismic CPT Soundings in the Central, Eastern, and Western United States, USGS Open-File Report 2010-1136, 86 p. Data accessed from https://earthquake.usgs.gov/research/cpt/data/ on 05.29.2018.",
588,3815,1856,80.0,Oak057,-122.324,37.8083,1999.3.22,660,,0.0,cm/s,0.0,,m,MPa,kPa,,,,"Holzer, TL, Noce, TE, and Bennett, MJ (2010). Maps and Documentation of Seismic CPT Soundings in the Central, Eastern, and Western United States, USGS Open-File Report 2010-1136, 86 p. Data accessed from https://earthquake.usgs.gov/research/cpt/data/ on 05.29.2018.",
589,3816,1857,80.0,Oak058,-122.291,37.7987,1999.3.25,660,,0.0,cm/s,0.0,,m,MPa,kPa,,,,"Holzer, TL, Noce, TE, and Bennett, MJ (2010). Maps and Documentation of Seismic CPT Soundings in the Central, Eastern, and Western United States, USGS Open-File Report 2010-1136, 86 p. Data accessed from https://earthquake.usgs.gov/research/cpt/data/ on 05.29.2018.",
590,3817,1858,80.0,Oak059,-122.311,37.7967,1999.3.25,660,,0.0,cm/s,0.0,,m,MPa,kPa,,,,"Holzer, TL, Noce, TE, and Bennett, MJ (2010). Maps and Documentation of Seismic CPT Soundings in the Central, Eastern, and Western United States, USGS Open-File Report 2010-1136, 86 p. Data accessed from https://earthquake.usgs.gov/research/cpt/data/ on 05.29.2018.",
591,3818,1859,80.0,Oak060,-122.33,37.8003,1999.3.25,660,,0.0,cm/s,0.0,,m,MPa,kPa,,,,"Holzer, TL, Noce, TE, and Bennett, MJ (2010). Maps and Documentation of Seismic CPT Soundings in the Central, Eastern, and Western United States, USGS Open-File Report 2010-1136, 86 p. Data accessed from https://earthquake.usgs.gov/research/cpt/data/ on 05.29.2018.",
592,3819,1860,80.0,Oak061,-122.281,37.8182,1999.3.30,660,,0.0,cm/s,0.0,,m,MPa,kPa,,,,"Holzer, TL, Noce, TE, and Bennett, MJ (2010). Maps and Documentation of Seismic CPT Soundings in the Central, Eastern, and Western United States, USGS Open-File Report 2010-1136, 86 p. Data accessed from https://earthquake.usgs.gov/research/cpt/data/ on 05.29.2018.",
593,3820,1861,80.0,Oak062,-122.286,37.8129,1999.3.30,660,,0.0,cm/s,0.0,,m,MPa,kPa,,,,"Holzer, TL, Noce, TE, and Bennett, MJ (2010). Maps and Documentation of Seismic CPT Soundings in the Central, Eastern, and Western United States, USGS Open-File Report 2010-1136, 86 p. Data accessed from https://earthquake.usgs.gov/research/cpt/data/ on 05.29.2018.",
594,3821,1862,80.0,Oak064,-122.255,37.7889,1999.4.7,660,,0.0,cm/s,0.0,,m,MPa,kPa,,,,"Holzer, TL, Noce, TE, and Bennett, MJ (2010). Maps and Documentation of Seismic CPT Soundings in the Central, Eastern, and Western United States, USGS Open-File Report 2010-1136, 86 p. Data accessed from https://earthquake.usgs.gov/research/cpt/data/ on 05.29.2018.",
595,3822,1863,80.0,Oak065,-122.245,37.7853,1999.4.7,660,,0.0,cm/s,0.0,,m,MPa,kPa,,,,"Holzer, TL, Noce, TE, and Bennett, MJ (2010). Maps and Documentation of Seismic CPT Soundings in the Central, Eastern, and Western United States, USGS Open-File Report 2010-1136, 86 p. Data accessed from https://earthquake.usgs.gov/research/cpt/data/ on 05.29.2018.",
596,3823,1864,80.0,Oak067,-122.218,37.7649,1999.4.15,660,,0.0,cm/s,0.0,,m,MPa,kPa,,,,"Holzer, TL, Noce, TE, and Bennett, MJ (2010). Maps and Documentation of Seismic CPT Soundings in the Central, Eastern, and Western United States, USGS Open-File Report 2010-1136, 86 p. Data accessed from https://earthquake.usgs.gov/research/cpt/data/ on 05.29.2018.",
597,3824,1865,80.0,Oak068,-122.229,37.7691,1999.4.15,660,,0.0,cm/s,0.0,,m,MPa,kPa,,,,"Holzer, TL, Noce, TE, and Bennett, MJ (2010). Maps and Documentation of Seismic CPT Soundings in the Central, Eastern, and Western United States, USGS Open-File Report 2010-1136, 86 p. Data accessed from https://earthquake.usgs.gov/research/cpt/data/ on 05.29.2018.",
598,3825,1866,80.0,Oak069,-122.238,37.7772,1999.4.19,660,,0.0,cm/s,0.0,,m,MPa,kPa,,,,"Holzer, TL, Noce, TE, and Bennett, MJ (2010). Maps and Documentation of Seismic CPT Soundings in the Central, Eastern, and Western United States, USGS Open-File Report 2010-1136, 86 p. Data accessed from https://earthquake.usgs.gov/research/cpt/data/ on 05.29.2018.",
599,3826,1867,80.0,Oak070,-122.216,37.7883,1999.4.19,660,,0.0,cm/s,0.0,,m,MPa,kPa,,,,"Holzer, TL, Noce, TE, and Bennett, MJ (2010). Maps and Documentation of Seismic CPT Soundings in the Central, Eastern, and Western United States, USGS Open-File Report 2010-1136, 86 p. Data accessed from https://earthquake.usgs.gov/research/cpt/data/ on 05.29.2018.",
600,3827,1868,80.0,Oak071,-122.158,37.7445,2000.3.22,660,,0.0,cm/s,0.0,,m,MPa,kPa,,,,"Holzer, TL, Noce, TE, and Bennett, MJ (2010). Maps and Documentation of Seismic CPT Soundings in the Central, Eastern, and Western United States, USGS Open-File Report 2010-1136, 86 p. Data accessed from https://earthquake.usgs.gov/research/cpt/data/ on 05.29.2018.",
601,3828,1869,80.0,Oak072,-122.17,37.7601,2000.3.22,,,0.0,cm/s,0.0,,m,MPa,kPa,,,,"Holzer, TL, Noce, TE, and Bennett, MJ (2010). Maps and Documentation of Seismic CPT Soundings in the Central, Eastern, and Western United States, USGS Open-File Report 2010-1136, 86 p. Data accessed from https://earthquake.usgs.gov/research/cpt/data/ on 05.29.2018.",
602,3829,1870,80.0,Oak073,-122.176,37.7657,2000.3.22,660,,0.0,cm/s,0.0,,m,MPa,kPa,,,,"Holzer, TL, Noce, TE, and Bennett, MJ (2010). Maps and Documentation of Seismic CPT Soundings in the Central, Eastern, and Western United States, USGS Open-File Report 2010-1136, 86 p. Data accessed from https://earthquake.usgs.gov/research/cpt/data/ on 05.29.2018.",
603,3830,1871,80.0,Oak074,-122.184,37.7732,2000.4.4,660,,0.0,cm/s,0.0,,m,MPa,kPa,,,,"Holzer, TL, Noce, TE, and Bennett, MJ (2010). Maps and Documentation of Seismic CPT Soundings in the Central, Eastern, and Western United States, USGS Open-File Report 2010-1136, 86 p. Data accessed from https://earthquake.usgs.gov/research/cpt/data/ on 05.29.2018.",
604,3831,1872,80.0,Oak075,-122.216,37.8043,2000.4.4,660,,0.0,cm/s,0.0,,m,MPa,kPa,,,,"Holzer, TL, Noce, TE, and Bennett, MJ (2010). Maps and Documentation of Seismic CPT Soundings in the Central, Eastern, and Western United States, USGS Open-File Report 2010-1136, 86 p. Data accessed from https://earthquake.usgs.gov/research/cpt/data/ on 05.29.2018.",
605,3832,1873,80.0,Oak076,-122.261,37.8247,2000.4.4,660,,0.0,cm/s,0.0,,m,MPa,kPa,,,,"Holzer, TL, Noce, TE, and Bennett, MJ (2010). Maps and Documentation of Seismic CPT Soundings in the Central, Eastern, and Western United States, USGS Open-File Report 2010-1136, 86 p. Data accessed from https://earthquake.usgs.gov/research/cpt/data/ on 05.29.2018.",
606,3833,1874,80.0,Oak077,-122.203,37.7909,2000.4.5,660,,0.0,cm/s,0.0,,m,MPa,kPa,,,,"Holzer, TL, Noce, TE, and Bennett, MJ (2010). Maps and Documentation of Seismic CPT Soundings in the Central, Eastern, and Western United States, USGS Open-File Report 2010-1136, 86 p. Data accessed from https://earthquake.usgs.gov/research/cpt/data/ on 05.29.2018.",
607,3834,1875,80.0,Oak079,-122.264,37.8083,2000.5.18,660,,0.0,cm/s,0.0,,m,MPa,kPa,,,,"Holzer, TL, Noce, TE, and Bennett, MJ (2010). Maps and Documentation of Seismic CPT Soundings in the Central, Eastern, and Western United States, USGS Open-File Report 2010-1136, 86 p. Data accessed from https://earthquake.usgs.gov/research/cpt/data/ on 05.29.2018.",
608,3835,1876,80.0,Oak080,-122.262,37.8113,2000.5.18,660,,0.0,cm/s,0.0,,m,MPa,kPa,,,,"Holzer, TL, Noce, TE, and Bennett, MJ (2010). Maps and Documentation of Seismic CPT Soundings in the Central, Eastern, and Western United States, USGS Open-File Report 2010-1136, 86 p. Data accessed from https://earthquake.usgs.gov/research/cpt/data/ on 05.29.2018.",
609,3836,1877,80.0,Oak081,-122.248,37.8096,2000.5.18,,,0.0,cm/s,0.0,,m,MPa,kPa,,,,"Holzer, TL, Noce, TE, and Bennett, MJ (2010). Maps and Documentation of Seismic CPT Soundings in the Central, Eastern, and Western United States, USGS Open-File Report 2010-1136, 86 p. Data accessed from https://earthquake.usgs.gov/research/cpt/data/ on 05.29.2018.",
610,3837,1878,80.0,Oak082,-122.256,37.7999,2000.5.18,660,,0.0,cm/s,0.0,,m,MPa,kPa,,,,"Holzer, TL, Noce, TE, and Bennett, MJ (2010). Maps and Documentation of Seismic CPT Soundings in the Central, Eastern, and Western United States, USGS Open-File Report 2010-1136, 86 p. Data accessed from https://earthquake.usgs.gov/research/cpt/data/ on 05.29.2018.",
611,3838,1879,80.0,Oak083,-122.276,37.8334,2000.8.28,660,,0.0,cm/s,0.0,,m,MPa,kPa,,,,"Holzer, TL, Noce, TE, and Bennett, MJ (2010). Maps and Documentation of Seismic CPT Soundings in the Central, Eastern, and Western United States, USGS Open-File Report 2010-1136, 86 p. Data accessed from https://earthquake.usgs.gov/research/cpt/data/ on 05.29.2018.",
612,3839,1880,80.0,Oak084,-122.269,37.8372,2000.8.28,660,,0.0,cm/s,0.0,,m,MPa,kPa,,,,"Holzer, TL, Noce, TE, and Bennett, MJ (2010). Maps and Documentation of Seismic CPT Soundings in the Central, Eastern, and Western United States, USGS Open-File Report 2010-1136, 86 p. Data accessed from https://earthquake.usgs.gov/research/cpt/data/ on 05.29.2018.",
613,3840,1881,80.0,Oak085,-122.272,37.8188,2000.8.28,660,,0.0,cm/s,0.0,,m,MPa,kPa,,,,"Holzer, TL, Noce, TE, and Bennett, MJ (2010). Maps and Documentation of Seismic CPT Soundings in the Central, Eastern, and Western United States, USGS Open-File Report 2010-1136, 86 p. Data accessed from https://earthquake.usgs.gov/research/cpt/data/ on 05.29.2018.",
614,3841,1882,80.0,Oak086,-122.22,37.7886,2000.9.14,660,,0.0,cm/s,0.0,,m,MPa,kPa,,,,"Holzer, TL, Noce, TE, and Bennett, MJ (2010). Maps and Documentation of Seismic CPT Soundings in the Central, Eastern, and Western United States, USGS Open-File Report 2010-1136, 86 p. Data accessed from https://earthquake.usgs.gov/research/cpt/data/ on 05.29.2018.",
615,3842,1883,80.0,Oak087,-122.224,37.7906,2000.9.14,660,,0.0,cm/s,0.0,,m,MPa,kPa,,,,"Holzer, TL, Noce, TE, and Bennett, MJ (2010). Maps and Documentation of Seismic CPT Soundings in the Central, Eastern, and Western United States, USGS Open-File Report 2010-1136, 86 p. Data accessed from https://earthquake.usgs.gov/research/cpt/data/ on 05.29.2018.",
616,3843,1884,80.0,Oak088,-122.222,37.7896,2000.9.14,660,,0.0,cm/s,0.0,,m,MPa,kPa,,,,"Holzer, TL, Noce, TE, and Bennett, MJ (2010). Maps and Documentation of Seismic CPT Soundings in the Central, Eastern, and Western United States, USGS Open-File Report 2010-1136, 86 p. Data accessed from https://earthquake.usgs.gov/research/cpt/data/ on 05.29.2018.",
617,3844,1885,80.0,Oak089,-122.267,37.8259,2000.9.15,660,,0.0,cm/s,0.0,,m,MPa,kPa,,,,"Holzer, TL, Noce, TE, and Bennett, MJ (2010). Maps and Documentation of Seismic CPT Soundings in the Central, Eastern, and Western United States, USGS Open-File Report 2010-1136, 86 p. Data accessed from https://earthquake.usgs.gov/research/cpt/data/ on 05.29.2018.",
618,3845,1886,80.0,Oak090,-122.266,37.8256,2000.9.15,660,,0.0,cm/s,0.0,,m,MPa,kPa,,,,"Holzer, TL, Noce, TE, and Bennett, MJ (2010). Maps and Documentation of Seismic CPT Soundings in the Central, Eastern, and Western United States, USGS Open-File Report 2010-1136, 86 p. Data accessed from https://earthquake.usgs.gov/research/cpt/data/ on 05.29.2018.",
619,3846,1887,80.0,Oak091,-122.264,37.8252,2000.9.15,660,,0.0,cm/s,0.0,,m,MPa,kPa,,,,"Holzer, TL, Noce, TE, and Bennett, MJ (2010). Maps and Documentation of Seismic CPT Soundings in the Central, Eastern, and Western United States, USGS Open-File Report 2010-1136, 86 p. Data accessed from https://earthquake.usgs.gov/research/cpt/data/ on 05.29.2018.",
620,3847,1888,80.0,Oak092,-122.268,37.8322,2000.9.21,660,,0.0,cm/s,0.0,,m,MPa,kPa,,,,"Holzer, TL, Noce, TE, and Bennett, MJ (2010). Maps and Documentation of Seismic CPT Soundings in the Central, Eastern, and Western United States, USGS Open-File Report 2010-1136, 86 p. Data accessed from https://earthquake.usgs.gov/research/cpt/data/ on 05.29.2018.",
621,3848,1889,80.0,Oak093,-122.265,37.8451,2000.9.21,660,,0.0,cm/s,0.0,,m,MPa,kPa,,,,"Holzer, TL, Noce, TE, and Bennett, MJ (2010). Maps and Documentation of Seismic CPT Soundings in the Central, Eastern, and Western United States, USGS Open-File Report 2010-1136, 86 p. Data accessed from https://earthquake.usgs.gov/research/cpt/data/ on 05.29.2018.",
622,3849,1890,80.0,Oak094,-122.186,37.7551,2000.10.11,660,,0.0,cm/s,0.0,,m,MPa,kPa,,,,"Holzer, TL, Noce, TE, and Bennett, MJ (2010). Maps and Documentation of Seismic CPT Soundings in the Central, Eastern, and Western United States, USGS Open-File Report 2010-1136, 86 p. Data accessed from https://earthquake.usgs.gov/research/cpt/data/ on 05.29.2018.",
623,3850,1891,80.0,POR001,-87.0074,41.6811,2004.9.23,766TC,,0.0,cm/s,0.0,,m,MPa,kPa,,,,"Holzer, TL, Noce, TE, and Bennett, MJ (2010). Maps and Documentation of Seismic CPT Soundings in the Central, Eastern, and Western United States, USGS Open-File Report 2010-1136, 86 p. Data accessed from https://earthquake.usgs.gov/research/cpt/data/ on 05.29.2018.",
624,3851,1892,80.0,POR002,-87.003,41.6831,2004.9.23,766TC,,0.0,cm/s,0.0,,m,MPa,kPa,,,,"Holzer, TL, Noce, TE, and Bennett, MJ (2010). Maps and Documentation of Seismic CPT Soundings in the Central, Eastern, and Western United States, USGS Open-File Report 2010-1136, 86 p. Data accessed from https://earthquake.usgs.gov/research/cpt/data/ on 05.29.2018.",
625,3852,1893,80.0,POR003,-86.9615,41.6931,2004.9.23,766TC,,0.0,cm/s,0.0,,m,MPa,kPa,,,,"Holzer, TL, Noce, TE, and Bennett, MJ (2010). Maps and Documentation of Seismic CPT Soundings in the Central, Eastern, and Western United States, USGS Open-File Report 2010-1136, 86 p. Data accessed from https://earthquake.usgs.gov/research/cpt/data/ on 05.29.2018.",
626,3853,1894,80.0,POR004,-86.9618,41.6974,2004.9.23,766TC,,0.0,cm/s,0.0,,m,MPa,kPa,,,,"Holzer, TL, Noce, TE, and Bennett, MJ (2010). Maps and Documentation of Seismic CPT Soundings in the Central, Eastern, and Western United States, USGS Open-File Report 2010-1136, 86 p. Data accessed from https://earthquake.usgs.gov/research/cpt/data/ on 05.29.2018.",
627,3854,1895,80.0,POR005,-87.0479,41.6566,2004.9.24,766TC,,0.0,cm/s,0.0,,m,MPa,kPa,,,,"Holzer, TL, Noce, TE, and Bennett, MJ (2010). Maps and Documentation of Seismic CPT Soundings in the Central, Eastern, and Western United States, USGS Open-File Report 2010-1136, 86 p. Data accessed from https://earthquake.usgs.gov/research/cpt/data/ on 05.29.2018.",
628,3855,1896,80.0,POR006,-87.0511,41.6598,2004.9.24,766TC,,0.0,cm/s,0.0,,m,MPa,kPa,,,,"Holzer, TL, Noce, TE, and Bennett, MJ (2010). Maps and Documentation of Seismic CPT Soundings in the Central, Eastern, and Western United States, USGS Open-File Report 2010-1136, 86 p. Data accessed from https://earthquake.usgs.gov/research/cpt/data/ on 05.29.2018.",
629,3856,1897,80.0,POR007,-87.0607,41.6569,2004.9.24,766TC,,0.0,cm/s,0.0,,m,MPa,kPa,,,,"Holzer, TL, Noce, TE, and Bennett, MJ (2010). Maps and Documentation of Seismic CPT Soundings in the Central, Eastern, and Western United States, USGS Open-File Report 2010-1136, 86 p. Data accessed from https://earthquake.usgs.gov/research/cpt/data/ on 05.29.2018.",
630,3857,1898,80.0,POR008,-87.0619,41.6597,2004.9.24,766TC,,0.0,cm/s,0.0,,m,MPa,kPa,,,,"Holzer, TL, Noce, TE, and Bennett, MJ (2010). Maps and Documentation of Seismic CPT Soundings in the Central, Eastern, and Western United States, USGS Open-File Report 2010-1136, 86 p. Data accessed from https://earthquake.usgs.gov/research/cpt/data/ on 05.29.2018.",
631,3858,1899,80.0,POR009,-87.0651,41.6594,2004.9.24,766TC,,0.0,cm/s,0.0,,m,MPa,kPa,,,,"Holzer, TL, Noce, TE, and Bennett, MJ (2010). Maps and Documentation of Seismic CPT Soundings in the Central, Eastern, and Western United States, USGS Open-File Report 2010-1136, 86 p. Data accessed from https://earthquake.usgs.gov/research/cpt/data/ on 05.29.2018.",
632,3859,1900,80.0,POR010,-87.0674,41.6541,2004.9.25,766TC,,0.0,cm/s,0.0,,m,MPa,kPa,,,,"Holzer, TL, Noce, TE, and Bennett, MJ (2010). Maps and Documentation of Seismic CPT Soundings in the Central, Eastern, and Western United States, USGS Open-File Report 2010-1136, 86 p. Data accessed from https://earthquake.usgs.gov/research/cpt/data/ on 05.29.2018.",
633,3860,1901,80.0,POR011,-87.0695,41.6591,2004.9.25,766TC,,0.0,cm/s,0.0,,m,MPa,kPa,,,,"Holzer, TL, Noce, TE, and Bennett, MJ (2010). Maps and Documentation of Seismic CPT Soundings in the Central, Eastern, and Western United States, USGS Open-File Report 2010-1136, 86 p. Data accessed from https://earthquake.usgs.gov/research/cpt/data/ on 05.29.2018.",
634,3861,1902,80.0,POR012,-87.0748,41.6569,2004.9.25,766TC,,0.0,cm/s,0.0,,m,MPa,kPa,,,,"Holzer, TL, Noce, TE, and Bennett, MJ (2010). Maps and Documentation of Seismic CPT Soundings in the Central, Eastern, and Western United States, USGS Open-File Report 2010-1136, 86 p. Data accessed from https://earthquake.usgs.gov/research/cpt/data/ on 05.29.2018.",
635,3862,1903,80.0,POR013,-87.2201,41.6227,2004.9.25,766TC,,0.0,cm/s,0.0,,m,MPa,kPa,,,,"Holzer, TL, Noce, TE, and Bennett, MJ (2010). Maps and Documentation of Seismic CPT Soundings in the Central, Eastern, and Western United States, USGS Open-File Report 2010-1136, 86 p. Data accessed from https://earthquake.usgs.gov/research/cpt/data/ on 05.29.2018.",
636,3863,1904,80.0,POR014,-87.2228,41.615,2004.9.26,766TC,,0.0,cm/s,0.0,,m,MPa,kPa,,,,"Holzer, TL, Noce, TE, and Bennett, MJ (2010). Maps and Documentation of Seismic CPT Soundings in the Central, Eastern, and Western United States, USGS Open-File Report 2010-1136, 86 p. Data accessed from https://earthquake.usgs.gov/research/cpt/data/ on 05.29.2018.",
637,3864,1905,80.0,POR015,-87.2163,41.6198,2004.9.26,766TC,,0.0,cm/s,0.0,,m,MPa,kPa,,,,"Holzer, TL, Noce, TE, and Bennett, MJ (2010). Maps and Documentation of Seismic CPT Soundings in the Central, Eastern, and Western United States, USGS Open-File Report 2010-1136, 86 p. Data accessed from https://earthquake.usgs.gov/research/cpt/data/ on 05.29.2018.",
638,3865,1906,80.0,POR016,-87.0094,41.6547,2004.9.26,766TC,,0.0,cm/s,0.0,,m,MPa,kPa,,,,"Holzer, TL, Noce, TE, and Bennett, MJ (2010). Maps and Documentation of Seismic CPT Soundings in the Central, Eastern, and Western United States, USGS Open-File Report 2010-1136, 86 p. Data accessed from https://earthquake.usgs.gov/research/cpt/data/ on 05.29.2018.",
639,3866,1907,80.0,POR017,-87.0096,41.6564,2004.9.26,766TC,,0.0,cm/s,0.0,,m,MPa,kPa,,,,"Holzer, TL, Noce, TE, and Bennett, MJ (2010). Maps and Documentation of Seismic CPT Soundings in the Central, Eastern, and Western United States, USGS Open-File Report 2010-1136, 86 p. Data accessed from https://earthquake.usgs.gov/research/cpt/data/ on 05.29.2018.",
640,3867,1908,80.0,POR018,-87.0095,41.6615,2004.9.26,766TC,,0.0,cm/s,0.0,,m,MPa,kPa,,,,"Holzer, TL, Noce, TE, and Bennett, MJ (2010). Maps and Documentation of Seismic CPT Soundings in the Central, Eastern, and Western United States, USGS Open-File Report 2010-1136, 86 p. Data accessed from https://earthquake.usgs.gov/research/cpt/data/ on 05.29.2018.",
641,3868,1909,80.0,POR019,-87.0097,41.6625,2004.9.27,766TC,,0.0,cm/s,0.0,,m,MPa,kPa,,,,"Holzer, TL, Noce, TE, and Bennett, MJ (2010). Maps and Documentation of Seismic CPT Soundings in the Central, Eastern, and Western United States, USGS Open-File Report 2010-1136, 86 p. Data accessed from https://earthquake.usgs.gov/research/cpt/data/ on 05.29.2018.",
642,3869,1910,80.0,POR020,-87.0097,41.6798,2004.9.27,766TC,,0.0,cm/s,0.0,,m,MPa,kPa,,,,"Holzer, TL, Noce, TE, and Bennett, MJ (2010). Maps and Documentation of Seismic CPT Soundings in the Central, Eastern, and Western United States, USGS Open-File Report 2010-1136, 86 p. Data accessed from https://earthquake.usgs.gov/research/cpt/data/ on 05.29.2018.",
643,3870,1911,80.0,POR021,-87.0096,41.6774,2004.9.27,766TC,,0.0,cm/s,0.0,,m,MPa,kPa,,,,"Holzer, TL, Noce, TE, and Bennett, MJ (2010). Maps and Documentation of Seismic CPT Soundings in the Central, Eastern, and Western United States, USGS Open-File Report 2010-1136, 86 p. Data accessed from https://earthquake.usgs.gov/research/cpt/data/ on 05.29.2018.",
644,3871,1912,80.0,POR022,-87.0097,41.6754,2004.9.27,766TC,,0.0,cm/s,0.0,,m,MPa,kPa,,,,"Holzer, TL, Noce, TE, and Bennett, MJ (2010). Maps and Documentation of Seismic CPT Soundings in the Central, Eastern, and Western United States, USGS Open-File Report 2010-1136, 86 p. Data accessed from https://earthquake.usgs.gov/research/cpt/data/ on 05.29.2018.",
645,3872,1913,80.0,POR023,-86.9396,41.7037,2004.9.28,766TC,,0.0,cm/s,0.0,,m,MPa,kPa,,,,"Holzer, TL, Noce, TE, and Bennett, MJ (2010). Maps and Documentation of Seismic CPT Soundings in the Central, Eastern, and Western United States, USGS Open-File Report 2010-1136, 86 p. Data accessed from https://earthquake.usgs.gov/research/cpt/data/ on 05.29.2018.",
646,3873,1914,80.0,POR024,-86.9438,41.7031,2004.9.28,766TC,,0.0,cm/s,0.0,,m,MPa,kPa,,,,"Holzer, TL, Noce, TE, and Bennett, MJ (2010). Maps and Documentation of Seismic CPT Soundings in the Central, Eastern, and Western United States, USGS Open-File Report 2010-1136, 86 p. Data accessed from https://earthquake.usgs.gov/research/cpt/data/ on 05.29.2018.",
647,3874,1915,80.0,POR025,-86.9554,41.7011,2004.9.28,766TC,,0.0,cm/s,0.0,,m,MPa,kPa,,,,"Holzer, TL, Noce, TE, and Bennett, MJ (2010). Maps and Documentation of Seismic CPT Soundings in the Central, Eastern, and Western United States, USGS Open-File Report 2010-1136, 86 p. Data accessed from https://earthquake.usgs.gov/research/cpt/data/ on 05.29.2018.",
648,3875,1916,80.0,POT001,-90.5714,35.6854,2008.10.10,DDG0766,,0.0,cm/s,0.0,,m,MPa,kPa,,,,"Holzer, TL, Noce, TE, and Bennett, MJ (2010). Maps and Documentation of Seismic CPT Soundings in the Central, Eastern, and Western United States, USGS Open-File Report 2010-1136, 86 p. Data accessed from https://earthquake.usgs.gov/research/cpt/data/ on 05.29.2018.",
649,3876,1917,80.0,POT002,-90.4835,35.5794,2008.10.10,DDG0766,,0.0,cm/s,0.0,,m,MPa,kPa,,,,"Holzer, TL, Noce, TE, and Bennett, MJ (2010). Maps and Documentation of Seismic CPT Soundings in the Central, Eastern, and Western United States, USGS Open-File Report 2010-1136, 86 p. Data accessed from https://earthquake.usgs.gov/research/cpt/data/ on 05.29.2018.",
650,3877,1918,80.0,POT003,-90.5375,35.5593,2008.10.10,DDG0766,,0.0,cm/s,0.0,,m,MPa,kPa,,,,"Holzer, TL, Noce, TE, and Bennett, MJ (2010). Maps and Documentation of Seismic CPT Soundings in the Central, Eastern, and Western United States, USGS Open-File Report 2010-1136, 86 p. Data accessed from https://earthquake.usgs.gov/research/cpt/data/ on 05.29.2018.",
651,3878,1919,80.0,POT006,-90.3581,35.513,2008.10.11,DDG0766,,0.0,cm/s,0.0,,m,MPa,kPa,,,,"Holzer, TL, Noce, TE, and Bennett, MJ (2010). Maps and Documentation of Seismic CPT Soundings in the Central, Eastern, and Western United States, USGS Open-File Report 2010-1136, 86 p. Data accessed from https://earthquake.usgs.gov/research/cpt/data/ on 05.29.2018.",
652,3879,1920,80.0,POT007,-90.322,35.5697,2008.10.11,DDG0766,,0.0,cm/s,0.0,,m,MPa,kPa,,,,"Holzer, TL, Noce, TE, and Bennett, MJ (2010). Maps and Documentation of Seismic CPT Soundings in the Central, Eastern, and Western United States, USGS Open-File Report 2010-1136, 86 p. Data accessed from https://earthquake.usgs.gov/research/cpt/data/ on 05.29.2018.",
653,3880,1921,80.0,POT008,-90.4531,35.5139,2008.10.16,DDG0766,,0.0,cm/s,0.0,,m,MPa,kPa,,,,"Holzer, TL, Noce, TE, and Bennett, MJ (2010). Maps and Documentation of Seismic CPT Soundings in the Central, Eastern, and Western United States, USGS Open-File Report 2010-1136, 86 p. Data accessed from https://earthquake.usgs.gov/research/cpt/data/ on 05.29.2018.",
654,3881,1922,80.0,POT009,-90.5552,35.5384,2008.10.16,DDG0766,,0.0,cm/s,0.0,,m,MPa,kPa,,,,"Holzer, TL, Noce, TE, and Bennett, MJ (2010). Maps and Documentation of Seismic CPT Soundings in the Central, Eastern, and Western United States, USGS Open-File Report 2010-1136, 86 p. Data accessed from https://earthquake.usgs.gov/research/cpt/data/ on 05.29.2018.",
655,3882,1923,80.0,POT010,-90.6086,35.5503,2008.10.16,DDG0766,,0.0,cm/s,0.0,,m,MPa,kPa,,,,"Holzer, TL, Noce, TE, and Bennett, MJ (2010). Maps and Documentation of Seismic CPT Soundings in the Central, Eastern, and Western United States, USGS Open-File Report 2010-1136, 86 p. Data accessed from https://earthquake.usgs.gov/research/cpt/data/ on 05.29.2018.",
656,3883,1924,80.0,POT011,-90.6004,35.6055,2008.10.16,DDG0766,,0.0,cm/s,0.0,,m,MPa,kPa,,,,"Holzer, TL, Noce, TE, and Bennett, MJ (2010). Maps and Documentation of Seismic CPT Soundings in the Central, Eastern, and Western United States, USGS Open-File Report 2010-1136, 86 p. Data accessed from https://earthquake.usgs.gov/research/cpt/data/ on 05.29.2018.",
657,3884,1925,80.0,POT012,-90.5667,35.6347,2008.10.17,DDG0766,,0.0,cm/s,0.0,,m,MPa,kPa,,,,"Holzer, TL, Noce, TE, and Bennett, MJ (2010). Maps and Documentation of Seismic CPT Soundings in the Central, Eastern, and Western United States, USGS Open-File Report 2010-1136, 86 p. Data accessed from https://earthquake.usgs.gov/research/cpt/data/ on 05.29.2018.",
658,3885,1926,80.0,PST001,-89.9584,36.1323,2008.9.22,DDG0766,,0.0,cm/s,0.0,,m,MPa,kPa,,,,"Holzer, TL, Noce, TE, and Bennett, MJ (2010). Maps and Documentation of Seismic CPT Soundings in the Central, Eastern, and Western United States, USGS Open-File Report 2010-1136, 86 p. Data accessed from https://earthquake.usgs.gov/research/cpt/data/ on 05.29.2018.",
659,3886,1927,80.0,PST002,-89.9587,36.0089,2008.9.23,DDG0766,,0.0,cm/s,0.0,,m,MPa,kPa,,,,"Holzer, TL, Noce, TE, and Bennett, MJ (2010). Maps and Documentation of Seismic CPT Soundings in the Central, Eastern, and Western United States, USGS Open-File Report 2010-1136, 86 p. Data accessed from https://earthquake.usgs.gov/research/cpt/data/ on 05.29.2018.",
660,3887,1928,80.0,PST003,-89.9585,36.0307,2008.9.23,DDG0766,,0.0,cm/s,0.0,,m,MPa,kPa,,,,"Holzer, TL, Noce, TE, and Bennett, MJ (2010). Maps and Documentation of Seismic CPT Soundings in the Central, Eastern, and Western United States, USGS Open-File Report 2010-1136, 86 p. Data accessed from https://earthquake.usgs.gov/research/cpt/data/ on 05.29.2018.",
661,3888,1929,80.0,PST004,-89.9582,36.0598,2008.9.23,DDG0766,,0.0,cm/s,0.0,,m,MPa,kPa,,,,"Holzer, TL, Noce, TE, and Bennett, MJ (2010). Maps and Documentation of Seismic CPT Soundings in the Central, Eastern, and Western United States, USGS Open-File Report 2010-1136, 86 p. Data accessed from https://earthquake.usgs.gov/research/cpt/data/ on 05.29.2018.",
662,3889,1930,80.0,PST005,-89.9585,36.1034,2008.9.23,DDG0766,,0.0,cm/s,0.0,,m,MPa,kPa,,,,"Holzer, TL, Noce, TE, and Bennett, MJ (2010). Maps and Documentation of Seismic CPT Soundings in the Central, Eastern, and Western United States, USGS Open-File Report 2010-1136, 86 p. Data accessed from https://earthquake.usgs.gov/research/cpt/data/ on 05.29.2018.",
663,3890,1931,80.0,PST006,-89.7881,36.0145,2008.9.24,DDG0766,,0.0,cm/s,0.0,,m,MPa,kPa,,,,"Holzer, TL, Noce, TE, and Bennett, MJ (2010). Maps and Documentation of Seismic CPT Soundings in the Central, Eastern, and Western United States, USGS Open-File Report 2010-1136, 86 p. Data accessed from https://earthquake.usgs.gov/research/cpt/data/ on 05.29.2018.",
664,3891,1932,80.0,PST007,-89.7882,36.0064,2008.9.23,DDG0766,,0.0,cm/s,0.0,,m,MPa,kPa,,,,"Holzer, TL, Noce, TE, and Bennett, MJ (2010). Maps and Documentation of Seismic CPT Soundings in the Central, Eastern, and Western United States, USGS Open-File Report 2010-1136, 86 p. Data accessed from https://earthquake.usgs.gov/research/cpt/data/ on 05.29.2018.",
665,3892,1933,80.0,PST008,-89.784,36.0005,2008.9.24,DDG0766,,0.0,cm/s,0.0,,m,MPa,kPa,,,,"Holzer, TL, Noce, TE, and Bennett, MJ (2010). Maps and Documentation of Seismic CPT Soundings in the Central, Eastern, and Western United States, USGS Open-File Report 2010-1136, 86 p. Data accessed from https://earthquake.usgs.gov/research/cpt/data/ on 05.29.2018.",
666,3893,1934,80.0,PST009,-89.7702,36.0087,2008.9.23,DDG0766,,0.0,cm/s,0.0,,m,MPa,kPa,,,,"Holzer, TL, Noce, TE, and Bennett, MJ (2010). Maps and Documentation of Seismic CPT Soundings in the Central, Eastern, and Western United States, USGS Open-File Report 2010-1136, 86 p. Data accessed from https://earthquake.usgs.gov/research/cpt/data/ on 05.29.2018.",
667,3894,1935,80.0,PST010,-89.7703,36.0279,2008.9.24,DDG0766,,0.0,cm/s,0.0,,m,MPa,kPa,,,,"Holzer, TL, Noce, TE, and Bennett, MJ (2010). Maps and Documentation of Seismic CPT Soundings in the Central, Eastern, and Western United States, USGS Open-File Report 2010-1136, 86 p. Data accessed from https://earthquake.usgs.gov/research/cpt/data/ on 05.29.2018.",
668,3895,1936,80.0,PST015,-89.7659,36.0159,2008.10.1,DDG0766,,0.0,cm/s,0.0,,m,MPa,kPa,,,,"Holzer, TL, Noce, TE, and Bennett, MJ (2010). Maps and Documentation of Seismic CPT Soundings in the Central, Eastern, and Western United States, USGS Open-File Report 2010-1136, 86 p. Data accessed from https://earthquake.usgs.gov/research/cpt/data/ on 05.29.2018.",
669,3896,1937,80.0,PST016,-89.7661,36.074,2008.10.1,DDG0766,,0.0,cm/s,0.0,,m,MPa,kPa,,,,"Holzer, TL, Noce, TE, and Bennett, MJ (2010). Maps and Documentation of Seismic CPT Soundings in the Central, Eastern, and Western United States, USGS Open-File Report 2010-1136, 86 p. Data accessed from https://earthquake.usgs.gov/research/cpt/data/ on 05.29.2018.",
670,3897,1938,80.0,PST017,-89.7176,36.0883,2008.10.1,DDG0766,,0.0,cm/s,0.0,,m,MPa,kPa,,,,"Holzer, TL, Noce, TE, and Bennett, MJ (2010). Maps and Documentation of Seismic CPT Soundings in the Central, Eastern, and Western United States, USGS Open-File Report 2010-1136, 86 p. Data accessed from https://earthquake.usgs.gov/research/cpt/data/ on 05.29.2018.",
671,3898,1939,80.0,PST018,-89.695,36.0961,2008.10.1,DDG0766,,0.0,cm/s,0.0,,m,MPa,kPa,,,,"Holzer, TL, Noce, TE, and Bennett, MJ (2010). Maps and Documentation of Seismic CPT Soundings in the Central, Eastern, and Western United States, USGS Open-File Report 2010-1136, 86 p. Data accessed from https://earthquake.usgs.gov/research/cpt/data/ on 05.29.2018.",
672,3899,1940,80.0,PST019,-89.7042,36.1325,2008.10.1,DDG0766,,0.0,cm/s,0.0,,m,MPa,kPa,,,,"Holzer, TL, Noce, TE, and Bennett, MJ (2010). Maps and Documentation of Seismic CPT Soundings in the Central, Eastern, and Western United States, USGS Open-File Report 2010-1136, 86 p. Data accessed from https://earthquake.usgs.gov/research/cpt/data/ on 05.29.2018.",
673,3900,1941,80.0,PST020,-89.7234,36.1765,2008.10.2,DDG0766,,0.0,cm/s,0.0,,m,MPa,kPa,,,,"Holzer, TL, Noce, TE, and Bennett, MJ (2010). Maps and Documentation of Seismic CPT Soundings in the Central, Eastern, and Western United States, USGS Open-File Report 2010-1136, 86 p. Data accessed from https://earthquake.usgs.gov/research/cpt/data/ on 05.29.2018.",
674,3901,1942,80.0,PST021,-89.7,36.1922,2008.10.2,DDG0766,,0.0,cm/s,0.0,,m,MPa,kPa,,,,"Holzer, TL, Noce, TE, and Bennett, MJ (2010). Maps and Documentation of Seismic CPT Soundings in the Central, Eastern, and Western United States, USGS Open-File Report 2010-1136, 86 p. Data accessed from https://earthquake.usgs.gov/research/cpt/data/ on 05.29.2018.",
675,3902,1943,80.0,PST022,-89.6892,36.3018,2008.10.2,DDG0766,,0.0,cm/s,0.0,,m,MPa,kPa,,,,"Holzer, TL, Noce, TE, and Bennett, MJ (2010). Maps and Documentation of Seismic CPT Soundings in the Central, Eastern, and Western United States, USGS Open-File Report 2010-1136, 86 p. Data accessed from https://earthquake.usgs.gov/research/cpt/data/ on 05.29.2018.",
676,3903,1944,80.0,PST023,-89.7081,36.3056,2008.10.2,DDG0766,,0.0,cm/s,0.0,,m,MPa,kPa,,,,"Holzer, TL, Noce, TE, and Bennett, MJ (2010). Maps and Documentation of Seismic CPT Soundings in the Central, Eastern, and Western United States, USGS Open-File Report 2010-1136, 86 p. Data accessed from https://earthquake.usgs.gov/research/cpt/data/ on 05.29.2018.",
677,3904,1945,80.0,PST025,-89.7379,36.387,2008.10.5,DDG0766,,0.0,cm/s,0.0,,m,MPa,kPa,,,,"Holzer, TL, Noce, TE, and Bennett, MJ (2010). Maps and Documentation of Seismic CPT Soundings in the Central, Eastern, and Western United States, USGS Open-File Report 2010-1136, 86 p. Data accessed from https://earthquake.usgs.gov/research/cpt/data/ on 05.29.2018.",
678,3905,1946,80.0,PST027,-89.8155,36.3788,2008.10.5,DDG0766,,0.0,cm/s,0.0,,m,MPa,kPa,,,,"Holzer, TL, Noce, TE, and Bennett, MJ (2010). Maps and Documentation of Seismic CPT Soundings in the Central, Eastern, and Western United States, USGS Open-File Report 2010-1136, 86 p. Data accessed from https://earthquake.usgs.gov/research/cpt/data/ on 05.29.2018.",
679,3906,1947,80.0,PST028,-89.8087,36.3285,2008.10.5,DDG0766,,0.0,cm/s,0.0,,m,MPa,kPa,,,,"Holzer, TL, Noce, TE, and Bennett, MJ (2010). Maps and Documentation of Seismic CPT Soundings in the Central, Eastern, and Western United States, USGS Open-File Report 2010-1136, 86 p. Data accessed from https://earthquake.usgs.gov/research/cpt/data/ on 05.29.2018.",
680,3907,1948,80.0,PST030,-89.9352,36.3802,2008.10.8,DDG0766,,0.0,cm/s,0.0,,m,MPa,kPa,,,,"Holzer, TL, Noce, TE, and Bennett, MJ (2010). Maps and Documentation of Seismic CPT Soundings in the Central, Eastern, and Western United States, USGS Open-File Report 2010-1136, 86 p. Data accessed from https://earthquake.usgs.gov/research/cpt/data/ on 05.29.2018.",
681,3908,1949,80.0,PSY001,-87.7167,37.9806,2004.10.6,766TC,,0.0,cm/s,0.0,,m,MPa,kPa,,,,"Holzer, TL, Noce, TE, and Bennett, MJ (2010). Maps and Documentation of Seismic CPT Soundings in the Central, Eastern, and Western United States, USGS Open-File Report 2010-1136, 86 p. Data accessed from https://earthquake.usgs.gov/research/cpt/data/ on 05.29.2018.",
682,3909,1950,80.0,PSY002,-87.9066,38.1937,2004.10.7,766TC,,0.0,cm/s,0.0,,m,MPa,kPa,,,,"Holzer, TL, Noce, TE, and Bennett, MJ (2010). Maps and Documentation of Seismic CPT Soundings in the Central, Eastern, and Western United States, USGS Open-File Report 2010-1136, 86 p. Data accessed from https://earthquake.usgs.gov/research/cpt/data/ on 05.29.2018.",
683,3910,1951,80.0,PSY003,-87.936,38.1305,2004.10.7,766TC,,0.0,cm/s,0.0,,m,MPa,kPa,,,,"Holzer, TL, Noce, TE, and Bennett, MJ (2010). Maps and Documentation of Seismic CPT Soundings in the Central, Eastern, and Western United States, USGS Open-File Report 2010-1136, 86 p. Data accessed from https://earthquake.usgs.gov/research/cpt/data/ on 05.29.2018.",
684,3911,1952,80.0,RCD001,-96.9739,46.4708,2004.8.25,766TC,,0.0,cm/s,0.0,,m,MPa,kPa,,,,"Holzer, TL, Noce, TE, and Bennett, MJ (2010). Maps and Documentation of Seismic CPT Soundings in the Central, Eastern, and Western United States, USGS Open-File Report 2010-1136, 86 p. Data accessed from https://earthquake.usgs.gov/research/cpt/data/ on 05.29.2018.",
685,3912,1953,80.0,RCD002,-97.0405,46.4708,2004.8.25,766TC,,0.0,cm/s,0.0,,m,MPa,kPa,,,,"Holzer, TL, Noce, TE, and Bennett, MJ (2010). Maps and Documentation of Seismic CPT Soundings in the Central, Eastern, and Western United States, USGS Open-File Report 2010-1136, 86 p. Data accessed from https://earthquake.usgs.gov/research/cpt/data/ on 05.29.2018.",
686,3913,1954,80.0,RCD004,-97.1554,46.4708,2004.8.25,766TC,,0.0,cm/s,0.0,,m,MPa,kPa,,,,"Holzer, TL, Noce, TE, and Bennett, MJ (2010). Maps and Documentation of Seismic CPT Soundings in the Central, Eastern, and Western United States, USGS Open-File Report 2010-1136, 86 p. Data accessed from https://earthquake.usgs.gov/research/cpt/data/ on 05.29.2018.",
687,3914,1955,80.0,RCD005,-97.2183,46.4273,2004.8.25,766TC,,0.0,cm/s,0.0,,m,MPa,kPa,,,,"Holzer, TL, Noce, TE, and Bennett, MJ (2010). Maps and Documentation of Seismic CPT Soundings in the Central, Eastern, and Western United States, USGS Open-File Report 2010-1136, 86 p. Data accessed from https://earthquake.usgs.gov/research/cpt/data/ on 05.29.2018.",
688,3915,1956,80.0,RCD006,-96.8937,46.4709,2004.8.26,766TC,,0.0,cm/s,0.0,,m,MPa,kPa,,,,"Holzer, TL, Noce, TE, and Bennett, MJ (2010). Maps and Documentation of Seismic CPT Soundings in the Central, Eastern, and Western United States, USGS Open-File Report 2010-1136, 86 p. Data accessed from https://earthquake.usgs.gov/research/cpt/data/ on 05.29.2018.",
689,3916,1957,80.0,RCD007,-97.1384,46.4706,2004.8.26,766TC,,0.0,cm/s,0.0,,m,MPa,kPa,,,,"Holzer, TL, Noce, TE, and Bennett, MJ (2010). Maps and Documentation of Seismic CPT Soundings in the Central, Eastern, and Western United States, USGS Open-File Report 2010-1136, 86 p. Data accessed from https://earthquake.usgs.gov/research/cpt/data/ on 05.29.2018.",
690,3917,1958,80.0,RCD008,-97.1763,46.4563,2004.8.26,766TC,,0.0,cm/s,0.0,,m,MPa,kPa,,,,"Holzer, TL, Noce, TE, and Bennett, MJ (2010). Maps and Documentation of Seismic CPT Soundings in the Central, Eastern, and Western United States, USGS Open-File Report 2010-1136, 86 p. Data accessed from https://earthquake.usgs.gov/research/cpt/data/ on 05.29.2018.",
691,3918,1959,80.0,RCD009,-97.2604,46.3982,2004.8.26,766TC,,0.0,cm/s,0.0,,m,MPa,kPa,,,,"Holzer, TL, Noce, TE, and Bennett, MJ (2010). Maps and Documentation of Seismic CPT Soundings in the Central, Eastern, and Western United States, USGS Open-File Report 2010-1136, 86 p. Data accessed from https://earthquake.usgs.gov/research/cpt/data/ on 05.29.2018.",
692,3919,1960,80.0,RCD010,-97.239,46.4128,2004.8.26,766TC,,0.0,cm/s,0.0,,m,MPa,kPa,,,,"Holzer, TL, Noce, TE, and Bennett, MJ (2010). Maps and Documentation of Seismic CPT Soundings in the Central, Eastern, and Western United States, USGS Open-File Report 2010-1136, 86 p. Data accessed from https://earthquake.usgs.gov/research/cpt/data/ on 05.29.2018.",
693,3920,1961,80.0,RCD011,-97.1973,46.4417,2004.8.27,766TC,,0.0,cm/s,0.0,,m,MPa,kPa,,,,"Holzer, TL, Noce, TE, and Bennett, MJ (2010). Maps and Documentation of Seismic CPT Soundings in the Central, Eastern, and Western United States, USGS Open-File Report 2010-1136, 86 p. Data accessed from https://earthquake.usgs.gov/research/cpt/data/ on 05.29.2018.",
694,3921,1962,80.0,RCD012,-97.1078,46.4705,2004.8.27,766TC,,0.0,cm/s,0.0,,m,MPa,kPa,,,,"Holzer, TL, Noce, TE, and Bennett, MJ (2010). Maps and Documentation of Seismic CPT Soundings in the Central, Eastern, and Western United States, USGS Open-File Report 2010-1136, 86 p. Data accessed from https://earthquake.usgs.gov/research/cpt/data/ on 05.29.2018.",
695,3922,1963,80.0,RCD013,-97.0935,46.4705,2004.8.27,766TC,,0.0,cm/s,0.0,,m,MPa,kPa,,,,"Holzer, TL, Noce, TE, and Bennett, MJ (2010). Maps and Documentation of Seismic CPT Soundings in the Central, Eastern, and Western United States, USGS Open-File Report 2010-1136, 86 p. Data accessed from https://earthquake.usgs.gov/research/cpt/data/ on 05.29.2018.",
696,3923,1964,80.0,RCD014,-97.0719,46.471,2004.8.27,766TC,,0.0,cm/s,0.0,,m,MPa,kPa,,,,"Holzer, TL, Noce, TE, and Bennett, MJ (2010). Maps and Documentation of Seismic CPT Soundings in the Central, Eastern, and Western United States, USGS Open-File Report 2010-1136, 86 p. Data accessed from https://earthquake.usgs.gov/research/cpt/data/ on 05.29.2018.",
697,3924,1965,80.0,RCD015,-97.0513,46.4707,2004.8.27,766TC,,0.0,cm/s,0.0,,m,MPa,kPa,,,,"Holzer, TL, Noce, TE, and Bennett, MJ (2010). Maps and Documentation of Seismic CPT Soundings in the Central, Eastern, and Western United States, USGS Open-File Report 2010-1136, 86 p. Data accessed from https://earthquake.usgs.gov/research/cpt/data/ on 05.29.2018.",
698,3925,1966,80.0,RCD016,-96.9183,46.4708,2004.8.28,766TC,,0.0,cm/s,0.0,,m,MPa,kPa,,,,"Holzer, TL, Noce, TE, and Bennett, MJ (2010). Maps and Documentation of Seismic CPT Soundings in the Central, Eastern, and Western United States, USGS Open-File Report 2010-1136, 86 p. Data accessed from https://earthquake.usgs.gov/research/cpt/data/ on 05.29.2018.",
699,3926,1967,80.0,RCD017,-96.9298,46.4707,2004.8.28,766TC,,0.0,cm/s,0.0,,m,MPa,kPa,,,,"Holzer, TL, Noce, TE, and Bennett, MJ (2010). Maps and Documentation of Seismic CPT Soundings in the Central, Eastern, and Western United States, USGS Open-File Report 2010-1136, 86 p. Data accessed from https://earthquake.usgs.gov/research/cpt/data/ on 05.29.2018.",
700,3927,1968,80.0,RCD018,-96.9419,46.4707,2004.8.28,766TC,,0.0,cm/s,0.0,,m,MPa,kPa,,,,"Holzer, TL, Noce, TE, and Bennett, MJ (2010). Maps and Documentation of Seismic CPT Soundings in the Central, Eastern, and Western United States, USGS Open-File Report 2010-1136, 86 p. Data accessed from https://earthquake.usgs.gov/research/cpt/data/ on 05.29.2018.",
701,3928,1969,80.0,RCD019,-96.9535,46.4707,2004.8.28,766TC,,0.0,cm/s,0.0,,m,MPa,kPa,,,,"Holzer, TL, Noce, TE, and Bennett, MJ (2010). Maps and Documentation of Seismic CPT Soundings in the Central, Eastern, and Western United States, USGS Open-File Report 2010-1136, 86 p. Data accessed from https://earthquake.usgs.gov/research/cpt/data/ on 05.29.2018.",
702,3929,1970,80.0,RCD020,-96.9889,46.4707,2004.8.28,766TC,,0.0,cm/s,0.0,,m,MPa,kPa,,,,"Holzer, TL, Noce, TE, and Bennett, MJ (2010). Maps and Documentation of Seismic CPT Soundings in the Central, Eastern, and Western United States, USGS Open-File Report 2010-1136, 86 p. Data accessed from https://earthquake.usgs.gov/research/cpt/data/ on 05.29.2018.",
703,3930,1971,80.0,RCD021,-97.0054,46.4708,2004.8.30,766TC,,0.0,cm/s,0.0,,m,MPa,kPa,,,,"Holzer, TL, Noce, TE, and Bennett, MJ (2010). Maps and Documentation of Seismic CPT Soundings in the Central, Eastern, and Western United States, USGS Open-File Report 2010-1136, 86 p. Data accessed from https://earthquake.usgs.gov/research/cpt/data/ on 05.29.2018.",
704,3931,1972,80.0,RCD022,-97.0203,46.4707,2004.8.30,766TC,,0.0,cm/s,0.0,,m,MPa,kPa,,,,"Holzer, TL, Noce, TE, and Bennett, MJ (2010). Maps and Documentation of Seismic CPT Soundings in the Central, Eastern, and Western United States, USGS Open-File Report 2010-1136, 86 p. Data accessed from https://earthquake.usgs.gov/research/cpt/data/ on 05.29.2018.",
705,3932,1973,80.0,RCD023,-97.1693,46.4707,2004.8.30,766TC,,0.0,cm/s,0.0,,m,MPa,kPa,,,,"Holzer, TL, Noce, TE, and Bennett, MJ (2010). Maps and Documentation of Seismic CPT Soundings in the Central, Eastern, and Western United States, USGS Open-File Report 2010-1136, 86 p. Data accessed from https://earthquake.usgs.gov/research/cpt/data/ on 05.29.2018.",
706,3933,1974,80.0,RCD024,-97.1836,46.4707,2004.8.30,766TC,,0.0,cm/s,0.0,,m,MPa,kPa,,,,"Holzer, TL, Noce, TE, and Bennett, MJ (2010). Maps and Documentation of Seismic CPT Soundings in the Central, Eastern, and Western United States, USGS Open-File Report 2010-1136, 86 p. Data accessed from https://earthquake.usgs.gov/research/cpt/data/ on 05.29.2018.",
707,3934,1975,80.0,RCD025,-97.2749,46.3982,2004.8.30,766TC,,0.0,cm/s,0.0,,m,MPa,kPa,,,,"Holzer, TL, Noce, TE, and Bennett, MJ (2010). Maps and Documentation of Seismic CPT Soundings in the Central, Eastern, and Western United States, USGS Open-File Report 2010-1136, 86 p. Data accessed from https://earthquake.usgs.gov/research/cpt/data/ on 05.29.2018.",
708,3935,1976,80.0,RCD026,-97.2476,46.3983,2004.8.31,766TC,,0.0,cm/s,0.0,,m,MPa,kPa,,,,"Holzer, TL, Noce, TE, and Bennett, MJ (2010). Maps and Documentation of Seismic CPT Soundings in the Central, Eastern, and Western United States, USGS Open-File Report 2010-1136, 86 p. Data accessed from https://earthquake.usgs.gov/research/cpt/data/ on 05.29.2018.",
709,3936,1977,80.0,RCD027,-97.2346,46.3983,2004.8.31,766TC,,0.0,cm/s,0.0,,m,MPa,kPa,,,,"Holzer, TL, Noce, TE, and Bennett, MJ (2010). Maps and Documentation of Seismic CPT Soundings in the Central, Eastern, and Western United States, USGS Open-File Report 2010-1136, 86 p. Data accessed from https://earthquake.usgs.gov/research/cpt/data/ on 05.29.2018.",
710,3937,1978,80.0,RCD028,-97.2207,46.3983,2004.8.31,766TC,,0.0,cm/s,0.0,,m,MPa,kPa,,,,"Holzer, TL, Noce, TE, and Bennett, MJ (2010). Maps and Documentation of Seismic CPT Soundings in the Central, Eastern, and Western United States, USGS Open-File Report 2010-1136, 86 p. Data accessed from https://earthquake.usgs.gov/research/cpt/data/ on 05.29.2018.",
711,3938,1979,80.0,RCD029,-97.2081,46.3984,2004.8.31,766TC,,0.0,cm/s,0.0,,m,MPa,kPa,,,,"Holzer, TL, Noce, TE, and Bennett, MJ (2010). Maps and Documentation of Seismic CPT Soundings in the Central, Eastern, and Western United States, USGS Open-File Report 2010-1136, 86 p. Data accessed from https://earthquake.usgs.gov/research/cpt/data/ on 05.29.2018.",
712,3939,1980,80.0,RCD030,-97.1808,46.3984,2004.8.31,766TC,,0.0,cm/s,0.0,,m,MPa,kPa,,,,"Holzer, TL, Noce, TE, and Bennett, MJ (2010). Maps and Documentation of Seismic CPT Soundings in the Central, Eastern, and Western United States, USGS Open-File Report 2010-1136, 86 p. Data accessed from https://earthquake.usgs.gov/research/cpt/data/ on 05.29.2018.",
713,3940,1981,80.0,RCD031,-97.1623,46.3983,2004.9.1,766TC,,0.0,cm/s,0.0,,m,MPa,kPa,,,,"Holzer, TL, Noce, TE, and Bennett, MJ (2010). Maps and Documentation of Seismic CPT Soundings in the Central, Eastern, and Western United States, USGS Open-File Report 2010-1136, 86 p. Data accessed from https://earthquake.usgs.gov/research/cpt/data/ on 05.29.2018.",
714,3941,1982,80.0,RCD032,-97.1491,46.3983,2004.9.1,766TC,,0.0,cm/s,0.0,,m,MPa,kPa,,,,"Holzer, TL, Noce, TE, and Bennett, MJ (2010). Maps and Documentation of Seismic CPT Soundings in the Central, Eastern, and Western United States, USGS Open-File Report 2010-1136, 86 p. Data accessed from https://earthquake.usgs.gov/research/cpt/data/ on 05.29.2018.",
715,3942,1983,80.0,RCD033,-97.1353,46.3983,2004.9.1,766TC,,0.0,cm/s,0.0,,m,MPa,kPa,,,,"Holzer, TL, Noce, TE, and Bennett, MJ (2010). Maps and Documentation of Seismic CPT Soundings in the Central, Eastern, and Western United States, USGS Open-File Report 2010-1136, 86 p. Data accessed from https://earthquake.usgs.gov/research/cpt/data/ on 05.29.2018.",
716,3943,1984,80.0,RCD034,-97.124,46.3983,2004.9.1,766TC,,0.0,cm/s,0.0,,m,MPa,kPa,,,,"Holzer, TL, Noce, TE, and Bennett, MJ (2010). Maps and Documentation of Seismic CPT Soundings in the Central, Eastern, and Western United States, USGS Open-File Report 2010-1136, 86 p. Data accessed from https://earthquake.usgs.gov/research/cpt/data/ on 05.29.2018.",
717,3944,1985,80.0,RCD035,-97.1108,46.3983,2004.9.1,766TC,,0.0,cm/s,0.0,,m,MPa,kPa,,,,"Holzer, TL, Noce, TE, and Bennett, MJ (2010). Maps and Documentation of Seismic CPT Soundings in the Central, Eastern, and Western United States, USGS Open-File Report 2010-1136, 86 p. Data accessed from https://earthquake.usgs.gov/research/cpt/data/ on 05.29.2018.",
718,3945,1986,80.0,RCD036,-97.0965,46.3982,2004.9.2,766TC,,0.0,cm/s,0.0,,m,MPa,kPa,,,,"Holzer, TL, Noce, TE, and Bennett, MJ (2010). Maps and Documentation of Seismic CPT Soundings in the Central, Eastern, and Western United States, USGS Open-File Report 2010-1136, 86 p. Data accessed from https://earthquake.usgs.gov/research/cpt/data/ on 05.29.2018.",
719,3946,1987,80.0,RCD037,-97.0717,46.3956,2004.9.2,766TC,,0.0,cm/s,0.0,,m,MPa,kPa,,,,"Holzer, TL, Noce, TE, and Bennett, MJ (2010). Maps and Documentation of Seismic CPT Soundings in the Central, Eastern, and Western United States, USGS Open-File Report 2010-1136, 86 p. Data accessed from https://earthquake.usgs.gov/research/cpt/data/ on 05.29.2018.",
720,3947,1988,80.0,RCD038,-97.0602,46.3836,2004.9.2,766TC,,0.0,cm/s,0.0,,m,MPa,kPa,,,,"Holzer, TL, Noce, TE, and Bennett, MJ (2010). Maps and Documentation of Seismic CPT Soundings in the Central, Eastern, and Western United States, USGS Open-File Report 2010-1136, 86 p. Data accessed from https://earthquake.usgs.gov/research/cpt/data/ on 05.29.2018.",
721,3948,1989,80.0,RCD039,-97.0441,46.3836,2004.9.2,766TC,,0.0,cm/s,0.0,,m,MPa,kPa,,,,"Holzer, TL, Noce, TE, and Bennett, MJ (2010). Maps and Documentation of Seismic CPT Soundings in the Central, Eastern, and Western United States, USGS Open-File Report 2010-1136, 86 p. Data accessed from https://earthquake.usgs.gov/research/cpt/data/ on 05.29.2018.",
722,3949,1990,80.0,RCD040,-97.0294,46.3836,2004.9.2,766TC,,0.0,cm/s,0.0,,m,MPa,kPa,,,,"Holzer, TL, Noce, TE, and Bennett, MJ (2010). Maps and Documentation of Seismic CPT Soundings in the Central, Eastern, and Western United States, USGS Open-File Report 2010-1136, 86 p. Data accessed from https://earthquake.usgs.gov/research/cpt/data/ on 05.29.2018.",
723,3950,1991,80.0,RCD041,-97.2185,46.3838,2004.9.2,766TC,,0.0,cm/s,0.0,,m,MPa,kPa,,,,"Holzer, TL, Noce, TE, and Bennett, MJ (2010). Maps and Documentation of Seismic CPT Soundings in the Central, Eastern, and Western United States, USGS Open-File Report 2010-1136, 86 p. Data accessed from https://earthquake.usgs.gov/research/cpt/data/ on 05.29.2018.",
724,3951,1992,80.0,RCD042,-97.0096,46.3835,2004.9.3,766TC,,0.0,cm/s,0.0,,m,MPa,kPa,,,,"Holzer, TL, Noce, TE, and Bennett, MJ (2010). Maps and Documentation of Seismic CPT Soundings in the Central, Eastern, and Western United States, USGS Open-File Report 2010-1136, 86 p. Data accessed from https://earthquake.usgs.gov/research/cpt/data/ on 05.29.2018.",
725,3952,1993,80.0,RCD043,-96.9955,46.3837,2004.9.3,766TC,,0.0,cm/s,0.0,,m,MPa,kPa,,,,"Holzer, TL, Noce, TE, and Bennett, MJ (2010). Maps and Documentation of Seismic CPT Soundings in the Central, Eastern, and Western United States, USGS Open-File Report 2010-1136, 86 p. Data accessed from https://earthquake.usgs.gov/research/cpt/data/ on 05.29.2018.",
726,3953,1994,80.0,RCD044,-96.9837,46.3836,2004.9.3,766TC,,0.0,cm/s,0.0,,m,MPa,kPa,,,,"Holzer, TL, Noce, TE, and Bennett, MJ (2010). Maps and Documentation of Seismic CPT Soundings in the Central, Eastern, and Western United States, USGS Open-File Report 2010-1136, 86 p. Data accessed from https://earthquake.usgs.gov/research/cpt/data/ on 05.29.2018.",
727,3954,1995,80.0,RCD045,-96.9566,46.3838,2004.9.3,766TC,,0.0,cm/s,0.0,,m,MPa,kPa,,,,"Holzer, TL, Noce, TE, and Bennett, MJ (2010). Maps and Documentation of Seismic CPT Soundings in the Central, Eastern, and Western United States, USGS Open-File Report 2010-1136, 86 p. Data accessed from https://earthquake.usgs.gov/research/cpt/data/ on 05.29.2018.",
728,3955,1996,80.0,RCD046,-97.2183,46.4127,2004.9.3,766TC,,0.0,cm/s,0.0,,m,MPa,kPa,,,,"Holzer, TL, Noce, TE, and Bennett, MJ (2010). Maps and Documentation of Seismic CPT Soundings in the Central, Eastern, and Western United States, USGS Open-File Report 2010-1136, 86 p. Data accessed from https://earthquake.usgs.gov/research/cpt/data/ on 05.29.2018.",
729,3956,1997,80.0,RCD047,-96.9359,46.3837,2004.9.4,766TC,,0.0,cm/s,0.0,,m,MPa,kPa,,,,"Holzer, TL, Noce, TE, and Bennett, MJ (2010). Maps and Documentation of Seismic CPT Soundings in the Central, Eastern, and Western United States, USGS Open-File Report 2010-1136, 86 p. Data accessed from https://earthquake.usgs.gov/research/cpt/data/ on 05.29.2018.",
730,3957,1998,80.0,RCD048,-96.9152,46.3837,2004.9.4,766TC,,0.0,cm/s,0.0,,m,MPa,kPa,,,,"Holzer, TL, Noce, TE, and Bennett, MJ (2010). Maps and Documentation of Seismic CPT Soundings in the Central, Eastern, and Western United States, USGS Open-File Report 2010-1136, 86 p. Data accessed from https://earthquake.usgs.gov/research/cpt/data/ on 05.29.2018.",
731,3958,1999,80.0,RCD049,-96.8963,46.3837,2004.9.4,766TC,,0.0,cm/s,0.0,,m,MPa,kPa,,,,"Holzer, TL, Noce, TE, and Bennett, MJ (2010). Maps and Documentation of Seismic CPT Soundings in the Central, Eastern, and Western United States, USGS Open-File Report 2010-1136, 86 p. Data accessed from https://earthquake.usgs.gov/research/cpt/data/ on 05.29.2018.",
732,3959,2000,80.0,RCD050,-96.8721,46.3839,2004.9.4,766TC,,0.0,cm/s,0.0,,m,MPa,kPa,,,,"Holzer, TL, Noce, TE, and Bennett, MJ (2010). Maps and Documentation of Seismic CPT Soundings in the Central, Eastern, and Western United States, USGS Open-File Report 2010-1136, 86 p. Data accessed from https://earthquake.usgs.gov/research/cpt/data/ on 05.29.2018.",
733,3960,2001,80.0,RCD051,-96.835,46.3839,2004.9.4,766TC,,0.0,cm/s,0.0,,m,MPa,kPa,,,,"Holzer, TL, Noce, TE, and Bennett, MJ (2010). Maps and Documentation of Seismic CPT Soundings in the Central, Eastern, and Western United States, USGS Open-File Report 2010-1136, 86 p. Data accessed from https://earthquake.usgs.gov/research/cpt/data/ on 05.29.2018.",
734,3961,2002,80.0,RCD052,-96.8345,46.471,2008.9.8,DDG0766,,0.0,cm/s,0.0,,m,MPa,kPa,,,,"Holzer, TL, Noce, TE, and Bennett, MJ (2010). Maps and Documentation of Seismic CPT Soundings in the Central, Eastern, and Western United States, USGS Open-File Report 2010-1136, 86 p. Data accessed from https://earthquake.usgs.gov/research/cpt/data/ on 05.29.2018.",
735,3962,2003,80.0,RCD053,-96.7478,46.4999,2008.9.8,DDG0766,,0.0,cm/s,0.0,,m,MPa,kPa,,,,"Holzer, TL, Noce, TE, and Bennett, MJ (2010). Maps and Documentation of Seismic CPT Soundings in the Central, Eastern, and Western United States, USGS Open-File Report 2010-1136, 86 p. Data accessed from https://earthquake.usgs.gov/research/cpt/data/ on 05.29.2018.",
736,3963,2004,80.0,RCD054,-96.7853,46.4999,2008.9.8,DDG0766,,0.0,cm/s,0.0,,m,MPa,kPa,,,,"Holzer, TL, Noce, TE, and Bennett, MJ (2010). Maps and Documentation of Seismic CPT Soundings in the Central, Eastern, and Western United States, USGS Open-File Report 2010-1136, 86 p. Data accessed from https://earthquake.usgs.gov/research/cpt/data/ on 05.29.2018.",
737,3964,2005,80.0,RCD055,-96.8277,46.4999,2008.9.8,DDG0766,,0.0,cm/s,0.0,,m,MPa,kPa,,,,"Holzer, TL, Noce, TE, and Bennett, MJ (2010). Maps and Documentation of Seismic CPT Soundings in the Central, Eastern, and Western United States, USGS Open-File Report 2010-1136, 86 p. Data accessed from https://earthquake.usgs.gov/research/cpt/data/ on 05.29.2018.",
738,3965,2006,80.0,RCD056,-96.8414,46.4889,2008.9.8,DDG0766,,0.0,cm/s,0.0,,m,MPa,kPa,,,,"Holzer, TL, Noce, TE, and Bennett, MJ (2010). Maps and Documentation of Seismic CPT Soundings in the Central, Eastern, and Western United States, USGS Open-File Report 2010-1136, 86 p. Data accessed from https://earthquake.usgs.gov/research/cpt/data/ on 05.29.2018.",
739,3966,2007,80.0,RCD057,-96.82,46.4706,2008.9.11,DDG0766,,0.0,cm/s,0.0,,m,MPa,kPa,,,,"Holzer, TL, Noce, TE, and Bennett, MJ (2010). Maps and Documentation of Seismic CPT Soundings in the Central, Eastern, and Western United States, USGS Open-File Report 2010-1136, 86 p. Data accessed from https://earthquake.usgs.gov/research/cpt/data/ on 05.29.2018.",
740,3967,2008,80.0,RCD058,-96.7991,46.4711,2008.9.11,DDG0766,,0.0,cm/s,0.0,,m,MPa,kPa,,,,"Holzer, TL, Noce, TE, and Bennett, MJ (2010). Maps and Documentation of Seismic CPT Soundings in the Central, Eastern, and Western United States, USGS Open-File Report 2010-1136, 86 p. Data accessed from https://earthquake.usgs.gov/research/cpt/data/ on 05.29.2018.",
741,3968,2009,80.0,RCD059,-96.8203,46.485,2008.9.11,DDG0766,,0.0,cm/s,0.0,,m,MPa,kPa,,,,"Holzer, TL, Noce, TE, and Bennett, MJ (2010). Maps and Documentation of Seismic CPT Soundings in the Central, Eastern, and Western United States, USGS Open-File Report 2010-1136, 86 p. Data accessed from https://earthquake.usgs.gov/research/cpt/data/ on 05.29.2018.",
742,3969,2010,80.0,RCD060,-96.8411,46.4782,2008.9.11,DDG0766,,0.0,cm/s,0.0,,m,MPa,kPa,,,,"Holzer, TL, Noce, TE, and Bennett, MJ (2010). Maps and Documentation of Seismic CPT Soundings in the Central, Eastern, and Western United States, USGS Open-File Report 2010-1136, 86 p. Data accessed from https://earthquake.usgs.gov/research/cpt/data/ on 05.29.2018.",
743,3970,2011,80.0,RCD061,-96.7361,46.4708,2008.9.12,DDG0770,,0.0,cm/s,0.0,,m,MPa,kPa,,,,"Holzer, TL, Noce, TE, and Bennett, MJ (2010). Maps and Documentation of Seismic CPT Soundings in the Central, Eastern, and Western United States, USGS Open-File Report 2010-1136, 86 p. Data accessed from https://earthquake.usgs.gov/research/cpt/data/ on 05.29.2018.",
744,3971,2012,80.0,RCD062,-96.7515,46.4708,2008.9.12,DDG0770,,0.0,cm/s,0.0,,m,MPa,kPa,,,,"Holzer, TL, Noce, TE, and Bennett, MJ (2010). Maps and Documentation of Seismic CPT Soundings in the Central, Eastern, and Western United States, USGS Open-File Report 2010-1136, 86 p. Data accessed from https://earthquake.usgs.gov/research/cpt/data/ on 05.29.2018.",
745,3972,2013,80.0,RCD063,-96.7709,46.4708,2008.9.12,DDG0770,,0.0,cm/s,0.0,,m,MPa,kPa,,,,"Holzer, TL, Noce, TE, and Bennett, MJ (2010). Maps and Documentation of Seismic CPT Soundings in the Central, Eastern, and Western United States, USGS Open-File Report 2010-1136, 86 p. Data accessed from https://earthquake.usgs.gov/research/cpt/data/ on 05.29.2018.",
746,3973,2014,80.0,RCD064,-96.7426,46.4275,2008.9.12,DDG0770,,0.0,cm/s,0.0,,m,MPa,kPa,,,,"Holzer, TL, Noce, TE, and Bennett, MJ (2010). Maps and Documentation of Seismic CPT Soundings in the Central, Eastern, and Western United States, USGS Open-File Report 2010-1136, 86 p. Data accessed from https://earthquake.usgs.gov/research/cpt/data/ on 05.29.2018.",
747,3974,2015,80.0,RCD065,-96.7611,46.4275,2008.9.12,DDG0770,,0.0,cm/s,0.0,,m,MPa,kPa,,,,"Holzer, TL, Noce, TE, and Bennett, MJ (2010). Maps and Documentation of Seismic CPT Soundings in the Central, Eastern, and Western United States, USGS Open-File Report 2010-1136, 86 p. Data accessed from https://earthquake.usgs.gov/research/cpt/data/ on 05.29.2018.",
748,3975,2016,80.0,RCD066,-96.7936,46.4275,2008.9.12,DDG0770,,0.0,cm/s,0.0,,m,MPa,kPa,,,,"Holzer, TL, Noce, TE, and Bennett, MJ (2010). Maps and Documentation of Seismic CPT Soundings in the Central, Eastern, and Western United States, USGS Open-File Report 2010-1136, 86 p. Data accessed from https://earthquake.usgs.gov/research/cpt/data/ on 05.29.2018.",
749,3976,2017,80.0,RCD067,-96.8257,46.4275,2008.9.13,DDG0770,,0.0,cm/s,0.0,,m,MPa,kPa,,,,"Holzer, TL, Noce, TE, and Bennett, MJ (2010). Maps and Documentation of Seismic CPT Soundings in the Central, Eastern, and Western United States, USGS Open-File Report 2010-1136, 86 p. Data accessed from https://earthquake.usgs.gov/research/cpt/data/ on 05.29.2018.",
750,3977,2018,80.0,RCD068,-96.8197,46.4201,2008.9.13,DDG0770,,0.0,cm/s,0.0,,m,MPa,kPa,,,,"Holzer, TL, Noce, TE, and Bennett, MJ (2010). Maps and Documentation of Seismic CPT Soundings in the Central, Eastern, and Western United States, USGS Open-File Report 2010-1136, 86 p. Data accessed from https://earthquake.usgs.gov/research/cpt/data/ on 05.29.2018.",
751,3978,2019,80.0,RCD069,-96.8198,46.4055,2008.9.13,DDG0770,,0.0,cm/s,0.0,,m,MPa,kPa,,,,"Holzer, TL, Noce, TE, and Bennett, MJ (2010). Maps and Documentation of Seismic CPT Soundings in the Central, Eastern, and Western United States, USGS Open-File Report 2010-1136, 86 p. Data accessed from https://earthquake.usgs.gov/research/cpt/data/ on 05.29.2018.",
752,3979,2020,80.0,RCD070,-96.8284,46.3984,2008.9.13,DDG0770,,0.0,cm/s,0.0,,m,MPa,kPa,,,,"Holzer, TL, Noce, TE, and Bennett, MJ (2010). Maps and Documentation of Seismic CPT Soundings in the Central, Eastern, and Western United States, USGS Open-File Report 2010-1136, 86 p. Data accessed from https://earthquake.usgs.gov/research/cpt/data/ on 05.29.2018.",
753,3980,2021,80.0,RCD071,-96.809,46.4274,2008.9.13,DDG0770,,0.0,cm/s,0.0,,m,MPa,kPa,,,,"Holzer, TL, Noce, TE, and Bennett, MJ (2010). Maps and Documentation of Seismic CPT Soundings in the Central, Eastern, and Western United States, USGS Open-File Report 2010-1136, 86 p. Data accessed from https://earthquake.usgs.gov/research/cpt/data/ on 05.29.2018.",
754,3981,2022,80.0,RCD072,-96.8205,46.4927,2008.9.14,DDG0770,,0.0,cm/s,0.0,,m,MPa,kPa,,,,"Holzer, TL, Noce, TE, and Bennett, MJ (2010). Maps and Documentation of Seismic CPT Soundings in the Central, Eastern, and Western United States, USGS Open-File Report 2010-1136, 86 p. Data accessed from https://earthquake.usgs.gov/research/cpt/data/ on 05.29.2018.",
755,3982,2023,80.0,RCD073,-96.7682,46.4999,2008.9.14,DDG0770,,0.0,cm/s,0.0,,m,MPa,kPa,,,,"Holzer, TL, Noce, TE, and Bennett, MJ (2010). Maps and Documentation of Seismic CPT Soundings in the Central, Eastern, and Western United States, USGS Open-File Report 2010-1136, 86 p. Data accessed from https://earthquake.usgs.gov/research/cpt/data/ on 05.29.2018.",
756,3983,2024,80.0,RCD074,-96.7428,46.4564,2008.9.14,DDG0770,,0.0,cm/s,0.0,,m,MPa,kPa,,,,"Holzer, TL, Noce, TE, and Bennett, MJ (2010). Maps and Documentation of Seismic CPT Soundings in the Central, Eastern, and Western United States, USGS Open-File Report 2010-1136, 86 p. Data accessed from https://earthquake.usgs.gov/research/cpt/data/ on 05.29.2018.",
757,3984,2025,80.0,RCD075,-96.7465,46.4418,2008.9.14,DDG0770,,0.0,cm/s,0.0,,m,MPa,kPa,,,,"Holzer, TL, Noce, TE, and Bennett, MJ (2010). Maps and Documentation of Seismic CPT Soundings in the Central, Eastern, and Western United States, USGS Open-File Report 2010-1136, 86 p. Data accessed from https://earthquake.usgs.gov/research/cpt/data/ on 05.29.2018.",
758,3985,2026,80.0,RCD076,-96.7987,46.4183,2008.9.14,DDG0770,,0.0,cm/s,0.0,,m,MPa,kPa,,,,"Holzer, TL, Noce, TE, and Bennett, MJ (2010). Maps and Documentation of Seismic CPT Soundings in the Central, Eastern, and Western United States, USGS Open-File Report 2010-1136, 86 p. Data accessed from https://earthquake.usgs.gov/research/cpt/data/ on 05.29.2018.",
759,3986,2027,80.0,RDC003,-97.124,46.4706,2004.8.25,766TC,,0.0,cm/s,0.0,,m,MPa,kPa,,,,"Holzer, TL, Noce, TE, and Bennett, MJ (2010). Maps and Documentation of Seismic CPT Soundings in the Central, Eastern, and Western United States, USGS Open-File Report 2010-1136, 86 p. Data accessed from https://earthquake.usgs.gov/research/cpt/data/ on 05.29.2018.",
760,3987,2028,80.0,SBC001,-117.3,34.0626,2001.3.8,660,,0.0,cm/s,0.0,,m,MPa,kPa,,,,"Holzer, TL, Noce, TE, and Bennett, MJ (2010). Maps and Documentation of Seismic CPT Soundings in the Central, Eastern, and Western United States, USGS Open-File Report 2010-1136, 86 p. Data accessed from https://earthquake.usgs.gov/research/cpt/data/ on 05.29.2018.",
761,3988,2029,80.0,SBC002,-117.217,34.0522,2001.3.8,660,,0.0,cm/s,0.0,,m,MPa,kPa,,,,"Holzer, TL, Noce, TE, and Bennett, MJ (2010). Maps and Documentation of Seismic CPT Soundings in the Central, Eastern, and Western United States, USGS Open-File Report 2010-1136, 86 p. Data accessed from https://earthquake.usgs.gov/research/cpt/data/ on 05.29.2018.",
762,3989,2030,80.0,SBC003,-117.155,34.081,2001.3.8,660,,0.0,cm/s,0.0,,m,MPa,kPa,,,,"Holzer, TL, Noce, TE, and Bennett, MJ (2010). Maps and Documentation of Seismic CPT Soundings in the Central, Eastern, and Western United States, USGS Open-File Report 2010-1136, 86 p. Data accessed from https://earthquake.usgs.gov/research/cpt/data/ on 05.29.2018.",
763,3990,2031,80.0,SBC004,-117.178,34.0812,2001.3.8,660,,0.0,cm/s,0.0,,m,MPa,kPa,,,,"Holzer, TL, Noce, TE, and Bennett, MJ (2010). Maps and Documentation of Seismic CPT Soundings in the Central, Eastern, and Western United States, USGS Open-File Report 2010-1136, 86 p. Data accessed from https://earthquake.usgs.gov/research/cpt/data/ on 05.29.2018.",
764,3991,2032,80.0,SBC005,-117.216,34.0776,2001.3.9,660,,0.0,cm/s,0.0,,m,MPa,kPa,,,,"Holzer, TL, Noce, TE, and Bennett, MJ (2010). Maps and Documentation of Seismic CPT Soundings in the Central, Eastern, and Western United States, USGS Open-File Report 2010-1136, 86 p. Data accessed from https://earthquake.usgs.gov/research/cpt/data/ on 05.29.2018.",
765,3992,2033,80.0,SBC006,-117.226,34.0557,2001.3.9,660,,0.0,cm/s,0.0,,m,MPa,kPa,,,,"Holzer, TL, Noce, TE, and Bennett, MJ (2010). Maps and Documentation of Seismic CPT Soundings in the Central, Eastern, and Western United States, USGS Open-File Report 2010-1136, 86 p. Data accessed from https://earthquake.usgs.gov/research/cpt/data/ on 05.29.2018.",
766,3993,2034,80.0,SBC007,-117.168,34.0048,2001.3.9,660,,0.0,cm/s,0.0,,m,MPa,kPa,,,,"Holzer, TL, Noce, TE, and Bennett, MJ (2010). Maps and Documentation of Seismic CPT Soundings in the Central, Eastern, and Western United States, USGS Open-File Report 2010-1136, 86 p. Data accessed from https://earthquake.usgs.gov/research/cpt/data/ on 05.29.2018.",
767,3994,2035,80.0,SBC008,-117.189,34.0187,2001.3.9,660,,0.0,cm/s,0.0,,m,MPa,kPa,,,,"Holzer, TL, Noce, TE, and Bennett, MJ (2010). Maps and Documentation of Seismic CPT Soundings in the Central, Eastern, and Western United States, USGS Open-File Report 2010-1136, 86 p. Data accessed from https://earthquake.usgs.gov/research/cpt/data/ on 05.29.2018.",
768,3995,2036,80.0,SBC009,-117.203,34.0275,2001.3.9,660,,0.0,cm/s,0.0,,m,MPa,kPa,,,,"Holzer, TL, Noce, TE, and Bennett, MJ (2010). Maps and Documentation of Seismic CPT Soundings in the Central, Eastern, and Western United States, USGS Open-File Report 2010-1136, 86 p. Data accessed from https://earthquake.usgs.gov/research/cpt/data/ on 05.29.2018.",
769,3996,2037,80.0,SBC010,-117.343,34.145,2001.3.10,660,,0.0,cm/s,0.0,,m,MPa,kPa,,,,"Holzer, TL, Noce, TE, and Bennett, MJ (2010). Maps and Documentation of Seismic CPT Soundings in the Central, Eastern, and Western United States, USGS Open-File Report 2010-1136, 86 p. Data accessed from https://earthquake.usgs.gov/research/cpt/data/ on 05.29.2018.",
770,3997,2038,80.0,SBC011,-117.385,34.1491,2001.3.10,660,,0.0,cm/s,0.0,,m,MPa,kPa,,,,"Holzer, TL, Noce, TE, and Bennett, MJ (2010). Maps and Documentation of Seismic CPT Soundings in the Central, Eastern, and Western United States, USGS Open-File Report 2010-1136, 86 p. Data accessed from https://earthquake.usgs.gov/research/cpt/data/ on 05.29.2018.",
771,3998,2039,80.0,SBC012,-117.359,34.1284,2001.3.10,660,,0.0,cm/s,0.0,,m,MPa,kPa,,,,"Holzer, TL, Noce, TE, and Bennett, MJ (2010). Maps and Documentation of Seismic CPT Soundings in the Central, Eastern, and Western United States, USGS Open-File Report 2010-1136, 86 p. Data accessed from https://earthquake.usgs.gov/research/cpt/data/ on 05.29.2018.",
772,3999,2040,80.0,SBC013,-117.279,34.1635,2001.3.12,660,,0.0,cm/s,0.0,,m,MPa,kPa,,,,"Holzer, TL, Noce, TE, and Bennett, MJ (2010). Maps and Documentation of Seismic CPT Soundings in the Central, Eastern, and Western United States, USGS Open-File Report 2010-1136, 86 p. Data accessed from https://earthquake.usgs.gov/research/cpt/data/ on 05.29.2018.",
773,4000,2041,80.0,SBC014,-117.282,34.1493,2001.3.12,660,,0.0,cm/s,0.0,,m,MPa,kPa,,,,"Holzer, TL, Noce, TE, and Bennett, MJ (2010). Maps and Documentation of Seismic CPT Soundings in the Central, Eastern, and Western United States, USGS Open-File Report 2010-1136, 86 p. Data accessed from https://earthquake.usgs.gov/research/cpt/data/ on 05.29.2018.",
774,4001,2042,80.0,SBC015,-117.311,34.114,2001.3.12,660,,0.0,cm/s,0.0,,m,MPa,kPa,,,,"Holzer, TL, Noce, TE, and Bennett, MJ (2010). Maps and Documentation of Seismic CPT Soundings in the Central, Eastern, and Western United States, USGS Open-File Report 2010-1136, 86 p. Data accessed from https://earthquake.usgs.gov/research/cpt/data/ on 05.29.2018.",
775,4002,2043,80.0,SBC016,-117.344,34.1075,2001.3.12,660,,0.0,cm/s,0.0,,m,MPa,kPa,,,,"Holzer, TL, Noce, TE, and Bennett, MJ (2010). Maps and Documentation of Seismic CPT Soundings in the Central, Eastern, and Western United States, USGS Open-File Report 2010-1136, 86 p. Data accessed from https://earthquake.usgs.gov/research/cpt/data/ on 05.29.2018.",
776,4003,2044,80.0,SBC017,-117.283,34.1074,2001.3.14,660,,0.0,cm/s,0.0,,m,MPa,kPa,,,,"Holzer, TL, Noce, TE, and Bennett, MJ (2010). Maps and Documentation of Seismic CPT Soundings in the Central, Eastern, and Western United States, USGS Open-File Report 2010-1136, 86 p. Data accessed from https://earthquake.usgs.gov/research/cpt/data/ on 05.29.2018.",
777,4004,2045,80.0,SBC018,-117.255,34.1032,2001.3.14,660,,0.0,cm/s,0.0,,m,MPa,kPa,,,,"Holzer, TL, Noce, TE, and Bennett, MJ (2010). Maps and Documentation of Seismic CPT Soundings in the Central, Eastern, and Western United States, USGS Open-File Report 2010-1136, 86 p. Data accessed from https://earthquake.usgs.gov/research/cpt/data/ on 05.29.2018.",
778,4005,2046,80.0,SBC019,-117.263,34.0712,2001.3.14,660,,0.0,cm/s,0.0,,m,MPa,kPa,,,,"Holzer, TL, Noce, TE, and Bennett, MJ (2010). Maps and Documentation of Seismic CPT Soundings in the Central, Eastern, and Western United States, USGS Open-File Report 2010-1136, 86 p. Data accessed from https://earthquake.usgs.gov/research/cpt/data/ on 05.29.2018.",
779,4006,2047,80.0,SBC020,-117.295,34.0775,2001.3.15,660,,0.0,cm/s,0.0,,m,MPa,kPa,,,,"Holzer, TL, Noce, TE, and Bennett, MJ (2010). Maps and Documentation of Seismic CPT Soundings in the Central, Eastern, and Western United States, USGS Open-File Report 2010-1136, 86 p. Data accessed from https://earthquake.usgs.gov/research/cpt/data/ on 05.29.2018.",
780,4007,2048,80.0,SBC021,-117.302,34.0865,2001.3.15,660,,0.0,cm/s,0.0,,m,MPa,kPa,,,,"Holzer, TL, Noce, TE, and Bennett, MJ (2010). Maps and Documentation of Seismic CPT Soundings in the Central, Eastern, and Western United States, USGS Open-File Report 2010-1136, 86 p. Data accessed from https://earthquake.usgs.gov/research/cpt/data/ on 05.29.2018.",
781,4008,2049,80.0,SBC022,-117.197,34.0806,2001.3.22,660,,0.0,cm/s,0.0,,m,MPa,kPa,,,,"Holzer, TL, Noce, TE, and Bennett, MJ (2010). Maps and Documentation of Seismic CPT Soundings in the Central, Eastern, and Western United States, USGS Open-File Report 2010-1136, 86 p. Data accessed from https://earthquake.usgs.gov/research/cpt/data/ on 05.29.2018.",
782,4009,2050,80.0,SBC023,-117.243,34.0745,2001.3.22,660,,0.0,cm/s,0.0,,m,MPa,kPa,,,,"Holzer, TL, Noce, TE, and Bennett, MJ (2010). Maps and Documentation of Seismic CPT Soundings in the Central, Eastern, and Western United States, USGS Open-File Report 2010-1136, 86 p. Data accessed from https://earthquake.usgs.gov/research/cpt/data/ on 05.29.2018.",
783,4010,2051,80.0,SBC024,-117.211,34.0376,2001.3.22,660,,0.0,cm/s,0.0,,m,MPa,kPa,,,,"Holzer, TL, Noce, TE, and Bennett, MJ (2010). Maps and Documentation of Seismic CPT Soundings in the Central, Eastern, and Western United States, USGS Open-File Report 2010-1136, 86 p. Data accessed from https://earthquake.usgs.gov/research/cpt/data/ on 05.29.2018.",
784,4011,2052,80.0,SBC025,-117.221,34.0461,2001.3.22,660,,0.0,cm/s,0.0,,m,MPa,kPa,,,,"Holzer, TL, Noce, TE, and Bennett, MJ (2010). Maps and Documentation of Seismic CPT Soundings in the Central, Eastern, and Western United States, USGS Open-File Report 2010-1136, 86 p. Data accessed from https://earthquake.usgs.gov/research/cpt/data/ on 05.29.2018.",
785,4012,2053,80.0,SBC026,-117.213,34.0466,2001.3.23,660,,0.0,cm/s,0.0,,m,MPa,kPa,,,,"Holzer, TL, Noce, TE, and Bennett, MJ (2010). Maps and Documentation of Seismic CPT Soundings in the Central, Eastern, and Western United States, USGS Open-File Report 2010-1136, 86 p. Data accessed from https://earthquake.usgs.gov/research/cpt/data/ on 05.29.2018.",
786,4013,2054,80.0,SBC027,-117.221,34.0533,2001.3.23,660,,0.0,cm/s,0.0,,m,MPa,kPa,,,,"Holzer, TL, Noce, TE, and Bennett, MJ (2010). Maps and Documentation of Seismic CPT Soundings in the Central, Eastern, and Western United States, USGS Open-File Report 2010-1136, 86 p. Data accessed from https://earthquake.usgs.gov/research/cpt/data/ on 05.29.2018.",
787,4014,2055,80.0,SBC028,-117.23,34.0633,2001.3.23,660,,0.0,cm/s,0.0,,m,MPa,kPa,,,,"Holzer, TL, Noce, TE, and Bennett, MJ (2010). Maps and Documentation of Seismic CPT Soundings in the Central, Eastern, and Western United States, USGS Open-File Report 2010-1136, 86 p. Data accessed from https://earthquake.usgs.gov/research/cpt/data/ on 05.29.2018.",
788,4015,2056,80.0,SBC029,-117.283,34.1216,2001.3.23,660,,0.0,cm/s,0.0,,m,MPa,kPa,,,,"Holzer, TL, Noce, TE, and Bennett, MJ (2010). Maps and Documentation of Seismic CPT Soundings in the Central, Eastern, and Western United States, USGS Open-File Report 2010-1136, 86 p. Data accessed from https://earthquake.usgs.gov/research/cpt/data/ on 05.29.2018.",
789,4016,2057,80.0,SBC030,-117.29,34.0702,2001.3.24,660,,0.0,cm/s,0.0,,m,MPa,kPa,,,,"Holzer, TL, Noce, TE, and Bennett, MJ (2010). Maps and Documentation of Seismic CPT Soundings in the Central, Eastern, and Western United States, USGS Open-File Report 2010-1136, 86 p. Data accessed from https://earthquake.usgs.gov/research/cpt/data/ on 05.29.2018.",
790,4017,2058,80.0,SBC031,-117.286,34.0686,2001.3.24,660,,0.0,cm/s,0.0,,m,MPa,kPa,,,,"Holzer, TL, Noce, TE, and Bennett, MJ (2010). Maps and Documentation of Seismic CPT Soundings in the Central, Eastern, and Western United States, USGS Open-File Report 2010-1136, 86 p. Data accessed from https://earthquake.usgs.gov/research/cpt/data/ on 05.29.2018.",
791,4018,2059,80.0,SBC032,-117.285,34.065,2001.3.24,660,,0.0,cm/s,0.0,,m,MPa,kPa,,,,"Holzer, TL, Noce, TE, and Bennett, MJ (2010). Maps and Documentation of Seismic CPT Soundings in the Central, Eastern, and Western United States, USGS Open-File Report 2010-1136, 86 p. Data accessed from https://earthquake.usgs.gov/research/cpt/data/ on 05.29.2018.",
792,4019,2060,80.0,SBC033,-117.283,34.0804,2001.3.26,660,,0.0,cm/s,0.0,,m,MPa,kPa,,,,"Holzer, TL, Noce, TE, and Bennett, MJ (2010). Maps and Documentation of Seismic CPT Soundings in the Central, Eastern, and Western United States, USGS Open-File Report 2010-1136, 86 p. Data accessed from https://earthquake.usgs.gov/research/cpt/data/ on 05.29.2018.",
793,4020,2061,80.0,SBC034,-117.275,34.0868,2001.3.26,660,,0.0,cm/s,0.0,,m,MPa,kPa,,,,"Holzer, TL, Noce, TE, and Bennett, MJ (2010). Maps and Documentation of Seismic CPT Soundings in the Central, Eastern, and Western United States, USGS Open-File Report 2010-1136, 86 p. Data accessed from https://earthquake.usgs.gov/research/cpt/data/ on 05.29.2018.",
794,4021,2062,80.0,SBC035,-117.262,34.0979,2001.3.26,660,,0.0,cm/s,0.0,,m,MPa,kPa,,,,"Holzer, TL, Noce, TE, and Bennett, MJ (2010). Maps and Documentation of Seismic CPT Soundings in the Central, Eastern, and Western United States, USGS Open-File Report 2010-1136, 86 p. Data accessed from https://earthquake.usgs.gov/research/cpt/data/ on 05.29.2018.",
795,4022,2063,80.0,SBC036,-117.286,34.0937,2001.3.26,660,,0.0,cm/s,0.0,,m,MPa,kPa,,,,"Holzer, TL, Noce, TE, and Bennett, MJ (2010). Maps and Documentation of Seismic CPT Soundings in the Central, Eastern, and Western United States, USGS Open-File Report 2010-1136, 86 p. Data accessed from https://earthquake.usgs.gov/research/cpt/data/ on 05.29.2018.",
796,4023,2064,80.0,SBC037,-117.282,34.1047,2001.3.27,660,,0.0,cm/s,0.0,,m,MPa,kPa,,,,"Holzer, TL, Noce, TE, and Bennett, MJ (2010). Maps and Documentation of Seismic CPT Soundings in the Central, Eastern, and Western United States, USGS Open-File Report 2010-1136, 86 p. Data accessed from https://earthquake.usgs.gov/research/cpt/data/ on 05.29.2018.",
797,4024,2065,80.0,SBC038,-117.301,34.0789,2001.3.27,660,,0.0,cm/s,0.0,,m,MPa,kPa,,,,"Holzer, TL, Noce, TE, and Bennett, MJ (2010). Maps and Documentation of Seismic CPT Soundings in the Central, Eastern, and Western United States, USGS Open-File Report 2010-1136, 86 p. Data accessed from https://earthquake.usgs.gov/research/cpt/data/ on 05.29.2018.",
798,4025,2066,80.0,SBC039,-117.299,34.069,2001.3.27,660,,0.0,cm/s,0.0,,m,MPa,kPa,,,,"Holzer, TL, Noce, TE, and Bennett, MJ (2010). Maps and Documentation of Seismic CPT Soundings in the Central, Eastern, and Western United States, USGS Open-File Report 2010-1136, 86 p. Data accessed from https://earthquake.usgs.gov/research/cpt/data/ on 05.29.2018.",
799,4026,2067,80.0,SBC040,-117.293,34.081,2001.3.28,729TC,,0.0,cm/s,0.0,,m,MPa,kPa,,,,"Holzer, TL, Noce, TE, and Bennett, MJ (2010). Maps and Documentation of Seismic CPT Soundings in the Central, Eastern, and Western United States, USGS Open-File Report 2010-1136, 86 p. Data accessed from https://earthquake.usgs.gov/research/cpt/data/ on 05.29.2018.",
800,4027,2068,80.0,SBC041,-117.292,34.0617,2001.3.28,729TC,,0.0,cm/s,0.0,,m,MPa,kPa,,,,"Holzer, TL, Noce, TE, and Bennett, MJ (2010). Maps and Documentation of Seismic CPT Soundings in the Central, Eastern, and Western United States, USGS Open-File Report 2010-1136, 86 p. Data accessed from https://earthquake.usgs.gov/research/cpt/data/ on 05.29.2018.",
801,4028,2069,80.0,SBC042,-117.308,34.0564,2001.3.28,729TC,,0.0,cm/s,0.0,,m,MPa,kPa,,,,"Holzer, TL, Noce, TE, and Bennett, MJ (2010). Maps and Documentation of Seismic CPT Soundings in the Central, Eastern, and Western United States, USGS Open-File Report 2010-1136, 86 p. Data accessed from https://earthquake.usgs.gov/research/cpt/data/ on 05.29.2018.",
802,4029,2070,80.0,SBC043,-117.319,34.0448,2001.3.28,729TC,,0.0,cm/s,0.0,,m,MPa,kPa,,,,"Holzer, TL, Noce, TE, and Bennett, MJ (2010). Maps and Documentation of Seismic CPT Soundings in the Central, Eastern, and Western United States, USGS Open-File Report 2010-1136, 86 p. Data accessed from https://earthquake.usgs.gov/research/cpt/data/ on 05.29.2018.",
803,4030,2071,80.0,SBC044,-117.313,34.0481,2001.3.28,729TC,,0.0,cm/s,0.0,,m,MPa,kPa,,,,"Holzer, TL, Noce, TE, and Bennett, MJ (2010). Maps and Documentation of Seismic CPT Soundings in the Central, Eastern, and Western United States, USGS Open-File Report 2010-1136, 86 p. Data accessed from https://earthquake.usgs.gov/research/cpt/data/ on 05.29.2018.",
804,4031,2072,80.0,SBC045,-117.333,34.0932,2001.3.29,729TC,,0.0,cm/s,0.0,,m,MPa,kPa,,,,"Holzer, TL, Noce, TE, and Bennett, MJ (2010). Maps and Documentation of Seismic CPT Soundings in the Central, Eastern, and Western United States, USGS Open-File Report 2010-1136, 86 p. Data accessed from https://earthquake.usgs.gov/research/cpt/data/ on 05.29.2018.",
805,4032,2073,80.0,SBC046,-117.338,34.1025,2001.3.29,729TC,,0.0,cm/s,0.0,,m,MPa,kPa,,,,"Holzer, TL, Noce, TE, and Bennett, MJ (2010). Maps and Documentation of Seismic CPT Soundings in the Central, Eastern, and Western United States, USGS Open-File Report 2010-1136, 86 p. Data accessed from https://earthquake.usgs.gov/research/cpt/data/ on 05.29.2018.",
806,4033,2074,80.0,SBC047,-117.351,34.1163,2001.3.29,729TC,,0.0,cm/s,0.0,,m,MPa,kPa,,,,"Holzer, TL, Noce, TE, and Bennett, MJ (2010). Maps and Documentation of Seismic CPT Soundings in the Central, Eastern, and Western United States, USGS Open-File Report 2010-1136, 86 p. Data accessed from https://earthquake.usgs.gov/research/cpt/data/ on 05.29.2018.",
807,4034,2075,80.0,SBC048,-117.304,34.1021,2001.3.29,678TC,,0.0,cm/s,0.0,,m,MPa,kPa,,,,"Holzer, TL, Noce, TE, and Bennett, MJ (2010). Maps and Documentation of Seismic CPT Soundings in the Central, Eastern, and Western United States, USGS Open-File Report 2010-1136, 86 p. Data accessed from https://earthquake.usgs.gov/research/cpt/data/ on 05.29.2018.",
808,4035,2076,80.0,SBC049,-117.321,34.1271,2001.3.29,678TC,,0.0,cm/s,0.0,,m,MPa,kPa,,,,"Holzer, TL, Noce, TE, and Bennett, MJ (2010). Maps and Documentation of Seismic CPT Soundings in the Central, Eastern, and Western United States, USGS Open-File Report 2010-1136, 86 p. Data accessed from https://earthquake.usgs.gov/research/cpt/data/ on 05.29.2018.",
809,4036,2077,80.0,SBC050,-117.255,34.0606,2001.3.30,678TC (1,,0.0,cm/s,0.0,,m,MPa,kPa,,,,"Holzer, TL, Noce, TE, and Bennett, MJ (2010). Maps and Documentation of Seismic CPT Soundings in the Central, Eastern, and Western United States, USGS Open-File Report 2010-1136, 86 p. Data accessed from https://earthquake.usgs.gov/research/cpt/data/ on 05.29.2018.",
810,4037,2078,80.0,SBC051,-117.253,34.052,2001.3.30,678TC,,0.0,cm/s,0.0,,m,MPa,kPa,,,,"Holzer, TL, Noce, TE, and Bennett, MJ (2010). Maps and Documentation of Seismic CPT Soundings in the Central, Eastern, and Western United States, USGS Open-File Report 2010-1136, 86 p. Data accessed from https://earthquake.usgs.gov/research/cpt/data/ on 05.29.2018.",
811,4038,2079,80.0,SBC052,-117.247,34.0414,2001.3.30,678TC,,0.0,cm/s,0.0,,m,MPa,kPa,,,,"Holzer, TL, Noce, TE, and Bennett, MJ (2010). Maps and Documentation of Seismic CPT Soundings in the Central, Eastern, and Western United States, USGS Open-File Report 2010-1136, 86 p. Data accessed from https://earthquake.usgs.gov/research/cpt/data/ on 05.29.2018.",
812,4039,2080,80.0,SBC053,-117.28,34.0682,2001.3.31,678TC,,0.0,cm/s,0.0,,m,MPa,kPa,,,,"Holzer, TL, Noce, TE, and Bennett, MJ (2010). Maps and Documentation of Seismic CPT Soundings in the Central, Eastern, and Western United States, USGS Open-File Report 2010-1136, 86 p. Data accessed from https://earthquake.usgs.gov/research/cpt/data/ on 05.29.2018.",
813,4040,2081,80.0,SBC054,-117.275,34.0686,2001.3.31,678TC,,0.0,cm/s,0.0,,m,MPa,kPa,,,,"Holzer, TL, Noce, TE, and Bennett, MJ (2010). Maps and Documentation of Seismic CPT Soundings in the Central, Eastern, and Western United States, USGS Open-File Report 2010-1136, 86 p. Data accessed from https://earthquake.usgs.gov/research/cpt/data/ on 05.29.2018.",
814,4041,2082,80.0,SBC055,-117.253,34.0711,2001.3.31,678TC,,0.0,cm/s,0.0,,m,MPa,kPa,,,,"Holzer, TL, Noce, TE, and Bennett, MJ (2010). Maps and Documentation of Seismic CPT Soundings in the Central, Eastern, and Western United States, USGS Open-File Report 2010-1136, 86 p. Data accessed from https://earthquake.usgs.gov/research/cpt/data/ on 05.29.2018.",
815,4042,2083,80.0,SBC056,-117.29,34.0774,2001.4.1,678TC,,0.0,cm/s,0.0,,m,MPa,kPa,,,,"Holzer, TL, Noce, TE, and Bennett, MJ (2010). Maps and Documentation of Seismic CPT Soundings in the Central, Eastern, and Western United States, USGS Open-File Report 2010-1136, 86 p. Data accessed from https://earthquake.usgs.gov/research/cpt/data/ on 05.29.2018.",
816,4043,2084,80.0,SBC057,-117.293,34.0744,2001.4.1,678TC,,0.0,cm/s,0.0,,m,MPa,kPa,,,,"Holzer, TL, Noce, TE, and Bennett, MJ (2010). Maps and Documentation of Seismic CPT Soundings in the Central, Eastern, and Western United States, USGS Open-File Report 2010-1136, 86 p. Data accessed from https://earthquake.usgs.gov/research/cpt/data/ on 05.29.2018.",
817,4044,2085,80.0,SBC058,-117.297,34.1186,2001.4.2,678TC,,0.0,cm/s,0.0,,m,MPa,kPa,,,,"Holzer, TL, Noce, TE, and Bennett, MJ (2010). Maps and Documentation of Seismic CPT Soundings in the Central, Eastern, and Western United States, USGS Open-File Report 2010-1136, 86 p. Data accessed from https://earthquake.usgs.gov/research/cpt/data/ on 05.29.2018.",
818,4045,2086,80.0,SBC059,-117.296,34.1224,2001.4.2,678TC,,0.0,cm/s,0.0,,m,MPa,kPa,,,,"Holzer, TL, Noce, TE, and Bennett, MJ (2010). Maps and Documentation of Seismic CPT Soundings in the Central, Eastern, and Western United States, USGS Open-File Report 2010-1136, 86 p. Data accessed from https://earthquake.usgs.gov/research/cpt/data/ on 05.29.2018.",
819,4046,2087,80.0,SBC060,-117.292,34.1166,2001.4.2,678TC,,0.0,cm/s,0.0,,m,MPa,kPa,,,,"Holzer, TL, Noce, TE, and Bennett, MJ (2010). Maps and Documentation of Seismic CPT Soundings in the Central, Eastern, and Western United States, USGS Open-File Report 2010-1136, 86 p. Data accessed from https://earthquake.usgs.gov/research/cpt/data/ on 05.29.2018.",
820,4047,2088,80.0,SBC061,-117.3,34.12,2001.4.2,678TC,,0.0,cm/s,0.0,,m,MPa,kPa,,,,"Holzer, TL, Noce, TE, and Bennett, MJ (2010). Maps and Documentation of Seismic CPT Soundings in the Central, Eastern, and Western United States, USGS Open-File Report 2010-1136, 86 p. Data accessed from https://earthquake.usgs.gov/research/cpt/data/ on 05.29.2018.",
821,4048,2089,80.0,SBC062,-117.299,34.1161,2001.4.3,678TC,,0.0,cm/s,0.0,,m,MPa,kPa,,,,"Holzer, TL, Noce, TE, and Bennett, MJ (2010). Maps and Documentation of Seismic CPT Soundings in the Central, Eastern, and Western United States, USGS Open-File Report 2010-1136, 86 p. Data accessed from https://earthquake.usgs.gov/research/cpt/data/ on 05.29.2018.",
822,4049,2090,80.0,SBC063,-117.346,34.1104,2001.4.3,678TC,,0.0,cm/s,0.0,,m,MPa,kPa,,,,"Holzer, TL, Noce, TE, and Bennett, MJ (2010). Maps and Documentation of Seismic CPT Soundings in the Central, Eastern, and Western United States, USGS Open-File Report 2010-1136, 86 p. Data accessed from https://earthquake.usgs.gov/research/cpt/data/ on 05.29.2018.",
823,4050,2091,80.0,SBC064,-117.28,34.0838,2001.4.4,678TC,,0.0,cm/s,0.0,,m,MPa,kPa,,,,"Holzer, TL, Noce, TE, and Bennett, MJ (2010). Maps and Documentation of Seismic CPT Soundings in the Central, Eastern, and Western United States, USGS Open-File Report 2010-1136, 86 p. Data accessed from https://earthquake.usgs.gov/research/cpt/data/ on 05.29.2018.",
824,4051,2092,80.0,SBC065,-117.289,34.0871,2001.4.4,678TC,,0.0,cm/s,0.0,,m,MPa,kPa,,,,"Holzer, TL, Noce, TE, and Bennett, MJ (2010). Maps and Documentation of Seismic CPT Soundings in the Central, Eastern, and Western United States, USGS Open-File Report 2010-1136, 86 p. Data accessed from https://earthquake.usgs.gov/research/cpt/data/ on 05.29.2018.",
825,4052,2093,80.0,SBC066,-117.27,34.0913,2001.4.4,678TC,,0.0,cm/s,0.0,,m,MPa,kPa,,,,"Holzer, TL, Noce, TE, and Bennett, MJ (2010). Maps and Documentation of Seismic CPT Soundings in the Central, Eastern, and Western United States, USGS Open-File Report 2010-1136, 86 p. Data accessed from https://earthquake.usgs.gov/research/cpt/data/ on 05.29.2018.",
826,4053,2094,80.0,SBC067,-117.284,34.1,2001.4.4,678TC,,0.0,cm/s,0.0,,m,MPa,kPa,,,,"Holzer, TL, Noce, TE, and Bennett, MJ (2010). Maps and Documentation of Seismic CPT Soundings in the Central, Eastern, and Western United States, USGS Open-File Report 2010-1136, 86 p. Data accessed from https://earthquake.usgs.gov/research/cpt/data/ on 05.29.2018.",
827,4054,2095,80.0,SBC068,-117.283,34.1147,2001.4.4,678TC,,0.0,cm/s,0.0,,m,MPa,kPa,,,,"Holzer, TL, Noce, TE, and Bennett, MJ (2010). Maps and Documentation of Seismic CPT Soundings in the Central, Eastern, and Western United States, USGS Open-File Report 2010-1136, 86 p. Data accessed from https://earthquake.usgs.gov/research/cpt/data/ on 05.29.2018.",
828,4055,2096,80.0,SBC069,-117.284,34.1187,2001.4.5,678TC,,0.0,cm/s,0.0,,m,MPa,kPa,,,,"Holzer, TL, Noce, TE, and Bennett, MJ (2010). Maps and Documentation of Seismic CPT Soundings in the Central, Eastern, and Western United States, USGS Open-File Report 2010-1136, 86 p. Data accessed from https://earthquake.usgs.gov/research/cpt/data/ on 05.29.2018.",
829,4056,2097,80.0,SBC070,-117.294,34.1195,2001.4.5,678TC,,0.0,cm/s,0.0,,m,MPa,kPa,,,,"Holzer, TL, Noce, TE, and Bennett, MJ (2010). Maps and Documentation of Seismic CPT Soundings in the Central, Eastern, and Western United States, USGS Open-File Report 2010-1136, 86 p. Data accessed from https://earthquake.usgs.gov/research/cpt/data/ on 05.29.2018.",
830,4057,2098,80.0,SBC071,-117.315,34.1185,2001.4.5,678TC,,0.0,cm/s,0.0,,m,MPa,kPa,,,,"Holzer, TL, Noce, TE, and Bennett, MJ (2010). Maps and Documentation of Seismic CPT Soundings in the Central, Eastern, and Western United States, USGS Open-File Report 2010-1136, 86 p. Data accessed from https://earthquake.usgs.gov/research/cpt/data/ on 05.29.2018.",
831,4058,2099,80.0,SBC072,-117.308,34.1093,2001.4.5,678TC,,0.0,cm/s,0.0,,m,MPa,kPa,,,,"Holzer, TL, Noce, TE, and Bennett, MJ (2010). Maps and Documentation of Seismic CPT Soundings in the Central, Eastern, and Western United States, USGS Open-File Report 2010-1136, 86 p. Data accessed from https://earthquake.usgs.gov/research/cpt/data/ on 05.29.2018.",
832,4059,2100,80.0,SBC073,-117.254,34.056,2001.4.6,678TC,,0.0,cm/s,0.0,,m,MPa,kPa,,,,"Holzer, TL, Noce, TE, and Bennett, MJ (2010). Maps and Documentation of Seismic CPT Soundings in the Central, Eastern, and Western United States, USGS Open-File Report 2010-1136, 86 p. Data accessed from https://earthquake.usgs.gov/research/cpt/data/ on 05.29.2018.",
833,4060,2101,80.0,SBC074,-117.248,34.0447,2001.4.6,678TC,,0.0,cm/s,0.0,,m,MPa,kPa,,,,"Holzer, TL, Noce, TE, and Bennett, MJ (2010). Maps and Documentation of Seismic CPT Soundings in the Central, Eastern, and Western United States, USGS Open-File Report 2010-1136, 86 p. Data accessed from https://earthquake.usgs.gov/research/cpt/data/ on 05.29.2018.",
834,4061,2102,80.0,SBC075,-117.243,34.0441,2001.4.6,678TC,,0.0,cm/s,0.0,,m,MPa,kPa,,,,"Holzer, TL, Noce, TE, and Bennett, MJ (2010). Maps and Documentation of Seismic CPT Soundings in the Central, Eastern, and Western United States, USGS Open-File Report 2010-1136, 86 p. Data accessed from https://earthquake.usgs.gov/research/cpt/data/ on 05.29.2018.",
835,4062,2103,80.0,SBC076,-117.243,34.0399,2001.4.6,678TC,,0.0,cm/s,0.0,,m,MPa,kPa,,,,"Holzer, TL, Noce, TE, and Bennett, MJ (2010). Maps and Documentation of Seismic CPT Soundings in the Central, Eastern, and Western United States, USGS Open-File Report 2010-1136, 86 p. Data accessed from https://earthquake.usgs.gov/research/cpt/data/ on 05.29.2018.",
836,4063,2104,80.0,SBC077,-117.302,34.0943,2001.4.6,678TC,,0.0,cm/s,0.0,,m,MPa,kPa,,,,"Holzer, TL, Noce, TE, and Bennett, MJ (2010). Maps and Documentation of Seismic CPT Soundings in the Central, Eastern, and Western United States, USGS Open-File Report 2010-1136, 86 p. Data accessed from https://earthquake.usgs.gov/research/cpt/data/ on 05.29.2018.",
837,4064,2105,80.0,SBC078,-117.281,34.1424,2001.4.7,678TC,,0.0,cm/s,0.0,,m,MPa,kPa,,,,"Holzer, TL, Noce, TE, and Bennett, MJ (2010). Maps and Documentation of Seismic CPT Soundings in the Central, Eastern, and Western United States, USGS Open-File Report 2010-1136, 86 p. Data accessed from https://earthquake.usgs.gov/research/cpt/data/ on 05.29.2018.",
838,4065,2106,80.0,SBC079,-117.282,34.1549,2001.4.7,678TC,,0.0,cm/s,0.0,,m,MPa,kPa,,,,"Holzer, TL, Noce, TE, and Bennett, MJ (2010). Maps and Documentation of Seismic CPT Soundings in the Central, Eastern, and Western United States, USGS Open-File Report 2010-1136, 86 p. Data accessed from https://earthquake.usgs.gov/research/cpt/data/ on 05.29.2018.",
839,4066,2107,80.0,SBC080,-117.281,34.1363,2001.4.7,678TC,,0.0,cm/s,0.0,,m,MPa,kPa,,,,"Holzer, TL, Noce, TE, and Bennett, MJ (2010). Maps and Documentation of Seismic CPT Soundings in the Central, Eastern, and Western United States, USGS Open-File Report 2010-1136, 86 p. Data accessed from https://earthquake.usgs.gov/research/cpt/data/ on 05.29.2018.",
840,4067,2108,80.0,SBC081,-117.283,34.1319,2001.4.7,678TC,,0.0,cm/s,0.0,,m,MPa,kPa,,,,"Holzer, TL, Noce, TE, and Bennett, MJ (2010). Maps and Documentation of Seismic CPT Soundings in the Central, Eastern, and Western United States, USGS Open-File Report 2010-1136, 86 p. Data accessed from https://earthquake.usgs.gov/research/cpt/data/ on 05.29.2018.",
841,4068,2109,80.0,SBC082,-117.283,34.126,2001.4.8,678TC,,0.0,cm/s,0.0,,m,MPa,kPa,,,,"Holzer, TL, Noce, TE, and Bennett, MJ (2010). Maps and Documentation of Seismic CPT Soundings in the Central, Eastern, and Western United States, USGS Open-File Report 2010-1136, 86 p. Data accessed from https://earthquake.usgs.gov/research/cpt/data/ on 05.29.2018.",
842,4069,2110,80.0,SBC083,-117.283,34.129,2001.4.8,678TC,,0.0,cm/s,0.0,,m,MPa,kPa,,,,"Holzer, TL, Noce, TE, and Bennett, MJ (2010). Maps and Documentation of Seismic CPT Soundings in the Central, Eastern, and Western United States, USGS Open-File Report 2010-1136, 86 p. Data accessed from https://earthquake.usgs.gov/research/cpt/data/ on 05.29.2018.",
843,4070,2111,80.0,SBC084,-117.282,34.1586,2001.4.19,678TC,,0.0,cm/s,0.0,,m,MPa,kPa,,,,"Holzer, TL, Noce, TE, and Bennett, MJ (2010). Maps and Documentation of Seismic CPT Soundings in the Central, Eastern, and Western United States, USGS Open-File Report 2010-1136, 86 p. Data accessed from https://earthquake.usgs.gov/research/cpt/data/ on 05.29.2018.",
844,4071,2112,80.0,SBC085,-117.335,34.1375,2001.4.19,678TC,,0.0,cm/s,0.0,,m,MPa,kPa,,,,"Holzer, TL, Noce, TE, and Bennett, MJ (2010). Maps and Documentation of Seismic CPT Soundings in the Central, Eastern, and Western United States, USGS Open-File Report 2010-1136, 86 p. Data accessed from https://earthquake.usgs.gov/research/cpt/data/ on 05.29.2018.",
845,4072,2113,80.0,SBC086,-117.349,34.1541,2001.4.19,678TC,,0.0,cm/s,0.0,,m,MPa,kPa,,,,"Holzer, TL, Noce, TE, and Bennett, MJ (2010). Maps and Documentation of Seismic CPT Soundings in the Central, Eastern, and Western United States, USGS Open-File Report 2010-1136, 86 p. Data accessed from https://earthquake.usgs.gov/research/cpt/data/ on 05.29.2018.",
846,4073,2114,80.0,SBC087,-117.365,34.1355,2001.4.20,678TC,,0.0,cm/s,0.0,,m,MPa,kPa,,,,"Holzer, TL, Noce, TE, and Bennett, MJ (2010). Maps and Documentation of Seismic CPT Soundings in the Central, Eastern, and Western United States, USGS Open-File Report 2010-1136, 86 p. Data accessed from https://earthquake.usgs.gov/research/cpt/data/ on 05.29.2018.",
847,4074,2115,80.0,SBC088,-117.369,34.1372,2001.4.20,678TC,,0.0,cm/s,0.0,,m,MPa,kPa,,,,"Holzer, TL, Noce, TE, and Bennett, MJ (2010). Maps and Documentation of Seismic CPT Soundings in the Central, Eastern, and Western United States, USGS Open-File Report 2010-1136, 86 p. Data accessed from https://earthquake.usgs.gov/research/cpt/data/ on 05.29.2018.",
848,4075,2116,80.0,SBC089,-117.375,34.1432,2001.4.20,678TC,,0.0,cm/s,0.0,,m,MPa,kPa,,,,"Holzer, TL, Noce, TE, and Bennett, MJ (2010). Maps and Documentation of Seismic CPT Soundings in the Central, Eastern, and Western United States, USGS Open-File Report 2010-1136, 86 p. Data accessed from https://earthquake.usgs.gov/research/cpt/data/ on 05.29.2018.",
849,4076,2117,80.0,SBC090,-117.168,34.0807,2001.4.23,678TC,,0.0,cm/s,0.0,,m,MPa,kPa,,,,"Holzer, TL, Noce, TE, and Bennett, MJ (2010). Maps and Documentation of Seismic CPT Soundings in the Central, Eastern, and Western United States, USGS Open-File Report 2010-1136, 86 p. Data accessed from https://earthquake.usgs.gov/research/cpt/data/ on 05.29.2018.",
850,4077,2118,80.0,SBC091,-117.19,34.0811,2001.4.23,678TC,,0.0,cm/s,0.0,,m,MPa,kPa,,,,"Holzer, TL, Noce, TE, and Bennett, MJ (2010). Maps and Documentation of Seismic CPT Soundings in the Central, Eastern, and Western United States, USGS Open-File Report 2010-1136, 86 p. Data accessed from https://earthquake.usgs.gov/research/cpt/data/ on 05.29.2018.",
851,4078,2119,80.0,SBC092,-117.208,34.0819,2001.4.23,678TC,,0.0,cm/s,0.0,,m,MPa,kPa,,,,"Holzer, TL, Noce, TE, and Bennett, MJ (2010). Maps and Documentation of Seismic CPT Soundings in the Central, Eastern, and Western United States, USGS Open-File Report 2010-1136, 86 p. Data accessed from https://earthquake.usgs.gov/research/cpt/data/ on 05.29.2018.",
852,4079,2120,80.0,SBC093,-117.225,34.0753,2001.4.24,678TC,,0.0,cm/s,0.0,,m,MPa,kPa,,,,"Holzer, TL, Noce, TE, and Bennett, MJ (2010). Maps and Documentation of Seismic CPT Soundings in the Central, Eastern, and Western United States, USGS Open-File Report 2010-1136, 86 p. Data accessed from https://earthquake.usgs.gov/research/cpt/data/ on 05.29.2018.",
853,4080,2121,80.0,SBC094,-117.242,34.1067,2001.4.24,678TC,,0.0,cm/s,0.0,,m,MPa,kPa,,,,"Holzer, TL, Noce, TE, and Bennett, MJ (2010). Maps and Documentation of Seismic CPT Soundings in the Central, Eastern, and Western United States, USGS Open-File Report 2010-1136, 86 p. Data accessed from https://earthquake.usgs.gov/research/cpt/data/ on 05.29.2018.",
854,4081,2122,80.0,SBC096,-117.283,34.0692,2001.4.25,678TC,,0.0,cm/s,0.0,,m,MPa,kPa,,,,"Holzer, TL, Noce, TE, and Bennett, MJ (2010). Maps and Documentation of Seismic CPT Soundings in the Central, Eastern, and Western United States, USGS Open-File Report 2010-1136, 86 p. Data accessed from https://earthquake.usgs.gov/research/cpt/data/ on 05.29.2018.",
855,4082,2123,80.0,SBC097,-117.035,34.0462,2001.4.25,678TC,,0.0,cm/s,0.0,,m,MPa,kPa,,,,"Holzer, TL, Noce, TE, and Bennett, MJ (2010). Maps and Documentation of Seismic CPT Soundings in the Central, Eastern, and Western United States, USGS Open-File Report 2010-1136, 86 p. Data accessed from https://earthquake.usgs.gov/research/cpt/data/ on 05.29.2018.",
856,4083,2124,80.0,SBC098,-117.035,34.0128,2001.4.25,678TC,,0.0,cm/s,0.0,,m,MPa,kPa,,,,"Holzer, TL, Noce, TE, and Bennett, MJ (2010). Maps and Documentation of Seismic CPT Soundings in the Central, Eastern, and Western United States, USGS Open-File Report 2010-1136, 86 p. Data accessed from https://earthquake.usgs.gov/research/cpt/data/ on 05.29.2018.",
857,4084,2125,80.0,SBC099,-117.361,34.4645,2001.5.3,678TC,,0.0,cm/s,0.0,,m,MPa,kPa,,,,"Holzer, TL, Noce, TE, and Bennett, MJ (2010). Maps and Documentation of Seismic CPT Soundings in the Central, Eastern, and Western United States, USGS Open-File Report 2010-1136, 86 p. Data accessed from https://earthquake.usgs.gov/research/cpt/data/ on 05.29.2018.",
858,4085,2126,80.0,SBC100,-117.358,34.4644,2001.5.3,678TC,,0.0,cm/s,0.0,,m,MPa,kPa,,,,"Holzer, TL, Noce, TE, and Bennett, MJ (2010). Maps and Documentation of Seismic CPT Soundings in the Central, Eastern, and Western United States, USGS Open-File Report 2010-1136, 86 p. Data accessed from https://earthquake.usgs.gov/research/cpt/data/ on 05.29.2018.",
859,4086,2127,80.0,SBC102,-117.361,34.4609,2001.5.3,678TC,,0.0,cm/s,0.0,,m,MPa,kPa,,,,"Holzer, TL, Noce, TE, and Bennett, MJ (2010). Maps and Documentation of Seismic CPT Soundings in the Central, Eastern, and Western United States, USGS Open-File Report 2010-1136, 86 p. Data accessed from https://earthquake.usgs.gov/research/cpt/data/ on 05.29.2018.",
860,4087,2128,80.0,SBC103,-117.365,34.4606,2001.5.3,678TC,,0.0,cm/s,0.0,,m,MPa,kPa,,,,"Holzer, TL, Noce, TE, and Bennett, MJ (2010). Maps and Documentation of Seismic CPT Soundings in the Central, Eastern, and Western United States, USGS Open-File Report 2010-1136, 86 p. Data accessed from https://earthquake.usgs.gov/research/cpt/data/ on 05.29.2018.",
861,4088,2129,80.0,SBC104,-117.365,34.4641,2001.5.3,678TC,,0.0,cm/s,0.0,,m,MPa,kPa,,,,"Holzer, TL, Noce, TE, and Bennett, MJ (2010). Maps and Documentation of Seismic CPT Soundings in the Central, Eastern, and Western United States, USGS Open-File Report 2010-1136, 86 p. Data accessed from https://earthquake.usgs.gov/research/cpt/data/ on 05.29.2018.",
862,4089,2130,80.0,SBC106,-117.542,34.5958,2001.5.4,770TC,,0.0,cm/s,0.0,,m,MPa,kPa,,,,"Holzer, TL, Noce, TE, and Bennett, MJ (2010). Maps and Documentation of Seismic CPT Soundings in the Central, Eastern, and Western United States, USGS Open-File Report 2010-1136, 86 p. Data accessed from https://earthquake.usgs.gov/research/cpt/data/ on 05.29.2018.",
863,4090,2131,80.0,SBC107,-117.542,34.5695,2001.5.4,770TC,,0.0,cm/s,0.0,,m,MPa,kPa,,,,"Holzer, TL, Noce, TE, and Bennett, MJ (2010). Maps and Documentation of Seismic CPT Soundings in the Central, Eastern, and Western United States, USGS Open-File Report 2010-1136, 86 p. Data accessed from https://earthquake.usgs.gov/research/cpt/data/ on 05.29.2018.",
864,4091,2132,80.0,SBC108,-117.542,34.543,2001.5.4,770TC,,0.0,cm/s,0.0,,m,MPa,kPa,,,,"Holzer, TL, Noce, TE, and Bennett, MJ (2010). Maps and Documentation of Seismic CPT Soundings in the Central, Eastern, and Western United States, USGS Open-File Report 2010-1136, 86 p. Data accessed from https://earthquake.usgs.gov/research/cpt/data/ on 05.29.2018.",
865,4092,2133,80.0,SBC109,-117.542,34.5215,2001.5.4,770TC,,0.0,cm/s,0.0,,m,MPa,kPa,,,,"Holzer, TL, Noce, TE, and Bennett, MJ (2010). Maps and Documentation of Seismic CPT Soundings in the Central, Eastern, and Western United States, USGS Open-File Report 2010-1136, 86 p. Data accessed from https://earthquake.usgs.gov/research/cpt/data/ on 05.29.2018.",
866,4093,2134,80.0,SBC110,-117.619,34.4898,2001.5.4,678TC,,0.0,cm/s,0.0,,m,MPa,kPa,,,,"Holzer, TL, Noce, TE, and Bennett, MJ (2010). Maps and Documentation of Seismic CPT Soundings in the Central, Eastern, and Western United States, USGS Open-File Report 2010-1136, 86 p. Data accessed from https://earthquake.usgs.gov/research/cpt/data/ on 05.29.2018.",
867,4094,2135,80.0,SBC111,-117.629,34.5122,2001.5.5,678TC,,0.0,cm/s,0.0,,m,MPa,kPa,,,,"Holzer, TL, Noce, TE, and Bennett, MJ (2010). Maps and Documentation of Seismic CPT Soundings in the Central, Eastern, and Western United States, USGS Open-File Report 2010-1136, 86 p. Data accessed from https://earthquake.usgs.gov/research/cpt/data/ on 05.29.2018.",
868,4095,2136,80.0,SBC112,-117.63,34.5161,2001.5.5,678TC,,0.0,cm/s,0.0,,m,MPa,kPa,,,,"Holzer, TL, Noce, TE, and Bennett, MJ (2010). Maps and Documentation of Seismic CPT Soundings in the Central, Eastern, and Western United States, USGS Open-File Report 2010-1136, 86 p. Data accessed from https://earthquake.usgs.gov/research/cpt/data/ on 05.29.2018.",
869,4096,2137,80.0,SBC113,-117.359,34.4675,2001.5.5,678TC,,0.0,cm/s,0.0,,m,MPa,kPa,,,,"Holzer, TL, Noce, TE, and Bennett, MJ (2010). Maps and Documentation of Seismic CPT Soundings in the Central, Eastern, and Western United States, USGS Open-File Report 2010-1136, 86 p. Data accessed from https://earthquake.usgs.gov/research/cpt/data/ on 05.29.2018.",
870,4097,2138,80.0,SBC114,-117.357,34.4671,2001.5.5,678TC,,0.0,cm/s,0.0,,m,MPa,kPa,,,,"Holzer, TL, Noce, TE, and Bennett, MJ (2010). Maps and Documentation of Seismic CPT Soundings in the Central, Eastern, and Western United States, USGS Open-File Report 2010-1136, 86 p. Data accessed from https://earthquake.usgs.gov/research/cpt/data/ on 05.29.2018.",
871,4098,2139,80.0,SBC115,-117.403,34.422,2001.5.5,678TC,,0.0,cm/s,0.0,,m,MPa,kPa,,,,"Holzer, TL, Noce, TE, and Bennett, MJ (2010). Maps and Documentation of Seismic CPT Soundings in the Central, Eastern, and Western United States, USGS Open-File Report 2010-1136, 86 p. Data accessed from https://earthquake.usgs.gov/research/cpt/data/ on 05.29.2018.",
872,4099,2140,80.0,SBC116,-116.274,34.1398,2001.5.6,678TC,,0.0,cm/s,0.0,,m,MPa,kPa,,,,"Holzer, TL, Noce, TE, and Bennett, MJ (2010). Maps and Documentation of Seismic CPT Soundings in the Central, Eastern, and Western United States, USGS Open-File Report 2010-1136, 86 p. Data accessed from https://earthquake.usgs.gov/research/cpt/data/ on 05.29.2018.",
873,4100,2141,80.0,SBC117,-116.276,34.1407,2001.5.6,678TC,,0.0,cm/s,0.0,,m,MPa,kPa,,,,"Holzer, TL, Noce, TE, and Bennett, MJ (2010). Maps and Documentation of Seismic CPT Soundings in the Central, Eastern, and Western United States, USGS Open-File Report 2010-1136, 86 p. Data accessed from https://earthquake.usgs.gov/research/cpt/data/ on 05.29.2018.",
874,4101,2142,80.0,SBC118,-116.274,34.1418,2001.5.6,678TC,,0.0,cm/s,0.0,,m,MPa,kPa,,,,"Holzer, TL, Noce, TE, and Bennett, MJ (2010). Maps and Documentation of Seismic CPT Soundings in the Central, Eastern, and Western United States, USGS Open-File Report 2010-1136, 86 p. Data accessed from https://earthquake.usgs.gov/research/cpt/data/ on 05.29.2018.",
875,4102,2143,80.0,SBC120,-116.276,34.1398,2001.5.6,678TC,,0.0,cm/s,0.0,,m,MPa,kPa,,,,"Holzer, TL, Noce, TE, and Bennett, MJ (2010). Maps and Documentation of Seismic CPT Soundings in the Central, Eastern, and Western United States, USGS Open-File Report 2010-1136, 86 p. Data accessed from https://earthquake.usgs.gov/research/cpt/data/ on 05.29.2018.",
876,4103,2144,80.0,SBC121,-116.301,34.1362,2001.5.7,678TC,,0.0,cm/s,0.0,,m,MPa,kPa,,,,"Holzer, TL, Noce, TE, and Bennett, MJ (2010). Maps and Documentation of Seismic CPT Soundings in the Central, Eastern, and Western United States, USGS Open-File Report 2010-1136, 86 p. Data accessed from https://earthquake.usgs.gov/research/cpt/data/ on 05.29.2018.",
877,4104,2145,80.0,SBC122,-116.302,34.1361,2001.5.7,678TC,,0.0,cm/s,0.0,,m,MPa,kPa,,,,"Holzer, TL, Noce, TE, and Bennett, MJ (2010). Maps and Documentation of Seismic CPT Soundings in the Central, Eastern, and Western United States, USGS Open-File Report 2010-1136, 86 p. Data accessed from https://earthquake.usgs.gov/research/cpt/data/ on 05.29.2018.",
878,4105,2146,80.0,SBC123,-116.245,34.1419,2001.5.7,678TC,,0.0,cm/s,0.0,,m,MPa,kPa,,,,"Holzer, TL, Noce, TE, and Bennett, MJ (2010). Maps and Documentation of Seismic CPT Soundings in the Central, Eastern, and Western United States, USGS Open-File Report 2010-1136, 86 p. Data accessed from https://earthquake.usgs.gov/research/cpt/data/ on 05.29.2018.",
879,4106,2147,80.0,SBC125,-116.29,34.1454,2001.5.7,678TC,,0.0,cm/s,0.0,,m,MPa,kPa,,,,"Holzer, TL, Noce, TE, and Bennett, MJ (2010). Maps and Documentation of Seismic CPT Soundings in the Central, Eastern, and Western United States, USGS Open-File Report 2010-1136, 86 p. Data accessed from https://earthquake.usgs.gov/research/cpt/data/ on 05.29.2018.",
880,4107,2148,80.0,SBC126,-116.281,34.0885,2001.5.8,678TC,,0.0,cm/s,0.0,,m,MPa,kPa,,,,"Holzer, TL, Noce, TE, and Bennett, MJ (2010). Maps and Documentation of Seismic CPT Soundings in the Central, Eastern, and Western United States, USGS Open-File Report 2010-1136, 86 p. Data accessed from https://earthquake.usgs.gov/research/cpt/data/ on 05.29.2018.",
881,4108,2149,80.0,SBC127,-116.279,34.0885,2001.5.8,678TC,,0.0,cm/s,0.0,,m,MPa,kPa,,,,"Holzer, TL, Noce, TE, and Bennett, MJ (2010). Maps and Documentation of Seismic CPT Soundings in the Central, Eastern, and Western United States, USGS Open-File Report 2010-1136, 86 p. Data accessed from https://earthquake.usgs.gov/research/cpt/data/ on 05.29.2018.",
882,4109,2150,80.0,SBC129,-116.281,34.0899,2001.5.8,678TC,,0.0,cm/s,0.0,,m,MPa,kPa,,,,"Holzer, TL, Noce, TE, and Bennett, MJ (2010). Maps and Documentation of Seismic CPT Soundings in the Central, Eastern, and Western United States, USGS Open-File Report 2010-1136, 86 p. Data accessed from https://earthquake.usgs.gov/research/cpt/data/ on 05.29.2018.",
883,4110,2151,80.0,SBC130,-116.292,34.1411,2001.5.8,678TC,,0.0,cm/s,0.0,,m,MPa,kPa,,,,"Holzer, TL, Noce, TE, and Bennett, MJ (2010). Maps and Documentation of Seismic CPT Soundings in the Central, Eastern, and Western United States, USGS Open-File Report 2010-1136, 86 p. Data accessed from https://earthquake.usgs.gov/research/cpt/data/ on 05.29.2018.",
884,4111,2152,80.0,SBC131,-116.332,34.1417,2001.5.8,678TC,,0.0,cm/s,0.0,,m,MPa,kPa,,,,"Holzer, TL, Noce, TE, and Bennett, MJ (2010). Maps and Documentation of Seismic CPT Soundings in the Central, Eastern, and Western United States, USGS Open-File Report 2010-1136, 86 p. Data accessed from https://earthquake.usgs.gov/research/cpt/data/ on 05.29.2018.",
885,4112,2153,80.0,SBC132,-117.571,34.5171,2001.5.9,770TC,,0.0,cm/s,0.0,,m,MPa,kPa,,,,"Holzer, TL, Noce, TE, and Bennett, MJ (2010). Maps and Documentation of Seismic CPT Soundings in the Central, Eastern, and Western United States, USGS Open-File Report 2010-1136, 86 p. Data accessed from https://earthquake.usgs.gov/research/cpt/data/ on 05.29.2018.",
886,4113,2154,80.0,SBC133,-117.603,34.5138,2001.5.9,770TC,,0.0,cm/s,0.0,,m,MPa,kPa,,,,"Holzer, TL, Noce, TE, and Bennett, MJ (2010). Maps and Documentation of Seismic CPT Soundings in the Central, Eastern, and Western United States, USGS Open-File Report 2010-1136, 86 p. Data accessed from https://earthquake.usgs.gov/research/cpt/data/ on 05.29.2018.",
887,4114,2155,80.0,SCC001 ,-122.1646,37.4324,1999.4.14,660,,0.0,cm/s,0.0,,m,MPa,kPa,,,,"Holzer, TL, Noce, TE, and Bennett, MJ (2010). Maps and Documentation of Seismic CPT Soundings in the Central, Eastern, and Western United States, USGS Open-File Report 2010-1136, 86 p. Data accessed from https://earthquake.usgs.gov/research/cpt/data/ on 05.29.2018.",
888,4115,2156,80.0,SCC003,-122.1156,37.4515,1999.9.8,660,,0.0,cm/s,0.0,,m,MPa,kPa,,,,"Holzer, TL, Noce, TE, and Bennett, MJ (2010). Maps and Documentation of Seismic CPT Soundings in the Central, Eastern, and Western United States, USGS Open-File Report 2010-1136, 86 p. Data accessed from https://earthquake.usgs.gov/research/cpt/data/ on 05.29.2018.",
889,4116,2157,80.0,SCC004,-122.1153,37.4394,1999.9.9,660,,0.0,cm/s,0.0,,m,MPa,kPa,,,,"Holzer, TL, Noce, TE, and Bennett, MJ (2010). Maps and Documentation of Seismic CPT Soundings in the Central, Eastern, and Western United States, USGS Open-File Report 2010-1136, 86 p. Data accessed from https://earthquake.usgs.gov/research/cpt/data/ on 05.29.2018.",
890,4117,2158,80.0,SCC005,-122.1186,37.4364,1999.9.9,660,,0.0,cm/s,0.0,,m,MPa,kPa,,,,"Holzer, TL, Noce, TE, and Bennett, MJ (2010). Maps and Documentation of Seismic CPT Soundings in the Central, Eastern, and Western United States, USGS Open-File Report 2010-1136, 86 p. Data accessed from https://earthquake.usgs.gov/research/cpt/data/ on 05.29.2018.",
891,4118,2159,80.0,SCC006,-122.1175,37.456,1998.3.19,660tc,,0.0,cm/s,0.0,,m,MPa,kPa,,,,"Holzer, TL, Noce, TE, and Bennett, MJ (2010). Maps and Documentation of Seismic CPT Soundings in the Central, Eastern, and Western United States, USGS Open-File Report 2010-1136, 86 p. Data accessed from https://earthquake.usgs.gov/research/cpt/data/ on 05.29.2018.",
892,4119,2160,80.0,SCC008,-121.9154,37.4531,1999.9.20,660,,0.0,cm/s,0.0,,m,MPa,kPa,,,,"Holzer, TL, Noce, TE, and Bennett, MJ (2010). Maps and Documentation of Seismic CPT Soundings in the Central, Eastern, and Western United States, USGS Open-File Report 2010-1136, 86 p. Data accessed from https://earthquake.usgs.gov/research/cpt/data/ on 05.29.2018.",
893,4120,2161,80.0,SCC009,-121.9121,37.4432,1999.9.21,660,,0.0,cm/s,0.0,,m,MPa,kPa,,,,"Holzer, TL, Noce, TE, and Bennett, MJ (2010). Maps and Documentation of Seismic CPT Soundings in the Central, Eastern, and Western United States, USGS Open-File Report 2010-1136, 86 p. Data accessed from https://earthquake.usgs.gov/research/cpt/data/ on 05.29.2018.",
894,4121,2162,80.0,SCC010,-121.8747,37.4252,1999.9.22,660,,0.0,cm/s,0.0,,m,MPa,kPa,,,,"Holzer, TL, Noce, TE, and Bennett, MJ (2010). Maps and Documentation of Seismic CPT Soundings in the Central, Eastern, and Western United States, USGS Open-File Report 2010-1136, 86 p. Data accessed from https://earthquake.usgs.gov/research/cpt/data/ on 05.29.2018.",
895,4122,2163,80.0,SCC011,-121.8806,37.423,1999.9.22,660,,0.0,cm/s,0.0,,m,MPa,kPa,,,,"Holzer, TL, Noce, TE, and Bennett, MJ (2010). Maps and Documentation of Seismic CPT Soundings in the Central, Eastern, and Western United States, USGS Open-File Report 2010-1136, 86 p. Data accessed from https://earthquake.usgs.gov/research/cpt/data/ on 05.29.2018.",
896,4123,2164,80.0,SCC012,-121.9146,37.4299,1999.9.23,660,,0.0,cm/s,0.0,,m,MPa,kPa,,,,"Holzer, TL, Noce, TE, and Bennett, MJ (2010). Maps and Documentation of Seismic CPT Soundings in the Central, Eastern, and Western United States, USGS Open-File Report 2010-1136, 86 p. Data accessed from https://earthquake.usgs.gov/research/cpt/data/ on 05.29.2018.",
897,4124,2165,80.0,SCC013,-121.9286,37.4231,1999.9.23,660,,0.0,cm/s,0.0,,m,MPa,kPa,,,,"Holzer, TL, Noce, TE, and Bennett, MJ (2010). Maps and Documentation of Seismic CPT Soundings in the Central, Eastern, and Western United States, USGS Open-File Report 2010-1136, 86 p. Data accessed from https://earthquake.usgs.gov/research/cpt/data/ on 05.29.2018.",
898,4125,2166,80.0,SCC014,-121.924,37.4245,1999.9.28,660,,0.0,cm/s,0.0,,m,MPa,kPa,,,,"Holzer, TL, Noce, TE, and Bennett, MJ (2010). Maps and Documentation of Seismic CPT Soundings in the Central, Eastern, and Western United States, USGS Open-File Report 2010-1136, 86 p. Data accessed from https://earthquake.usgs.gov/research/cpt/data/ on 05.29.2018.",
899,4126,2167,80.0,SCC015,-122.1297,37.4306,1999.9.28,660,,0.0,cm/s,0.0,,m,MPa,kPa,,,,"Holzer, TL, Noce, TE, and Bennett, MJ (2010). Maps and Documentation of Seismic CPT Soundings in the Central, Eastern, and Western United States, USGS Open-File Report 2010-1136, 86 p. Data accessed from https://earthquake.usgs.gov/research/cpt/data/ on 05.29.2018.",
900,4127,2168,80.0,SCC016,-121.9462,37.4192,1999.10.4,660,,0.0,cm/s,0.0,,m,MPa,kPa,,,,"Holzer, TL, Noce, TE, and Bennett, MJ (2010). Maps and Documentation of Seismic CPT Soundings in the Central, Eastern, and Western United States, USGS Open-File Report 2010-1136, 86 p. Data accessed from https://earthquake.usgs.gov/research/cpt/data/ on 05.29.2018.",
901,4128,2169,80.0,SCC017,-121.9497,37.4191,1999.10.4,660,,0.0,cm/s,0.0,,m,MPa,kPa,,,,"Holzer, TL, Noce, TE, and Bennett, MJ (2010). Maps and Documentation of Seismic CPT Soundings in the Central, Eastern, and Western United States, USGS Open-File Report 2010-1136, 86 p. Data accessed from https://earthquake.usgs.gov/research/cpt/data/ on 05.29.2018.",
902,4129,2170,80.0,SCC018,-121.9949,37.4109,1999.10.5,660,,0.0,cm/s,0.0,,m,MPa,kPa,,,,"Holzer, TL, Noce, TE, and Bennett, MJ (2010). Maps and Documentation of Seismic CPT Soundings in the Central, Eastern, and Western United States, USGS Open-File Report 2010-1136, 86 p. Data accessed from https://earthquake.usgs.gov/research/cpt/data/ on 05.29.2018.",
903,4130,2171,80.0,SCC019,-122.0217,37.3957,1999.10.5,660,,0.0,cm/s,0.0,,m,MPa,kPa,,,,"Holzer, TL, Noce, TE, and Bennett, MJ (2010). Maps and Documentation of Seismic CPT Soundings in the Central, Eastern, and Western United States, USGS Open-File Report 2010-1136, 86 p. Data accessed from https://earthquake.usgs.gov/research/cpt/data/ on 05.29.2018.",
904,4131,2172,80.0,SCC021,-121.9994,37.3966,1999.10.6,660,,0.0,cm/s,0.0,,m,MPa,kPa,,,,"Holzer, TL, Noce, TE, and Bennett, MJ (2010). Maps and Documentation of Seismic CPT Soundings in the Central, Eastern, and Western United States, USGS Open-File Report 2010-1136, 86 p. Data accessed from https://earthquake.usgs.gov/research/cpt/data/ on 05.29.2018.",
905,4132,2173,80.0,SCC022,-122.0135,37.3869,1999.10.6,660,,0.0,cm/s,0.0,,m,MPa,kPa,,,,"Holzer, TL, Noce, TE, and Bennett, MJ (2010). Maps and Documentation of Seismic CPT Soundings in the Central, Eastern, and Western United States, USGS Open-File Report 2010-1136, 86 p. Data accessed from https://earthquake.usgs.gov/research/cpt/data/ on 05.29.2018.",
906,4133,2174,80.0,SCC023,-122.0393,37.3762,1999.10.13,660,,0.0,cm/s,0.0,,m,MPa,kPa,,,,"Holzer, TL, Noce, TE, and Bennett, MJ (2010). Maps and Documentation of Seismic CPT Soundings in the Central, Eastern, and Western United States, USGS Open-File Report 2010-1136, 86 p. Data accessed from https://earthquake.usgs.gov/research/cpt/data/ on 05.29.2018.",
907,4134,2175,80.0,SCC026,-122.0267,37.3821,1999.10.13,660,,0.0,cm/s,0.0,,m,MPa,kPa,,,,"Holzer, TL, Noce, TE, and Bennett, MJ (2010). Maps and Documentation of Seismic CPT Soundings in the Central, Eastern, and Western United States, USGS Open-File Report 2010-1136, 86 p. Data accessed from https://earthquake.usgs.gov/research/cpt/data/ on 05.29.2018.",
908,4135,2176,80.0,SCC028,-121.9824,37.3922,1999.10.15,660,,0.0,cm/s,0.0,,m,MPa,kPa,,,,"Holzer, TL, Noce, TE, and Bennett, MJ (2010). Maps and Documentation of Seismic CPT Soundings in the Central, Eastern, and Western United States, USGS Open-File Report 2010-1136, 86 p. Data accessed from https://earthquake.usgs.gov/research/cpt/data/ on 05.29.2018.",
909,4136,2177,80.0,SCC030,-122.0987,37.4123,1999.10.19,660,,0.0,cm/s,0.0,,m,MPa,kPa,,,,"Holzer, TL, Noce, TE, and Bennett, MJ (2010). Maps and Documentation of Seismic CPT Soundings in the Central, Eastern, and Western United States, USGS Open-File Report 2010-1136, 86 p. Data accessed from https://earthquake.usgs.gov/research/cpt/data/ on 05.29.2018.",
910,4137,2178,80.0,SCC032,-122.0832,37.4051,1999.10.19,660,,0.0,cm/s,0.0,,m,MPa,kPa,,,,"Holzer, TL, Noce, TE, and Bennett, MJ (2010). Maps and Documentation of Seismic CPT Soundings in the Central, Eastern, and Western United States, USGS Open-File Report 2010-1136, 86 p. Data accessed from https://earthquake.usgs.gov/research/cpt/data/ on 05.29.2018.",
911,4138,2179,80.0,SCC033,-122.0657,37.4021,1999.10.20,660,,0.0,cm/s,0.0,,m,MPa,kPa,,,,"Holzer, TL, Noce, TE, and Bennett, MJ (2010). Maps and Documentation of Seismic CPT Soundings in the Central, Eastern, and Western United States, USGS Open-File Report 2010-1136, 86 p. Data accessed from https://earthquake.usgs.gov/research/cpt/data/ on 05.29.2018.",
912,4139,2180,80.0,SCC034,-122.076,37.4047,1999.10.20,660,,0.0,cm/s,0.0,,m,MPa,kPa,,,,"Holzer, TL, Noce, TE, and Bennett, MJ (2010). Maps and Documentation of Seismic CPT Soundings in the Central, Eastern, and Western United States, USGS Open-File Report 2010-1136, 86 p. Data accessed from https://earthquake.usgs.gov/research/cpt/data/ on 05.29.2018.",
913,4140,2181,80.0,SCC035,-122.0217,37.3957,1999.10.26,660,,0.0,cm/s,0.0,,m,MPa,kPa,,,,"Holzer, TL, Noce, TE, and Bennett, MJ (2010). Maps and Documentation of Seismic CPT Soundings in the Central, Eastern, and Western United States, USGS Open-File Report 2010-1136, 86 p. Data accessed from https://earthquake.usgs.gov/research/cpt/data/ on 05.29.2018.",
914,4141,2182,80.0,SCC036,-122.1459,37.4496,1999.10.28,660,,0.0,cm/s,0.0,,m,MPa,kPa,,,,"Holzer, TL, Noce, TE, and Bennett, MJ (2010). Maps and Documentation of Seismic CPT Soundings in the Central, Eastern, and Western United States, USGS Open-File Report 2010-1136, 86 p. Data accessed from https://earthquake.usgs.gov/research/cpt/data/ on 05.29.2018.",
915,4142,2183,80.0,SCC037,-122.0597,37.3945,1999.11.10,660,,0.0,cm/s,0.0,,m,MPa,kPa,,,,"Holzer, TL, Noce, TE, and Bennett, MJ (2010). Maps and Documentation of Seismic CPT Soundings in the Central, Eastern, and Western United States, USGS Open-File Report 2010-1136, 86 p. Data accessed from https://earthquake.usgs.gov/research/cpt/data/ on 05.29.2018.",
916,4143,2184,80.0,SCC039,-121.9942,37.3999,1999.11.19,660,,0.0,cm/s,0.0,,m,MPa,kPa,,,,"Holzer, TL, Noce, TE, and Bennett, MJ (2010). Maps and Documentation of Seismic CPT Soundings in the Central, Eastern, and Western United States, USGS Open-File Report 2010-1136, 86 p. Data accessed from https://earthquake.usgs.gov/research/cpt/data/ on 05.29.2018.",
917,4144,2185,80.0,SCC042,-121.9865,37.4106,1999.12.29,660,,0.0,cm/s,0.0,,m,MPa,kPa,,,,"Holzer, TL, Noce, TE, and Bennett, MJ (2010). Maps and Documentation of Seismic CPT Soundings in the Central, Eastern, and Western United States, USGS Open-File Report 2010-1136, 86 p. Data accessed from https://earthquake.usgs.gov/research/cpt/data/ on 05.29.2018.",
918,4145,2186,80.0,SCC043,-121.9598,37.4102,1999.12.29,660,,0.0,cm/s,0.0,,m,MPa,kPa,,,,"Holzer, TL, Noce, TE, and Bennett, MJ (2010). Maps and Documentation of Seismic CPT Soundings in the Central, Eastern, and Western United States, USGS Open-File Report 2010-1136, 86 p. Data accessed from https://earthquake.usgs.gov/research/cpt/data/ on 05.29.2018.",
919,4146,2187,80.0,SCC045,-121.9265,37.4127,1999.12.30,660,,0.0,cm/s,0.0,,m,MPa,kPa,,,,"Holzer, TL, Noce, TE, and Bennett, MJ (2010). Maps and Documentation of Seismic CPT Soundings in the Central, Eastern, and Western United States, USGS Open-File Report 2010-1136, 86 p. Data accessed from https://earthquake.usgs.gov/research/cpt/data/ on 05.29.2018.",
920,4147,2188,80.0,SCC046,-121.9317,37.4166,2000.1.4,660,,0.0,cm/s,0.0,,m,MPa,kPa,,,,"Holzer, TL, Noce, TE, and Bennett, MJ (2010). Maps and Documentation of Seismic CPT Soundings in the Central, Eastern, and Western United States, USGS Open-File Report 2010-1136, 86 p. Data accessed from https://earthquake.usgs.gov/research/cpt/data/ on 05.29.2018.",
921,4148,2189,80.0,SCC047,-121.9763,37.422,2000.1.4,660,,0.0,cm/s,0.0,,m,MPa,kPa,,,,"Holzer, TL, Noce, TE, and Bennett, MJ (2010). Maps and Documentation of Seismic CPT Soundings in the Central, Eastern, and Western United States, USGS Open-File Report 2010-1136, 86 p. Data accessed from https://earthquake.usgs.gov/research/cpt/data/ on 05.29.2018.",
922,4149,2190,80.0,SCC048,-121.9767,37.4078,2000.1.7,660,,0.0,cm/s,0.0,,m,MPa,kPa,,,,"Holzer, TL, Noce, TE, and Bennett, MJ (2010). Maps and Documentation of Seismic CPT Soundings in the Central, Eastern, and Western United States, USGS Open-File Report 2010-1136, 86 p. Data accessed from https://earthquake.usgs.gov/research/cpt/data/ on 05.29.2018.",
923,4150,2191,80.0,SCC049,-121.987,37.3951,2000.1.7,660,,0.0,cm/s,0.0,,m,MPa,kPa,,,,"Holzer, TL, Noce, TE, and Bennett, MJ (2010). Maps and Documentation of Seismic CPT Soundings in the Central, Eastern, and Western United States, USGS Open-File Report 2010-1136, 86 p. Data accessed from https://earthquake.usgs.gov/research/cpt/data/ on 05.29.2018.",
924,4151,2192,80.0,SCC050,-121.91,37.3669,2000.2.2,660,,0.0,cm/s,0.0,,m,MPa,kPa,,,,"Holzer, TL, Noce, TE, and Bennett, MJ (2010). Maps and Documentation of Seismic CPT Soundings in the Central, Eastern, and Western United States, USGS Open-File Report 2010-1136, 86 p. Data accessed from https://earthquake.usgs.gov/research/cpt/data/ on 05.29.2018.",
925,4152,2193,80.0,SCC051,-121.941,37.3545,2000.2.2,660,,0.0,cm/s,0.0,,m,MPa,kPa,,,,"Holzer, TL, Noce, TE, and Bennett, MJ (2010). Maps and Documentation of Seismic CPT Soundings in the Central, Eastern, and Western United States, USGS Open-File Report 2010-1136, 86 p. Data accessed from https://earthquake.usgs.gov/research/cpt/data/ on 05.29.2018.",
926,4153,2194,80.0,SCC052,-122.0044,37.3273,2000.2.3,660,,0.0,cm/s,0.0,,m,MPa,kPa,,,,"Holzer, TL, Noce, TE, and Bennett, MJ (2010). Maps and Documentation of Seismic CPT Soundings in the Central, Eastern, and Western United States, USGS Open-File Report 2010-1136, 86 p. Data accessed from https://earthquake.usgs.gov/research/cpt/data/ on 05.29.2018.",
927,4154,2195,80.0,SCC053,-121.9745,37.3595,2000.2.3,660,,0.0,cm/s,0.0,,m,MPa,kPa,,,,"Holzer, TL, Noce, TE, and Bennett, MJ (2010). Maps and Documentation of Seismic CPT Soundings in the Central, Eastern, and Western United States, USGS Open-File Report 2010-1136, 86 p. Data accessed from https://earthquake.usgs.gov/research/cpt/data/ on 05.29.2018.",
928,4155,2196,80.0,SCC054,-122.0822,37.4209,2000.4.19,660,,0.0,cm/s,0.0,,m,MPa,kPa,,,,"Holzer, TL, Noce, TE, and Bennett, MJ (2010). Maps and Documentation of Seismic CPT Soundings in the Central, Eastern, and Western United States, USGS Open-File Report 2010-1136, 86 p. Data accessed from https://earthquake.usgs.gov/research/cpt/data/ on 05.29.2018.",
929,4156,2197,80.0,SCC055,-121.9685,37.4014,2000.4.20,660,,0.0,cm/s,0.0,,m,MPa,kPa,,,,"Holzer, TL, Noce, TE, and Bennett, MJ (2010). Maps and Documentation of Seismic CPT Soundings in the Central, Eastern, and Western United States, USGS Open-File Report 2010-1136, 86 p. Data accessed from https://earthquake.usgs.gov/research/cpt/data/ on 05.29.2018.",
930,4157,2198,80.0,SCC056,-121.9569,37.3914,2000.4.20,660,,0.0,cm/s,0.0,,m,MPa,kPa,,,,"Holzer, TL, Noce, TE, and Bennett, MJ (2010). Maps and Documentation of Seismic CPT Soundings in the Central, Eastern, and Western United States, USGS Open-File Report 2010-1136, 86 p. Data accessed from https://earthquake.usgs.gov/research/cpt/data/ on 05.29.2018.",
931,4158,2199,80.0,SCC057,-121.9456,37.3903,2000.4.21,660,,0.0,cm/s,0.0,,m,MPa,kPa,,,,"Holzer, TL, Noce, TE, and Bennett, MJ (2010). Maps and Documentation of Seismic CPT Soundings in the Central, Eastern, and Western United States, USGS Open-File Report 2010-1136, 86 p. Data accessed from https://earthquake.usgs.gov/research/cpt/data/ on 05.29.2018.",
932,4159,2200,80.0,SCC060,-121.9346,37.3689,2000.5.25,660,,0.0,cm/s,0.0,,m,MPa,kPa,,,,"Holzer, TL, Noce, TE, and Bennett, MJ (2010). Maps and Documentation of Seismic CPT Soundings in the Central, Eastern, and Western United States, USGS Open-File Report 2010-1136, 86 p. Data accessed from https://earthquake.usgs.gov/research/cpt/data/ on 05.29.2018.",
933,4160,2201,80.0,SCC061,-121.9374,37.3633,2000.5.25,660,,0.0,cm/s,0.0,,m,MPa,kPa,,,,"Holzer, TL, Noce, TE, and Bennett, MJ (2010). Maps and Documentation of Seismic CPT Soundings in the Central, Eastern, and Western United States, USGS Open-File Report 2010-1136, 86 p. Data accessed from https://earthquake.usgs.gov/research/cpt/data/ on 05.29.2018.",
934,4161,2202,80.0,SCC064,-121.9266,37.3552,2000.5.25,660,,0.0,cm/s,0.0,,m,MPa,kPa,,,,"Holzer, TL, Noce, TE, and Bennett, MJ (2010). Maps and Documentation of Seismic CPT Soundings in the Central, Eastern, and Western United States, USGS Open-File Report 2010-1136, 86 p. Data accessed from https://earthquake.usgs.gov/research/cpt/data/ on 05.29.2018.",
935,4162,2203,80.0,SCC066,-121.9178,37.3597,2000.5.25,660,,0.0,cm/s,0.0,,m,MPa,kPa,,,,"Holzer, TL, Noce, TE, and Bennett, MJ (2010). Maps and Documentation of Seismic CPT Soundings in the Central, Eastern, and Western United States, USGS Open-File Report 2010-1136, 86 p. Data accessed from https://earthquake.usgs.gov/research/cpt/data/ on 05.29.2018.",
936,4163,2204,80.0,SCC067,-122.019,37.4176,2000.6.6,660,,0.0,cm/s,0.0,,m,MPa,kPa,,,,"Holzer, TL, Noce, TE, and Bennett, MJ (2010). Maps and Documentation of Seismic CPT Soundings in the Central, Eastern, and Western United States, USGS Open-File Report 2010-1136, 86 p. Data accessed from https://earthquake.usgs.gov/research/cpt/data/ on 05.29.2018.",
937,4164,2205,80.0,SCC069,-122.0202,37.412,2000.6.6,660,,0.0,cm/s,0.0,,m,MPa,kPa,,,,"Holzer, TL, Noce, TE, and Bennett, MJ (2010). Maps and Documentation of Seismic CPT Soundings in the Central, Eastern, and Western United States, USGS Open-File Report 2010-1136, 86 p. Data accessed from https://earthquake.usgs.gov/research/cpt/data/ on 05.29.2018.",
938,4165,2206,80.0,SCC070,-121.9802,37.4299,2000.6.6,660,,0.0,cm/s,0.0,,m,MPa,kPa,,,,"Holzer, TL, Noce, TE, and Bennett, MJ (2010). Maps and Documentation of Seismic CPT Soundings in the Central, Eastern, and Western United States, USGS Open-File Report 2010-1136, 86 p. Data accessed from https://earthquake.usgs.gov/research/cpt/data/ on 05.29.2018.",
939,4166,2207,80.0,SCC073,-121.9156,37.357,2000.6.12,660,,0.0,cm/s,0.0,,m,MPa,kPa,,,,"Holzer, TL, Noce, TE, and Bennett, MJ (2010). Maps and Documentation of Seismic CPT Soundings in the Central, Eastern, and Western United States, USGS Open-File Report 2010-1136, 86 p. Data accessed from https://earthquake.usgs.gov/research/cpt/data/ on 05.29.2018.",
940,4167,2208,80.0,SCC076,-121.9267,37.426,2000.6.13,660,,0.0,cm/s,0.0,,m,MPa,kPa,,,,"Holzer, TL, Noce, TE, and Bennett, MJ (2010). Maps and Documentation of Seismic CPT Soundings in the Central, Eastern, and Western United States, USGS Open-File Report 2010-1136, 86 p. Data accessed from https://earthquake.usgs.gov/research/cpt/data/ on 05.29.2018.",
941,4168,2209,80.0,SCC077,-121.9287,37.4329,2000.6.13,660,,0.0,cm/s,0.0,,m,MPa,kPa,,,,"Holzer, TL, Noce, TE, and Bennett, MJ (2010). Maps and Documentation of Seismic CPT Soundings in the Central, Eastern, and Western United States, USGS Open-File Report 2010-1136, 86 p. Data accessed from https://earthquake.usgs.gov/research/cpt/data/ on 05.29.2018.",
942,4169,2210,80.0,SCC079,-121.9243,37.4053,2000.6.13,660,,0.0,cm/s,0.0,,m,MPa,kPa,,,,"Holzer, TL, Noce, TE, and Bennett, MJ (2010). Maps and Documentation of Seismic CPT Soundings in the Central, Eastern, and Western United States, USGS Open-File Report 2010-1136, 86 p. Data accessed from https://earthquake.usgs.gov/research/cpt/data/ on 05.29.2018.",
943,4170,2211,80.0,SCC081,-121.9159,37.3974,2000.6.13,660,,0.0,cm/s,0.0,,m,MPa,kPa,,,,"Holzer, TL, Noce, TE, and Bennett, MJ (2010). Maps and Documentation of Seismic CPT Soundings in the Central, Eastern, and Western United States, USGS Open-File Report 2010-1136, 86 p. Data accessed from https://earthquake.usgs.gov/research/cpt/data/ on 05.29.2018.",
944,4171,2212,80.0,SCC082,-122.0439,37.4052,2000.6.20,660,,0.0,cm/s,0.0,,m,MPa,kPa,,,,"Holzer, TL, Noce, TE, and Bennett, MJ (2010). Maps and Documentation of Seismic CPT Soundings in the Central, Eastern, and Western United States, USGS Open-File Report 2010-1136, 86 p. Data accessed from https://earthquake.usgs.gov/research/cpt/data/ on 05.29.2018.",
945,4172,2213,80.0,SCC084,-122.0465,37.4108,2000.6.20,660,,0.0,cm/s,0.0,,m,MPa,kPa,,,,"Holzer, TL, Noce, TE, and Bennett, MJ (2010). Maps and Documentation of Seismic CPT Soundings in the Central, Eastern, and Western United States, USGS Open-File Report 2010-1136, 86 p. Data accessed from https://earthquake.usgs.gov/research/cpt/data/ on 05.29.2018.",
946,4173,2214,80.0,SCC085,-122.05,37.4176,2000.6.20,660,,0.0,cm/s,0.0,,m,MPa,kPa,,,,"Holzer, TL, Noce, TE, and Bennett, MJ (2010). Maps and Documentation of Seismic CPT Soundings in the Central, Eastern, and Western United States, USGS Open-File Report 2010-1136, 86 p. Data accessed from https://earthquake.usgs.gov/research/cpt/data/ on 05.29.2018.",
947,4174,2215,80.0,SCC086,-122.053,37.4235,2000.6.20,660,,0.0,cm/s,0.0,,m,MPa,kPa,,,,"Holzer, TL, Noce, TE, and Bennett, MJ (2010). Maps and Documentation of Seismic CPT Soundings in the Central, Eastern, and Western United States, USGS Open-File Report 2010-1136, 86 p. Data accessed from https://earthquake.usgs.gov/research/cpt/data/ on 05.29.2018.",
948,4175,2216,80.0,SCC088,-122.0578,37.4257,2000.6.20,660,,0.0,cm/s,0.0,,m,MPa,kPa,,,,"Holzer, TL, Noce, TE, and Bennett, MJ (2010). Maps and Documentation of Seismic CPT Soundings in the Central, Eastern, and Western United States, USGS Open-File Report 2010-1136, 86 p. Data accessed from https://earthquake.usgs.gov/research/cpt/data/ on 05.29.2018.",
949,4176,2217,80.0,SCC089,-121.9222,37.3574,2000.6.21,660,,0.0,cm/s,0.0,,m,MPa,kPa,,,,"Holzer, TL, Noce, TE, and Bennett, MJ (2010). Maps and Documentation of Seismic CPT Soundings in the Central, Eastern, and Western United States, USGS Open-File Report 2010-1136, 86 p. Data accessed from https://earthquake.usgs.gov/research/cpt/data/ on 05.29.2018.",
950,4177,2218,80.0,SCC092,-121.9189,37.3547,2000.6.21,660,,0.0,cm/s,0.0,,m,MPa,kPa,,,,"Holzer, TL, Noce, TE, and Bennett, MJ (2010). Maps and Documentation of Seismic CPT Soundings in the Central, Eastern, and Western United States, USGS Open-File Report 2010-1136, 86 p. Data accessed from https://earthquake.usgs.gov/research/cpt/data/ on 05.29.2018.",
951,4178,2219,80.0,SCC093,-121.928,37.3629,2000.6.21,660,,0.0,cm/s,0.0,,m,MPa,kPa,,,,"Holzer, TL, Noce, TE, and Bennett, MJ (2010). Maps and Documentation of Seismic CPT Soundings in the Central, Eastern, and Western United States, USGS Open-File Report 2010-1136, 86 p. Data accessed from https://earthquake.usgs.gov/research/cpt/data/ on 05.29.2018.",
952,4179,2220,80.0,SCC095,-122.0484,37.4049,2000.6.26,660,,0.0,cm/s,0.0,,m,MPa,kPa,,,,"Holzer, TL, Noce, TE, and Bennett, MJ (2010). Maps and Documentation of Seismic CPT Soundings in the Central, Eastern, and Western United States, USGS Open-File Report 2010-1136, 86 p. Data accessed from https://earthquake.usgs.gov/research/cpt/data/ on 05.29.2018.",
953,4180,2221,80.0,SCC096,-122.0384,37.4024,2000.6.26,660,,0.0,cm/s,0.0,,m,MPa,kPa,,,,"Holzer, TL, Noce, TE, and Bennett, MJ (2010). Maps and Documentation of Seismic CPT Soundings in the Central, Eastern, and Western United States, USGS Open-File Report 2010-1136, 86 p. Data accessed from https://earthquake.usgs.gov/research/cpt/data/ on 05.29.2018.",
954,4181,2222,80.0,SCC097,-122.0413,37.4269,2000.6.26,660,,0.0,cm/s,0.0,,m,MPa,kPa,,,,"Holzer, TL, Noce, TE, and Bennett, MJ (2010). Maps and Documentation of Seismic CPT Soundings in the Central, Eastern, and Western United States, USGS Open-File Report 2010-1136, 86 p. Data accessed from https://earthquake.usgs.gov/research/cpt/data/ on 05.29.2018.",
955,4182,2223,80.0,SCC098,-122.0683,37.4275,2000.6.26,660,,0.0,cm/s,0.0,,m,MPa,kPa,,,,"Holzer, TL, Noce, TE, and Bennett, MJ (2010). Maps and Documentation of Seismic CPT Soundings in the Central, Eastern, and Western United States, USGS Open-File Report 2010-1136, 86 p. Data accessed from https://earthquake.usgs.gov/research/cpt/data/ on 05.29.2018.",
956,4183,2224,80.0,SCC099,-121.9079,37.346,2000.6.29,660,,0.0,cm/s,0.0,,m,MPa,kPa,,,,"Holzer, TL, Noce, TE, and Bennett, MJ (2010). Maps and Documentation of Seismic CPT Soundings in the Central, Eastern, and Western United States, USGS Open-File Report 2010-1136, 86 p. Data accessed from https://earthquake.usgs.gov/research/cpt/data/ on 05.29.2018.",
957,4184,2225,80.0,SCC101,-121.8901,37.3766,2000.6.30,660,,0.0,cm/s,0.0,,m,MPa,kPa,,,,"Holzer, TL, Noce, TE, and Bennett, MJ (2010). Maps and Documentation of Seismic CPT Soundings in the Central, Eastern, and Western United States, USGS Open-File Report 2010-1136, 86 p. Data accessed from https://earthquake.usgs.gov/research/cpt/data/ on 05.29.2018.",
958,4185,2226,80.0,SCC102,-121.8639,37.3243,2000.6.30,660,,0.0,cm/s,0.0,,m,MPa,kPa,,,,"Holzer, TL, Noce, TE, and Bennett, MJ (2010). Maps and Documentation of Seismic CPT Soundings in the Central, Eastern, and Western United States, USGS Open-File Report 2010-1136, 86 p. Data accessed from https://earthquake.usgs.gov/research/cpt/data/ on 05.29.2018.",
959,4186,2227,80.0,SCC103,-121.8987,37.3342,2000.7.12,660,,0.0,cm/s,0.0,,m,MPa,kPa,,,,"Holzer, TL, Noce, TE, and Bennett, MJ (2010). Maps and Documentation of Seismic CPT Soundings in the Central, Eastern, and Western United States, USGS Open-File Report 2010-1136, 86 p. Data accessed from https://earthquake.usgs.gov/research/cpt/data/ on 05.29.2018.",
960,4187,2228,80.0,SCC104,-121.8928,37.3285,2000.7.12,660,,0.0,cm/s,0.0,,m,MPa,kPa,,,,"Holzer, TL, Noce, TE, and Bennett, MJ (2010). Maps and Documentation of Seismic CPT Soundings in the Central, Eastern, and Western United States, USGS Open-File Report 2010-1136, 86 p. Data accessed from https://earthquake.usgs.gov/research/cpt/data/ on 05.29.2018.",
961,4188,2229,80.0,SCC106,-121.8839,37.3514,2000.7.18,660,,0.0,cm/s,0.0,,m,MPa,kPa,,,,"Holzer, TL, Noce, TE, and Bennett, MJ (2010). Maps and Documentation of Seismic CPT Soundings in the Central, Eastern, and Western United States, USGS Open-File Report 2010-1136, 86 p. Data accessed from https://earthquake.usgs.gov/research/cpt/data/ on 05.29.2018.",
962,4189,2230,80.0,SCC108,-121.8754,37.3573,2000.7.18,660,,0.0,cm/s,0.0,,m,MPa,kPa,,,,"Holzer, TL, Noce, TE, and Bennett, MJ (2010). Maps and Documentation of Seismic CPT Soundings in the Central, Eastern, and Western United States, USGS Open-File Report 2010-1136, 86 p. Data accessed from https://earthquake.usgs.gov/research/cpt/data/ on 05.29.2018.",
963,4190,2231,80.0,SCC109,-121.8761,37.3557,2000.7.18,660,,0.0,cm/s,0.0,,m,MPa,kPa,,,,"Holzer, TL, Noce, TE, and Bennett, MJ (2010). Maps and Documentation of Seismic CPT Soundings in the Central, Eastern, and Western United States, USGS Open-File Report 2010-1136, 86 p. Data accessed from https://earthquake.usgs.gov/research/cpt/data/ on 05.29.2018.",
964,4191,2232,80.0,SCC111,-121.8721,37.3473,2000.7.18,660,,0.0,cm/s,0.0,,m,MPa,kPa,,,,"Holzer, TL, Noce, TE, and Bennett, MJ (2010). Maps and Documentation of Seismic CPT Soundings in the Central, Eastern, and Western United States, USGS Open-File Report 2010-1136, 86 p. Data accessed from https://earthquake.usgs.gov/research/cpt/data/ on 05.29.2018.",
965,4192,2233,80.0,SCC112,-121.8682,37.3342,2000.7.19,660,,0.0,cm/s,0.0,,m,MPa,kPa,,,,"Holzer, TL, Noce, TE, and Bennett, MJ (2010). Maps and Documentation of Seismic CPT Soundings in the Central, Eastern, and Western United States, USGS Open-File Report 2010-1136, 86 p. Data accessed from https://earthquake.usgs.gov/research/cpt/data/ on 05.29.2018.",
966,4193,2234,80.0,SCC113,-121.8944,37.377,2000.7.19,660,,0.0,cm/s,0.0,,m,MPa,kPa,,,,"Holzer, TL, Noce, TE, and Bennett, MJ (2010). Maps and Documentation of Seismic CPT Soundings in the Central, Eastern, and Western United States, USGS Open-File Report 2010-1136, 86 p. Data accessed from https://earthquake.usgs.gov/research/cpt/data/ on 05.29.2018.",
967,4194,2235,80.0,SCC114,-121.9668,37.4257,2000.7.19,660,,0.0,cm/s,0.0,,m,MPa,kPa,,,,"Holzer, TL, Noce, TE, and Bennett, MJ (2010). Maps and Documentation of Seismic CPT Soundings in the Central, Eastern, and Western United States, USGS Open-File Report 2010-1136, 86 p. Data accessed from https://earthquake.usgs.gov/research/cpt/data/ on 05.29.2018.",
968,4195,2236,80.0,SCC116,-121.8324,37.3712,2000.7.31,660,,0.0,cm/s,0.0,,m,MPa,kPa,,,,"Holzer, TL, Noce, TE, and Bennett, MJ (2010). Maps and Documentation of Seismic CPT Soundings in the Central, Eastern, and Western United States, USGS Open-File Report 2010-1136, 86 p. Data accessed from https://earthquake.usgs.gov/research/cpt/data/ on 05.29.2018.",
969,4196,2237,80.0,SCC117,-121.8776,37.3445,2000.7.31,660,,0.0,cm/s,0.0,,m,MPa,kPa,,,,"Holzer, TL, Noce, TE, and Bennett, MJ (2010). Maps and Documentation of Seismic CPT Soundings in the Central, Eastern, and Western United States, USGS Open-File Report 2010-1136, 86 p. Data accessed from https://earthquake.usgs.gov/research/cpt/data/ on 05.29.2018.",
970,4197,2238,80.0,SCC118,-121.8901,37.3647,2000.8.3,660,,0.0,cm/s,0.0,,m,MPa,kPa,,,,"Holzer, TL, Noce, TE, and Bennett, MJ (2010). Maps and Documentation of Seismic CPT Soundings in the Central, Eastern, and Western United States, USGS Open-File Report 2010-1136, 86 p. Data accessed from https://earthquake.usgs.gov/research/cpt/data/ on 05.29.2018.",
971,4198,2239,80.0,SCC119,-121.9053,37.3751,2000.8.3,660,,0.0,cm/s,0.0,,m,MPa,kPa,,,,"Holzer, TL, Noce, TE, and Bennett, MJ (2010). Maps and Documentation of Seismic CPT Soundings in the Central, Eastern, and Western United States, USGS Open-File Report 2010-1136, 86 p. Data accessed from https://earthquake.usgs.gov/research/cpt/data/ on 05.29.2018.",
972,4199,2240,80.0,SCC120,-121.8825,37.3719,2000.8.3,660,,0.0,cm/s,0.0,,m,MPa,kPa,,,,"Holzer, TL, Noce, TE, and Bennett, MJ (2010). Maps and Documentation of Seismic CPT Soundings in the Central, Eastern, and Western United States, USGS Open-File Report 2010-1136, 86 p. Data accessed from https://earthquake.usgs.gov/research/cpt/data/ on 05.29.2018.",
973,4200,2241,80.0,SCC123,-121.8601,37.356,2000.8.11,660,,0.0,cm/s,0.0,,m,MPa,kPa,,,,"Holzer, TL, Noce, TE, and Bennett, MJ (2010). Maps and Documentation of Seismic CPT Soundings in the Central, Eastern, and Western United States, USGS Open-File Report 2010-1136, 86 p. Data accessed from https://earthquake.usgs.gov/research/cpt/data/ on 05.29.2018.",
974,4201,2242,80.0,SCC124,-121.8733,37.3764,2000.8.11,660,,0.0,cm/s,0.0,,m,MPa,kPa,,,,"Holzer, TL, Noce, TE, and Bennett, MJ (2010). Maps and Documentation of Seismic CPT Soundings in the Central, Eastern, and Western United States, USGS Open-File Report 2010-1136, 86 p. Data accessed from https://earthquake.usgs.gov/research/cpt/data/ on 05.29.2018.",
975,4202,2243,80.0,SCC125,-121.8659,37.3823,2000.8.16,660,,0.0,cm/s,0.0,,m,MPa,kPa,,,,"Holzer, TL, Noce, TE, and Bennett, MJ (2010). Maps and Documentation of Seismic CPT Soundings in the Central, Eastern, and Western United States, USGS Open-File Report 2010-1136, 86 p. Data accessed from https://earthquake.usgs.gov/research/cpt/data/ on 05.29.2018.",
976,4203,2244,80.0,SCC126,-121.8556,37.3879,2000.8.16,660,,0.0,cm/s,0.0,,m,MPa,kPa,,,,"Holzer, TL, Noce, TE, and Bennett, MJ (2010). Maps and Documentation of Seismic CPT Soundings in the Central, Eastern, and Western United States, USGS Open-File Report 2010-1136, 86 p. Data accessed from https://earthquake.usgs.gov/research/cpt/data/ on 05.29.2018.",
977,4204,2245,80.0,SCC127,-121.8272,37.4022,2000.8.17,660,,0.0,cm/s,0.0,,m,MPa,kPa,,,,"Holzer, TL, Noce, TE, and Bennett, MJ (2010). Maps and Documentation of Seismic CPT Soundings in the Central, Eastern, and Western United States, USGS Open-File Report 2010-1136, 86 p. Data accessed from https://earthquake.usgs.gov/research/cpt/data/ on 05.29.2018.",
978,4205,2246,80.0,SCC128,-121.8471,37.3937,2000.8.17,660,,0.0,cm/s,0.0,,m,MPa,kPa,,,,"Holzer, TL, Noce, TE, and Bennett, MJ (2010). Maps and Documentation of Seismic CPT Soundings in the Central, Eastern, and Western United States, USGS Open-File Report 2010-1136, 86 p. Data accessed from https://earthquake.usgs.gov/research/cpt/data/ on 05.29.2018.",
979,4206,2247,80.0,SCC129,-121.8885,37.3915,2000.8.18,660,,0.0,cm/s,0.0,,m,MPa,kPa,,,,"Holzer, TL, Noce, TE, and Bennett, MJ (2010). Maps and Documentation of Seismic CPT Soundings in the Central, Eastern, and Western United States, USGS Open-File Report 2010-1136, 86 p. Data accessed from https://earthquake.usgs.gov/research/cpt/data/ on 05.29.2018.",
980,4207,2248,80.0,SCC130,-121.8595,37.4055,2000.8.18,660,,0.0,cm/s,0.0,,m,MPa,kPa,,,,"Holzer, TL, Noce, TE, and Bennett, MJ (2010). Maps and Documentation of Seismic CPT Soundings in the Central, Eastern, and Western United States, USGS Open-File Report 2010-1136, 86 p. Data accessed from https://earthquake.usgs.gov/research/cpt/data/ on 05.29.2018.",
981,4208,2249,80.0,SCC131,-121.8695,37.3367,2000.8.24,660,,0.0,cm/s,0.0,,m,MPa,kPa,,,,"Holzer, TL, Noce, TE, and Bennett, MJ (2010). Maps and Documentation of Seismic CPT Soundings in the Central, Eastern, and Western United States, USGS Open-File Report 2010-1136, 86 p. Data accessed from https://earthquake.usgs.gov/research/cpt/data/ on 05.29.2018.",
982,4209,2250,80.0,SCC132,-121.9441,37.2768,2001.7.18,660,,0.0,cm/s,0.0,,m,MPa,kPa,,,,"Holzer, TL, Noce, TE, and Bennett, MJ (2010). Maps and Documentation of Seismic CPT Soundings in the Central, Eastern, and Western United States, USGS Open-File Report 2010-1136, 86 p. Data accessed from https://earthquake.usgs.gov/research/cpt/data/ on 05.29.2018.",
983,4210,2251,80.0,SCC133,-121.9032,37.3163,2001.7.18,660,,0.0,cm/s,0.0,,m,MPa,kPa,,,,"Holzer, TL, Noce, TE, and Bennett, MJ (2010). Maps and Documentation of Seismic CPT Soundings in the Central, Eastern, and Western United States, USGS Open-File Report 2010-1136, 86 p. Data accessed from https://earthquake.usgs.gov/research/cpt/data/ on 05.29.2018.",
984,4211,2252,80.0,SCC134,-121.9435,37.3178,2002.2.14,766TC,,0.0,cm/s,0.0,,m,MPa,kPa,,,,"Holzer, TL, Noce, TE, and Bennett, MJ (2010). Maps and Documentation of Seismic CPT Soundings in the Central, Eastern, and Western United States, USGS Open-File Report 2010-1136, 86 p. Data accessed from https://earthquake.usgs.gov/research/cpt/data/ on 05.29.2018.",
985,4212,2253,80.0,SCC135,-121.9363,37.3777,2002.8.20,766TC,,0.0,cm/s,0.0,,m,MPa,kPa,,,,"Holzer, TL, Noce, TE, and Bennett, MJ (2010). Maps and Documentation of Seismic CPT Soundings in the Central, Eastern, and Western United States, USGS Open-File Report 2010-1136, 86 p. Data accessed from https://earthquake.usgs.gov/research/cpt/data/ on 05.29.2018.",
986,4213,2254,80.0,SCC168,-121.7973,37.316,2003.3.27,766tc,,0.0,cm/s,0.0,,m,MPa,kPa,,,,"Holzer, TL, Noce, TE, and Bennett, MJ (2010). Maps and Documentation of Seismic CPT Soundings in the Central, Eastern, and Western United States, USGS Open-File Report 2010-1136, 86 p. Data accessed from https://earthquake.usgs.gov/research/cpt/data/ on 05.29.2018.",
987,4214,2255,80.0,SCC169,-122.1046,37.4587,2003.4.30,766tc,,0.0,cm/s,0.0,,m,MPa,kPa,,,,"Holzer, TL, Noce, TE, and Bennett, MJ (2010). Maps and Documentation of Seismic CPT Soundings in the Central, Eastern, and Western United States, USGS Open-File Report 2010-1136, 86 p. Data accessed from https://earthquake.usgs.gov/research/cpt/data/ on 05.29.2018.",
988,4215,2256,80.0,SCC170,-122.1351,37.4524,2003.8.21,766tc,,0.0,cm/s,0.0,,m,MPa,kPa,,,,"Holzer, TL, Noce, TE, and Bennett, MJ (2010). Maps and Documentation of Seismic CPT Soundings in the Central, Eastern, and Western United States, USGS Open-File Report 2010-1136, 86 p. Data accessed from https://earthquake.usgs.gov/research/cpt/data/ on 05.29.2018.",
989,4216,2257,80.0,SCC171,-122.1351,37.4524,2003.8.21,766tc,,0.0,cm/s,0.0,,m,MPa,kPa,,,,"Holzer, TL, Noce, TE, and Bennett, MJ (2010). Maps and Documentation of Seismic CPT Soundings in the Central, Eastern, and Western United States, USGS Open-File Report 2010-1136, 86 p. Data accessed from https://earthquake.usgs.gov/research/cpt/data/ on 05.29.2018.",
990,4217,2258,80.0,SCC174,-122.0649,37.3346,2003.9.2,766tc,,0.0,cm/s,0.0,,m,MPa,kPa,,,,"Holzer, TL, Noce, TE, and Bennett, MJ (2010). Maps and Documentation of Seismic CPT Soundings in the Central, Eastern, and Western United States, USGS Open-File Report 2010-1136, 86 p. Data accessed from https://earthquake.usgs.gov/research/cpt/data/ on 05.29.2018.",
991,4218,2259,80.0,SCC175,-122.1192,37.3999,2006.8.1,DDG0766,,0.0,cm/s,0.0,,m,MPa,kPa,,,,"Holzer, TL, Noce, TE, and Bennett, MJ (2010). Maps and Documentation of Seismic CPT Soundings in the Central, Eastern, and Western United States, USGS Open-File Report 2010-1136, 86 p. Data accessed from https://earthquake.usgs.gov/research/cpt/data/ on 05.29.2018.",
992,4219,2260,80.0,SCC176,-122.1,37.383,2006.8.1,DDG0766,,0.0,cm/s,0.0,,m,MPa,kPa,,,,"Holzer, TL, Noce, TE, and Bennett, MJ (2010). Maps and Documentation of Seismic CPT Soundings in the Central, Eastern, and Western United States, USGS Open-File Report 2010-1136, 86 p. Data accessed from https://earthquake.usgs.gov/research/cpt/data/ on 05.29.2018.",
993,4220,2261,80.0,SCC177,-122.0505,37.3374,2006.8.1,DDG0766,,0.0,cm/s,0.0,,m,MPa,kPa,,,,"Holzer, TL, Noce, TE, and Bennett, MJ (2010). Maps and Documentation of Seismic CPT Soundings in the Central, Eastern, and Western United States, USGS Open-File Report 2010-1136, 86 p. Data accessed from https://earthquake.usgs.gov/research/cpt/data/ on 05.29.2018.",
994,4221,2262,80.0,SCC178,-122.0449,37.3447,2006.8.1,DDG0766,,0.0,cm/s,0.0,,m,MPa,kPa,,,,"Holzer, TL, Noce, TE, and Bennett, MJ (2010). Maps and Documentation of Seismic CPT Soundings in the Central, Eastern, and Western United States, USGS Open-File Report 2010-1136, 86 p. Data accessed from https://earthquake.usgs.gov/research/cpt/data/ on 05.29.2018.",
995,4222,2263,80.0,SCC179,-122.0648,37.3521,2006.8.1,DDG0766,,0.0,cm/s,0.0,,m,MPa,kPa,,,,"Holzer, TL, Noce, TE, and Bennett, MJ (2010). Maps and Documentation of Seismic CPT Soundings in the Central, Eastern, and Western United States, USGS Open-File Report 2010-1136, 86 p. Data accessed from https://earthquake.usgs.gov/research/cpt/data/ on 05.29.2018.",
996,4223,2264,80.0,SCC180,-122.055,37.3588,2006.8.8,DDG0766,,0.0,cm/s,0.0,,m,MPa,kPa,,,,"Holzer, TL, Noce, TE, and Bennett, MJ (2010). Maps and Documentation of Seismic CPT Soundings in the Central, Eastern, and Western United States, USGS Open-File Report 2010-1136, 86 p. Data accessed from https://earthquake.usgs.gov/research/cpt/data/ on 05.29.2018.",
997,4224,2265,80.0,SCC181,-122.0153,37.3384,2006.8.8,DDG0766,,0.0,cm/s,0.0,,m,MPa,kPa,,,,"Holzer, TL, Noce, TE, and Bennett, MJ (2010). Maps and Documentation of Seismic CPT Soundings in the Central, Eastern, and Western United States, USGS Open-File Report 2010-1136, 86 p. Data accessed from https://earthquake.usgs.gov/research/cpt/data/ on 05.29.2018.",
998,4225,2266,80.0,SCC182,-121.9914,37.3373,2006.8.8,DDG0766,,0.0,cm/s,0.0,,m,MPa,kPa,,,,"Holzer, TL, Noce, TE, and Bennett, MJ (2010). Maps and Documentation of Seismic CPT Soundings in the Central, Eastern, and Western United States, USGS Open-File Report 2010-1136, 86 p. Data accessed from https://earthquake.usgs.gov/research/cpt/data/ on 05.29.2018.",
999,4226,2267,80.0,SCC183,-121.9437,37.3424,2006.8.8,DDG0766,,0.0,cm/s,0.0,,m,MPa,kPa,,,,"Holzer, TL, Noce, TE, and Bennett, MJ (2010). Maps and Documentation of Seismic CPT Soundings in the Central, Eastern, and Western United States, USGS Open-File Report 2010-1136, 86 p. Data accessed from https://earthquake.usgs.gov/research/cpt/data/ on 05.29.2018.",
1000,4227,2268,80.0,SCC184,-121.953,37.331,2006.8.9,DDG0766,,0.0,cm/s,0.0,,m,MPa,kPa,,,,"Holzer, TL, Noce, TE, and Bennett, MJ (2010). Maps and Documentation of Seismic CPT Soundings in the Central, Eastern, and Western United States, USGS Open-File Report 2010-1136, 86 p. Data accessed from https://earthquake.usgs.gov/research/cpt/data/ on 05.29.2018.",
1001,4228,2269,80.0,SCC185,-121.9487,37.3137,2006.8.9,DDG0766,,0.0,cm/s,0.0,,m,MPa,kPa,,,,"Holzer, TL, Noce, TE, and Bennett, MJ (2010). Maps and Documentation of Seismic CPT Soundings in the Central, Eastern, and Western United States, USGS Open-File Report 2010-1136, 86 p. Data accessed from https://earthquake.usgs.gov/research/cpt/data/ on 05.29.2018.",
1002,4229,2270,80.0,SCC186,-121.9481,37.301,2006.8.9,DDG0766,,0.0,cm/s,0.0,,m,MPa,kPa,,,,"Holzer, TL, Noce, TE, and Bennett, MJ (2010). Maps and Documentation of Seismic CPT Soundings in the Central, Eastern, and Western United States, USGS Open-File Report 2010-1136, 86 p. Data accessed from https://earthquake.usgs.gov/research/cpt/data/ on 05.29.2018.",
1003,4230,2271,80.0,SCC187,-121.9335,37.3053,2006.8.15,DDG0766,,0.0,cm/s,0.0,,m,MPa,kPa,,,,"Holzer, TL, Noce, TE, and Bennett, MJ (2010). Maps and Documentation of Seismic CPT Soundings in the Central, Eastern, and Western United States, USGS Open-File Report 2010-1136, 86 p. Data accessed from https://earthquake.usgs.gov/research/cpt/data/ on 05.29.2018.",
1004,4231,2272,80.0,SCC188,-121.9245,37.2824,2006.8.15,DDG0766,,0.0,cm/s,0.0,,m,MPa,kPa,,,,"Holzer, TL, Noce, TE, and Bennett, MJ (2010). Maps and Documentation of Seismic CPT Soundings in the Central, Eastern, and Western United States, USGS Open-File Report 2010-1136, 86 p. Data accessed from https://earthquake.usgs.gov/research/cpt/data/ on 05.29.2018.",
1005,4232,2273,80.0,SCC189,-121.9057,37.2815,2006.8.15,DDG0766,,0.0,cm/s,0.0,,m,MPa,kPa,,,,"Holzer, TL, Noce, TE, and Bennett, MJ (2010). Maps and Documentation of Seismic CPT Soundings in the Central, Eastern, and Western United States, USGS Open-File Report 2010-1136, 86 p. Data accessed from https://earthquake.usgs.gov/research/cpt/data/ on 05.29.2018.",
1006,4233,2274,80.0,SCC190,-121.8791,37.2868,2006.8.15,DDG0766,,0.0,cm/s,0.0,,m,MPa,kPa,,,,"Holzer, TL, Noce, TE, and Bennett, MJ (2010). Maps and Documentation of Seismic CPT Soundings in the Central, Eastern, and Western United States, USGS Open-File Report 2010-1136, 86 p. Data accessed from https://earthquake.usgs.gov/research/cpt/data/ on 05.29.2018.",
1007,4234,2275,80.0,SCC191,-121.877,37.3044,2006.8.15,DDG0766,,0.0,cm/s,0.0,,m,MPa,kPa,,,,"Holzer, TL, Noce, TE, and Bennett, MJ (2010). Maps and Documentation of Seismic CPT Soundings in the Central, Eastern, and Western United States, USGS Open-File Report 2010-1136, 86 p. Data accessed from https://earthquake.usgs.gov/research/cpt/data/ on 05.29.2018.",
1008,4235,2276,80.0,SCC192,-121.9699,37.3822,2006.8.22,DDG0766,,0.0,cm/s,0.0,,m,MPa,kPa,,,,"Holzer, TL, Noce, TE, and Bennett, MJ (2010). Maps and Documentation of Seismic CPT Soundings in the Central, Eastern, and Western United States, USGS Open-File Report 2010-1136, 86 p. Data accessed from https://earthquake.usgs.gov/research/cpt/data/ on 05.29.2018.",
1009,4236,2277,80.0,SCC193,-121.968,37.3907,2006.8.22,DDG0766,,0.0,cm/s,0.0,,m,MPa,kPa,,,,"Holzer, TL, Noce, TE, and Bennett, MJ (2010). Maps and Documentation of Seismic CPT Soundings in the Central, Eastern, and Western United States, USGS Open-File Report 2010-1136, 86 p. Data accessed from https://earthquake.usgs.gov/research/cpt/data/ on 05.29.2018.",
1010,4237,2278,80.0,SCC194,-121.9393,37.4145,2006.8.22,DDG0766,,0.0,cm/s,0.0,,m,MPa,kPa,,,,"Holzer, TL, Noce, TE, and Bennett, MJ (2010). Maps and Documentation of Seismic CPT Soundings in the Central, Eastern, and Western United States, USGS Open-File Report 2010-1136, 86 p. Data accessed from https://earthquake.usgs.gov/research/cpt/data/ on 05.29.2018.",
1011,4238,2279,80.0,SCC195,-121.8562,37.3505,2006.8.23,DDG0766,,0.0,cm/s,0.0,,m,MPa,kPa,,,,"Holzer, TL, Noce, TE, and Bennett, MJ (2010). Maps and Documentation of Seismic CPT Soundings in the Central, Eastern, and Western United States, USGS Open-File Report 2010-1136, 86 p. Data accessed from https://earthquake.usgs.gov/research/cpt/data/ on 05.29.2018.",
1012,4239,2280,80.0,SCC196,-121.837,37.341,2006.8.23,DDG0766,,0.0,cm/s,0.0,,m,MPa,kPa,,,,"Holzer, TL, Noce, TE, and Bennett, MJ (2010). Maps and Documentation of Seismic CPT Soundings in the Central, Eastern, and Western United States, USGS Open-File Report 2010-1136, 86 p. Data accessed from https://earthquake.usgs.gov/research/cpt/data/ on 05.29.2018.",
1013,4240,2281,80.0,SCC197,-121.8215,37.3124,2006.8.23,DDG0766,,0.0,cm/s,0.0,,m,MPa,kPa,,,,"Holzer, TL, Noce, TE, and Bennett, MJ (2010). Maps and Documentation of Seismic CPT Soundings in the Central, Eastern, and Western United States, USGS Open-File Report 2010-1136, 86 p. Data accessed from https://earthquake.usgs.gov/research/cpt/data/ on 05.29.2018.",
1014,4241,2282,80.0,SCC198,-121.9147,37.385,2006.8.24,DDG0766,,0.0,cm/s,0.0,,m,MPa,kPa,,,,"Holzer, TL, Noce, TE, and Bennett, MJ (2010). Maps and Documentation of Seismic CPT Soundings in the Central, Eastern, and Western United States, USGS Open-File Report 2010-1136, 86 p. Data accessed from https://earthquake.usgs.gov/research/cpt/data/ on 05.29.2018.",
1015,4242,2283,80.0,SCC199,-121.9342,37.4052,2006.8.24,DDG0766,,0.0,cm/s,0.0,,m,MPa,kPa,,,,"Holzer, TL, Noce, TE, and Bennett, MJ (2010). Maps and Documentation of Seismic CPT Soundings in the Central, Eastern, and Western United States, USGS Open-File Report 2010-1136, 86 p. Data accessed from https://earthquake.usgs.gov/research/cpt/data/ on 05.29.2018.",
1016,4243,2284,80.0,SCR001,-90.1625,38.6204,2008.10.6,DDG0766,,0.0,cm/s,0.0,,m,MPa,kPa,,,,"Holzer, TL, Noce, TE, and Bennett, MJ (2010). Maps and Documentation of Seismic CPT Soundings in the Central, Eastern, and Western United States, USGS Open-File Report 2010-1136, 86 p. Data accessed from https://earthquake.usgs.gov/research/cpt/data/ on 05.29.2018.",
1017,4244,2285,80.0,SCS001,-90.2123,38.8558,2008.10.6,DDG0766,,0.0,cm/s,0.0,,m,MPa,kPa,,,,"Holzer, TL, Noce, TE, and Bennett, MJ (2010). Maps and Documentation of Seismic CPT Soundings in the Central, Eastern, and Western United States, USGS Open-File Report 2010-1136, 86 p. Data accessed from https://earthquake.usgs.gov/research/cpt/data/ on 05.29.2018.",
1018,4245,2286,80.0,SCT001,-86.2934,45.9584,2004.9.11,766TC,,0.0,cm/s,0.0,,m,MPa,kPa,,,,"Holzer, TL, Noce, TE, and Bennett, MJ (2010). Maps and Documentation of Seismic CPT Soundings in the Central, Eastern, and Western United States, USGS Open-File Report 2010-1136, 86 p. Data accessed from https://earthquake.usgs.gov/research/cpt/data/ on 05.29.2018.",
1019,4246,2287,80.0,SCT002,-86.3062,45.9675,2004.9.11,766TC,,0.0,cm/s,0.0,,m,MPa,kPa,,,,"Holzer, TL, Noce, TE, and Bennett, MJ (2010). Maps and Documentation of Seismic CPT Soundings in the Central, Eastern, and Western United States, USGS Open-File Report 2010-1136, 86 p. Data accessed from https://earthquake.usgs.gov/research/cpt/data/ on 05.29.2018.",
1020,4247,2288,80.0,SCT003,-86.3031,45.9652,2004.9.11,766TC,,0.0,cm/s,0.0,,m,MPa,kPa,,,,"Holzer, TL, Noce, TE, and Bennett, MJ (2010). Maps and Documentation of Seismic CPT Soundings in the Central, Eastern, and Western United States, USGS Open-File Report 2010-1136, 86 p. Data accessed from https://earthquake.usgs.gov/research/cpt/data/ on 05.29.2018.",
1021,4248,2289,80.0,SCT004,-86.2999,45.9629,2004.9.11,766TC,,0.0,cm/s,0.0,,m,MPa,kPa,,,,"Holzer, TL, Noce, TE, and Bennett, MJ (2010). Maps and Documentation of Seismic CPT Soundings in the Central, Eastern, and Western United States, USGS Open-File Report 2010-1136, 86 p. Data accessed from https://earthquake.usgs.gov/research/cpt/data/ on 05.29.2018.",
1022,4249,2290,80.0,SCT005,-86.2967,45.9607,2004.9.11,766TC,,0.0,cm/s,0.0,,m,MPa,kPa,,,,"Holzer, TL, Noce, TE, and Bennett, MJ (2010). Maps and Documentation of Seismic CPT Soundings in the Central, Eastern, and Western United States, USGS Open-File Report 2010-1136, 86 p. Data accessed from https://earthquake.usgs.gov/research/cpt/data/ on 05.29.2018.",
1023,4250,2291,80.0,SCT006,-86.3127,45.9181,2004.9.12,766TC,,0.0,cm/s,0.0,,m,MPa,kPa,,,,"Holzer, TL, Noce, TE, and Bennett, MJ (2010). Maps and Documentation of Seismic CPT Soundings in the Central, Eastern, and Western United States, USGS Open-File Report 2010-1136, 86 p. Data accessed from https://earthquake.usgs.gov/research/cpt/data/ on 05.29.2018.",
1024,4251,2292,80.0,SCT007,-86.2974,45.925,2004.9.12,766TC,,0.0,cm/s,0.0,,m,MPa,kPa,,,,"Holzer, TL, Noce, TE, and Bennett, MJ (2010). Maps and Documentation of Seismic CPT Soundings in the Central, Eastern, and Western United States, USGS Open-File Report 2010-1136, 86 p. Data accessed from https://earthquake.usgs.gov/research/cpt/data/ on 05.29.2018.",
1025,4252,2293,80.0,SCT008,-86.283,45.9388,2004.9.12,766TC,,0.0,cm/s,0.0,,m,MPa,kPa,,,,"Holzer, TL, Noce, TE, and Bennett, MJ (2010). Maps and Documentation of Seismic CPT Soundings in the Central, Eastern, and Western United States, USGS Open-File Report 2010-1136, 86 p. Data accessed from https://earthquake.usgs.gov/research/cpt/data/ on 05.29.2018.",
1026,4253,2294,80.0,SCT010,-86.2613,45.9568,2004.9.13,766TC,,0.0,cm/s,0.0,,m,MPa,kPa,,,,"Holzer, TL, Noce, TE, and Bennett, MJ (2010). Maps and Documentation of Seismic CPT Soundings in the Central, Eastern, and Western United States, USGS Open-File Report 2010-1136, 86 p. Data accessed from https://earthquake.usgs.gov/research/cpt/data/ on 05.29.2018.",
1027,4254,2295,80.0,SCT011,-86.2693,45.9551,2004.9.13,766TC,,0.0,cm/s,0.0,,m,MPa,kPa,,,,"Holzer, TL, Noce, TE, and Bennett, MJ (2010). Maps and Documentation of Seismic CPT Soundings in the Central, Eastern, and Western United States, USGS Open-File Report 2010-1136, 86 p. Data accessed from https://earthquake.usgs.gov/research/cpt/data/ on 05.29.2018.",
1028,4255,2296,80.0,SCT012,-86.2704,45.9651,2004.9.13,766TC,,0.0,cm/s,0.0,,m,MPa,kPa,,,,"Holzer, TL, Noce, TE, and Bennett, MJ (2010). Maps and Documentation of Seismic CPT Soundings in the Central, Eastern, and Western United States, USGS Open-File Report 2010-1136, 86 p. Data accessed from https://earthquake.usgs.gov/research/cpt/data/ on 05.29.2018.",
1029,4256,2297,80.0,SFC001,-90.4376,35.0198,2003.10.3,766TC,,0.0,cm/s,0.0,,m,MPa,kPa,,,,"Holzer, TL, Noce, TE, and Bennett, MJ (2010). Maps and Documentation of Seismic CPT Soundings in the Central, Eastern, and Western United States, USGS Open-File Report 2010-1136, 86 p. Data accessed from https://earthquake.usgs.gov/research/cpt/data/ on 05.29.2018.",
1030,4257,2298,80.0,SFC002,-90.4376,35.049,2003.10.3,766TC,,0.0,cm/s,0.0,,m,MPa,kPa,,,,"Holzer, TL, Noce, TE, and Bennett, MJ (2010). Maps and Documentation of Seismic CPT Soundings in the Central, Eastern, and Western United States, USGS Open-File Report 2010-1136, 86 p. Data accessed from https://earthquake.usgs.gov/research/cpt/data/ on 05.29.2018.",
1031,4258,2299,80.0,SFO036,-122.3893,37.7869,2003.5.1,766tc,,0.0,cm/s,0.0,,m,MPa,kPa,,,,"Holzer, TL, Noce, TE, and Bennett, MJ (2010). Maps and Documentation of Seismic CPT Soundings in the Central, Eastern, and Western United States, USGS Open-File Report 2010-1136, 86 p. Data accessed from https://earthquake.usgs.gov/research/cpt/data/ on 05.29.2018.",
1032,4259,2300,80.0,SFO037,-122.477,37.7978,2003.6.2,766tc,,0.0,cm/s,0.0,,m,MPa,kPa,,,,"Holzer, TL, Noce, TE, and Bennett, MJ (2010). Maps and Documentation of Seismic CPT Soundings in the Central, Eastern, and Western United States, USGS Open-File Report 2010-1136, 86 p. Data accessed from https://earthquake.usgs.gov/research/cpt/data/ on 05.29.2018.",
1033,4260,2301,80.0,SMC008,-122.1726,37.4562,1999.4.26,661tc,,0.0,cm/s,0.0,,m,MPa,kPa,,,,"Holzer, TL, Noce, TE, and Bennett, MJ (2010). Maps and Documentation of Seismic CPT Soundings in the Central, Eastern, and Western United States, USGS Open-File Report 2010-1136, 86 p. Data accessed from https://earthquake.usgs.gov/research/cpt/data/ on 05.29.2018.",
1034,4261,2302,80.0,SMC009,-122.2477,37.5558,1999.5.3,661tc,,0.0,cm/s,0.0,,m,MPa,kPa,,,,"Holzer, TL, Noce, TE, and Bennett, MJ (2010). Maps and Documentation of Seismic CPT Soundings in the Central, Eastern, and Western United States, USGS Open-File Report 2010-1136, 86 p. Data accessed from https://earthquake.usgs.gov/research/cpt/data/ on 05.29.2018.",
1035,4262,2303,80.0,SMC010,-122.2477,37.5558,1999.5.21,661tc,,0.0,cm/s,0.0,,m,MPa,kPa,,,,"Holzer, TL, Noce, TE, and Bennett, MJ (2010). Maps and Documentation of Seismic CPT Soundings in the Central, Eastern, and Western United States, USGS Open-File Report 2010-1136, 86 p. Data accessed from https://earthquake.usgs.gov/research/cpt/data/ on 05.29.2018.",
1036,4263,2304,80.0,SMC013,-122.2014,37.4232,2001.10.18,770tc,,0.0,cm/s,0.0,,m,MPa,kPa,,,,"Holzer, TL, Noce, TE, and Bennett, MJ (2010). Maps and Documentation of Seismic CPT Soundings in the Central, Eastern, and Western United States, USGS Open-File Report 2010-1136, 86 p. Data accessed from https://earthquake.usgs.gov/research/cpt/data/ on 05.29.2018.",
1037,4264,2305,80.0,SMC014,-122.1726,37.4562,2001.11.2,770tc,,0.0,cm/s,0.0,,m,MPa,kPa,,,,"Holzer, TL, Noce, TE, and Bennett, MJ (2010). Maps and Documentation of Seismic CPT Soundings in the Central, Eastern, and Western United States, USGS Open-File Report 2010-1136, 86 p. Data accessed from https://earthquake.usgs.gov/research/cpt/data/ on 05.29.2018.",
1038,4265,2306,80.0,SMC015,-122.17,37.4549,2005.11.7,DDG0766,,0.0,cm/s,0.0,,m,MPa,kPa,,,,"Holzer, TL, Noce, TE, and Bennett, MJ (2010). Maps and Documentation of Seismic CPT Soundings in the Central, Eastern, and Western United States, USGS Open-File Report 2010-1136, 86 p. Data accessed from https://earthquake.usgs.gov/research/cpt/data/ on 05.29.2018.",
1039,4266,2307,80.0,SMC016,-122.1694,37.4549,2005.11.8,DDG0766,,0.0,cm/s,0.0,,m,MPa,kPa,,,,"Holzer, TL, Noce, TE, and Bennett, MJ (2010). Maps and Documentation of Seismic CPT Soundings in the Central, Eastern, and Western United States, USGS Open-File Report 2010-1136, 86 p. Data accessed from https://earthquake.usgs.gov/research/cpt/data/ on 05.29.2018.",
1040,4267,2308,80.0,SMC017,-122.1685,37.4545,2005.11.8,DDG0766,,0.0,cm/s,0.0,,m,MPa,kPa,,,,"Holzer, TL, Noce, TE, and Bennett, MJ (2010). Maps and Documentation of Seismic CPT Soundings in the Central, Eastern, and Western United States, USGS Open-File Report 2010-1136, 86 p. Data accessed from https://earthquake.usgs.gov/research/cpt/data/ on 05.29.2018.",
1042,4269,2310,80.0,SMC018,-122.1677,37.4519,2006.3.24,DDG0770,,0.0,cm/s,0.0,,m,MPa,kPa,,,,"Holzer, TL, Noce, TE, and Bennett, MJ (2010). Maps and Documentation of Seismic CPT Soundings in the Central, Eastern, and Western United States, USGS Open-File Report 2010-1136, 86 p. Data accessed from https://earthquake.usgs.gov/research/cpt/data/ on 05.29.2018.",
1043,4270,2311,80.0,SMC020,-122.4539,37.672,2009.11.18,DDG1107,,0.0,cm/s,0.0,,m,MPa,kPa,,,,"Holzer, TL, Noce, TE, and Bennett, MJ (2010). Maps and Documentation of Seismic CPT Soundings in the Central, Eastern, and Western United States, USGS Open-File Report 2010-1136, 86 p. Data accessed from https://earthquake.usgs.gov/research/cpt/data/ on 05.29.2018.",
1044,4271,2312,80.0,SMC021,-122.4511,37.6694,2009.11.18,DDG1107,,0.0,cm/s,0.0,,m,MPa,kPa,,,,"Holzer, TL, Noce, TE, and Bennett, MJ (2010). Maps and Documentation of Seismic CPT Soundings in the Central, Eastern, and Western United States, USGS Open-File Report 2010-1136, 86 p. Data accessed from https://earthquake.usgs.gov/research/cpt/data/ on 05.29.2018.",
1045,4272,2313,80.0,SMC022,-122.4682,37.6842,2010.2.10,DDG1107,,0.0,cm/s,0.0,,m,MPa,kPa,,,,"Holzer, TL, Noce, TE, and Bennett, MJ (2010). Maps and Documentation of Seismic CPT Soundings in the Central, Eastern, and Western United States, USGS Open-File Report 2010-1136, 86 p. Data accessed from https://earthquake.usgs.gov/research/cpt/data/ on 05.29.2018.",
1046,4273,2314,80.0,SMC023,-122.4593,37.6747,2010.2.10,DDG1107,,0.0,cm/s,0.0,,m,MPa,kPa,,,,"Holzer, TL, Noce, TE, and Bennett, MJ (2010). Maps and Documentation of Seismic CPT Soundings in the Central, Eastern, and Western United States, USGS Open-File Report 2010-1136, 86 p. Data accessed from https://earthquake.usgs.gov/research/cpt/data/ on 05.29.2018.",
1047,4274,2315,80.0,SNC001,-122.1628,38.2341,2004.3.16,766TC,,0.0,cm/s,0.0,,m,MPa,kPa,,,,"Holzer, TL, Noce, TE, and Bennett, MJ (2010). Maps and Documentation of Seismic CPT Soundings in the Central, Eastern, and Western United States, USGS Open-File Report 2010-1136, 86 p. Data accessed from https://earthquake.usgs.gov/research/cpt/data/ on 05.29.2018.",
1048,4275,2316,80.0,SOC002,-120.6254,35.1098,2004.2.23,766TC,,0.0,cm/s,0.0,,m,MPa,kPa,,,,"Holzer, TL, Noce, TE, and Bennett, MJ (2010). Maps and Documentation of Seismic CPT Soundings in the Central, Eastern, and Western United States, USGS Open-File Report 2010-1136, 86 p. Data accessed from https://earthquake.usgs.gov/research/cpt/data/ on 05.29.2018.",
1049,4276,2317,80.0,SOC003,-120.6252,35.1099,2004.2.23,766TC,,0.0,cm/s,0.0,,m,MPa,kPa,,,,"Holzer, TL, Noce, TE, and Bennett, MJ (2010). Maps and Documentation of Seismic CPT Soundings in the Central, Eastern, and Western United States, USGS Open-File Report 2010-1136, 86 p. Data accessed from https://earthquake.usgs.gov/research/cpt/data/ on 05.29.2018.",
1050,4277,2318,80.0,SOC004,-120.625,35.11,2004.2.24,766TC,,0.0,cm/s,0.0,,m,MPa,kPa,,,,"Holzer, TL, Noce, TE, and Bennett, MJ (2010). Maps and Documentation of Seismic CPT Soundings in the Central, Eastern, and Western United States, USGS Open-File Report 2010-1136, 86 p. Data accessed from https://earthquake.usgs.gov/research/cpt/data/ on 05.29.2018.",
1051,4278,2319,80.0,SOC005,-120.6248,35.1101,2004.2.24,766TC,,0.0,cm/s,0.0,,m,MPa,kPa,,,,"Holzer, TL, Noce, TE, and Bennett, MJ (2010). Maps and Documentation of Seismic CPT Soundings in the Central, Eastern, and Western United States, USGS Open-File Report 2010-1136, 86 p. Data accessed from https://earthquake.usgs.gov/research/cpt/data/ on 05.29.2018.",
1052,4279,2320,80.0,SOC006,-120.6299,35.1043,2004.2.24,766TC,,0.0,cm/s,0.0,,m,MPa,kPa,,,,"Holzer, TL, Noce, TE, and Bennett, MJ (2010). Maps and Documentation of Seismic CPT Soundings in the Central, Eastern, and Western United States, USGS Open-File Report 2010-1136, 86 p. Data accessed from https://earthquake.usgs.gov/research/cpt/data/ on 05.29.2018.",
1053,4280,2321,80.0,SOC007,-120.6288,35.1043,2004.2.24,766TC,,0.0,cm/s,0.0,,m,MPa,kPa,,,,"Holzer, TL, Noce, TE, and Bennett, MJ (2010). Maps and Documentation of Seismic CPT Soundings in the Central, Eastern, and Western United States, USGS Open-File Report 2010-1136, 86 p. Data accessed from https://earthquake.usgs.gov/research/cpt/data/ on 05.29.2018.",
1054,4281,2322,80.0,SOC008,-120.6284,35.1044,2004.2.24,766TC,,0.0,cm/s,0.0,,m,MPa,kPa,,,,"Holzer, TL, Noce, TE, and Bennett, MJ (2010). Maps and Documentation of Seismic CPT Soundings in the Central, Eastern, and Western United States, USGS Open-File Report 2010-1136, 86 p. Data accessed from https://earthquake.usgs.gov/research/cpt/data/ on 05.29.2018.",
1055,4282,2323,80.0,SOC009,-120.6278,35.1046,2004.2.25,766TC,,0.0,cm/s,0.0,,m,MPa,kPa,,,,"Holzer, TL, Noce, TE, and Bennett, MJ (2010). Maps and Documentation of Seismic CPT Soundings in the Central, Eastern, and Western United States, USGS Open-File Report 2010-1136, 86 p. Data accessed from https://earthquake.usgs.gov/research/cpt/data/ on 05.29.2018.",
1056,4283,2324,80.0,SOC010,-120.6239,35.1079,2004.2.25,766TC,,0.0,cm/s,0.0,,m,MPa,kPa,,,,"Holzer, TL, Noce, TE, and Bennett, MJ (2010). Maps and Documentation of Seismic CPT Soundings in the Central, Eastern, and Western United States, USGS Open-File Report 2010-1136, 86 p. Data accessed from https://earthquake.usgs.gov/research/cpt/data/ on 05.29.2018.",
1057,4284,2325,80.0,SOC011,-120.6247,35.1078,2004.2.25,766TC,,0.0,cm/s,0.0,,m,MPa,kPa,,,,"Holzer, TL, Noce, TE, and Bennett, MJ (2010). Maps and Documentation of Seismic CPT Soundings in the Central, Eastern, and Western United States, USGS Open-File Report 2010-1136, 86 p. Data accessed from https://earthquake.usgs.gov/research/cpt/data/ on 05.29.2018.",
1058,4285,2326,80.0,SOC012,-120.6248,35.1077,2004.2.25,766TC,,0.0,cm/s,0.0,,m,MPa,kPa,,,,"Holzer, TL, Noce, TE, and Bennett, MJ (2010). Maps and Documentation of Seismic CPT Soundings in the Central, Eastern, and Western United States, USGS Open-File Report 2010-1136, 86 p. Data accessed from https://earthquake.usgs.gov/research/cpt/data/ on 05.29.2018.",
1059,4286,2327,80.0,SOC013,-120.6245,35.1086,2004.2.26,766TC,,0.0,cm/s,0.0,,m,MPa,kPa,,,,"Holzer, TL, Noce, TE, and Bennett, MJ (2010). Maps and Documentation of Seismic CPT Soundings in the Central, Eastern, and Western United States, USGS Open-File Report 2010-1136, 86 p. Data accessed from https://earthquake.usgs.gov/research/cpt/data/ on 05.29.2018.",
1060,4287,2328,80.0,SOC014,-120.6247,35.1085,2004.2.26,766TC,,0.0,cm/s,0.0,,m,MPa,kPa,,,,"Holzer, TL, Noce, TE, and Bennett, MJ (2010). Maps and Documentation of Seismic CPT Soundings in the Central, Eastern, and Western United States, USGS Open-File Report 2010-1136, 86 p. Data accessed from https://earthquake.usgs.gov/research/cpt/data/ on 05.29.2018.",
1061,4288,2329,80.0,SOC015,-120.625,35.1084,2004.2.26,766TC,,0.0,cm/s,0.0,,m,MPa,kPa,,,,"Holzer, TL, Noce, TE, and Bennett, MJ (2010). Maps and Documentation of Seismic CPT Soundings in the Central, Eastern, and Western United States, USGS Open-File Report 2010-1136, 86 p. Data accessed from https://earthquake.usgs.gov/research/cpt/data/ on 05.29.2018.",
1062,4289,2330,80.0,SOC016,-120.6242,35.1078,2004.2.26,766TC,,0.0,cm/s,0.0,,m,MPa,kPa,,,,"Holzer, TL, Noce, TE, and Bennett, MJ (2010). Maps and Documentation of Seismic CPT Soundings in the Central, Eastern, and Western United States, USGS Open-File Report 2010-1136, 86 p. Data accessed from https://earthquake.usgs.gov/research/cpt/data/ on 05.29.2018.",
1063,4290,2331,80.0,SOC017,-120.6253,35.1091,2004.2.27,766TC,,0.0,cm/s,0.0,,m,MPa,kPa,,,,"Holzer, TL, Noce, TE, and Bennett, MJ (2010). Maps and Documentation of Seismic CPT Soundings in the Central, Eastern, and Western United States, USGS Open-File Report 2010-1136, 86 p. Data accessed from https://earthquake.usgs.gov/research/cpt/data/ on 05.29.2018.",
1064,4291,2332,80.0,SOC018,-120.6249,35.1093,2004.2.27,766TC,,0.0,cm/s,0.0,,m,MPa,kPa,,,,"Holzer, TL, Noce, TE, and Bennett, MJ (2010). Maps and Documentation of Seismic CPT Soundings in the Central, Eastern, and Western United States, USGS Open-File Report 2010-1136, 86 p. Data accessed from https://earthquake.usgs.gov/research/cpt/data/ on 05.29.2018.",
1065,4292,2333,80.0,SOC019,-120.6223,35.1089,2004.2.27,766TC,,0.0,cm/s,0.0,,m,MPa,kPa,,,,"Holzer, TL, Noce, TE, and Bennett, MJ (2010). Maps and Documentation of Seismic CPT Soundings in the Central, Eastern, and Western United States, USGS Open-File Report 2010-1136, 86 p. Data accessed from https://earthquake.usgs.gov/research/cpt/data/ on 05.29.2018.",
1066,4293,2334,80.0,SOC020,-120.6215,35.1108,2004.2.27,766TC,,0.0,cm/s,0.0,,m,MPa,kPa,,,,"Holzer, TL, Noce, TE, and Bennett, MJ (2010). Maps and Documentation of Seismic CPT Soundings in the Central, Eastern, and Western United States, USGS Open-File Report 2010-1136, 86 p. Data accessed from https://earthquake.usgs.gov/research/cpt/data/ on 05.29.2018.",
1067,4294,2335,80.0,SOC021,-120.623,35.11,2004.2.27,766TC,,0.0,cm/s,0.0,,m,MPa,kPa,,,,"Holzer, TL, Noce, TE, and Bennett, MJ (2010). Maps and Documentation of Seismic CPT Soundings in the Central, Eastern, and Western United States, USGS Open-File Report 2010-1136, 86 p. Data accessed from https://earthquake.usgs.gov/research/cpt/data/ on 05.29.2018.",
1068,4295,2336,80.0,SOC022,-120.6292,35.1051,2004.3.1,766TC,,0.0,cm/s,0.0,,m,MPa,kPa,,,,"Holzer, TL, Noce, TE, and Bennett, MJ (2010). Maps and Documentation of Seismic CPT Soundings in the Central, Eastern, and Western United States, USGS Open-File Report 2010-1136, 86 p. Data accessed from https://earthquake.usgs.gov/research/cpt/data/ on 05.29.2018.",
1069,4296,2337,80.0,SOC023,-120.6311,35.1033,2004.3.2,766TC,,0.0,cm/s,0.0,,m,MPa,kPa,,,,"Holzer, TL, Noce, TE, and Bennett, MJ (2010). Maps and Documentation of Seismic CPT Soundings in the Central, Eastern, and Western United States, USGS Open-File Report 2010-1136, 86 p. Data accessed from https://earthquake.usgs.gov/research/cpt/data/ on 05.29.2018.",
1070,4297,2338,80.0,SOC024,-120.6312,35.104,2004.3.2,766TC,,0.0,cm/s,0.0,,m,MPa,kPa,,,,"Holzer, TL, Noce, TE, and Bennett, MJ (2010). Maps and Documentation of Seismic CPT Soundings in the Central, Eastern, and Western United States, USGS Open-File Report 2010-1136, 86 p. Data accessed from https://earthquake.usgs.gov/research/cpt/data/ on 05.29.2018.",
1071,4298,2339,80.0,SOC025,-120.6285,35.1051,2004.3.2,766TC,,0.0,cm/s,0.0,,m,MPa,kPa,,,,"Holzer, TL, Noce, TE, and Bennett, MJ (2010). Maps and Documentation of Seismic CPT Soundings in the Central, Eastern, and Western United States, USGS Open-File Report 2010-1136, 86 p. Data accessed from https://earthquake.usgs.gov/research/cpt/data/ on 05.29.2018.",
1072,4299,2340,80.0,SOC026,-120.6278,35.1053,2004.3.2,766TC,,0.0,cm/s,0.0,,m,MPa,kPa,,,,"Holzer, TL, Noce, TE, and Bennett, MJ (2010). Maps and Documentation of Seismic CPT Soundings in the Central, Eastern, and Western United States, USGS Open-File Report 2010-1136, 86 p. Data accessed from https://earthquake.usgs.gov/research/cpt/data/ on 05.29.2018.",
1073,4300,2341,80.0,SOC027,-120.6259,35.1037,2004.3.3,766TC,,0.0,cm/s,0.0,,m,MPa,kPa,,,,"Holzer, TL, Noce, TE, and Bennett, MJ (2010). Maps and Documentation of Seismic CPT Soundings in the Central, Eastern, and Western United States, USGS Open-File Report 2010-1136, 86 p. Data accessed from https://earthquake.usgs.gov/research/cpt/data/ on 05.29.2018.",
1074,4301,2342,80.0,SOC028,-120.6246,35.1016,2004.3.3,766TC,,0.0,cm/s,0.0,,m,MPa,kPa,,,,"Holzer, TL, Noce, TE, and Bennett, MJ (2010). Maps and Documentation of Seismic CPT Soundings in the Central, Eastern, and Western United States, USGS Open-File Report 2010-1136, 86 p. Data accessed from https://earthquake.usgs.gov/research/cpt/data/ on 05.29.2018.",
1075,4302,2343,80.0,SOC029,-120.6189,35.1002,2004.3.3,766TC,,0.0,cm/s,0.0,,m,MPa,kPa,,,,"Holzer, TL, Noce, TE, and Bennett, MJ (2010). Maps and Documentation of Seismic CPT Soundings in the Central, Eastern, and Western United States, USGS Open-File Report 2010-1136, 86 p. Data accessed from https://earthquake.usgs.gov/research/cpt/data/ on 05.29.2018.",
1076,4303,2344,80.0,SOC030,-120.6268,35.1055,2004.3.3,766TC,,0.0,cm/s,0.0,,m,MPa,kPa,,,,"Holzer, TL, Noce, TE, and Bennett, MJ (2010). Maps and Documentation of Seismic CPT Soundings in the Central, Eastern, and Western United States, USGS Open-File Report 2010-1136, 86 p. Data accessed from https://earthquake.usgs.gov/research/cpt/data/ on 05.29.2018.",
1077,4304,2345,80.0,SOC031,-120.628,35.1094,2004.3.4,766TC,,0.0,cm/s,0.0,,m,MPa,kPa,,,,"Holzer, TL, Noce, TE, and Bennett, MJ (2010). Maps and Documentation of Seismic CPT Soundings in the Central, Eastern, and Western United States, USGS Open-File Report 2010-1136, 86 p. Data accessed from https://earthquake.usgs.gov/research/cpt/data/ on 05.29.2018.",
1078,4305,2346,80.0,SOC032,-120.6264,35.1097,2004.3.4,766TC,,0.0,cm/s,0.0,,m,MPa,kPa,,,,"Holzer, TL, Noce, TE, and Bennett, MJ (2010). Maps and Documentation of Seismic CPT Soundings in the Central, Eastern, and Western United States, USGS Open-File Report 2010-1136, 86 p. Data accessed from https://earthquake.usgs.gov/research/cpt/data/ on 05.29.2018.",
1079,4306,2347,80.0,SOC033,-120.6267,35.1073,2004.3.4,766TC,,0.0,cm/s,0.0,,m,MPa,kPa,,,,"Holzer, TL, Noce, TE, and Bennett, MJ (2010). Maps and Documentation of Seismic CPT Soundings in the Central, Eastern, and Western United States, USGS Open-File Report 2010-1136, 86 p. Data accessed from https://earthquake.usgs.gov/research/cpt/data/ on 05.29.2018.",
1080,4307,2348,80.0,SOC034,-120.6279,35.1082,2004.3.4,766TC,,0.0,cm/s,0.0,,m,MPa,kPa,,,,"Holzer, TL, Noce, TE, and Bennett, MJ (2010). Maps and Documentation of Seismic CPT Soundings in the Central, Eastern, and Western United States, USGS Open-File Report 2010-1136, 86 p. Data accessed from https://earthquake.usgs.gov/research/cpt/data/ on 05.29.2018.",
1081,4308,2349,80.0,SOC035,-120.6186,35.0981,2004.3.5,766TC,,0.0,cm/s,0.0,,m,MPa,kPa,,,,"Holzer, TL, Noce, TE, and Bennett, MJ (2010). Maps and Documentation of Seismic CPT Soundings in the Central, Eastern, and Western United States, USGS Open-File Report 2010-1136, 86 p. Data accessed from https://earthquake.usgs.gov/research/cpt/data/ on 05.29.2018.",
1082,4309,2350,80.0,SOC036,-120.6191,35.0983,2004.3.5,766TC,,0.0,cm/s,0.0,,m,MPa,kPa,,,,"Holzer, TL, Noce, TE, and Bennett, MJ (2010). Maps and Documentation of Seismic CPT Soundings in the Central, Eastern, and Western United States, USGS Open-File Report 2010-1136, 86 p. Data accessed from https://earthquake.usgs.gov/research/cpt/data/ on 05.29.2018.",
1083,4310,2351,80.0,SOC037,-120.6181,35.0978,2004.3.5,766TC,,0.0,cm/s,0.0,,m,MPa,kPa,,,,"Holzer, TL, Noce, TE, and Bennett, MJ (2010). Maps and Documentation of Seismic CPT Soundings in the Central, Eastern, and Western United States, USGS Open-File Report 2010-1136, 86 p. Data accessed from https://earthquake.usgs.gov/research/cpt/data/ on 05.29.2018.",
1084,4311,2352,80.0,STD001,-89.7472,36.801,2008.10.8,DDG0766,,0.0,cm/s,0.0,,m,MPa,kPa,,,,"Holzer, TL, Noce, TE, and Bennett, MJ (2010). Maps and Documentation of Seismic CPT Soundings in the Central, Eastern, and Western United States, USGS Open-File Report 2010-1136, 86 p. Data accessed from https://earthquake.usgs.gov/research/cpt/data/ on 05.29.2018.",
1085,4312,2353,80.0,STD002,-89.7474,36.7144,2008.10.8,DDG0766,,0.0,cm/s,0.0,,m,MPa,kPa,,,,"Holzer, TL, Noce, TE, and Bennett, MJ (2010). Maps and Documentation of Seismic CPT Soundings in the Central, Eastern, and Western United States, USGS Open-File Report 2010-1136, 86 p. Data accessed from https://earthquake.usgs.gov/research/cpt/data/ on 05.29.2018.",
1086,4313,2354,80.0,SYC001,-89.9873,35.1946,2003.10.29,776TC,,0.0,cm/s,0.0,,m,MPa,kPa,,,,"Holzer, TL, Noce, TE, and Bennett, MJ (2010). Maps and Documentation of Seismic CPT Soundings in the Central, Eastern, and Western United States, USGS Open-File Report 2010-1136, 86 p. Data accessed from https://earthquake.usgs.gov/research/cpt/data/ on 05.29.2018.",
1087,4314,2355,80.0,SYC002,-89.9567,35.1925,2003.10.29,766TC,,0.0,cm/s,0.0,,m,MPa,kPa,,,,"Holzer, TL, Noce, TE, and Bennett, MJ (2010). Maps and Documentation of Seismic CPT Soundings in the Central, Eastern, and Western United States, USGS Open-File Report 2010-1136, 86 p. Data accessed from https://earthquake.usgs.gov/research/cpt/data/ on 05.29.2018.",
1088,4315,2356,80.0,SYC003,-89.9444,35.196,2003.10.29,766TC,,0.0,cm/s,0.0,,m,MPa,kPa,,,,"Holzer, TL, Noce, TE, and Bennett, MJ (2010). Maps and Documentation of Seismic CPT Soundings in the Central, Eastern, and Western United States, USGS Open-File Report 2010-1136, 86 p. Data accessed from https://earthquake.usgs.gov/research/cpt/data/ on 05.29.2018.",
1089,4316,2357,80.0,SYC004,-89.9003,35.1703,2003.10.30,766TC,,0.0,cm/s,0.0,,m,MPa,kPa,,,,"Holzer, TL, Noce, TE, and Bennett, MJ (2010). Maps and Documentation of Seismic CPT Soundings in the Central, Eastern, and Western United States, USGS Open-File Report 2010-1136, 86 p. Data accessed from https://earthquake.usgs.gov/research/cpt/data/ on 05.29.2018.",
1090,4317,2358,80.0,SYC005,-89.909,35.1875,2003.10.31,766TC,,0.0,cm/s,0.0,,m,MPa,kPa,,,,"Holzer, TL, Noce, TE, and Bennett, MJ (2010). Maps and Documentation of Seismic CPT Soundings in the Central, Eastern, and Western United States, USGS Open-File Report 2010-1136, 86 p. Data accessed from https://earthquake.usgs.gov/research/cpt/data/ on 05.29.2018.",
1091,4318,2359,80.0,SYC006,-89.9238,35.1997,2003.10.31,766TC,,0.0,cm/s,0.0,,m,MPa,kPa,,,,"Holzer, TL, Noce, TE, and Bennett, MJ (2010). Maps and Documentation of Seismic CPT Soundings in the Central, Eastern, and Western United States, USGS Open-File Report 2010-1136, 86 p. Data accessed from https://earthquake.usgs.gov/research/cpt/data/ on 05.29.2018.",
1092,4319,2360,80.0,SYC007,-89.9183,35.1912,2003.10.31,766TC,,0.0,cm/s,0.0,,m,MPa,kPa,,,,"Holzer, TL, Noce, TE, and Bennett, MJ (2010). Maps and Documentation of Seismic CPT Soundings in the Central, Eastern, and Western United States, USGS Open-File Report 2010-1136, 86 p. Data accessed from https://earthquake.usgs.gov/research/cpt/data/ on 05.29.2018.",
1093,4320,2361,80.0,SYC008,-89.9146,35.1866,2003.10.31,766TC,,0.0,cm/s,0.0,,m,MPa,kPa,,,,"Holzer, TL, Noce, TE, and Bennett, MJ (2010). Maps and Documentation of Seismic CPT Soundings in the Central, Eastern, and Western United States, USGS Open-File Report 2010-1136, 86 p. Data accessed from https://earthquake.usgs.gov/research/cpt/data/ on 05.29.2018.",
1094,4321,2362,80.0,SYC009,-89.8815,35.1568,2003.10.31,766TC,,0.0,cm/s,0.0,,m,MPa,kPa,,,,"Holzer, TL, Noce, TE, and Bennett, MJ (2010). Maps and Documentation of Seismic CPT Soundings in the Central, Eastern, and Western United States, USGS Open-File Report 2010-1136, 86 p. Data accessed from https://earthquake.usgs.gov/research/cpt/data/ on 05.29.2018.",
1095,4322,2363,80.0,SYC010,-89.8661,35.1341,2003.11.2,766TC,,0.0,cm/s,0.0,,m,MPa,kPa,,,,"Holzer, TL, Noce, TE, and Bennett, MJ (2010). Maps and Documentation of Seismic CPT Soundings in the Central, Eastern, and Western United States, USGS Open-File Report 2010-1136, 86 p. Data accessed from https://earthquake.usgs.gov/research/cpt/data/ on 05.29.2018.",
1096,4323,2364,80.0,SYC011,-89.8538,35.1336,2003.11.2,766TC,,0.0,cm/s,0.0,,m,MPa,kPa,,,,"Holzer, TL, Noce, TE, and Bennett, MJ (2010). Maps and Documentation of Seismic CPT Soundings in the Central, Eastern, and Western United States, USGS Open-File Report 2010-1136, 86 p. Data accessed from https://earthquake.usgs.gov/research/cpt/data/ on 05.29.2018.",
1097,4324,2365,80.0,SYC012,-89.8579,35.1431,2003.11.2,766TC,,0.0,cm/s,0.0,,m,MPa,kPa,,,,"Holzer, TL, Noce, TE, and Bennett, MJ (2010). Maps and Documentation of Seismic CPT Soundings in the Central, Eastern, and Western United States, USGS Open-File Report 2010-1136, 86 p. Data accessed from https://earthquake.usgs.gov/research/cpt/data/ on 05.29.2018.",
1098,4325,2366,80.0,SYC013,-89.8364,35.1289,2003.11.3,766TC,,0.0,cm/s,0.0,,m,MPa,kPa,,,,"Holzer, TL, Noce, TE, and Bennett, MJ (2010). Maps and Documentation of Seismic CPT Soundings in the Central, Eastern, and Western United States, USGS Open-File Report 2010-1136, 86 p. Data accessed from https://earthquake.usgs.gov/research/cpt/data/ on 05.29.2018.",
1099,4326,2367,80.0,SYC014,-89.8022,35.1184,2003.11.3,766TC,,0.0,cm/s,0.0,,m,MPa,kPa,,,,"Holzer, TL, Noce, TE, and Bennett, MJ (2010). Maps and Documentation of Seismic CPT Soundings in the Central, Eastern, and Western United States, USGS Open-File Report 2010-1136, 86 p. Data accessed from https://earthquake.usgs.gov/research/cpt/data/ on 05.29.2018.",
1100,4327,2368,80.0,SYC015,-89.7658,35.1,2003.11.3,766TC,,0.0,cm/s,0.0,,m,MPa,kPa,,,,"Holzer, TL, Noce, TE, and Bennett, MJ (2010). Maps and Documentation of Seismic CPT Soundings in the Central, Eastern, and Western United States, USGS Open-File Report 2010-1136, 86 p. Data accessed from https://earthquake.usgs.gov/research/cpt/data/ on 05.29.2018.",
1101,4328,2369,80.0,SYC016,-89.7507,35.1037,2003.11.3,766TC,,0.0,cm/s,0.0,,m,MPa,kPa,,,,"Holzer, TL, Noce, TE, and Bennett, MJ (2010). Maps and Documentation of Seismic CPT Soundings in the Central, Eastern, and Western United States, USGS Open-File Report 2010-1136, 86 p. Data accessed from https://earthquake.usgs.gov/research/cpt/data/ on 05.29.2018.",
1102,4329,2370,80.0,SYC017,-89.7316,35.1045,2003.11.3,766TC,,0.0,cm/s,0.0,,m,MPa,kPa,,,,"Holzer, TL, Noce, TE, and Bennett, MJ (2010). Maps and Documentation of Seismic CPT Soundings in the Central, Eastern, and Western United States, USGS Open-File Report 2010-1136, 86 p. Data accessed from https://earthquake.usgs.gov/research/cpt/data/ on 05.29.2018.",
1103,4330,2371,80.0,SYC018,-89.7212,35.098,2003.11.4,766TC,,0.0,cm/s,0.0,,m,MPa,kPa,,,,"Holzer, TL, Noce, TE, and Bennett, MJ (2010). Maps and Documentation of Seismic CPT Soundings in the Central, Eastern, and Western United States, USGS Open-File Report 2010-1136, 86 p. Data accessed from https://earthquake.usgs.gov/research/cpt/data/ on 05.29.2018.",
1104,4331,2372,80.0,SYC019,-89.7151,35.1015,2003.11.4,766TC,,0.0,cm/s,0.0,,m,MPa,kPa,,,,"Holzer, TL, Noce, TE, and Bennett, MJ (2010). Maps and Documentation of Seismic CPT Soundings in the Central, Eastern, and Western United States, USGS Open-File Report 2010-1136, 86 p. Data accessed from https://earthquake.usgs.gov/research/cpt/data/ on 05.29.2018.",
1105,4332,2373,80.0,SYC020,-89.7024,35.0911,2003.11.4,766TC,,0.0,cm/s,0.0,,m,MPa,kPa,,,,"Holzer, TL, Noce, TE, and Bennett, MJ (2010). Maps and Documentation of Seismic CPT Soundings in the Central, Eastern, and Western United States, USGS Open-File Report 2010-1136, 86 p. Data accessed from https://earthquake.usgs.gov/research/cpt/data/ on 05.29.2018.",
1106,4333,2374,80.0,SYC021,-89.6519,35.0783,2003.11.4,766TC,,0.0,cm/s,0.0,,m,MPa,kPa,,,,"Holzer, TL, Noce, TE, and Bennett, MJ (2010). Maps and Documentation of Seismic CPT Soundings in the Central, Eastern, and Western United States, USGS Open-File Report 2010-1136, 86 p. Data accessed from https://earthquake.usgs.gov/research/cpt/data/ on 05.29.2018.",
1107,4334,2375,80.0,SYC022,-89.9757,35.0072,2004.12.10,DSG0769,,0.0,cm/s,0.0,,m,MPa,kPa,,,,"Holzer, TL, Noce, TE, and Bennett, MJ (2010). Maps and Documentation of Seismic CPT Soundings in the Central, Eastern, and Western United States, USGS Open-File Report 2010-1136, 86 p. Data accessed from https://earthquake.usgs.gov/research/cpt/data/ on 05.29.2018.",
1108,4335,2376,80.0,TNA001,-90.2327,34.6314,2004.12.13,DDE0770,,0.0,cm/s,0.0,,m,MPa,kPa,,,,"Holzer, TL, Noce, TE, and Bennett, MJ (2010). Maps and Documentation of Seismic CPT Soundings in the Central, Eastern, and Western United States, USGS Open-File Report 2010-1136, 86 p. Data accessed from https://earthquake.usgs.gov/research/cpt/data/ on 05.29.2018.",
1109,4336,2377,80.0,TNA002,-90.2365,34.6344,2004.12.13,DDE0770,,0.0,cm/s,0.0,,m,MPa,kPa,,,,"Holzer, TL, Noce, TE, and Bennett, MJ (2010). Maps and Documentation of Seismic CPT Soundings in the Central, Eastern, and Western United States, USGS Open-File Report 2010-1136, 86 p. Data accessed from https://earthquake.usgs.gov/research/cpt/data/ on 05.29.2018.",
1110,4337,2378,80.0,TNA003,-90.2122,34.8298,2004.12.14,DDE0770,,0.0,cm/s,0.0,,m,MPa,kPa,,,,"Holzer, TL, Noce, TE, and Bennett, MJ (2010). Maps and Documentation of Seismic CPT Soundings in the Central, Eastern, and Western United States, USGS Open-File Report 2010-1136, 86 p. Data accessed from https://earthquake.usgs.gov/research/cpt/data/ on 05.29.2018.",
1111,4338,2379,80.0,TNA004,-90.2289,34.8011,2004.12.14,DDE0770,,0.0,cm/s,0.0,,m,MPa,kPa,,,,"Holzer, TL, Noce, TE, and Bennett, MJ (2010). Maps and Documentation of Seismic CPT Soundings in the Central, Eastern, and Western United States, USGS Open-File Report 2010-1136, 86 p. Data accessed from https://earthquake.usgs.gov/research/cpt/data/ on 05.29.2018.",
1112,4339,2380,80.0,TNA005,-90.2903,34.7876,2004.12.14,DDE0770,,0.0,cm/s,0.0,,m,MPa,kPa,,,,"Holzer, TL, Noce, TE, and Bennett, MJ (2010). Maps and Documentation of Seismic CPT Soundings in the Central, Eastern, and Western United States, USGS Open-File Report 2010-1136, 86 p. Data accessed from https://earthquake.usgs.gov/research/cpt/data/ on 05.29.2018.",
1113,4340,2381,80.0,TNA006,-90.2903,34.8098,2004.12.14,DDE0770,,0.0,cm/s,0.0,,m,MPa,kPa,,,,"Holzer, TL, Noce, TE, and Bennett, MJ (2010). Maps and Documentation of Seismic CPT Soundings in the Central, Eastern, and Western United States, USGS Open-File Report 2010-1136, 86 p. Data accessed from https://earthquake.usgs.gov/research/cpt/data/ on 05.29.2018.",
1114,4341,2382,80.0,TNA007,-90.2729,34.8028,2004.12.15,DDE0770,,0.0,cm/s,0.0,,m,MPa,kPa,,,,"Holzer, TL, Noce, TE, and Bennett, MJ (2010). Maps and Documentation of Seismic CPT Soundings in the Central, Eastern, and Western United States, USGS Open-File Report 2010-1136, 86 p. Data accessed from https://earthquake.usgs.gov/research/cpt/data/ on 05.29.2018.",
1115,4342,2383,80.0,TNA008,-90.3046,34.7727,2004.12.15,DDE0770,,0.0,cm/s,0.0,,m,MPa,kPa,,,,"Holzer, TL, Noce, TE, and Bennett, MJ (2010). Maps and Documentation of Seismic CPT Soundings in the Central, Eastern, and Western United States, USGS Open-File Report 2010-1136, 86 p. Data accessed from https://earthquake.usgs.gov/research/cpt/data/ on 05.29.2018.",
1116,4343,2384,80.0,TNA009,-90.3267,34.7952,2004.12.15,DDE0770,,0.0,cm/s,0.0,,m,MPa,kPa,,,,"Holzer, TL, Noce, TE, and Bennett, MJ (2010). Maps and Documentation of Seismic CPT Soundings in the Central, Eastern, and Western United States, USGS Open-File Report 2010-1136, 86 p. Data accessed from https://earthquake.usgs.gov/research/cpt/data/ on 05.29.2018.",
1117,4344,2385,80.0,TNA010,-90.3608,34.8399,2004.12.15,DDE0770,,0.0,cm/s,0.0,,m,MPa,kPa,,,,"Holzer, TL, Noce, TE, and Bennett, MJ (2010). Maps and Documentation of Seismic CPT Soundings in the Central, Eastern, and Western United States, USGS Open-File Report 2010-1136, 86 p. Data accessed from https://earthquake.usgs.gov/research/cpt/data/ on 05.29.2018.",
1118,4345,2386,80.0,TNA011,-90.3581,34.8353,2004.12.15,DDE0770,,0.0,cm/s,0.0,,m,MPa,kPa,,,,"Holzer, TL, Noce, TE, and Bennett, MJ (2010). Maps and Documentation of Seismic CPT Soundings in the Central, Eastern, and Western United States, USGS Open-File Report 2010-1136, 86 p. Data accessed from https://earthquake.usgs.gov/research/cpt/data/ on 05.29.2018.",
1119,4346,2387,80.0,TNA012,-90.4609,34.7097,2004.12.16,DDE0770,,0.0,cm/s,0.0,,m,MPa,kPa,,,,"Holzer, TL, Noce, TE, and Bennett, MJ (2010). Maps and Documentation of Seismic CPT Soundings in the Central, Eastern, and Western United States, USGS Open-File Report 2010-1136, 86 p. Data accessed from https://earthquake.usgs.gov/research/cpt/data/ on 05.29.2018.",
1120,4347,2388,80.0,TNA013,-90.4211,34.713,2004.12.16,DDE0770,,0.0,cm/s,0.0,,m,MPa,kPa,,,,"Holzer, TL, Noce, TE, and Bennett, MJ (2010). Maps and Documentation of Seismic CPT Soundings in the Central, Eastern, and Western United States, USGS Open-File Report 2010-1136, 86 p. Data accessed from https://earthquake.usgs.gov/research/cpt/data/ on 05.29.2018.",
1121,4348,2389,80.0,TNA014,-90.2662,34.7142,2004.12.16,DDE0770,,0.0,cm/s,0.0,,m,MPa,kPa,,,,"Holzer, TL, Noce, TE, and Bennett, MJ (2010). Maps and Documentation of Seismic CPT Soundings in the Central, Eastern, and Western United States, USGS Open-File Report 2010-1136, 86 p. Data accessed from https://earthquake.usgs.gov/research/cpt/data/ on 05.29.2018.",
1122,4349,2390,80.0,TNA015,-90.3406,34.6436,2004.12.17,DDE0770,,0.0,cm/s,0.0,,m,MPa,kPa,,,,"Holzer, TL, Noce, TE, and Bennett, MJ (2010). Maps and Documentation of Seismic CPT Soundings in the Central, Eastern, and Western United States, USGS Open-File Report 2010-1136, 86 p. Data accessed from https://earthquake.usgs.gov/research/cpt/data/ on 05.29.2018.",
1123,4350,2391,80.0,TNA016,-90.3182,34.6833,2004.12.17,DDE0770,,0.0,cm/s,0.0,,m,MPa,kPa,,,,"Holzer, TL, Noce, TE, and Bennett, MJ (2010). Maps and Documentation of Seismic CPT Soundings in the Central, Eastern, and Western United States, USGS Open-File Report 2010-1136, 86 p. Data accessed from https://earthquake.usgs.gov/research/cpt/data/ on 05.29.2018.",
1124,4351,2392,80.0,TNA017,-90.3405,34.6345,2004.12.18,DSG0766,,0.0,cm/s,0.0,,m,MPa,kPa,,,,"Holzer, TL, Noce, TE, and Bennett, MJ (2010). Maps and Documentation of Seismic CPT Soundings in the Central, Eastern, and Western United States, USGS Open-File Report 2010-1136, 86 p. Data accessed from https://earthquake.usgs.gov/research/cpt/data/ on 05.29.2018.",
1125,4352,2393,80.0,TNA018,-90.3568,34.5688,2004.12.18,DSG0766,,0.0,cm/s,0.0,,m,MPa,kPa,,,,"Holzer, TL, Noce, TE, and Bennett, MJ (2010). Maps and Documentation of Seismic CPT Soundings in the Central, Eastern, and Western United States, USGS Open-File Report 2010-1136, 86 p. Data accessed from https://earthquake.usgs.gov/research/cpt/data/ on 05.29.2018.",
1126,4353,2394,80.0,TNA019,-90.3452,34.5833,2004.12.18,DSG0766,,0.0,cm/s,0.0,,m,MPa,kPa,,,,"Holzer, TL, Noce, TE, and Bennett, MJ (2010). Maps and Documentation of Seismic CPT Soundings in the Central, Eastern, and Western United States, USGS Open-File Report 2010-1136, 86 p. Data accessed from https://earthquake.usgs.gov/research/cpt/data/ on 05.29.2018.",
1127,4354,2395,80.0,TNA020,-90.4367,34.5243,2004.12.19,DSG0766,,0.0,cm/s,0.0,,m,MPa,kPa,,,,"Holzer, TL, Noce, TE, and Bennett, MJ (2010). Maps and Documentation of Seismic CPT Soundings in the Central, Eastern, and Western United States, USGS Open-File Report 2010-1136, 86 p. Data accessed from https://earthquake.usgs.gov/research/cpt/data/ on 05.29.2018.",
1128,4355,2396,80.0,TNA021,-90.4106,34.5106,2004.12.19,DSG0766,,0.0,cm/s,0.0,,m,MPa,kPa,,,,"Holzer, TL, Noce, TE, and Bennett, MJ (2010). Maps and Documentation of Seismic CPT Soundings in the Central, Eastern, and Western United States, USGS Open-File Report 2010-1136, 86 p. Data accessed from https://earthquake.usgs.gov/research/cpt/data/ on 05.29.2018.",
1129,4356,2397,80.0,TNA022,-90.4608,34.5608,2004.12.19,DSG0766,,0.0,cm/s,0.0,,m,MPa,kPa,,,,"Holzer, TL, Noce, TE, and Bennett, MJ (2010). Maps and Documentation of Seismic CPT Soundings in the Central, Eastern, and Western United States, USGS Open-File Report 2010-1136, 86 p. Data accessed from https://earthquake.usgs.gov/research/cpt/data/ on 05.29.2018.",
1130,4357,2398,80.0,TNA024,-90.3519,34.6846,2004.12.20,DSG0766,,0.0,cm/s,0.0,,m,MPa,kPa,,,,"Holzer, TL, Noce, TE, and Bennett, MJ (2010). Maps and Documentation of Seismic CPT Soundings in the Central, Eastern, and Western United States, USGS Open-File Report 2010-1136, 86 p. Data accessed from https://earthquake.usgs.gov/research/cpt/data/ on 05.29.2018.",
1131,4358,2399,80.0,TNA025,-90.3444,34.6705,2004.12.20,DSG0766,,0.0,cm/s,0.0,,m,MPa,kPa,,,,"Holzer, TL, Noce, TE, and Bennett, MJ (2010). Maps and Documentation of Seismic CPT Soundings in the Central, Eastern, and Western United States, USGS Open-File Report 2010-1136, 86 p. Data accessed from https://earthquake.usgs.gov/research/cpt/data/ on 05.29.2018.",
1132,4359,2400,80.0,TNA026,-90.3365,34.681,2004.12.20,DSG0766,,0.0,cm/s,0.0,,m,MPa,kPa,,,,"Holzer, TL, Noce, TE, and Bennett, MJ (2010). Maps and Documentation of Seismic CPT Soundings in the Central, Eastern, and Western United States, USGS Open-File Report 2010-1136, 86 p. Data accessed from https://earthquake.usgs.gov/research/cpt/data/ on 05.29.2018.",
1133,4360,2401,80.0,TNA027,-90.3682,34.7285,2004.12.21,DSG0766,,0.0,cm/s,0.0,,m,MPa,kPa,,,,"Holzer, TL, Noce, TE, and Bennett, MJ (2010). Maps and Documentation of Seismic CPT Soundings in the Central, Eastern, and Western United States, USGS Open-File Report 2010-1136, 86 p. Data accessed from https://earthquake.usgs.gov/research/cpt/data/ on 05.29.2018.",
1134,4361,2402,80.0,TNA029,-90.3927,34.787,2005.1.5,DSG0766,,0.0,cm/s,0.0,,m,MPa,kPa,,,,"Holzer, TL, Noce, TE, and Bennett, MJ (2010). Maps and Documentation of Seismic CPT Soundings in the Central, Eastern, and Western United States, USGS Open-File Report 2010-1136, 86 p. Data accessed from https://earthquake.usgs.gov/research/cpt/data/ on 05.29.2018.",
1135,4362,2403,80.0,TNA030,-90.3579,34.7724,2005.1.5,DSG0766,,0.0,cm/s,0.0,,m,MPa,kPa,,,,"Holzer, TL, Noce, TE, and Bennett, MJ (2010). Maps and Documentation of Seismic CPT Soundings in the Central, Eastern, and Western United States, USGS Open-File Report 2010-1136, 86 p. Data accessed from https://earthquake.usgs.gov/research/cpt/data/ on 05.29.2018.",
1136,4363,2404,80.0,TNA031,-90.4488,34.7356,2005.1.5,DSG0766,,0.0,cm/s,0.0,,m,MPa,kPa,,,,"Holzer, TL, Noce, TE, and Bennett, MJ (2010). Maps and Documentation of Seismic CPT Soundings in the Central, Eastern, and Western United States, USGS Open-File Report 2010-1136, 86 p. Data accessed from https://earthquake.usgs.gov/research/cpt/data/ on 05.29.2018.",
1137,4364,2405,80.0,TNA033,-90.2467,34.7741,2005.1.6,DSG0766,,0.0,cm/s,0.0,,m,MPa,kPa,,,,"Holzer, TL, Noce, TE, and Bennett, MJ (2010). Maps and Documentation of Seismic CPT Soundings in the Central, Eastern, and Western United States, USGS Open-File Report 2010-1136, 86 p. Data accessed from https://earthquake.usgs.gov/research/cpt/data/ on 05.29.2018.",
1138,4365,2406,80.0,TNA034,-90.2455,34.7438,2005.1.6,DSG0766,,0.0,cm/s,0.0,,m,MPa,kPa,,,,"Holzer, TL, Noce, TE, and Bennett, MJ (2010). Maps and Documentation of Seismic CPT Soundings in the Central, Eastern, and Western United States, USGS Open-File Report 2010-1136, 86 p. Data accessed from https://earthquake.usgs.gov/research/cpt/data/ on 05.29.2018.",
1139,4366,2407,80.0,TNA035,-90.2334,34.5836,2005.1.6,DSG0766,,0.0,cm/s,0.0,,m,MPa,kPa,,,,"Holzer, TL, Noce, TE, and Bennett, MJ (2010). Maps and Documentation of Seismic CPT Soundings in the Central, Eastern, and Western United States, USGS Open-File Report 2010-1136, 86 p. Data accessed from https://earthquake.usgs.gov/research/cpt/data/ on 05.29.2018.",
1140,4367,2408,80.0,TNA036,-90.2364,34.67,2005.1.6,DSG0766,,0.0,cm/s,0.0,,m,MPa,kPa,,,,"Holzer, TL, Noce, TE, and Bennett, MJ (2010). Maps and Documentation of Seismic CPT Soundings in the Central, Eastern, and Western United States, USGS Open-File Report 2010-1136, 86 p. Data accessed from https://earthquake.usgs.gov/research/cpt/data/ on 05.29.2018.",
1141,4368,2409,80.0,TNA038,-90.2527,34.6997,2005.1.7,DSG0766,,0.0,cm/s,0.0,,m,MPa,kPa,,,,"Holzer, TL, Noce, TE, and Bennett, MJ (2010). Maps and Documentation of Seismic CPT Soundings in the Central, Eastern, and Western United States, USGS Open-File Report 2010-1136, 86 p. Data accessed from https://earthquake.usgs.gov/research/cpt/data/ on 05.29.2018.",
1142,4369,2410,80.0,TNA039,-90.4093,34.6699,2005.1.8,DSG0766,,0.0,cm/s,0.0,,m,MPa,kPa,,,,"Holzer, TL, Noce, TE, and Bennett, MJ (2010). Maps and Documentation of Seismic CPT Soundings in the Central, Eastern, and Western United States, USGS Open-File Report 2010-1136, 86 p. Data accessed from https://earthquake.usgs.gov/research/cpt/data/ on 05.29.2018.",
1143,4370,2411,80.0,TNA040,-90.4281,34.6575,2005.1.8,DSG0766,,0.0,cm/s,0.0,,m,MPa,kPa,,,,"Holzer, TL, Noce, TE, and Bennett, MJ (2010). Maps and Documentation of Seismic CPT Soundings in the Central, Eastern, and Western United States, USGS Open-File Report 2010-1136, 86 p. Data accessed from https://earthquake.usgs.gov/research/cpt/data/ on 05.29.2018.",
1144,4371,2412,80.0,TNA041,-90.468,34.5936,2005.1.8,DSG0766,,0.0,cm/s,0.0,,m,MPa,kPa,,,,"Holzer, TL, Noce, TE, and Bennett, MJ (2010). Maps and Documentation of Seismic CPT Soundings in the Central, Eastern, and Western United States, USGS Open-File Report 2010-1136, 86 p. Data accessed from https://earthquake.usgs.gov/research/cpt/data/ on 05.29.2018.",
1145,4372,2413,80.0,TNA042,-90.3332,34.5429,2005.1.8,DSG0766,,0.0,cm/s,0.0,,m,MPa,kPa,,,,"Holzer, TL, Noce, TE, and Bennett, MJ (2010). Maps and Documentation of Seismic CPT Soundings in the Central, Eastern, and Western United States, USGS Open-File Report 2010-1136, 86 p. Data accessed from https://earthquake.usgs.gov/research/cpt/data/ on 05.29.2018.",
1146,4373,2414,80.0,TNA043,-90.3926,34.5248,2005.1.8,DSG0766,,0.0,cm/s,0.0,,m,MPa,kPa,,,,"Holzer, TL, Noce, TE, and Bennett, MJ (2010). Maps and Documentation of Seismic CPT Soundings in the Central, Eastern, and Western United States, USGS Open-File Report 2010-1136, 86 p. Data accessed from https://earthquake.usgs.gov/research/cpt/data/ on 05.29.2018.",
1147,4374,2415,80.0,TNA044,-90.3162,34.7509,2005.1.9,DSG0766,,0.0,cm/s,0.0,,m,MPa,kPa,,,,"Holzer, TL, Noce, TE, and Bennett, MJ (2010). Maps and Documentation of Seismic CPT Soundings in the Central, Eastern, and Western United States, USGS Open-File Report 2010-1136, 86 p. Data accessed from https://earthquake.usgs.gov/research/cpt/data/ on 05.29.2018.",
1148,4375,2416,80.0,TTE001,-89.9475,34.6179,2004.12.12,DSG0769,,0.0,cm/s,0.0,,m,MPa,kPa,,,,"Holzer, TL, Noce, TE, and Bennett, MJ (2010). Maps and Documentation of Seismic CPT Soundings in the Central, Eastern, and Western United States, USGS Open-File Report 2010-1136, 86 p. Data accessed from https://earthquake.usgs.gov/research/cpt/data/ on 05.29.2018.",
1149,4376,2417,80.0,TTE002,-89.9702,34.7021,2004.12.12,DSG0769,,0.0,cm/s,0.0,,m,MPa,kPa,,,,"Holzer, TL, Noce, TE, and Bennett, MJ (2010). Maps and Documentation of Seismic CPT Soundings in the Central, Eastern, and Western United States, USGS Open-File Report 2010-1136, 86 p. Data accessed from https://earthquake.usgs.gov/research/cpt/data/ on 05.29.2018.",
1150,4377,2418,80.0,UNN001,-92.4836,33.2904,2005.12.12,DDG0766,,0.0,cm/s,0.0,,m,MPa,kPa,,,,"Holzer, TL, Noce, TE, and Bennett, MJ (2010). Maps and Documentation of Seismic CPT Soundings in the Central, Eastern, and Western United States, USGS Open-File Report 2010-1136, 86 p. Data accessed from https://earthquake.usgs.gov/research/cpt/data/ on 05.29.2018.",
1151,4378,2419,80.0,UNN002,-92.4752,33.2945,2005.12.12,DDG0766,,0.0,cm/s,0.0,,m,MPa,kPa,,,,"Holzer, TL, Noce, TE, and Bennett, MJ (2010). Maps and Documentation of Seismic CPT Soundings in the Central, Eastern, and Western United States, USGS Open-File Report 2010-1136, 86 p. Data accessed from https://earthquake.usgs.gov/research/cpt/data/ on 05.29.2018.",
1152,4379,2420,80.0,UNN003,-92.5031,33.3179,2005.12.12,DDG0766,,0.0,cm/s,0.0,,m,MPa,kPa,,,,"Holzer, TL, Noce, TE, and Bennett, MJ (2010). Maps and Documentation of Seismic CPT Soundings in the Central, Eastern, and Western United States, USGS Open-File Report 2010-1136, 86 p. Data accessed from https://earthquake.usgs.gov/research/cpt/data/ on 05.29.2018.",
1153,4380,2421,80.0,UNN004,-92.5258,33.3252,2005.12.12,DDG0766,,0.0,cm/s,0.0,,m,MPa,kPa,,,,"Holzer, TL, Noce, TE, and Bennett, MJ (2010). Maps and Documentation of Seismic CPT Soundings in the Central, Eastern, and Western United States, USGS Open-File Report 2010-1136, 86 p. Data accessed from https://earthquake.usgs.gov/research/cpt/data/ on 05.29.2018.",
1154,4381,2422,80.0,UNN005,-92.528,33.3307,2005.12.12,DDG0766,,0.0,cm/s,0.0,,m,MPa,kPa,,,,"Holzer, TL, Noce, TE, and Bennett, MJ (2010). Maps and Documentation of Seismic CPT Soundings in the Central, Eastern, and Western United States, USGS Open-File Report 2010-1136, 86 p. Data accessed from https://earthquake.usgs.gov/research/cpt/data/ on 05.29.2018.",
1155,4382,2423,80.0,UNN006,-92.5367,33.3363,2005.12.13,DDG0766,,0.0,cm/s,0.0,,m,MPa,kPa,,,,"Holzer, TL, Noce, TE, and Bennett, MJ (2010). Maps and Documentation of Seismic CPT Soundings in the Central, Eastern, and Western United States, USGS Open-File Report 2010-1136, 86 p. Data accessed from https://earthquake.usgs.gov/research/cpt/data/ on 05.29.2018.",
1156,4383,2424,80.0,UNN007,-92.1135,33.1587,2005.12.14,DDG0766,,0.0,cm/s,0.0,,m,MPa,kPa,,,,"Holzer, TL, Noce, TE, and Bennett, MJ (2010). Maps and Documentation of Seismic CPT Soundings in the Central, Eastern, and Western United States, USGS Open-File Report 2010-1136, 86 p. Data accessed from https://earthquake.usgs.gov/research/cpt/data/ on 05.29.2018.",
1157,4384,2425,80.0,UNN008,-92.1127,33.1512,2005.12.14,DDG0766,,0.0,cm/s,0.0,,m,MPa,kPa,,,,"Holzer, TL, Noce, TE, and Bennett, MJ (2010). Maps and Documentation of Seismic CPT Soundings in the Central, Eastern, and Western United States, USGS Open-File Report 2010-1136, 86 p. Data accessed from https://earthquake.usgs.gov/research/cpt/data/ on 05.29.2018.",
1158,4385,2426,80.0,UNN009,-92.1573,33.1476,2005.12.14,DDG0766,,0.0,cm/s,0.0,,m,MPa,kPa,,,,"Holzer, TL, Noce, TE, and Bennett, MJ (2010). Maps and Documentation of Seismic CPT Soundings in the Central, Eastern, and Western United States, USGS Open-File Report 2010-1136, 86 p. Data accessed from https://earthquake.usgs.gov/research/cpt/data/ on 05.29.2018.",
1159,4386,2427,80.0,UNN010,-92.3523,33.2993,2005.12.14,DDG0766,,0.0,cm/s,0.0,,m,MPa,kPa,,,,"Holzer, TL, Noce, TE, and Bennett, MJ (2010). Maps and Documentation of Seismic CPT Soundings in the Central, Eastern, and Western United States, USGS Open-File Report 2010-1136, 86 p. Data accessed from https://earthquake.usgs.gov/research/cpt/data/ on 05.29.2018.",
1160,4387,2428,80.0,UNN011,-92.0898,33.032,2005.12.15,DDG0766,,0.0,cm/s,0.0,,m,MPa,kPa,,,,"Holzer, TL, Noce, TE, and Bennett, MJ (2010). Maps and Documentation of Seismic CPT Soundings in the Central, Eastern, and Western United States, USGS Open-File Report 2010-1136, 86 p. Data accessed from https://earthquake.usgs.gov/research/cpt/data/ on 05.29.2018.",
1161,4388,2429,80.0,UNN012,-92.0983,33.0297,2005.12.15,DDG0766,,0.0,cm/s,0.0,,m,MPa,kPa,,,,"Holzer, TL, Noce, TE, and Bennett, MJ (2010). Maps and Documentation of Seismic CPT Soundings in the Central, Eastern, and Western United States, USGS Open-File Report 2010-1136, 86 p. Data accessed from https://earthquake.usgs.gov/research/cpt/data/ on 05.29.2018.",
1162,4389,2430,80.0,UNN013,-92.1079,33.0308,2005.12.15,DDG0766,,0.0,cm/s,0.0,,m,MPa,kPa,,,,"Holzer, TL, Noce, TE, and Bennett, MJ (2010). Maps and Documentation of Seismic CPT Soundings in the Central, Eastern, and Western United States, USGS Open-File Report 2010-1136, 86 p. Data accessed from https://earthquake.usgs.gov/research/cpt/data/ on 05.29.2018.",
1163,4390,2431,80.0,UNN014,-92.1131,33.038,2005.12.15,DDG0766,,0.0,cm/s,0.0,,m,MPa,kPa,,,,"Holzer, TL, Noce, TE, and Bennett, MJ (2010). Maps and Documentation of Seismic CPT Soundings in the Central, Eastern, and Western United States, USGS Open-File Report 2010-1136, 86 p. Data accessed from https://earthquake.usgs.gov/research/cpt/data/ on 05.29.2018.",
1164,4391,2432,80.0,UNN015,-92.1181,33.0474,2005.12.15,DDG0766,,0.0,cm/s,0.0,,m,MPa,kPa,,,,"Holzer, TL, Noce, TE, and Bennett, MJ (2010). Maps and Documentation of Seismic CPT Soundings in the Central, Eastern, and Western United States, USGS Open-File Report 2010-1136, 86 p. Data accessed from https://earthquake.usgs.gov/research/cpt/data/ on 05.29.2018.",
1165,4392,2433,80.0,UNN016,-92.1258,33.055,2005.12.15,DDG0766,,0.0,cm/s,0.0,,m,MPa,kPa,,,,"Holzer, TL, Noce, TE, and Bennett, MJ (2010). Maps and Documentation of Seismic CPT Soundings in the Central, Eastern, and Western United States, USGS Open-File Report 2010-1136, 86 p. Data accessed from https://earthquake.usgs.gov/research/cpt/data/ on 05.29.2018.",
1166,4393,2434,80.0,UNN017,-92.3612,33.2859,2005.12.17,DDG0766,,0.0,cm/s,0.0,,m,MPa,kPa,,,,"Holzer, TL, Noce, TE, and Bennett, MJ (2010). Maps and Documentation of Seismic CPT Soundings in the Central, Eastern, and Western United States, USGS Open-File Report 2010-1136, 86 p. Data accessed from https://earthquake.usgs.gov/research/cpt/data/ on 05.29.2018.",
1167,4394,2435,80.0,UNN018,-92.3745,33.2808,2005.12.17,DDG0766,,0.0,cm/s,0.0,,m,MPa,kPa,,,,"Holzer, TL, Noce, TE, and Bennett, MJ (2010). Maps and Documentation of Seismic CPT Soundings in the Central, Eastern, and Western United States, USGS Open-File Report 2010-1136, 86 p. Data accessed from https://earthquake.usgs.gov/research/cpt/data/ on 05.29.2018.",
1168,4395,2436,80.0,VHC001,-87.4928,37.9278,2003.11.10,766TC,,0.0,cm/s,0.0,,m,MPa,kPa,,,,"Holzer, TL, Noce, TE, and Bennett, MJ (2010). Maps and Documentation of Seismic CPT Soundings in the Central, Eastern, and Western United States, USGS Open-File Report 2010-1136, 86 p. Data accessed from https://earthquake.usgs.gov/research/cpt/data/ on 05.29.2018.",
1169,4396,2437,80.0,VHC002,-87.4714,37.9329,2003.11.10,766TC,,0.0,cm/s,0.0,,m,MPa,kPa,,,,"Holzer, TL, Noce, TE, and Bennett, MJ (2010). Maps and Documentation of Seismic CPT Soundings in the Central, Eastern, and Western United States, USGS Open-File Report 2010-1136, 86 p. Data accessed from https://earthquake.usgs.gov/research/cpt/data/ on 05.29.2018.",
1170,4397,2438,80.0,VHC003,-87.4712,37.9463,2003.11.10,766TC,,0.0,cm/s,0.0,,m,MPa,kPa,,,,"Holzer, TL, Noce, TE, and Bennett, MJ (2010). Maps and Documentation of Seismic CPT Soundings in the Central, Eastern, and Western United States, USGS Open-File Report 2010-1136, 86 p. Data accessed from https://earthquake.usgs.gov/research/cpt/data/ on 05.29.2018.",
1171,4398,2439,80.0,VHC004,-87.5722,37.951,2003.11.11,766TC,,0.0,cm/s,0.0,,m,MPa,kPa,,,,"Holzer, TL, Noce, TE, and Bennett, MJ (2010). Maps and Documentation of Seismic CPT Soundings in the Central, Eastern, and Western United States, USGS Open-File Report 2010-1136, 86 p. Data accessed from https://earthquake.usgs.gov/research/cpt/data/ on 05.29.2018.",
1172,4399,2440,80.0,VHC005,-87.568,37.9411,2003.11.11,766TC,,0.0,cm/s,0.0,,m,MPa,kPa,,,,"Holzer, TL, Noce, TE, and Bennett, MJ (2010). Maps and Documentation of Seismic CPT Soundings in the Central, Eastern, and Western United States, USGS Open-File Report 2010-1136, 86 p. Data accessed from https://earthquake.usgs.gov/research/cpt/data/ on 05.29.2018.",
1173,4400,2441,80.0,VHC006,-87.5595,37.9318,2003.11.11,766TC,,0.0,cm/s,0.0,,m,MPa,kPa,,,,"Holzer, TL, Noce, TE, and Bennett, MJ (2010). Maps and Documentation of Seismic CPT Soundings in the Central, Eastern, and Western United States, USGS Open-File Report 2010-1136, 86 p. Data accessed from https://earthquake.usgs.gov/research/cpt/data/ on 05.29.2018.",
1174,4401,2442,80.0,VHC007,-87.5023,37.9294,2003.11.11,766TC,,0.0,cm/s,0.0,,m,MPa,kPa,,,,"Holzer, TL, Noce, TE, and Bennett, MJ (2010). Maps and Documentation of Seismic CPT Soundings in the Central, Eastern, and Western United States, USGS Open-File Report 2010-1136, 86 p. Data accessed from https://earthquake.usgs.gov/research/cpt/data/ on 05.29.2018.",
1175,4402,2443,80.0,VHC008,-87.512,37.9072,2003.11.12,766TC,,0.0,cm/s,0.0,,m,MPa,kPa,,,,"Holzer, TL, Noce, TE, and Bennett, MJ (2010). Maps and Documentation of Seismic CPT Soundings in the Central, Eastern, and Western United States, USGS Open-File Report 2010-1136, 86 p. Data accessed from https://earthquake.usgs.gov/research/cpt/data/ on 05.29.2018.",
1176,4403,2444,80.0,VHC009,-87.5278,37.9155,2003.11.12,766TC,,0.0,cm/s,0.0,,m,MPa,kPa,,,,"Holzer, TL, Noce, TE, and Bennett, MJ (2010). Maps and Documentation of Seismic CPT Soundings in the Central, Eastern, and Western United States, USGS Open-File Report 2010-1136, 86 p. Data accessed from https://earthquake.usgs.gov/research/cpt/data/ on 05.29.2018.",
1177,4404,2445,80.0,VHC010,-87.5453,37.9229,2003.11.12,766TC,,0.0,cm/s,0.0,,m,MPa,kPa,,,,"Holzer, TL, Noce, TE, and Bennett, MJ (2010). Maps and Documentation of Seismic CPT Soundings in the Central, Eastern, and Western United States, USGS Open-File Report 2010-1136, 86 p. Data accessed from https://earthquake.usgs.gov/research/cpt/data/ on 05.29.2018.",
1178,4405,2446,80.0,VHC011,-87.4582,37.9913,2003.11.12,766TC,,0.0,cm/s,0.0,,m,MPa,kPa,,,,"Holzer, TL, Noce, TE, and Bennett, MJ (2010). Maps and Documentation of Seismic CPT Soundings in the Central, Eastern, and Western United States, USGS Open-File Report 2010-1136, 86 p. Data accessed from https://earthquake.usgs.gov/research/cpt/data/ on 05.29.2018.",
1179,4406,2447,80.0,VHC012,-87.4735,37.9765,2003.11.13,766TC,,0.0,cm/s,0.0,,m,MPa,kPa,,,,"Holzer, TL, Noce, TE, and Bennett, MJ (2010). Maps and Documentation of Seismic CPT Soundings in the Central, Eastern, and Western United States, USGS Open-File Report 2010-1136, 86 p. Data accessed from https://earthquake.usgs.gov/research/cpt/data/ on 05.29.2018.",
1180,4407,2448,80.0,VHC013,-87.4738,37.9894,2003.11.13,766TC,,0.0,cm/s,0.0,,m,MPa,kPa,,,,"Holzer, TL, Noce, TE, and Bennett, MJ (2010). Maps and Documentation of Seismic CPT Soundings in the Central, Eastern, and Western United States, USGS Open-File Report 2010-1136, 86 p. Data accessed from https://earthquake.usgs.gov/research/cpt/data/ on 05.29.2018.",
1181,4408,2449,80.0,VHC014,-87.4714,38.0275,2003.11.17,766TC,,0.0,cm/s,0.0,,m,MPa,kPa,,,,"Holzer, TL, Noce, TE, and Bennett, MJ (2010). Maps and Documentation of Seismic CPT Soundings in the Central, Eastern, and Western United States, USGS Open-File Report 2010-1136, 86 p. Data accessed from https://earthquake.usgs.gov/research/cpt/data/ on 05.29.2018.",
1182,4409,2450,80.0,VHC015,-87.4774,37.984,2003.11.19,766TC,,0.0,cm/s,0.0,,m,MPa,kPa,,,,"Holzer, TL, Noce, TE, and Bennett, MJ (2010). Maps and Documentation of Seismic CPT Soundings in the Central, Eastern, and Western United States, USGS Open-File Report 2010-1136, 86 p. Data accessed from https://earthquake.usgs.gov/research/cpt/data/ on 05.29.2018.",
1183,4410,2451,80.0,VHC016,-87.488,37.9775,2003.11.19,766TC,,0.0,cm/s,0.0,,m,MPa,kPa,,,,"Holzer, TL, Noce, TE, and Bennett, MJ (2010). Maps and Documentation of Seismic CPT Soundings in the Central, Eastern, and Western United States, USGS Open-File Report 2010-1136, 86 p. Data accessed from https://earthquake.usgs.gov/research/cpt/data/ on 05.29.2018.",
1184,4411,2452,80.0,VHC017,-87.5019,37.9763,2003.11.19,766TC,,0.0,cm/s,0.0,,m,MPa,kPa,,,,"Holzer, TL, Noce, TE, and Bennett, MJ (2010). Maps and Documentation of Seismic CPT Soundings in the Central, Eastern, and Western United States, USGS Open-File Report 2010-1136, 86 p. Data accessed from https://earthquake.usgs.gov/research/cpt/data/ on 05.29.2018.",
1185,4412,2453,80.0,VHC018,-87.5016,37.9828,2003.11.19,766TC,,0.0,cm/s,0.0,,m,MPa,kPa,,,,"Holzer, TL, Noce, TE, and Bennett, MJ (2010). Maps and Documentation of Seismic CPT Soundings in the Central, Eastern, and Western United States, USGS Open-File Report 2010-1136, 86 p. Data accessed from https://earthquake.usgs.gov/research/cpt/data/ on 05.29.2018.",
1186,4413,2454,80.0,VHC019,-87.5017,37.988,2003.11.19,766TC,,0.0,cm/s,0.0,,m,MPa,kPa,,,,"Holzer, TL, Noce, TE, and Bennett, MJ (2010). Maps and Documentation of Seismic CPT Soundings in the Central, Eastern, and Western United States, USGS Open-File Report 2010-1136, 86 p. Data accessed from https://earthquake.usgs.gov/research/cpt/data/ on 05.29.2018.",
1187,4414,2455,80.0,VHC020,-87.4519,37.9732,2003.11.19,766TC,,0.0,cm/s,0.0,,m,MPa,kPa,,,,"Holzer, TL, Noce, TE, and Bennett, MJ (2010). Maps and Documentation of Seismic CPT Soundings in the Central, Eastern, and Western United States, USGS Open-File Report 2010-1136, 86 p. Data accessed from https://earthquake.usgs.gov/research/cpt/data/ on 05.29.2018.",
1188,4415,2456,80.0,VHC021,-87.5474,37.992,2003.11.20,766TC,,0.0,cm/s,0.0,,m,MPa,kPa,,,,"Holzer, TL, Noce, TE, and Bennett, MJ (2010). Maps and Documentation of Seismic CPT Soundings in the Central, Eastern, and Western United States, USGS Open-File Report 2010-1136, 86 p. Data accessed from https://earthquake.usgs.gov/research/cpt/data/ on 05.29.2018.",
1189,4416,2457,80.0,VHC022,-87.5264,38.008,2003.11.20,766TC,,0.0,cm/s,0.0,,m,MPa,kPa,,,,"Holzer, TL, Noce, TE, and Bennett, MJ (2010). Maps and Documentation of Seismic CPT Soundings in the Central, Eastern, and Western United States, USGS Open-File Report 2010-1136, 86 p. Data accessed from https://earthquake.usgs.gov/research/cpt/data/ on 05.29.2018.",
1190,4417,2458,80.0,VHC023,-87.5277,37.9892,2003.11.20,766TC,,0.0,cm/s,0.0,,m,MPa,kPa,,,,"Holzer, TL, Noce, TE, and Bennett, MJ (2010). Maps and Documentation of Seismic CPT Soundings in the Central, Eastern, and Western United States, USGS Open-File Report 2010-1136, 86 p. Data accessed from https://earthquake.usgs.gov/research/cpt/data/ on 05.29.2018.",
1191,4418,2459,80.0,VHC024,-87.519,37.9843,2003.11.20,766TC,,0.0,cm/s,0.0,,m,MPa,kPa,,,,"Holzer, TL, Noce, TE, and Bennett, MJ (2010). Maps and Documentation of Seismic CPT Soundings in the Central, Eastern, and Western United States, USGS Open-File Report 2010-1136, 86 p. Data accessed from https://earthquake.usgs.gov/research/cpt/data/ on 05.29.2018.",
1192,4419,2460,80.0,VHC025,-87.5528,37.981,2003.11.21,766TC,,0.0,cm/s,0.0,,m,MPa,kPa,,,,"Holzer, TL, Noce, TE, and Bennett, MJ (2010). Maps and Documentation of Seismic CPT Soundings in the Central, Eastern, and Western United States, USGS Open-File Report 2010-1136, 86 p. Data accessed from https://earthquake.usgs.gov/research/cpt/data/ on 05.29.2018.",
1193,4420,2461,80.0,VHC026,-87.5623,37.9873,2003.11.21,766TC,,0.0,cm/s,0.0,,m,MPa,kPa,,,,"Holzer, TL, Noce, TE, and Bennett, MJ (2010). Maps and Documentation of Seismic CPT Soundings in the Central, Eastern, and Western United States, USGS Open-File Report 2010-1136, 86 p. Data accessed from https://earthquake.usgs.gov/research/cpt/data/ on 05.29.2018.",
1194,4421,2462,80.0,VHC027,-87.5779,37.9856,2003.11.21,766TC,,0.0,cm/s,0.0,,m,MPa,kPa,,,,"Holzer, TL, Noce, TE, and Bennett, MJ (2010). Maps and Documentation of Seismic CPT Soundings in the Central, Eastern, and Western United States, USGS Open-File Report 2010-1136, 86 p. Data accessed from https://earthquake.usgs.gov/research/cpt/data/ on 05.29.2018.",
1195,4422,2463,80.0,VHC028,-87.5855,37.9824,2003.11.21,766TC,,0.0,cm/s,0.0,,m,MPa,kPa,,,,"Holzer, TL, Noce, TE, and Bennett, MJ (2010). Maps and Documentation of Seismic CPT Soundings in the Central, Eastern, and Western United States, USGS Open-File Report 2010-1136, 86 p. Data accessed from https://earthquake.usgs.gov/research/cpt/data/ on 05.29.2018.",
1196,4423,2464,80.0,VHC029,-87.4728,38.0381,2003.12.3,766TC,,0.0,cm/s,0.0,,m,MPa,kPa,,,,"Holzer, TL, Noce, TE, and Bennett, MJ (2010). Maps and Documentation of Seismic CPT Soundings in the Central, Eastern, and Western United States, USGS Open-File Report 2010-1136, 86 p. Data accessed from https://earthquake.usgs.gov/research/cpt/data/ on 05.29.2018.",
1197,4424,2465,80.0,VHC030,-87.4738,38.0495,2003.12.3,766TC,,0.0,cm/s,0.0,,m,MPa,kPa,,,,"Holzer, TL, Noce, TE, and Bennett, MJ (2010). Maps and Documentation of Seismic CPT Soundings in the Central, Eastern, and Western United States, USGS Open-File Report 2010-1136, 86 p. Data accessed from https://earthquake.usgs.gov/research/cpt/data/ on 05.29.2018.",
1198,4425,2466,80.0,VHC031,-87.4919,38.0349,2003.12.3,766TC,,0.0,cm/s,0.0,,m,MPa,kPa,,,,"Holzer, TL, Noce, TE, and Bennett, MJ (2010). Maps and Documentation of Seismic CPT Soundings in the Central, Eastern, and Western United States, USGS Open-File Report 2010-1136, 86 p. Data accessed from https://earthquake.usgs.gov/research/cpt/data/ on 05.29.2018.",
1199,4426,2467,80.0,VHC032,-87.5937,37.9797,2003.12.4,766TC,,0.0,cm/s,0.0,,m,MPa,kPa,,,,"Holzer, TL, Noce, TE, and Bennett, MJ (2010). Maps and Documentation of Seismic CPT Soundings in the Central, Eastern, and Western United States, USGS Open-File Report 2010-1136, 86 p. Data accessed from https://earthquake.usgs.gov/research/cpt/data/ on 05.29.2018.",
1200,4427,2468,80.0,VHC033,-87.5816,37.984,2003.12.4,766TC,,0.0,cm/s,0.0,,m,MPa,kPa,,,,"Holzer, TL, Noce, TE, and Bennett, MJ (2010). Maps and Documentation of Seismic CPT Soundings in the Central, Eastern, and Western United States, USGS Open-File Report 2010-1136, 86 p. Data accessed from https://earthquake.usgs.gov/research/cpt/data/ on 05.29.2018.",
1201,4428,2469,80.0,VHC034,-87.5521,37.989,2003.12.4,766TC,,0.0,cm/s,0.0,,m,MPa,kPa,,,,"Holzer, TL, Noce, TE, and Bennett, MJ (2010). Maps and Documentation of Seismic CPT Soundings in the Central, Eastern, and Western United States, USGS Open-File Report 2010-1136, 86 p. Data accessed from https://earthquake.usgs.gov/research/cpt/data/ on 05.29.2018.",
1202,4429,2470,80.0,VHC035,-87.5659,37.9742,2003.12.5,766TC,,0.0,cm/s,0.0,,m,MPa,kPa,,,,"Holzer, TL, Noce, TE, and Bennett, MJ (2010). Maps and Documentation of Seismic CPT Soundings in the Central, Eastern, and Western United States, USGS Open-File Report 2010-1136, 86 p. Data accessed from https://earthquake.usgs.gov/research/cpt/data/ on 05.29.2018.",
1203,4430,2471,80.0,VHC036,-87.6256,37.9796,2004.10.5,766TC,,0.0,cm/s,0.0,,m,MPa,kPa,,,,"Holzer, TL, Noce, TE, and Bennett, MJ (2010). Maps and Documentation of Seismic CPT Soundings in the Central, Eastern, and Western United States, USGS Open-File Report 2010-1136, 86 p. Data accessed from https://earthquake.usgs.gov/research/cpt/data/ on 05.29.2018.",
1204,4431,2472,80.0,VHC037,-87.6341,37.9602,2004.10.5,766TC,,0.0,cm/s,0.0,,m,MPa,kPa,,,,"Holzer, TL, Noce, TE, and Bennett, MJ (2010). Maps and Documentation of Seismic CPT Soundings in the Central, Eastern, and Western United States, USGS Open-File Report 2010-1136, 86 p. Data accessed from https://earthquake.usgs.gov/research/cpt/data/ on 05.29.2018.",
1205,4432,2473,80.0,VHC038,-87.5949,38.025,2004.10.5,766TC,,0.0,cm/s,0.0,,m,MPa,kPa,,,,"Holzer, TL, Noce, TE, and Bennett, MJ (2010). Maps and Documentation of Seismic CPT Soundings in the Central, Eastern, and Western United States, USGS Open-File Report 2010-1136, 86 p. Data accessed from https://earthquake.usgs.gov/research/cpt/data/ on 05.29.2018.",
1206,4433,2474,80.0,VHC039,-87.5978,38.0135,2004.10.5,766TC,,0.0,cm/s,0.0,,m,MPa,kPa,,,,"Holzer, TL, Noce, TE, and Bennett, MJ (2010). Maps and Documentation of Seismic CPT Soundings in the Central, Eastern, and Western United States, USGS Open-File Report 2010-1136, 86 p. Data accessed from https://earthquake.usgs.gov/research/cpt/data/ on 05.29.2018.",
1207,4434,2475,80.0,VHC040,-87.505,38.0532,2004.10.6,766TC,,0.0,cm/s,0.0,,m,MPa,kPa,,,,"Holzer, TL, Noce, TE, and Bennett, MJ (2010). Maps and Documentation of Seismic CPT Soundings in the Central, Eastern, and Western United States, USGS Open-File Report 2010-1136, 86 p. Data accessed from https://earthquake.usgs.gov/research/cpt/data/ on 05.29.2018.",
1208,4435,2476,80.0,VHC041,-87.5405,38.0281,2004.10.6,766TC,,0.0,cm/s,0.0,,m,MPa,kPa,,,,"Holzer, TL, Noce, TE, and Bennett, MJ (2010). Maps and Documentation of Seismic CPT Soundings in the Central, Eastern, and Western United States, USGS Open-File Report 2010-1136, 86 p. Data accessed from https://earthquake.usgs.gov/research/cpt/data/ on 05.29.2018.",
1209,4436,2477,80.0,WKC001,-87.4456,37.9911,2003.11.13,766TC,,0.0,cm/s,0.0,,m,MPa,kPa,,,,"Holzer, TL, Noce, TE, and Bennett, MJ (2010). Maps and Documentation of Seismic CPT Soundings in the Central, Eastern, and Western United States, USGS Open-File Report 2010-1136, 86 p. Data accessed from https://earthquake.usgs.gov/research/cpt/data/ on 05.29.2018.",
1210,4437,2478,80.0,WKC002,-87.4454,38.0058,2003.11.17,766TC,,0.0,cm/s,0.0,,m,MPa,kPa,,,,"Holzer, TL, Noce, TE, and Bennett, MJ (2010). Maps and Documentation of Seismic CPT Soundings in the Central, Eastern, and Western United States, USGS Open-File Report 2010-1136, 86 p. Data accessed from https://earthquake.usgs.gov/research/cpt/data/ on 05.29.2018.",
1211,4438,2479,80.0,WKC003,-87.4365,38.0067,2003.11.17,766TC,,0.0,cm/s,0.0,,m,MPa,kPa,,,,"Holzer, TL, Noce, TE, and Bennett, MJ (2010). Maps and Documentation of Seismic CPT Soundings in the Central, Eastern, and Western United States, USGS Open-File Report 2010-1136, 86 p. Data accessed from https://earthquake.usgs.gov/research/cpt/data/ on 05.29.2018.",
1212,4439,2480,80.0,WKC004,-87.4365,38.0201,2003.11.17,766TC,,0.0,cm/s,0.0,,m,MPa,kPa,,,,"Holzer, TL, Noce, TE, and Bennett, MJ (2010). Maps and Documentation of Seismic CPT Soundings in the Central, Eastern, and Western United States, USGS Open-File Report 2010-1136, 86 p. Data accessed from https://earthquake.usgs.gov/research/cpt/data/ on 05.29.2018.",
1213,4440,2481,80.0,WKC005,-87.4274,38.0274,2003.11.17,766TC,,0.0,cm/s,0.0,,m,MPa,kPa,,,,"Holzer, TL, Noce, TE, and Bennett, MJ (2010). Maps and Documentation of Seismic CPT Soundings in the Central, Eastern, and Western United States, USGS Open-File Report 2010-1136, 86 p. Data accessed from https://earthquake.usgs.gov/research/cpt/data/ on 05.29.2018.",
1214,4441,2482,80.0,WKC006,-87.4658,38.0885,2003.11.18,766TC,,0.0,cm/s,0.0,,m,MPa,kPa,,,,"Holzer, TL, Noce, TE, and Bennett, MJ (2010). Maps and Documentation of Seismic CPT Soundings in the Central, Eastern, and Western United States, USGS Open-File Report 2010-1136, 86 p. Data accessed from https://earthquake.usgs.gov/research/cpt/data/ on 05.29.2018.",
1215,4442,2483,80.0,WKC007,-87.4729,38.0583,2003.11.18,766TC,,0.0,cm/s,0.0,,m,MPa,kPa,,,,"Holzer, TL, Noce, TE, and Bennett, MJ (2010). Maps and Documentation of Seismic CPT Soundings in the Central, Eastern, and Western United States, USGS Open-File Report 2010-1136, 86 p. Data accessed from https://earthquake.usgs.gov/research/cpt/data/ on 05.29.2018.",
1216,4443,2484,80.0,WKC008,-87.4503,37.9802,2003.11.18,766TC,,0.0,cm/s,0.0,,m,MPa,kPa,,,,"Holzer, TL, Noce, TE, and Bennett, MJ (2010). Maps and Documentation of Seismic CPT Soundings in the Central, Eastern, and Western United States, USGS Open-File Report 2010-1136, 86 p. Data accessed from https://earthquake.usgs.gov/research/cpt/data/ on 05.29.2018.",
1217,4444,2485,80.0,WKC009,-87.4658,38.0781,2003.12.3,766TC,,0.0,cm/s,0.0,,m,MPa,kPa,,,,"Holzer, TL, Noce, TE, and Bennett, MJ (2010). Maps and Documentation of Seismic CPT Soundings in the Central, Eastern, and Western United States, USGS Open-File Report 2010-1136, 86 p. Data accessed from https://earthquake.usgs.gov/research/cpt/data/ on 05.29.2018.",
1218,4445,2486,80.0,WKC010,-87.4659,38.0677,2003.12.3,766TC,,0.0,cm/s,0.0,,m,MPa,kPa,,,,"Holzer, TL, Noce, TE, and Bennett, MJ (2010). Maps and Documentation of Seismic CPT Soundings in the Central, Eastern, and Western United States, USGS Open-File Report 2010-1136, 86 p. Data accessed from https://earthquake.usgs.gov/research/cpt/data/ on 05.29.2018.",
1219,4446,2487,80.0,WTE001,-88.061,38.0523,2004.10.7,766TC,,0.0,cm/s,0.0,,m,MPa,kPa,,,,"Holzer, TL, Noce, TE, and Bennett, MJ (2010). Maps and Documentation of Seismic CPT Soundings in the Central, Eastern, and Western United States, USGS Open-File Report 2010-1136, 86 p. Data accessed from https://earthquake.usgs.gov/research/cpt/data/ on 05.29.2018.",
1220,4447,2488,80.0,WYA1,-89.1582,36.9261,2001.3.8,Hogentog,,0.0,cm/s,0.0,,m,MPa,kPa,,,,"Holzer, TL, Noce, TE, and Bennett, MJ (2010). Maps and Documentation of Seismic CPT Soundings in the Central, Eastern, and Western United States, USGS Open-File Report 2010-1136, 86 p. Data accessed from https://earthquake.usgs.gov/research/cpt/data/ on 05.29.2018.",
1221,4448,2489,80.0,oak003,-122.316,37.8064,1998.11.12,661tc,,0.0,cm/s,0.0,,m,MPa,kPa,,,,"Holzer, TL, Noce, TE, and Bennett, MJ (2010). Maps and Documentation of Seismic CPT Soundings in the Central, Eastern, and Western United States, USGS Open-File Report 2010-1136, 86 p. Data accessed from https://earthquake.usgs.gov/research/cpt/data/ on 05.29.2018.",
1222,4449,2490,80.0,oak010,-122.275,37.8081,1998.11.21,661tc,,0.0,cm/s,0.0,,m,MPa,kPa,,,,"Holzer, TL, Noce, TE, and Bennett, MJ (2010). Maps and Documentation of Seismic CPT Soundings in the Central, Eastern, and Western United States, USGS Open-File Report 2010-1136, 86 p. Data accessed from https://earthquake.usgs.gov/research/cpt/data/ on 05.29.2018.",
