travelTimeMeta_ID,Vsi,Qtn_TT,Ic_TT,fz_TT,ztop_TT,zbot_TT,Group,Group_ID
1,188.2256844,186.365843,1.724519407,0.227343652,1.75,3.75,Beach_Dune,1
1,259.6669423,340.2065854,1.568716767,0.417432252,3.75,5.75,Beach_Dune,1
1,256.4778472,485.4411722,1.542011761,0.639630053,5.75,7.75,Beach_Dune,1
1,270.0079665,471.1402504,1.582723173,0.863118642,7.75,9.55,Beach_Dune,1
2,214.5008491,266.3826016,1.600001137,0.24519888,1.75,3.75,Beach_Dune,1
2,280.5157944,307.2711987,1.695487763,0.43222625,3.75,5.75,Beach_Dune,1
2,291.3486117,600.4800615,1.647815498,0.662400637,5.75,7.75,Beach_Dune,1
2,300.1356243,551.2958022,1.649449257,0.912604882,7.75,9.75,Beach_Dune,1
2,277.4833296,403.1338118,1.69586192,1.156587064,9.75,11.75,Beach_Dune,1
2,256.8904078,327.2188351,1.629299025,1.362905011,11.75,13.25,Beach_Dune,1
3,246.1104513,273.8637708,1.597251037,0.244306332,1.75,3.75,Beach_Dune,1
3,224.4131374,274.3866108,1.571040218,0.443078514,3.75,5.75,Beach_Dune,1
3,236.6947857,273.9117327,1.703979707,0.642023416,5.75,7.75,Beach_Dune,1
3,224.8211717,289.221642,1.616530423,0.857485692,7.75,9.75,Beach_Dune,1
3,236.9954412,222.4525348,1.740713661,1.063770913,9.75,11.75,Beach_Dune,1
3,264.9086679,321.0600395,1.58916527,1.286116847,11.75,13.75,Beach_Dune,1
3,255.0700697,287.5748482,1.645543276,1.509363971,13.75,15.75,Beach_Dune,1
3,275.9787789,260.3067555,1.894270302,1.729658699,15.75,17.75,Beach_Dune,1
3,217.3995165,407.3674363,2.104108414,1.939508808,17.75,19.55,Beach_Dune,1
4,235.7996564,260.882367,1.621070925,0.238787718,1.75,3.75,Beach_Dune,1
4,257.3965817,471.3036462,1.59708871,0.440494647,3.75,5.75,Beach_Dune,1
4,298.3237363,684.5779757,1.676132342,0.598048916,5.75,6.4,Beach_Dune,1
5,169.7748793,219.0115781,1.939916311,0.221903549,1.75,3.75,Beach_Dune,1
5,235.5617293,386.5569434,1.874907459,0.396652886,3.75,5.75,Beach_Dune,1
5,280.1628136,529.3705376,1.643910228,0.631616809,5.75,7.75,Beach_Dune,1
5,245.7398545,244.0065734,1.72946257,0.859373568,7.75,9.75,Beach_Dune,1
5,276.365909,254.4990527,1.547195122,1.058703373,9.75,11.75,Beach_Dune,1
5,271.6962085,233.8362883,1.505672117,1.264864896,11.75,13.75,Beach_Dune,1
5,207.5157756,173.1416177,1.832792646,1.458206306,13.75,15.75,Beach_Dune,1
6,204.3409781,200.9265199,1.836299129,0.222924332,1.75,3.75,Beach_Dune,1
6,184.8821045,329.5905332,1.631165392,0.40477194,3.75,5.75,Beach_Dune,1
6,284.7903337,584.6417489,1.624220225,0.633645244,5.75,7.75,Beach_Dune,1
7,184.1158334,199.4406098,1.819676565,0.22902708,1.75,3.75,Beach_Dune,1
7,221.6055122,268.4235646,1.766654756,0.399958219,3.75,5.75,Beach_Dune,1
7,222.1113356,391.7631869,1.494841793,0.608967633,5.75,7.75,Beach_Dune,1
7,282.2867363,356.9461782,1.789500224,0.814000997,7.75,9.75,Beach_Dune,1
7,233.4802953,346.1048499,1.573395747,1.042305687,9.75,11.75,Beach_Dune,1
7,240.9010969,305.0709185,1.581436238,1.204769343,11.75,12.65,Beach_Dune,1
8,202.4312073,206.2829023,1.611096672,0.231521054,1.75,3.75,Beach_Dune,1
8,226.7634179,335.8751799,1.466885458,0.420357644,3.75,5.75,Beach_Dune,1
8,243.8992148,462.7306541,1.508276198,0.637423526,5.75,7.75,Beach_Dune,1
8,391.8953561,493.6974399,1.562299919,0.872624597,7.75,9.75,Beach_Dune,1
8,332.4689216,358.2641018,1.610120404,1.104851956,9.75,11.75,Beach_Dune,1
8,294.1879554,340.8753869,1.640559913,1.254777679,11.75,12.35,Beach_Dune,1
9,248.88613,275.7736335,1.506170165,0.246842123,1.75,3.75,Beach_Dune,1
9,200.8169026,192.583419,1.704246043,0.425937092,3.75,5.75,Beach_Dune,1
9,270.2778787,548.1637951,1.632339248,0.640998493,5.75,7.75,Beach_Dune,1
9,272.6242409,468.4923199,1.579481147,0.882947843,7.75,9.75,Beach_Dune,1
9,227.8872726,285.9620798,1.632714789,1.111159092,9.75,11.75,Beach_Dune,1
9,226.5260747,227.7179864,2.04548506,1.241064537,11.75,12.2,Beach_Dune,1
10,230.5051692,304.8521099,1.483235764,0.24240978,1.75,3.75,Beach_Dune,1
10,214.2764859,379.7372962,1.723014568,0.434176422,3.75,5.75,Beach_Dune,1
10,285.958725,479.3377631,1.677984666,0.66836029,5.75,7.75,Beach_Dune,1
10,274.3764027,354.4655515,1.736740654,0.881491622,7.75,9.55,Beach_Dune,1
12,226.8058761,159.2667803,2.324486124,0.213329056,1.75,3.75,Floodplain,2
12,132.6223552,203.2524784,2.69325778,0.355400716,3.75,5.75,Floodplain,2
12,230.68467,172.4573193,2.808240688,0.518560572,5.75,7.75,Floodplain,2
12,293.460122,140.4432448,2.680500096,0.65319053,7.75,9.1,Floodplain,2
13,143.0697172,166.6613716,2.555709985,0.210387926,1.75,3.75,Floodplain,2
13,172.840883,195.604331,2.766713812,0.359386352,3.75,5.75,Floodplain,2
13,260.3843956,194.7559317,2.790221624,0.526592502,5.75,7.75,Floodplain,2
13,311.0190013,254.6651649,2.259568083,0.702022292,7.75,9.75,Floodplain,2
13,305.8689317,277.8652071,1.803800887,0.904846456,9.75,11.75,Floodplain,2
13,238.2826015,221.069908,1.754079793,1.120969036,11.75,13.75,Floodplain,2
13,260.2270716,210.887317,1.681157495,1.330340871,13.75,15.75,Floodplain,2
13,315.3959554,282.0856984,1.583528848,1.543770034,15.75,17.75,Floodplain,2
13,251.3306147,221.1866669,1.576964151,1.779453979,17.75,20.25,Floodplain,2
14,136.1757905,147.2788891,2.571827353,0.216256418,1.75,3.75,Floodplain,2
14,185.956971,194.7402468,2.778798768,0.363313346,3.75,5.75,Floodplain,2
14,268.1696866,190.677762,2.636580143,0.529383415,5.75,7.75,Floodplain,2
14,277.4672931,263.9089823,1.719785256,0.718007911,7.75,9.75,Floodplain,2
14,202.2490953,264.4660819,1.84107924,0.923215221,9.75,11.75,Floodplain,2
14,309.9299686,259.7851108,1.736014744,1.137547737,11.75,13.75,Floodplain,2
14,283.3433906,223.2304252,1.70913322,1.351483634,13.75,15.75,Floodplain,2
14,260.7551975,241.3421065,1.589485934,1.565370935,15.75,17.75,Floodplain,2
14,315.786091,263.8799356,1.524315323,1.796405797,17.75,20.15,Floodplain,2
15,100.9194205,101.0075191,2.702562319,0.167086455,1.75,3.75,af/Qi,6
15,87.80316134,89.09226613,2.852193973,0.266445058,3.75,5.75,af/Qi,6
15,91.15585903,40.68259321,3.051209495,0.362238656,5.75,7.75,af/Qi,6
15,91.34444745,42.1763515,2.928205377,0.450346459,7.75,9.75,af/Qi,6
15,106.1785715,41.03260179,2.957217396,0.537897975,9.75,11.75,af/Qi,6
15,190.3186975,97.28421459,2.812403331,0.644856435,11.75,13.75,af/Qi,6
15,210.2502293,288.6581474,2.338580873,0.80969969,13.75,15.75,af/Qi,6
15,190.7832286,139.9686668,2.782713991,0.967407961,15.75,17.75,af/Qi,6
15,200.3417999,132.7073344,2.708392407,1.138278458,17.75,19.75,af/Qi,6
15,194.6453005,96.94468491,2.831311102,1.298533226,19.75,21.75,af/Qi,6
15,253.4948322,106.9342224,2.747829733,1.419877441,21.75,22.95,af/Qi,6
16,165.0768336,331.4323194,2.598807917,0.515322532,1.75,3.75,af/Qi,6
16,138.7383459,51.85949931,3.081378828,0.699572109,3.75,5.75,af/Qi,6
16,151.5569909,85.34640459,2.426786693,0.82471372,5.75,7.75,af/Qi,6
16,146.7835787,39.33057666,3.112578738,0.925845671,7.75,9.75,af/Qi,6
16,107.9680519,32.69518444,3.272118141,1.04206869,9.75,11.75,af/Qi,6
16,266.7191826,46.2678905,3.132046767,1.18105425,11.75,13.75,af/Qi,6
16,239.8544955,101.6264585,2.861992555,1.316814355,13.75,15.75,af/Qi,6
16,222.298244,182.960905,2.332374851,1.487348843,15.75,17.75,af/Qi,6
16,265.1671615,135.1560818,2.723613195,1.660326667,17.75,19.75,af/Qi,6
16,194.8778713,255.6618479,2.288184462,1.79478164,19.75,20.8,af/Qi,6
17,105.4600882,92.57143117,2.624177462,0.163551217,1.75,3.75,af/Qi,6
17,111.8685173,173.8256529,2.551043716,0.269345746,3.75,5.75,af/Qi,6
17,103.5654833,69.28341944,2.768432345,0.378423603,5.75,7.75,af/Qi,6
17,132.8104406,90.24911173,2.756606286,0.487011845,7.75,9.75,af/Qi,6
17,127.594045,114.6514855,2.474517888,0.613110032,9.75,11.75,af/Qi,6
17,162.1126301,115.7039556,2.569241638,0.743675073,11.75,13.75,af/Qi,6
17,148.7552329,122.910354,2.47588023,0.876573805,13.75,15.75,af/Qi,6
17,253.4111578,242.8232631,2.377871766,1.02193225,15.75,17.75,af/Qi,6
17,301.9795051,213.466914,2.444587821,1.205516474,17.75,19.75,af/Qi,6
17,283.5031943,134.3084354,2.583038892,1.375831247,19.75,21.75,af/Qi,6
17,289.4615064,232.7586393,2.533371876,1.553658788,21.75,23.75,af/Qi,6
17,235.5592379,112.3005529,2.712373206,1.73658775,23.75,25.85,af/Qi,6
17,278.9216917,89.31664406,2.699062527,1.899888588,25.85,27.75,af/Qi,6
18,108.6163134,264.4939473,2.408319244,0.224085041,1.75,3.75,af/Qi,6
18,129.9699692,53.82476116,2.939750441,0.323510447,3.75,5.75,af/Qi,6
18,101.7009966,49.55665637,2.90571304,0.408618161,5.75,7.75,af/Qi,6
18,95.78067274,42.77038486,2.933133883,0.490997621,7.75,9.75,af/Qi,6
18,141.0943667,56.74860715,2.955145867,0.596619719,9.75,11.75,af/Qi,6
18,251.7584062,150.9158742,2.679103122,0.713990882,11.75,13.75,af/Qi,6
18,306.1327002,238.5361751,2.613996878,0.879456682,13.75,15.75,af/Qi,6
18,304.9905753,320.4985707,1.91872036,1.085511918,15.75,17.75,af/Qi,6
18,343.1297352,225.9945666,2.172399311,1.292852436,17.75,19.75,af/Qi,6
18,288.1578494,111.0749237,2.554115633,1.456711207,19.75,21.75,af/Qi,6
19,129.4825132,141.6099932,1.976583811,0.184394531,1.75,3.75,af/Qi,6
19,125.7355947,94.8011696,2.359658233,0.297277201,3.75,5.75,af/Qi,6
19,95.70511455,74.45610742,2.616835928,0.373416208,5.75,7.75,af/Qi,6
19,100.6762144,67.82342719,2.691853772,0.423494528,7.75,9.75,af/Qi,6
19,97.06385964,59.39253938,2.692616341,0.495757817,9.75,11.75,af/Qi,6
19,106.305714,67.80407247,2.656230134,0.573836391,11.75,13.75,af/Qi,6
19,167.5831413,77.97717252,2.773952062,0.690734132,13.75,15.75,af/Qi,6
19,253.933611,96.00170476,2.599180864,0.810908122,15.75,17.75,af/Qi,6
19,210.7049351,155.6817403,2.562299125,0.958974217,17.75,19.75,af/Qi,6
19,250.1187429,202.8315087,2.554739488,1.127573764,19.75,21.75,af/Qi,6
19,234.739349,135.9785466,2.479247473,1.294269131,21.75,23.75,af/Qi,6
19,293.7957691,154.235809,2.625680666,1.470886622,23.75,25.75,af/Qi,6
19,266.8898563,119.0941698,2.654118577,1.640542392,25.75,27.75,af/Qi,6
19,276.0425332,256.5281567,2.37539967,1.7823276,27.75,28.95,af/Qi,6
20,139.0344432,161.8250576,1.816069344,0.211784258,1.75,3.75,af/Qi,6
20,105.3598443,128.2663075,2.348459689,0.357566194,3.75,5.75,af/Qi,6
20,100.1852223,56.8468378,2.83660067,0.460447064,5.75,7.75,af/Qi,6
20,103.0414544,49.24281137,2.859458261,0.555443018,7.75,9.75,af/Qi,6
20,114.2143393,53.68472984,2.812939097,0.655409435,9.75,11.75,af/Qi,6
20,192.867321,67.37077017,2.768729402,0.753690517,11.75,13.75,af/Qi,6
20,298.2561147,219.4353439,2.32013716,0.891352365,13.75,15.75,af/Qi,6
20,192.2426648,141.3255971,2.591086079,1.064819927,15.75,17.75,af/Qi,6
20,292.7797854,215.8411724,2.363205668,1.209930547,17.75,19.25,af/Qi,6
21,177.0441895,159.2074826,1.92693765,0.269854487,1.75,3.75,af/Qi,6
21,78.74468975,45.12092584,2.770188747,0.370855554,3.75,5.75,af/Qi,6
21,96.14112521,47.96987488,2.727493966,0.417811898,5.75,7.75,af/Qi,6
21,89.18656217,41.13671935,2.787863695,0.473769528,7.75,9.75,af/Qi,6
21,98.49153054,41.38759458,2.796740666,0.535860903,9.75,11.75,af/Qi,6
21,112.8261295,46.60614975,2.829173198,0.615311412,11.75,13.75,af/Qi,6
21,177.0899247,73.23957451,2.893057768,0.717501325,13.75,15.8,af/Qi,6
21,198.3607674,181.0535968,2.182544041,0.859049013,15.8,17.75,af/Qi,6
21,289.6296807,210.8885699,1.425497303,1.041410033,17.75,19.75,af/Qi,6
21,240.007281,196.5807788,1.504433578,1.172266954,19.75,20.6,af/Qi,6
22,152.3255103,156.8081526,2.370359266,0.30738524,1.75,3.75,af/Qi,6
22,139.9570937,115.9965352,2.459951539,0.447774244,3.75,5.75,af/Qi,6
22,148.9060172,126.8876576,2.823029831,0.555552173,5.75,7.75,af/Qi,6
22,237.7776431,236.2748757,1.679129531,0.736052986,7.75,9.75,af/Qi,6
22,247.8998534,135.2726632,2.371251021,0.911853149,9.75,11.75,af/Qi,6
22,247.3903326,143.6842626,2.748982209,1.076871915,11.75,13.75,af/Qi,6
22,227.5156637,100.4908067,2.66597758,1.237128748,13.75,15.8,af/Qi,6
22,272.9641936,70.33273361,2.912428279,1.406055738,15.8,17.75,af/Qi,6
22,222.0638788,136.5315543,2.79413917,1.559581,17.75,19.75,af/Qi,6
22,283.8816145,144.2068693,2.098921519,1.739780213,19.75,21.75,af/Qi,6
22,431.5686381,209.1725649,2.508974138,1.910049121,21.75,23.75,af/Qi,6
22,324.6634964,118.8356532,2.575432924,2.100501176,23.75,25.75,af/Qi,6
22,300.8377487,66.4954574,2.851376857,2.252895024,25.75,27.75,af/Qi,6
22,237.0849405,119.8368473,2.787391396,2.413929132,27.75,29.75,af/Qi,6
22,321.0927097,243.5142349,2.617458391,2.527728018,29.75,30.2,af/Qi,6
23,101.176342,72.93110382,3.224232458,0.218218477,1.75,3.75,af/Qi,6
23,83.38246459,59.64822825,2.996373161,0.313611975,3.75,5.75,af/Qi,6
23,85.30890159,46.78303808,2.975327436,0.412991657,5.75,7.75,af/Qi,6
23,90.24040142,44.34876209,2.971399133,0.50950129,7.75,9.75,af/Qi,6
23,134.092637,107.9150181,2.586347694,0.615464179,9.75,11.75,af/Qi,6
23,147.8880932,162.5179801,2.715820226,0.752345004,11.75,13.75,af/Qi,6
23,361.5981956,389.0538023,1.828826343,0.947979772,13.75,15.8,af/Qi,6
23,334.1687389,320.5885119,1.652962853,1.171647617,15.8,17.75,af/Qi,6
23,382.0317705,257.0193662,2.330180093,1.390714544,17.75,19.75,af/Qi,6
23,297.4003135,341.303285,2.192387105,1.59172907,19.75,21.75,af/Qi,6
23,348.4101306,290.6139904,2.200402385,1.81126475,21.75,23.75,af/Qi,6
23,298.709576,132.338293,2.615825194,2.019857529,23.75,25.75,af/Qi,6
23,231.7137123,90.34997327,2.736265236,2.203652815,25.75,27.75,af/Qi,6
23,253.1674484,66.48390075,2.906840292,2.357320012,27.75,29.75,af/Qi,6
23,239.287613,105.5280851,2.941624138,2.530021319,29.75,31.75,af/Qi,6
23,249.1552801,69.00851205,2.9453977,2.695178573,31.75,33.75,af/Qi,6
23,224.0695114,39.90015457,3.074579588,2.850654027,33.75,35.75,af/Qi,6
23,224.0812919,42.82690522,3.080968278,2.9480526,35.75,36.25,af/Qi,6
24,83.69601441,50.43197446,3.839029034,0.213724172,1.75,3.75,af/Qi,6
24,76.60059887,53.75481704,3.278747198,0.302319713,3.75,5.75,af/Qi,6
24,82.9133525,15.86323779,4.668365699,0.385480725,5.75,7.75,af/Qi,6
24,91.65142257,11.83884807,4.179107382,0.459212933,7.75,9.75,af/Qi,6
24,106.7248062,17.79669048,3.562745366,0.539424517,9.75,11.75,af/Qi,6
24,129.4708836,23.69153236,3.37205643,0.628384304,11.75,13.75,af/Qi,6
24,263.4826738,72.14213819,2.773020904,0.722620916,13.75,15.75,af/Qi,6
24,227.3276234,128.9526437,2.670987132,0.857982044,15.75,17.75,af/Qi,6
24,237.0818939,326.860824,2.425221446,1.029479888,17.75,19.75,af/Qi,6
24,335.0069667,326.8961744,2.136375031,1.236998852,19.75,21.75,af/Qi,6
24,362.5621567,283.439983,1.739316825,1.465866177,21.75,23.8,af/Qi,6
24,287.3428015,163.4464786,2.439539953,1.69135784,23.8,25.9,af/Qi,6
24,175.6800146,40.85311097,3.246792225,1.847388702,25.9,27.75,af/Qi,6
24,190.2916112,43.52194742,3.187990216,1.998206703,27.75,29.75,af/Qi,6
24,213.6922142,48.19331273,3.126572121,2.162574077,29.75,31.75,af/Qi,6
24,225.272461,59.46037613,3.056425085,2.324560825,31.75,33.75,af/Qi,6
25,110.424752,103.5275192,2.35526409,0.185032505,1.75,3.75,af/Qi,6
25,90.4699314,69.06651605,3.305519368,0.309306844,3.75,5.75,af/Qi,6
25,83.2142176,20.27880406,3.673959171,0.388977431,5.75,7.75,af/Qi,6
25,90.97727928,23.69199133,3.566720574,0.466282898,7.75,9.75,af/Qi,6
25,116.0352882,48.70038744,3.187847228,0.546049741,9.75,11.75,af/Qi,6
25,119.9948849,26.4185311,3.247131461,0.633363715,11.75,13.75,af/Qi,6
25,199.9579643,33.68194198,3.021634714,0.715590506,13.75,15.75,af/Qi,6
25,242.5043461,40.63140441,2.942813443,0.795241732,15.75,17.75,af/Qi,6
25,189.0013039,152.8291784,2.09869263,0.929085452,17.75,19.75,af/Qi,6
25,133.2439685,24.80639927,3.29257452,1.047875612,19.75,21.75,af/Qi,6
25,176.3707914,86.67455898,2.780242832,1.165495805,21.75,23.75,af/Qi,6
25,282.9134748,150.2866761,2.387066814,1.327388067,23.75,25.75,af/Qi,6
25,212.6723842,108.4706179,2.812601524,1.501372535,25.75,27.75,af/Qi,6
25,253.4008355,184.8194019,2.294379128,1.676476895,27.75,29.75,af/Qi,6
25,210.5307818,97.28537669,2.824450297,1.862875374,29.75,31.75,af/Qi,6
26,198.3628075,302.4329352,1.651644323,0.281279704,1.75,3.75,af/Qi,6
26,117.1882568,95.14355558,2.726728241,0.437618947,3.75,5.75,af/Qi,6
26,97.35490848,31.50560938,2.99192531,0.53454314,5.75,7.75,af/Qi,6
26,97.06450086,27.50928874,3.046413543,0.603427194,7.75,9.75,af/Qi,6
26,98.07509562,27.90005802,2.99663339,0.678251556,9.75,11.75,af/Qi,6
26,111.495929,30.196611,3.014248804,0.754560688,11.75,13.75,af/Qi,6
26,122.4010183,58.29050943,2.945596695,0.855078694,13.75,15.75,af/Qi,6
26,288.3707489,64.21196982,2.988907761,0.997482688,15.75,17.75,af/Qi,6
26,199.8094346,109.9307995,2.435885867,1.139514589,17.75,19.75,af/Qi,6
26,277.93696,160.2936256,1.665449658,1.317092731,19.75,21.75,af/Qi,6
26,267.369419,231.7487821,1.550680322,1.512794615,21.75,23.9,af/Qi,6
26,283.9604646,209.0569409,1.658695332,1.708391748,23.9,25.75,af/Qi,6
26,101584.0858,155.8694854,2.580685817,1.801994116,25.75,26,af/Qi,6
26,335.9315717,112.4890869,2.826258972,1.903694532,26,28,af/Qi,6
26,298.6575664,68.36079845,2.816138371,2.059849216,28,29.75,af/Qi,6
27,168.3737288,178.0754534,2.195305328,0.415165094,1.75,3.75,af/Qi,6
27,90.70780988,23.76472475,3.495160161,0.533888511,3.75,5.75,af/Qi,6
27,92.23839189,24.49784072,3.411670497,0.602907383,5.75,7.75,af/Qi,6
27,104.3055421,48.56708577,2.999159865,0.679767403,7.75,9.75,af/Qi,6
27,117.3791733,46.60200122,2.796561433,0.776425604,9.75,11.75,af/Qi,6
27,113.0726732,44.51140917,2.932723644,0.884812365,11.75,13.75,af/Qi,6
27,198.5765054,177.7221116,1.923923604,1.02312816,13.75,15.75,af/Qi,6
27,365.9846533,219.3774541,2.196516069,1.214018658,15.75,17.75,af/Qi,6
27,238.6935931,88.24912312,2.935704064,1.382186715,17.75,19.75,af/Qi,6
27,268.6990878,147.2293298,2.551686521,1.557063113,19.75,21.75,af/Qi,6
27,253.5532844,130.7845264,2.691590552,1.737176654,21.75,23.75,af/Qi,6
28,106.2929079,44.4012235,4.762172795,0.349922997,1.75,3.75,af/Qi,6
28,90.58741634,52.66799918,3.49122666,0.444631022,3.75,5.75,af/Qi,6
28,94.01206067,24.11636861,3.696280689,0.521345444,5.75,7.75,af/Qi,6
28,98.43591975,36.96723934,4.050729622,0.575780627,7.75,9.75,af/Qi,6
28,93.49878308,14.16249681,3.838979388,0.629537444,9.75,11.75,af/Qi,6
28,110.6106615,40.69257912,3.504034255,0.678553254,11.75,13.75,af/Qi,6
28,103.1848971,14.64323626,4.101587429,0.735339727,13.75,15.75,af/Qi,6
28,133.6873307,20.41284809,3.313575525,0.78726673,15.75,17.75,af/Qi,6
28,220.7862636,23.74209119,3.085721148,0.841199978,17.75,19.75,af/Qi,6
28,151.8017193,21.72796979,3.182329572,0.909960445,19.75,21.75,af/Qi,6
28,133.7026667,23.85531548,3.243192106,1.002788619,21.75,23.75,af/Qi,6
28,142.9987534,24.01206865,3.193777436,1.102691643,23.75,25.75,af/Qi,6
28,145.4158333,26.20695478,3.179616784,1.207890604,25.75,27.75,af/Qi,6
28,162.8344673,34.53585491,3.090608913,1.325683698,27.75,29.75,af/Qi,6
28,200.3665421,67.74001646,2.95027897,1.462126996,29.75,31.75,af/Qi,6
28,239.2148622,178.1870676,1.939028618,1.638124584,31.75,33.75,af/Qi,6
28,240.1204105,127.7287945,2.419751811,1.826104238,33.75,35.75,af/Qi,6
28,246.6704274,141.6592858,1.981355357,1.989150738,35.75,37.75,af/Qi,6
28,226.5846735,51.86296784,3.00364494,2.154030683,37.75,39.75,af/Qi,6
29,132.6562419,132.6709488,1.881886357,0.233279606,1.75,3.75,af/Qi,6
29,111.52581,112.8423378,2.340797818,0.375609081,3.75,5.75,af/Qi,6
29,132.4080939,123.7958884,2.121218067,0.512246029,5.75,7.75,af/Qi,6
29,106.0584952,65.17288454,2.757316129,0.628833553,7.75,9.75,af/Qi,6
29,98.77791046,41.76987374,2.937302111,0.731903659,9.75,11.75,af/Qi,6
29,110.9869793,39.68625985,2.933565277,0.835214037,11.75,13.75,af/Qi,6
29,115.7441758,39.38566393,3.022586717,0.939693442,13.75,15.75,af/Qi,6
29,125.370299,36.63847343,3.00737724,1.053411048,15.75,17.75,af/Qi,6
29,122.5843774,101.1418218,2.44997903,1.17942774,17.75,19.75,af/Qi,6
29,304.8413483,347.9409062,2.44902662,1.353083883,19.75,21.75,af/Qi,6
29,337.2927628,282.740852,1.924840722,1.526395752,21.75,23,af/Qi,6
30,138.2723721,124.7580822,1.857913952,0.357025729,1.75,3.75,af/Qi,6
30,127.8553255,122.7793475,2.117401274,0.509216932,3.75,5.75,af/Qi,6
30,132.3849454,118.7923506,2.273352639,0.644258839,5.75,7.75,af/Qi,6
30,114.4600714,88.65335677,2.792107261,0.757798598,7.75,9.75,af/Qi,6
30,99.72874832,44.75702868,2.948667915,0.865485262,9.75,11.75,af/Qi,6
30,125.8071728,48.19388909,2.799798099,0.972841022,11.75,13.75,af/Qi,6
30,264.1208014,245.2474422,2.503865028,1.110439436,13.75,15.75,af/Qi,6
30,405.9391563,474.654205,1.974664719,1.234834859,15.75,16.25,af/Qi,6
31,133.5058029,152.659008,1.949824847,0.279470814,1.75,3.75,af/Qi,6
31,100.700506,114.3480265,2.143386561,0.42229899,3.75,5.75,af/Qi,6
31,211.2649647,134.1739054,2.143748977,0.566028838,5.75,7.75,af/Qi,6
31,133.3555427,87.61451081,2.453224515,0.689658342,7.75,9.75,af/Qi,6
31,114.3144896,64.06867539,2.767123014,0.799005756,9.75,11.75,af/Qi,6
31,49.72431455,126.2626982,2.596760585,0.936811533,11.75,13.75,af/Qi,6
31,-146.0868657,84.48267485,2.76847354,1.073881521,13.75,15.75,af/Qi,6
31,128.0798934,35.06292802,3.039475272,1.188456808,15.75,17.75,af/Qi,6
31,141.9212364,31.58193392,3.046821999,1.300578919,17.75,19.75,af/Qi,6
31,126.5323436,30.90078593,3.068861526,1.414054452,19.75,21.75,af/Qi,6
31,133.2057829,27.92226652,3.085272899,1.524865616,21.75,23.75,af/Qi,6
31,145.9520208,28.99214964,3.086012861,1.639422108,23.75,25.75,af/Qi,6
31,170.4681555,53.36193197,2.7304839,1.759097116,25.75,27.75,af/Qi,6
31,152.3265361,40.97751345,3.148602505,1.907516901,27.75,29.75,af/Qi,6
31,192.6831787,60.06565227,3.003976955,2.06181123,29.75,31.75,af/Qi,6
31,239.8298069,58.7079094,3.007845501,2.227474012,31.75,33.75,af/Qi,6
31,205.6048804,49.2407535,3.004704937,2.389097076,33.75,35.75,af/Qi,6
31,216.295325,41.66496436,3.012462432,2.538010298,35.75,37.75,af/Qi,6
31,199.4901745,39.28557852,3.001919432,2.684720656,37.75,39.75,af/Qi,6
31,200.3017065,44.73474922,2.986452413,2.827932562,39.75,41.75,af/Qi,6
31,218.7077474,34.42848689,3.03229876,2.973474447,41.75,43.75,af/Qi,6
31,190.0453607,34.62934205,3.020886416,3.115086371,43.75,45.75,af/Qi,6
31,295.2351615,36.90435848,3.018687324,3.257008872,45.75,47.75,af/Qi,6
31,222.5900653,32.84703921,3.066702935,3.429124738,47.75,50.5,af/Qi,6
32,126.3963269,127.7334141,2.022931187,0.522161188,3.75,5.75,af/Qi,6
32,170.6793989,139.639795,2.165719976,0.667440817,5.75,7.75,af/Qi,6
32,197.5770288,172.6636456,2.025114015,0.819028136,7.75,9.75,af/Qi,6
32,206.9321977,127.7462474,2.14042612,0.986509822,9.75,11.75,af/Qi,6
32,189.3724835,168.6515445,2.313322514,1.125322244,11.75,13.75,af/Qi,6
32,326.3277784,490.1187515,2.232496684,1.317010316,13.75,15.75,af/Qi,6
32,528.890815,368.1801392,1.962194039,1.549533809,15.75,17.75,af/Qi,6
33,146.4282503,145.0127536,1.770784157,0.379242887,1.75,3.75,af/Qi,6
33,107.7533044,100.9158022,2.376820067,0.523833382,3.75,5.75,af/Qi,6
33,108.9066494,45.10966867,2.84033567,0.598978182,5.75,7.75,af/Qi,6
33,147.1291811,61.81885765,2.763977269,0.662690889,7.75,9.75,af/Qi,6
33,182.8655933,148.4197227,2.246600972,0.777679104,9.75,11.75,af/Qi,6
33,192.1466508,38.0574361,2.89195063,0.873911357,11.75,13.75,af/Qi,6
33,209.8000321,35.96620308,2.845662747,0.942037407,13.75,15.75,af/Qi,6
33,168.384579,164.813306,2.047297032,1.064814437,15.75,17.75,af/Qi,6
33,193.9214161,74.98864268,2.358242593,1.209264522,17.75,19.75,af/Qi,6
33,167.8308366,50.4909662,2.741851475,1.321669696,19.75,21.75,af/Qi,6
33,251.9763092,49.52724743,2.784473271,1.417708125,21.75,23.75,af/Qi,6
34,143.5809343,171.597489,1.767328571,0.315029453,1.75,3.75,af/Qi,6
34,172.1653657,143.629109,1.801939359,0.471294442,3.75,5.75,af/Qi,6
34,142.5132183,61.24888433,2.745395112,0.593629246,5.75,7.75,af/Qi,6
34,169.7049983,137.7032561,2.356514721,0.667781251,7.75,9.75,af/Qi,6
34,307.011612,314.7926728,1.8170663,0.853665155,9.75,11.75,af/Qi,6
34,492.7297364,596.251305,2.051890852,1.028099166,11.75,12.9,af/Qi,6
35,252.2670927,411.9543356,1.755505105,0.262192627,1.75,3.75,Qs,11
35,205.8167359,267.9719978,1.596395138,0.465189985,3.75,5.75,Qs,11
35,253.6258504,271.5568093,1.60754157,0.670517363,5.75,7.75,Qs,11
35,211.4969547,227.5671269,1.678503363,0.878729441,7.75,9.75,Qs,11
35,268.9858721,319.4354259,1.689265767,1.098285219,9.75,11.75,Qs,11
35,300.1756917,269.1412758,2.25621951,1.297086938,11.75,13.75,Qs,11
35,284.7289968,362.8755188,2.325190256,1.451317884,13.75,14.75,Qs,11
36,332.4664838,507.4718454,1.807578158,0.251887107,1.75,3.75,Qs,11
36,244.764424,302.684085,1.555992673,0.462730069,3.75,5.75,Qs,11
36,179.6698438,399.4903032,1.891046527,0.671447456,5.75,7.8,Qs,11
36,390.188412,373.6012314,2.117105494,0.87938278,7.8,9.75,Qs,11
36,308.0578695,365.8350901,1.837089523,1.100785495,9.75,11.75,Qs,11
36,331.6653902,367.9208697,1.726695705,1.320731804,11.75,13.55,Qs,11
37,200.5104769,726.8691196,1.945174082,0.243024538,1.75,3.75,Qs,11
37,258.087308,419.3244845,1.826530742,0.468844513,3.75,5.75,Qs,11
37,303.910537,366.7273818,1.75077295,0.691432764,5.75,7.75,Qs,11
37,293.329204,345.5209487,1.863400092,0.913178064,7.75,9.75,Qs,11
37,319.2738743,360.8352232,1.805383001,1.142861058,9.75,11.75,Qs,11
37,293.9745752,486.1608238,2.237562102,1.341660634,11.75,13.3,Qs,11
38,212.9591606,750.0861751,1.971459226,0.267523192,1.75,3.75,Qs,11
38,330.8185144,345.5247145,1.799670894,0.487390177,3.75,5.75,Qs,11
38,283.4615727,305.3259963,1.719331908,0.707271773,5.75,7.75,Qs,11
38,279.7854805,293.5006844,1.757854034,0.925524581,7.75,9.75,Qs,11
38,272.6104166,324.7017854,1.790977158,1.148414806,9.75,11.75,Qs,11
38,297.3095255,305.1206824,2.037039588,1.359372849,11.75,13.75,Qs,11
38,309.117199,310.5676749,1.838404432,1.580050536,13.75,15.75,Qs,11
38,310.1818721,353.7598981,1.883438259,1.76477483,15.75,17,Qs,11
39,163.9496999,119.3816952,1.831892676,0.422708422,1.75,3.75,af/Qi,6
39,162.6830202,165.3296418,1.96978416,0.583901665,3.75,5.75,af/Qi,6
39,280.1966648,219.2043579,1.726665335,0.764533903,5.75,7.75,af/Qi,6
39,251.4819422,323.0936819,1.798798124,0.971962179,7.75,9.75,af/Qi,6
39,314.6272014,298.1644115,1.951713244,1.189623818,9.75,11.75,af/Qi,6
39,330.1535195,288.3473839,1.90033256,1.406833318,11.75,13.75,af/Qi,6
39,295.2108207,217.2647099,2.207312481,1.616679043,13.75,15.75,af/Qi,6
40,185.1307248,205.3444569,1.691842381,0.34613364,1.75,3.75,af/Qi,6
40,225.4894479,266.7151039,1.62184818,0.530102834,3.75,5.75,af/Qi,6
40,188.3137801,238.3276221,1.687014954,0.733501431,5.75,7.75,af/Qi,6
40,215.7693153,241.7179488,1.76657964,0.941572751,7.75,9.75,af/Qi,6
40,275.0302113,207.7628236,2.180177745,1.139731745,9.75,11.75,af/Qi,6
40,293.8664658,274.7503177,1.910022884,1.347743119,11.75,13.75,af/Qi,6
40,294.32334,315.6070312,1.837244674,1.56999816,13.75,15.75,af/Qi,6
40,266.0448406,220.1703881,1.913145292,1.799031618,15.75,17.75,af/Qi,6
40,262.0035229,105.1046533,2.885326981,1.99742836,17.75,19.75,af/Qi,6
40,310.9418359,87.83853844,2.944982085,2.181903653,19.75,21.75,af/Qi,6
40,293.7129778,81.90999815,2.897574003,2.359598448,21.75,23.75,af/Qi,6
41,116.146481,135.1630203,2.024349857,0.321076339,1.75,3.75,af/Qi,6
41,167.3850263,165.1664287,1.844429999,0.484435693,3.75,5.75,af/Qi,6
41,128.0805148,81.10450794,2.494923822,0.613628667,5.75,7.75,af/Qi,6
41,181.3895564,163.2543087,2.143944504,0.753308391,7.75,9.75,af/Qi,6
41,145.0269334,102.1334322,2.530803724,0.915536089,9.75,11.75,af/Qi,6
41,148.9434614,71.08210803,2.827054773,1.036085746,11.75,13.75,af/Qi,6
41,120.1764179,37.57855512,3.018892286,1.153417498,13.75,15.75,af/Qi,6
41,170.9904902,132.8720413,2.368558291,1.295264105,15.75,17.75,af/Qi,6
41,369.7707632,188.6768829,1.807061858,1.48248599,17.75,19.75,af/Qi,6
41,232.8708653,149.0278772,2.153493444,1.675794357,19.75,21.75,af/Qi,6
41,274.5035827,137.684969,2.585504273,1.855933653,21.75,23.75,af/Qi,6
41,267.2845754,92.00428774,2.889330385,2.026658184,23.75,25.75,af/Qi,6
41,219.0736789,111.6718284,2.860878794,2.196141844,25.75,27.75,af/Qi,6
41,235.8968673,66.30296233,3.020321047,2.368414413,27.75,29.75,af/Qi,6
42,79.43515567,56.52757521,3.167260655,0.292926357,1.75,3.75,af/Qi,6
42,196.8476162,220.8755287,2.220230597,0.424420951,3.75,5.75,af/Qi,6
42,211.7864383,266.5954216,2.248714971,0.573993483,5.75,7.75,af/Qi,6
42,289.4685314,565.5795057,2.160731003,0.768913663,7.75,9.75,af/Qi,6
42,366.9586341,527.5491204,2.184333635,0.99388519,9.75,11.75,af/Qi,6
42,324.2188045,288.9385577,1.988953958,1.199648753,11.75,13.75,af/Qi,6
42,186.4951414,76.18041006,3.056474626,1.387550148,13.75,15.75,af/Qi,6
43,215.2188434,422.7474574,2.000144449,0.254374101,1.75,3.75,Qal1,7
43,233.4433449,339.5446439,1.730792797,0.461622397,3.75,5.75,Qal1,7
43,233.5541795,263.5129031,1.743340725,0.675753699,5.75,7.75,Qal1,7
43,210.5321573,283.0835189,1.85412188,0.884662927,7.75,9.75,Qal1,7
43,330.4521363,307.6166067,2.194973836,1.091380554,9.75,11.75,Qal1,7
43,286.4608343,426.1652499,2.064684733,1.303871668,11.75,13.75,Qal1,7
43,328.9268281,285.1120781,1.836843046,1.459411641,13.75,14.5,Qal1,7
44,149.9621959,184.6583828,1.705013013,0.357913108,1.75,3.75,af/Qi,6
44,138.3635878,165.5834626,1.939608843,0.533647096,3.75,5.75,af/Qi,6
44,159.5550395,103.7645463,2.500527326,0.655355269,5.75,6.75,af/Qi,6
44,111.6615641,36.9104608,3.320979508,0.713500683,6.75,7.75,af/Qi,6
44,120.7158926,59.90888868,3.165925323,0.790707162,7.75,9.75,af/Qi,6
44,190.6216119,110.0676035,2.884372994,0.915507816,9.75,11.75,af/Qi,6
44,316.9979008,280.3053479,2.316506914,1.072949831,11.75,13.75,af/Qi,6
44,376.4960001,299.8561044,2.499473149,1.2473924,13.75,15.75,af/Qi,6
44,327.2208566,534.5490934,2.507395848,1.379092543,15.75,16.25,af/Qi,6
45,111.9841138,91.55476568,2.646399097,0.360234501,1.75,3.75,af/Qi,6
45,104.1034376,98.07332767,2.778252491,0.428368703,3.75,5.75,af/Qi,6
45,187.2812324,145.4707439,1.777753173,0.569876782,5.75,7.75,af/Qi,6
45,236.3237889,157.8270353,2.323758156,0.719615234,7.75,9.75,af/Qi,6
45,329.9486833,149.8861392,2.524348705,0.869768822,9.75,11.75,af/Qi,6
45,211.356374,140.5744014,2.737390255,1.031918686,11.75,13.75,af/Qi,6
45,189.6037969,116.3425148,2.725242305,1.194814141,13.75,15.75,af/Qi,6
45,272.974939,124.1271499,2.699490207,1.359034057,15.75,17.75,af/Qi,6
45,283.267589,185.0983406,2.452645606,1.532163954,17.75,19.75,af/Qi,6
45,258.2258627,83.72600313,2.766475646,1.696101775,19.75,21.75,af/Qi,6
46,255.0211803,529.4050072,1.928338157,0.274053955,1.75,3.75,Qs,11
46,308.6356956,322.5039966,1.763673128,0.485384037,3.75,5.75,Qs,11
46,271.2719016,354.7842262,1.649297813,0.703393332,5.75,7.75,Qs,11
46,272.8832194,226.1845013,1.818279029,0.91625047,7.75,9.75,Qs,11
46,249.3801236,253.0823376,1.957021093,1.118155968,9.75,11.75,Qs,11
46,318.1960512,470.5026927,2.253592278,1.300987594,11.75,13.3,Qs,11
47,94.78557286,100.6942409,3.565853429,0.424015478,1.75,3.75,af/Qi,6
47,112.1473671,5.437567913,5.408999244,0.521138184,3.75,5.75,af/Qi,6
47,235.1442593,10.38924687,5.163788295,0.607197783,5.75,7.75,af/Qi,6
47,353.1173909,133.0361973,2.704375773,0.72818731,7.75,9.75,af/Qi,6
47,273.0103581,206.6124036,2.389729521,0.906635837,9.75,11.75,af/Qi,6
47,223.1024426,67.10523743,3.055278522,1.064195665,11.75,13.75,af/Qi,6
47,248.3442937,169.5280344,2.692958292,1.225514458,13.75,15.75,af/Qi,6
47,236.0218039,114.854777,2.737149408,1.40219191,15.75,17.75,af/Qi,6
47,249.4131481,86.10472426,2.923073636,1.570451285,17.75,19.75,af/Qi,6
47,287.5255386,114.0908302,2.889126739,1.742984173,19.75,21.75,af/Qi,6
47,206.6064374,69.01235397,3.008960817,1.920946047,21.75,23.75,af/Qi,6
47,217.8893967,55.28788349,3.002841313,2.085426014,23.75,25.75,af/Qi,6
47,326.250383,369.0465424,2.623766205,2.191703969,25.75,26.25,af/Qi,6
48,123.3446176,126.4889513,2.506847083,0.429692249,1.75,3.75,af/Qi,6
48,173.1634422,117.9716753,2.88980229,0.567319446,3.75,5.75,af/Qi,6
48,115.272935,84.28872385,2.696751979,0.697793771,5.75,7.75,af/Qi,6
48,183.307335,102.220147,2.5758639,0.825121919,7.75,9.75,af/Qi,6
48,226.8638892,161.2496052,2.625489997,0.984994955,9.75,11.75,af/Qi,6
48,189.662227,117.7166669,2.698555149,1.139206033,11.75,13.75,af/Qi,6
48,250.3906753,162.2438438,2.573337459,1.31294437,13.75,15.75,af/Qi,6
48,189.6949252,105.5102783,2.830224024,1.487987916,15.75,17.75,af/Qi,6
48,276.9154778,105.4659336,2.809674165,1.65868255,17.75,19.75,af/Qi,6
48,202.9516777,69.35331384,2.910824827,1.834889671,19.75,21.75,af/Qi,6
48,288.4141705,183.3775359,2.645601594,2.002130298,21.75,23.75,af/Qi,6
48,235.0036528,143.323212,2.743150474,2.191072249,23.75,25.75,af/Qi,6
48,269.9167613,228.8436222,2.695875097,2.3558424,25.75,27.25,af/Qi,6
49,79.0180535,99.12819756,2.538776519,0.327780064,1.75,3.75,af/Qi,6
49,159.0955022,139.7341062,2.519749715,0.452544742,3.75,5.75,af/Qi,6
49,277.4986755,346.1994822,2.152804295,0.616750435,5.75,7.75,af/Qi,6
49,247.1242791,209.6232225,2.437058573,0.800257653,7.75,9.75,af/Qi,6
49,228.8253271,140.1834641,2.720979183,0.975718489,9.75,11.75,af/Qi,6
49,215.1740024,107.6794221,2.765559429,1.131728256,11.75,13.75,af/Qi,6
49,273.7546797,158.3373126,2.557258598,1.297825537,13.75,15.75,af/Qi,6
49,250.1596522,120.2869215,2.794612786,1.474105515,15.75,17.75,af/Qi,6
49,273.2309028,180.6450084,2.39866699,1.67184212,17.75,19.75,af/Qi,6
49,239.5049394,172.3642349,2.737078379,1.848668469,19.75,21.95,af/Qi,6
49,240.6303331,137.627011,2.811275573,2.038702868,21.95,23.75,af/Qi,6
49,294.9534737,89.94185048,2.932817433,2.206010411,23.75,25.75,af/Qi,6
49,208.1811607,99.57448416,2.826560607,2.385581164,25.75,27.75,af/Qi,6
49,216.0701186,84.50602554,2.893157202,2.569613699,27.75,29.75,af/Qi,6
50,142.8124123,122.4339946,2.414317448,0.374626719,1.75,3.75,af/Qi,6
50,177.2650271,146.9754554,2.072073456,0.516156625,3.75,5.75,af/Qi,6
50,119.1693608,73.20151209,2.726140318,0.663894898,5.75,7.75,af/Qi,6
50,232.0430411,174.9707236,2.787094527,0.803082763,7.75,9.75,af/Qi,6
50,214.0489143,256.1877345,2.439524598,0.981272121,9.75,11.75,af/Qi,6
50,226.5023149,192.6081278,2.690783961,1.160175187,11.75,13.75,af/Qi,6
50,334.4089409,123.6359679,2.831449404,1.339395332,13.75,15.75,af/Qi,6
50,308.7254774,218.8059655,2.336518639,1.521951966,15.75,17.75,af/Qi,6
50,261.7931422,180.229664,2.76961126,1.707496781,17.75,19.75,af/Qi,6
50,369.7964042,201.2465242,2.73533846,1.916019525,19.75,21.95,af/Qi,6
50,406.0713363,186.1268986,2.680411385,2.116451479,21.95,23.75,af/Qi,6
51,82.54512171,128.6536313,2.503999963,0.291953694,1.75,3.75,af/Qi,6
51,196.196862,235.1298095,2.609509484,0.435553161,3.75,5.75,af/Qi,6
51,175.1010641,161.7461652,2.737141771,0.600429506,5.75,7.75,af/Qi,6
51,185.4838814,176.7309391,2.509776661,0.764752262,7.75,9.75,af/Qi,6
51,258.0579285,202.6985366,2.724988888,0.943535449,9.75,11.75,af/Qi,6
51,257.3459359,306.0766186,2.043650177,1.150983233,11.75,13.75,af/Qi,6
51,203.4260449,118.7285277,2.83773868,1.33465732,13.75,15.75,af/Qi,6
51,285.7902125,195.3728153,2.710828867,1.517658744,15.75,17.75,af/Qi,6
51,326.678211,213.1282401,2.661734639,1.715600956,17.75,19.75,af/Qi,6
51,263.6597204,170.2990279,2.734551425,1.899628767,19.75,21.75,af/Qi,6
51,258.6553095,125.5561198,2.802734613,2.086765291,21.75,23.75,af/Qi,6
51,311.6190207,126.1997002,2.816396739,2.299891885,23.75,26.45,af/Qi,6
52,112.7179918,143.6915622,2.707101551,0.27653521,1.75,3.75,af/Qi,6
52,189.7773207,232.3902731,2.588387149,0.42468866,3.75,5.75,af/Qi,6
52,168.2027945,171.5687748,2.707501245,0.581427825,5.75,7.75,af/Qi,6
52,171.5195452,155.4103423,2.71980669,0.744589671,7.75,9.75,af/Qi,6
52,247.7764121,222.8364959,2.682439952,0.91273845,9.75,11.75,af/Qi,6
52,211.6588093,200.7379618,2.620962423,1.101415304,11.75,13.75,af/Qi,6
52,209.7646098,92.03801142,2.936047498,1.27549211,13.75,15.75,af/Qi,6
52,286.9589784,209.8480227,2.77210003,1.446519571,15.75,17.75,af/Qi,6
52,300.6353118,212.7690571,2.539940616,1.653126357,17.75,19.75,af/Qi,6
52,317.0697851,222.6995113,2.444368764,1.852588916,19.75,21.75,af/Qi,6
52,245.0270817,83.54455343,2.901568047,2.03740175,21.75,23.75,af/Qi,6
52,208.7885292,135.6089181,2.721310601,2.224151718,23.75,25.75,af/Qi,6
52,269.9155503,202.6069925,2.855019245,2.337670134,25.75,26.25,af/Qi,6
53,204.2838602,400.2648441,1.607135983,0.45027858,1.75,3.75,af/Qi,6
53,236.1930276,182.2802292,2.515355738,0.648868352,3.75,5.75,af/Qi,6
53,194.3350132,135.8259172,2.833370851,0.812313596,5.75,7.75,af/Qi,6
53,225.5171083,138.1834421,2.773863814,0.976778685,7.75,9.75,af/Qi,6
53,219.8151557,264.0059291,2.255064241,1.156699985,9.75,11.75,af/Qi,6
53,311.9850793,211.7220599,2.549695056,1.340546013,11.75,13.75,af/Qi,6
53,300.4056094,109.7351094,2.855669816,1.527220655,13.75,15.75,af/Qi,6
53,381.6748006,213.1401175,2.73282208,2.058173533,15.75,24.55,af/Qi,6
54,97.27244204,184.9235711,2.610950894,0.325139564,1.75,3.75,af/Qi,6
54,90.86369469,224.3139675,2.644502219,0.475776156,3.75,5.75,af/Qi,6
54,266.8360415,285.3175169,2.420163581,0.655232336,5.75,7.75,af/Qi,6
54,310.5139825,315.7566994,1.862242252,0.839151059,7.75,9.75,af/Qi,6
54,201.1360523,158.1532044,2.699496041,1.023817991,9.75,11.75,af/Qi,6
54,273.7568756,155.5242691,2.740914405,1.197149172,11.75,13.75,af/Qi,6
54,315.4485676,97.91366955,2.938549197,1.367916946,13.75,15.75,af/Qi,6
54,418.3025165,491.9179949,2.438064335,1.563983864,15.75,17.75,af/Qi,6
54,377.9063713,144.057042,2.727748112,1.768709953,17.75,19.75,af/Qi,6
55,123.868829,136.3712012,2.164928342,0.424153682,1.75,3.75,af/Qi,6
55,100.8043688,36.10738284,4.369102504,0.544563261,3.75,5.75,af/Qi,6
55,112.8193666,68.51146076,3.061075149,0.637970238,5.75,7.75,af/Qi,6
55,171.3562312,111.4280655,2.835922129,0.77846718,7.75,9.75,af/Qi,6
55,268.0962305,186.9623595,2.691192485,0.944090321,9.75,11.75,af/Qi,6
55,211.8155621,176.7770748,2.65194979,1.125538023,11.75,13.75,af/Qi,6
55,255.932507,223.9865327,2.671387033,1.268202737,13.75,14.8,af/Qi,6
56,94.37734349,112.2529144,2.55821836,0.313042899,1.75,3.75,Qal2,8
56,113.59292,126.9789211,1.958347534,0.451902295,3.75,5.75,Qal2,8
56,340.0052771,167.6342809,2.00103695,0.62982545,5.75,7.75,Qal2,8
56,176.0828468,155.5521327,2.758694073,0.794663195,7.75,9.75,Qal2,8
56,327.5260983,169.7224599,2.505914386,0.960607669,9.75,11.75,Qal2,8
56,223.0393546,154.3273065,2.760768449,1.137428792,11.75,13.75,Qal2,8
56,286.2408627,117.3089979,2.769631079,1.311324663,13.75,15.75,Qal2,8
56,248.5974451,174.2837006,2.423264338,1.480374856,15.75,17.75,Qal2,8
56,284.0740609,126.4262539,2.719245032,1.661251305,17.75,19.75,Qal2,8
56,300.9210128,250.6395111,2.577631294,1.844214886,19.75,21.75,Qal2,8
57,254.168141,307.3838926,2.15257616,0.413989979,1.75,3.75,af/Qi,6
57,164.4957696,167.9768558,2.436881648,0.57657048,3.75,5.75,af/Qi,6
57,204.4565726,250.0168114,2.282102725,0.738716514,5.75,7.75,af/Qi,6
57,178.1917839,202.725149,2.424205385,0.922247339,7.75,9.75,af/Qi,6
57,198.3683069,97.35332276,2.807827137,1.081803861,9.75,11.75,af/Qi,6
57,294.5992073,213.9629609,2.60755232,1.251171446,11.75,13.75,af/Qi,6
57,243.1814824,115.2167851,2.663766882,1.433168463,13.75,15.75,af/Qi,6
57,232.3491525,82.31764463,2.909822251,1.601174442,15.75,17.75,af/Qi,6
57,306.9073051,151.2665648,2.739859109,1.7728077,17.75,19.75,af/Qi,6
57,208.1225252,91.9094797,2.876578773,1.950935054,19.75,21.75,af/Qi,6
57,256.4168903,145.3830517,2.823008497,2.129546787,21.75,23.75,af/Qi,6
57,240.1616241,103.2915325,2.787928135,2.320649425,23.75,25.75,af/Qi,6
58,263.5880754,602.0275037,2.245333151,0.23323167,1.75,3.75,Qoa,10
58,662.8287725,1048.239075,2.008021675,0.404246409,3.75,4.9,Qoa,10
59,355.8408816,754.0289652,2.209230154,0.257846332,1.75,3.75,Qoa,10
59,376.3391144,699.725431,2.082286096,0.473740735,3.75,5.75,Qoa,10
59,373.1050191,625.0569546,2.312080389,0.689048379,5.75,7.75,Qoa,10
59,354.1209633,329.321978,2.435274949,0.893883712,7.75,9.75,Qoa,10
59,413.6716984,536.3899061,2.253610056,1.074855074,9.75,11.3,Qoa,10
60,222.5522083,315.315564,2.478481318,0.443648168,1.75,3.75,Qal2,8
60,398.3152269,322.7974167,2.293013961,0.628383478,3.75,5.75,Qal2,8
60,242.9453825,431.8126328,2.188029376,0.819470322,5.75,7.75,Qal2,8
60,277.9507322,237.344748,2.538809657,1.02247104,7.75,9.75,Qal2,8
60,390.3825374,368.4443165,2.492036063,1.220330733,9.75,11.75,Qal2,8
60,404.1414722,317.9809817,2.631373237,1.424703745,11.75,13.75,Qal2,8
60,300.0013008,270.0281905,2.621163621,1.636519764,13.75,15.75,Qal2,8
60,332.5677442,118.3476969,2.830811373,1.822103214,15.75,17.75,Qal2,8
60,325.4784708,185.4894212,2.723236188,1.943209117,17.75,18.35,Qal2,8
61,362.4362435,735.8730189,2.089149007,0.269246438,1.75,3.75,Qoa,10
61,553.9726571,848.2804344,1.842583862,0.48249558,3.75,5.55,Qoa,10
62,241.4252961,494.2797104,2.323745531,0.335155474,1.75,5.75,Qoa,10
62,313.532551,283.6848472,2.435456631,0.591134061,5.75,7.75,Qoa,10
62,428.4275094,340.5277172,2.265750868,0.782294478,7.75,9.75,Qoa,10
62,317.2338959,309.4862704,2.522326058,0.97554966,9.75,11.75,Qoa,10
62,448.5741075,297.0037356,2.539147134,1.17543948,11.75,13.75,Qoa,10
62,340.6621887,223.8266459,2.667362812,1.343055298,13.75,15.25,Qoa,10
63,298.759292,670.4086011,2.282405085,0.522551958,1.75,3.75,Qal2,8
63,326.2965701,427.5133049,2.210499504,0.790825904,3.75,5.75,Qal2,8
63,299.5214187,223.5979707,2.632586399,0.985548198,5.75,7.75,Qal2,8
63,300.053937,217.2236329,2.618609812,1.166506495,7.75,9.75,Qal2,8
63,389.4538311,199.9059732,2.506604462,1.351624762,9.75,11.75,Qal2,8
63,317.9342487,113.8976095,2.849595711,1.526200283,11.75,13.75,Qal2,8
63,329.7217955,309.0734889,2.610483991,1.714907664,13.75,15.75,Qal2,8
63,315.8759048,133.2464922,2.756365241,1.914812742,15.75,17.75,Qal2,8
63,289.9366732,157.3924112,2.812393223,2.029281136,17.75,18.2,Qal2,8
64,244.0321773,360.2460718,2.266400453,0.490759183,1.75,3.75,Qal3,9
64,244.2718167,326.068106,2.207731948,0.698996593,3.75,5.75,Qal3,9
64,443.2349595,435.8523865,2.259319905,0.890674462,5.75,7.75,Qal3,9
64,342.7316902,368.06395,2.426918156,1.101067624,7.75,9.75,Qal3,9
64,344.5514319,322.011288,2.341669607,1.311403876,9.75,11.75,Qal3,9
64,432.2779137,343.9006387,2.522504881,1.504196554,11.75,13.75,Qal3,9
64,359.9217528,313.2193398,2.498839611,1.71988657,13.75,15.75,Qal3,9
65,203.2883948,234.1361573,2.599704617,0.505547714,1.75,3.75,Qal2,8
65,239.2976939,235.3486377,2.620380167,0.749929228,3.75,5.75,Qal2,8
65,338.8146581,161.4638252,2.591527625,0.916339055,5.75,7.75,Qal2,8
65,238.8939703,196.5493692,2.690742826,1.089329069,7.75,9.75,Qal2,8
65,293.2850943,194.1522564,2.580116849,1.265778387,9.75,11.6,Qal2,8
65,239.0076031,113.0857009,2.859196649,1.455811876,11.6,13.75,Qal2,8
65,358.848067,283.5406307,2.503402635,1.642635721,13.75,15.75,Qal2,8
65,359.2499077,199.2131103,2.596829953,1.827306571,15.75,17.75,Qal2,8
65,325.8257124,137.0815646,2.676645565,1.961665578,17.75,18.55,Qal2,8
66,407.9297025,653.3675714,2.22106056,0.453712313,1.75,3.75,Qal2,8
66,264.3471162,292.2148742,2.228915201,0.660265659,3.75,5.75,Qal2,8
66,341.7110308,136.2229004,2.513723818,0.820293072,5.75,7.75,Qal2,8
66,199.7939579,154.6521765,2.564818105,0.976502636,7.75,9.75,Qal2,8
66,405.0639975,275.594992,2.669008349,1.165168777,9.75,11.75,Qal2,8
66,467.6657119,318.3703896,2.541678514,1.362375207,11.75,13.75,Qal2,8
66,339.8340358,303.5477662,2.55112401,1.575693643,13.75,15.75,Qal2,8
66,269.2080613,100.6240469,2.888503658,1.753686094,15.75,17.75,Qal2,8
66,326.2987733,184.6300415,2.713670214,1.943889869,17.75,19.75,Qal2,8
66,442.58909,194.7457767,2.813918435,2.090353343,19.75,20.85,Qal2,8
67,344.0736891,631.5188062,2.20147449,0.543844387,1.75,3.75,Qal2,8
67,257.02048,310.2294444,2.582744766,0.798010701,3.75,5.75,Qal2,8
67,441.6528173,397.0537387,2.359949829,1.001390729,5.75,7.75,Qal2,8
67,365.8504514,464.9717075,2.287098547,1.219764953,7.75,9.75,Qal2,8
67,508.2489119,476.365019,2.410036429,1.436110452,9.75,11.75,Qal2,8
67,285.5809162,180.037723,2.716001469,1.630649499,11.75,13.45,Qal2,8
68,287.704884,481.4009414,2.290879375,0.239581825,1.75,3.75,Qoa,10
68,309.3960255,339.4384854,2.482255931,0.411458473,3.75,5.75,Qoa,10
68,220.5935085,249.6075037,2.59384649,0.588467302,5.75,7.75,Qoa,10
68,209.8249614,194.6065669,2.631255817,0.763213386,7.75,9.75,Qoa,10
68,533.1710528,387.9521173,2.449073348,0.940059272,9.75,11.75,Qoa,10
68,389.9591132,573.6161374,2.425794677,1.152545211,11.75,13.75,Qoa,10
68,559.7108847,451.2607057,2.459270462,1.378280513,13.75,15.75,Qoa,10
68,240.6991901,111.9596447,2.736591816,1.569579004,15.75,17.75,Qoa,10
68,258.781956,108.1100604,2.762473616,1.729961369,17.75,19.75,Qoa,10
68,538.8814493,227.3513554,2.600195827,1.922049334,19.75,21.75,Qoa,10
70,364.0857869,586.0488917,2.141147,0.29493083,1.75,3.75,Qoa,10
70,539.9889184,810.9406894,2.104296397,0.517927138,3.75,5.75,Qoa,10
70,572.5957082,524.1372087,2.147364596,0.634504671,5.75,5.85,Qoa,10
71,171.9721975,209.9237004,2.575708529,0.487489607,1.75,3.75,Qal2,8
71,393.7761298,430.2117596,2.162583013,0.784625003,3.75,5.75,Qal2,8
71,303.6678758,267.8499599,2.592947877,0.97503154,5.75,7.75,Qal2,8
71,375.9753422,529.4661712,1.98655714,1.191140366,7.75,9.75,Qal2,8
71,390.9204179,675.4734297,2.072432984,1.345171819,9.75,10.35,Qal2,8
72,313.7841247,365.8239384,2.097395971,0.248551597,1.75,3.75,Qoa,10
72,294.7131807,423.5768837,2.377305268,0.425711089,3.75,5.75,Qoa,10
72,284.5871535,262.8201966,2.510645644,0.614390469,5.75,7.75,Qoa,10
72,314.9759444,333.1471044,2.396418082,0.800713054,7.75,9.75,Qoa,10
72,390.145722,399.0062917,2.25681771,1.000012737,9.75,11.75,Qoa,10
72,376.4872267,385.4693084,2.406234933,1.144797727,11.75,12.45,Qoa,10
73,354.4127202,592.0326067,2.076223894,0.276781308,1.75,3.75,Qoa,10
73,201.4140033,115.9286819,2.579928502,0.450064442,3.75,5.75,Qoa,10
73,384.3125577,303.2430982,2.404881537,0.593554896,5.75,7.75,Qoa,10
73,307.7653221,266.5187242,2.497970605,0.778831182,7.75,9.75,Qoa,10
73,531.7417325,384.312127,2.34094642,0.979306161,9.75,11.75,Qoa,10
73,463.0193574,317.9095246,2.62585271,1.157873644,11.75,13.25,Qoa,10
74,316.9823059,418.3009042,2.368029767,0.464537439,1.75,3.75,Qal2,8
74,325.6110599,349.272519,2.497464464,0.670074205,3.75,5.75,Qal2,8
74,259.9631805,198.7287202,2.657564276,0.852406833,5.75,7.75,Qal2,8
74,299.8242571,228.4930843,2.577461926,1.03218248,7.75,9.75,Qal2,8
74,389.2455294,220.7626579,2.522959276,1.222027777,9.75,11.75,Qal2,8
74,377.7227925,92.1376498,2.931511499,1.392295227,11.75,13.75,Qal2,8
74,227.2983778,142.8825545,2.775223245,1.555654659,13.75,15.45,Qal2,8
75,414.3232633,412.2159199,1.724129676,0.537267913,1.75,3.75,Qal2,8
75,367.1828764,319.14991,1.858449258,0.854399159,3.75,5.75,Qal2,8
75,324.5391275,204.5339938,2.62609172,1.039755279,5.75,7.75,Qal2,8
75,418.829807,214.9410875,2.458554581,1.213445956,7.75,9.75,Qal2,8
75,261.2311043,306.8597382,2.491739072,1.513789259,9.75,13.75,Qal2,8
75,269.8267487,174.4089636,2.548308854,1.78569204,13.75,15.75,Qal2,8
75,369.4769924,232.842472,2.392731031,1.985722064,15.75,17.75,Qal2,8
75,352.1260169,105.572658,2.78863163,2.175702092,17.75,19.75,Qal2,8
75,332.9127867,86.94239353,2.822200918,2.342219461,19.75,21.55,Qal2,8
76,293.4871371,866.7694876,2.390771872,0.275447515,1.75,3.75,Qal3,9
76,194.4162053,395.3476257,2.316006268,0.480505168,3.75,5.75,Qal3,9
76,219.493351,171.0661844,2.616407114,0.654727501,5.75,7.75,Qal3,9
77,124.4597091,278.8695041,2.226820374,0.429252584,1.75,3.75,af/Qi,6
77,154.6963102,263.5453217,2.376545582,0.604743686,3.75,5.75,af/Qi,6
77,206.5499098,183.9461612,2.512349969,0.770372886,5.75,7.75,af/Qi,6
77,109.1280831,52.06562506,2.948250547,0.909817726,7.75,9.75,af/Qi,6
77,119.2509828,56.78240906,3.034331705,1.024890121,9.75,11.75,af/Qi,6
78,216.9774025,392.0225426,2.175260108,0.455902316,1.75,3.75,af/Qi,6
78,233.7954886,216.7128989,2.109654752,0.629667271,3.75,5.75,af/Qi,6
79,128.9858027,205.5195139,2.615080517,0.341384147,1.75,1.9,af/Qi,6
79,215.3158668,212.8147485,2.10260085,0.441259479,1.9,3.75,af/Qi,6
79,140.8086765,133.3419196,2.469689738,0.588473204,3.75,5.75,af/Qi,6
79,122.1752871,75.28667079,2.964057413,0.714699472,5.75,7.75,af/Qi,6
79,159.3984467,46.96241623,3.107254124,0.828700496,7.75,9.75,af/Qi,6
79,297.9381755,173.8763072,2.706297959,0.975872835,9.75,11.75,af/Qi,6
79,305.4737167,428.1227976,2.489465379,1.170093425,11.75,13.75,af/Qi,6
79,309.8858202,344.1759619,2.314415775,1.379566907,13.75,15.65,af/Qi,6
80,295.3060207,362.7580867,1.63466886,0.45848099,1.75,3.75,af/Qi,6
80,128.5106333,89.7488991,2.964992219,0.640631212,3.75,5.75,af/Qi,6
80,179.0702924,154.2394646,2.784991441,0.796408049,5.75,7.75,af/Qi,6
80,191.7621516,109.1038628,2.890128588,0.961098641,7.75,9.75,af/Qi,6
80,171.1345731,132.8094072,2.842570583,1.1320576,9.75,11.75,af/Qi,6
80,238.7318829,162.5522859,2.664039049,1.279659288,11.75,13.25,af/Qi,6
81,305.2018083,236.1005256,2.459869688,0.443047344,1.75,3.75,Qal2,8
81,317.3020887,252.9358723,2.538479524,0.621711139,3.75,5.75,Qal2,8
81,183.2257999,235.4453719,2.685839004,0.802908863,5.75,7.75,Qal2,8
81,234.7378998,215.2469808,2.608523979,0.96995086,7.75,9.75,Qal2,8
81,216.6534951,96.80229605,2.68344966,1.132133836,9.75,11.75,Qal2,8
81,289.8801423,142.2368648,2.674907852,1.291493387,11.75,13.75,Qal2,8
81,301.1302096,143.3885595,2.722706175,1.462910399,13.75,15.75,Qal2,8
81,230.8674241,190.0055082,2.615218237,1.653916182,15.75,17.75,Qal2,8
81,332.5594326,129.2370832,2.850476197,1.838901232,17.75,19.75,Qal2,8
81,388.6998019,160.6224159,2.773811587,2.017684997,19.75,21.55,Qal2,8
82,413.6945361,472.4042445,2.349199673,0.485503095,1.75,3.75,Qal2,8
82,167.9179661,132.4378328,2.724127975,0.660852811,3.75,5.75,Qal2,8
82,234.0169671,162.9475128,2.730335358,0.815322883,5.75,7.75,Qal2,8
82,218.1882243,126.5820722,2.833611451,0.989186535,7.75,9.8,Qal2,8
82,201.9059669,120.7318435,2.819692158,1.15512704,9.8,11.75,Qal2,8
82,244.8985125,90.10219975,2.894532404,1.314574175,11.75,13.75,Qal2,8
82,372.8121301,287.3279086,2.608871643,1.507681249,13.75,15.9,Qal2,8
83,234.3615586,308.114424,2.179420176,0.37721688,1.75,3.75,Qal2,8
83,292.6265443,322.5439639,2.33710754,0.542340936,3.75,5.75,Qal2,8
83,277.2744502,230.2302687,2.506601421,0.715452438,5.75,7.75,Qal2,8
83,259.7127398,223.7634647,2.545714939,0.891629765,7.75,9.75,Qal2,8
83,293.8230551,189.0834833,2.565459511,1.051128733,9.75,11.75,Qal2,8
83,316.1256652,173.6906405,2.449450314,1.229068178,11.75,13.75,Qal2,8
83,296.8103923,291.7983451,2.292798363,1.42991577,13.75,15.75,Qal2,8
83,320.660017,241.2041774,2.575611342,1.615570375,15.75,17.55,Qal2,8
84,308.7809112,242.006786,2.435356798,0.509899714,1.75,3.75,Qal2,8
84,263.5670329,237.2120352,2.595248164,0.707413722,3.75,5.75,Qal2,8
84,238.6702529,164.4225188,2.753354796,0.882378519,5.75,7.75,Qal2,8
84,431.9868445,305.2598684,2.018401008,1.07268228,7.75,9.75,Qal2,8
84,234.6928608,193.2905406,2.590318931,1.280423344,9.75,11.75,Qal2,8
84,255.7856649,202.2381419,2.659886704,1.454321502,11.75,13.75,Qal2,8
84,295.9945286,130.596105,2.678432916,1.64023106,13.75,15.75,Qal2,8
84,309.4333151,140.6742888,2.606872397,1.828555901,15.75,17.75,Qal2,8
84,287.3598109,81.16670592,2.800453139,1.997620776,17.75,19.75,Qal2,8
85,191.4606609,184.826033,2.399112772,0.448314988,1.75,3.75,af/Qi,6
85,161.5841126,168.2744649,2.311899915,0.61520194,3.75,5.75,af/Qi,6
85,380.5672383,335.1543833,2.040109781,0.804412358,5.75,7.75,af/Qi,6
85,604.4593837,408.6211541,2.166044728,0.996072013,7.75,9.75,af/Qi,6
85,576.1699336,377.4057361,1.70262565,1.183510835,9.75,10.95,af/Qi,6
86,265.4882289,353.2036416,2.013346853,0.237912921,1.75,3.75,Qal2,8
86,197.4490593,204.9579666,2.324979272,0.390928133,3.75,5.75,Qal2,8
86,275.6306603,396.6241327,2.303459227,0.55439148,5.75,7.75,Qal2,8
86,239.4182757,183.5516876,1.86208544,0.750628175,7.75,9.75,Qal2,8
86,219.7102518,169.7050581,2.652238489,0.915662741,9.75,11.75,Qal2,8
86,384.2892065,418.8356572,2.149267496,1.1235532,11.75,13.75,Qal2,8
86,256.7850358,205.4475315,2.13231204,1.336622868,13.75,15.75,Qal2,8
86,317.6250409,203.2820524,2.608649319,1.529675144,15.75,17.75,Qal2,8
86,309.9487529,175.5453973,2.699832034,1.710256834,17.75,19.75,Qal2,8
86,222.533834,84.50107299,2.885105128,1.890307941,19.75,21.75,Qal2,8
87,129.6420763,196.0111958,2.677146363,0.205925376,1.75,3.75,Qal1,7
87,210.9996988,471.819252,2.38156465,0.362905868,3.75,5.75,Qal1,7
87,214.6251337,277.8447804,2.549292706,0.558464913,5.75,7.75,Qal1,7
87,241.3359666,147.1995661,2.815260318,0.717491415,7.75,9.75,Qal1,7
87,289.4964618,328.5394321,2.032568113,0.910442431,9.75,11.75,Qal1,7
87,249.8295568,176.2131791,2.587943211,1.10169701,11.75,13.75,Qal1,7
87,334.4785579,114.0315,2.770128754,1.263906744,13.75,15.75,Qal1,7
87,204.5196695,113.9075469,2.729435576,1.461245628,15.75,18.55,Qal1,7
88,274.5852831,486.0560655,2.401517647,0.485866033,1.75,3.75,Qal2,8
88,341.9251946,213.5063406,2.517193084,0.681654483,3.75,5.75,Qal2,8
88,306.3406154,206.2614094,2.647441109,0.852933946,5.75,7.75,Qal2,8
88,337.072313,202.0977132,2.434385809,1.013400911,7.75,9.75,Qal2,8
88,325.0583598,324.4632407,2.422567517,1.205153545,9.75,11.75,Qal2,8
88,449.7334114,552.6262789,2.372177076,1.427539087,11.75,13.75,Qal2,8
88,269.0760916,164.723386,2.678222634,1.636869148,13.75,15.75,Qal2,8
88,308.0787867,125.6394019,2.770616515,1.813604931,15.75,17.75,Qal2,8
89,266.1113046,385.8018548,2.42164615,0.344237723,1.75,3.75,Qal2,8
89,235.5621725,233.6278283,2.476814722,0.513476189,3.75,5.75,Qal2,8
89,386.0178762,408.8421218,2.328840271,0.684974604,5.75,7.75,Qal2,8
89,224.9987832,151.6875392,2.675762079,0.875647988,7.75,9.75,Qal2,8
89,249.334891,283.483939,2.548622784,1.053401475,9.75,11.75,Qal2,8
89,282.6793332,178.5239879,2.728705467,1.246731705,11.75,13.75,Qal2,8
89,404.6340514,185.2101751,2.533152989,1.443442025,13.75,15.75,Qal2,8
90,206.7898654,202.8670402,2.526148208,0.427858651,1.75,3.75,Qal2,8
90,218.2700802,197.5942459,2.659261635,0.584174183,3.75,5.75,Qal2,8
90,329.7090954,260.2484317,2.609887285,0.760323311,5.75,7.75,Qal2,8
90,284.6198179,296.6509889,2.579488897,0.951733313,7.75,9.75,Qal2,8
90,349.5880848,182.3149735,2.626127483,1.138933511,9.75,11.75,Qal2,8
90,298.7423114,275.0199296,2.646645763,1.312197658,11.75,13.75,Qal2,8
90,302.1023688,396.8716624,2.589773337,1.442047858,13.75,14.25,Qal2,8
91,153.6079064,224.9686033,2.620024481,0.424999171,1.75,3.75,Qal2,8
91,274.5217832,267.1500607,2.525632465,0.593327151,3.75,5.75,Qal2,8
91,337.8490069,443.9044814,2.464455787,0.784485776,5.75,7.75,Qal2,8
91,284.0431164,303.7947901,2.418555338,0.98218233,7.75,9.75,Qal2,8
91,297.3935466,153.9857626,2.739286942,1.164832497,9.75,11.75,Qal2,8
91,291.1271692,189.4473118,2.642369508,1.346933506,11.75,13.75,Qal2,8
91,317.8353063,242.5316087,2.675668963,1.545823781,13.75,15.75,Qal2,8
91,332.2700976,289.4423135,2.646606691,1.669034738,15.75,16.15,Qal2,8
92,317.9389557,463.3632041,2.144427817,0.294383446,1.75,3.75,Qoa,10
92,287.8747069,336.5708948,2.101026117,0.475880761,3.75,5.75,Qoa,10
92,375.4187329,407.9055247,2.315159983,0.647499277,5.75,7.75,Qoa,10
92,333.6464465,431.4411074,2.202468473,0.867352669,7.75,9.75,Qoa,10
92,355.237297,368.2035618,2.587088699,1.059999359,9.75,11.75,Qoa,10
92,398.2232085,291.4902932,2.602741647,1.270231689,11.75,13.75,Qoa,10
92,276.5672816,172.7239658,2.710144231,1.466518219,13.75,15.75,Qoa,10
92,295.2032945,87.89193717,2.777249015,1.624983681,15.75,17.45,Qoa,10
93,222.8410545,348.4354739,2.119183106,0.245384295,1.75,3.75,Qoa,10
93,355.8633206,565.1534507,2.153141282,0.428873203,3.75,5.75,Qoa,10
93,385.3091695,386.489217,2.355165609,0.633772138,5.75,7.75,Qoa,10
93,360.5384698,337.3685425,2.463384041,0.826041256,7.75,9.75,Qoa,10
93,258.3322896,377.9860121,2.287865837,1.03019185,9.75,11.75,Qoa,10
93,298.967053,165.4184597,2.492765162,1.199870118,11.75,13.75,Qoa,10
93,232.8296277,105.654928,2.722278999,1.35617851,13.75,15.65,Qoa,10
94,318.714773,555.8736724,2.183626725,0.349023009,1.75,3.75,Qal2,8
94,432.125821,511.2187143,2.085514515,0.555434638,3.75,5.75,Qal2,8
94,460.9610391,321.1200226,2.213315621,0.74650239,5.75,7.75,Qal2,8
94,388.8979124,224.4876086,2.372117346,0.948648471,7.75,9.75,Qal2,8
94,336.4597583,275.62053,2.441456475,1.130552175,9.75,11.75,Qal2,8
94,328.5678672,178.3786196,2.688330252,1.309814222,11.75,13.75,Qal2,8
94,404.1161222,300.2164488,2.543285515,1.477674851,13.75,15.25,Qal2,8
95,275.6433474,528.0506756,2.00248118,0.207794656,1.75,3.75,Qal2,8
95,409.5964025,452.4833264,1.991573154,0.410225566,3.75,5.75,Qal2,8
95,397.5227475,279.3958416,2.180486487,0.607715895,5.75,7.75,Qal2,8
95,265.7773681,340.0334403,2.396646903,0.784391965,7.75,9.75,Qal2,8
95,353.5362308,381.2334036,2.460613721,0.971040112,9.75,11.75,Qal2,8
95,536.1872534,431.5156417,2.366290226,1.186736114,11.75,13.75,Qal2,8
95,430.5184155,250.9955436,2.528151042,1.31966609,13.75,14.55,Qal2,8
96,305.9306765,247.0978188,2.077566729,0.430184029,1.75,3.75,Qal2,8
96,228.6356538,260.2416389,2.415115781,0.598281116,3.75,5.75,Qal2,8
96,341.2556234,454.8374069,2.34451812,0.784439948,5.75,7.75,Qal2,8
96,209.1876716,162.881085,2.142849078,0.963962202,7.75,9.75,Qal2,8
96,337.4086469,151.8833907,2.173759176,1.109288981,9.75,11.75,Qal2,8
96,347.4769942,240.4188797,2.345240153,1.266591788,11.75,13.75,Qal2,8
96,404.7876298,319.9198615,2.476488289,1.432338089,13.75,15.25,Qal2,8
97,295.2625191,349.937451,2.275659411,0.390487146,1.75,3.75,Qal2,8
97,245.7241111,254.3086868,2.327366615,0.555872029,3.75,5.75,Qal2,8
97,398.3128951,339.4859385,2.366207897,0.725777547,5.75,7.75,Qal2,8
97,402.0998216,286.9323013,2.310538287,0.906537479,7.75,9.75,Qal2,8
97,438.1679906,315.4826951,2.416423042,1.101434548,9.75,11.75,Qal2,8
97,415.6133167,192.2409994,2.551784684,1.281987155,11.75,13.75,Qal2,8
97,276.2082862,191.4414373,2.556192292,1.458666239,13.75,15.75,Qal2,8
97,383.6213319,411.9840605,2.546139985,1.580272215,15.75,16.25,Qal2,8
99,134.9067007,246.7788853,1.959377303,0.2013543,1.75,2.75,Floodplain,2
99,143.7898704,174.0301788,2.089994458,0.269419337,2.75,3.75,Floodplain,2
99,171.2208729,208.0085082,2.117608,0.347865118,3.75,4.75,Floodplain,2
99,161.811967,254.9844396,1.878425421,0.425821507,4.75,5.75,Floodplain,2
99,160.3697301,220.2012333,2.049213462,0.515269789,5.75,6.75,Floodplain,2
99,206.9566933,247.5037248,1.642083304,0.611803655,6.75,7.75,Floodplain,2
99,234.1906865,278.647866,1.738868144,0.709441106,7.75,8.75,Floodplain,2
99,243.9558082,273.8874119,1.464546438,0.810510518,8.75,9.75,Floodplain,2
99,264.4089171,280.9196604,1.469501175,0.911606912,9.75,10.75,Floodplain,2
99,208.6854242,334.7536387,1.441080123,1.016858746,10.75,11.75,Floodplain,2
99,240.3723749,280.1089023,1.414232714,1.122515554,11.75,12.75,Floodplain,2
99,248.3439496,235.7248727,1.500308269,1.221766736,12.75,13.8,Floodplain,2
99,232.6626389,177.6872497,1.547822891,1.321712648,13.8,14.75,Floodplain,2
99,248.0375226,211.4932066,1.563487332,1.463591177,14.75,16.75,Floodplain,2
99,223.777307,148.6124481,1.555386777,1.607378169,16.75,17.75,Floodplain,2
99,260.8828779,109.4685307,1.615765754,1.740118438,17.75,19.75,Floodplain,2
99,245.9106576,90.18033029,1.963168447,1.862039974,19.75,20.75,Floodplain,2
99,255.3618872,121.3897077,2.065524472,1.942743653,20.75,21.75,Floodplain,2
99,241.2432795,152.5224547,1.633175209,2.041566271,21.75,22.75,Floodplain,2
99,327.2591928,194.4638988,1.503096572,2.140768573,22.75,23.75,Floodplain,2
99,266.3438851,166.0017562,1.594402987,2.238161548,23.75,24.75,Floodplain,2
100,131.0986963,236.3605081,1.902903599,0.163089936,1.75,2.75,Floodplain,2
100,141.6464692,165.0416861,2.25688565,0.236399061,2.75,3.75,Floodplain,2
100,116.6772795,135.4379784,2.557333221,0.295473583,3.75,4.75,Floodplain,2
100,122.7604807,165.6585979,2.057767372,0.356459308,4.75,5.75,Floodplain,2
100,169.6553865,201.0984233,2.211562343,0.428580777,5.75,6.75,Floodplain,2
100,194.1444504,313.1598274,1.388069621,0.524404685,6.75,7.75,Floodplain,2
100,217.7181872,246.6599073,1.43825816,0.6181478,7.75,8.75,Floodplain,2
100,313.9648087,240.5484831,1.825181456,0.708942686,8.75,9.75,Floodplain,2
100,161.3176874,321.0370631,1.497439968,0.804229637,9.75,10.75,Floodplain,2
100,275.984528,330.1203925,1.373667606,0.908056076,10.75,11.75,Floodplain,2
100,208.6262868,142.8808827,1.512920972,0.997945033,11.75,12.75,Floodplain,2
100,231.4459846,157.6823479,1.417797818,1.079963501,12.75,13.75,Floodplain,2
100,216.6058866,138.9282479,1.508408794,1.164427751,13.75,14.75,Floodplain,2
100,282.7705281,159.6830968,1.494971479,1.246608518,14.75,15.75,Floodplain,2
100,303.5427626,125.5675291,1.689661661,1.324098061,15.75,16.75,Floodplain,2
100,245.6307292,236.7525765,1.651963917,1.411077252,16.75,17.75,Floodplain,2
100,276.9770429,275.5089392,1.546764968,1.516369817,17.75,18.75,Floodplain,2
100,266.0330444,218.195509,1.605093827,1.624215783,18.75,19.75,Floodplain,2
100,304.0950701,166.1026482,1.565857197,1.72452512,19.75,20.75,Floodplain,2
100,345.0783795,220.3274397,1.43973526,1.823920909,20.75,21.75,Floodplain,2
100,284.3809638,203.1998846,1.888155383,1.911959656,21.75,22.75,Floodplain,2
100,561.5654755,181.3040943,1.855574296,1.976145793,22.75,23.5,Floodplain,2
101,170.9702104,180.283766,1.898588184,0.252581391,1.75,3.75,Floodplain,2
101,231.6818691,147.116455,2.079833846,0.383898474,3.75,5.75,Floodplain,2
101,132.6113014,196.6333534,1.990200487,0.539368201,5.75,7.75,Floodplain,2
101,185.7101531,166.2199853,2.499442291,0.694031327,7.75,9.75,Floodplain,2
101,251.6888066,321.5276217,2.096228244,0.884719178,9.75,11.75,Floodplain,2
101,205.7011435,274.8227758,2.426054576,1.073885663,11.75,13.75,Floodplain,2
101,305.6404991,262.0273085,2.260937977,1.202757529,13.75,14.3,Floodplain,2
102,217.2895633,124.1139892,1.904488718,0.21164397,1.75,3.75,Floodplain,2
102,152.6380848,99.57909549,1.846711093,0.358238338,3.75,5.75,Floodplain,2
102,132.0689833,306.798745,1.721827439,0.530918967,5.75,7.75,Floodplain,2
102,255.2576826,340.8573746,1.575575708,0.747108617,7.75,9.75,Floodplain,2
102,484.1587819,275.455456,2.301247488,0.947298721,9.75,11.75,Floodplain,2
103,180.5059261,174.4423735,1.843985888,0.206898348,1.75,3.75,Beach_Dune,1
103,178.882222,162.7440844,1.961183218,0.377456536,3.75,5.75,Beach_Dune,1
103,184.5644249,183.7656589,2.274332625,0.524065233,5.75,7.75,Beach_Dune,1
103,149.0255787,107.3616097,2.604720144,0.649936948,7.75,9.75,Beach_Dune,1
103,167.8002114,154.794795,2.296238539,0.768188386,9.75,11.75,Beach_Dune,1
103,514.6292168,273.1556296,1.448767805,0.928052254,11.75,13.75,Beach_Dune,1
103,44212.46144,236.1902969,2.548973373,1.076544638,13.75,15.75,Beach_Dune,1
103,590.7450757,128.4292088,1.921277086,1.207697133,15.75,17.75,Beach_Dune,1
103,455.4403138,110.4736645,2.463436929,1.330572203,17.75,19.25,Beach_Dune,1
104,397.2370904,221.4800759,1.690130736,0.212855719,1.75,3.75,Beach_Dune,1
104,236.5875277,144.0036788,1.835245732,0.396470186,3.75,6,Beach_Dune,1
104,208.0062369,175.1643036,1.792395458,0.574203553,6,7.75,Beach_Dune,1
104,143.5693434,133.1680574,2.333950589,0.727280438,7.75,9.75,Beach_Dune,1
104,179.812938,181.9478221,2.085105114,0.896326662,9.75,11.75,Beach_Dune,1
104,201.0439018,180.1364688,2.065337504,1.06257657,11.75,13.75,Beach_Dune,1
104,528.5906172,102.6014735,1.720801145,1.207903183,13.75,15.75,Beach_Dune,1
104,605.2327923,89.74294251,1.75368503,1.342287758,15.75,17.75,Beach_Dune,1
104,504.977903,97.61983935,2.59059428,1.502056231,17.75,20.25,Beach_Dune,1
105,234.5945385,206.9041632,1.802047724,0.221771209,1.75,3.75,Beach_Dune,1
105,197.3473833,161.0305634,1.717301029,0.399716191,3.75,5.75,Beach_Dune,1
105,193.5616031,150.7365906,1.919817628,0.572289244,5.75,7.75,Beach_Dune,1
105,168.7113199,131.4566931,2.144867806,0.718861384,7.75,9.75,Beach_Dune,1
105,205.6191408,143.9979494,1.944140183,0.885326147,9.75,11.75,Beach_Dune,1
105,182.3254478,80.69021558,2.732001515,1.035839394,11.75,13.75,Beach_Dune,1
105,763.5858966,86.49008719,1.621969784,1.173385082,13.75,15.75,Beach_Dune,1
105,604.9213994,102.1226174,1.95997681,1.28515379,15.75,17.75,Beach_Dune,1
105,483.5526156,121.2410225,2.344488994,1.396562987,17.75,19.95,Beach_Dune,1
106,346.0759988,187.4219347,2.076481278,0.208111322,1.75,3.75,Beach_Dune,1
106,461.8366113,193.4017511,1.951990742,0.375101201,3.75,5.75,Beach_Dune,1
106,205.2922169,123.3113613,3.399909116,0.587278965,5.75,9.75,Beach_Dune,1
106,165.9376332,152.7679748,2.340974085,0.75281902,9.75,11.75,Beach_Dune,1
106,265.5537809,271.3551752,2.132839745,0.936877127,11.75,13.75,Beach_Dune,1
106,280.3698804,134.9583371,2.269589754,1.116586659,13.75,15.75,Beach_Dune,1
106,553.5422889,100.3352292,1.992671261,1.259149695,15.75,17.75,Beach_Dune,1
106,482.6490466,135.7197926,2.146095048,1.425445533,17.75,20.25,Beach_Dune,1
107,341.9766997,245.123506,1.565518892,0.233996561,1.75,3.75,Beach_Dune,1
107,180.8593904,158.9930914,2.562980651,0.397646009,3.75,5.75,Beach_Dune,1
107,146.5522454,136.6666563,2.31656382,0.525945846,5.75,7.75,Beach_Dune,1
107,228.5005743,161.7174309,1.917063502,0.687621998,7.75,9.75,Beach_Dune,1
107,183.6806169,161.6738779,1.985877382,0.859561562,9.75,11.75,Beach_Dune,1
107,210.7035907,231.8306525,2.082553133,1.025606264,11.75,13.75,Beach_Dune,1
107,252.6274903,159.8281606,2.462177808,1.211814161,13.75,15.75,Beach_Dune,1
107,157.94737,52.9205385,3.094790233,1.367267901,15.75,17.75,Beach_Dune,1
107,163.4346827,49.73053772,3.008023311,1.526224716,17.75,20.05,Beach_Dune,1
108,294.9845628,176.332678,1.549355577,0.198699751,1.75,3.75,Beach_Dune,1
108,236.7824983,140.2089105,1.542582931,0.363014312,3.75,5.75,Beach_Dune,1
108,166.4442891,134.7081948,1.846793498,0.510564317,5.75,7.75,Beach_Dune,1
108,161.5229723,163.3221195,2.166911812,0.658626132,7.75,9.75,Beach_Dune,1
108,302.40446,277.4096713,1.965231125,0.826833361,9.75,11.75,Beach_Dune,1
108,378.8727881,106.5286662,2.095679339,0.958815909,11.75,13.75,Beach_Dune,1
108,397.8368184,137.0222045,2.188826292,1.0887712,13.75,15.75,Beach_Dune,1
108,432.8758586,152.1738144,2.285596832,1.226355298,15.75,17.75,Beach_Dune,1
108,481.2630361,128.9152416,2.237846333,1.368039156,17.75,19.75,Beach_Dune,1
109,246.8323013,207.5907329,2.012691717,0.21609229,1.75,3.75,Beach_Dune,1
109,222.3641314,233.3158649,1.914319877,0.396443289,3.75,5.75,Beach_Dune,1
109,259.925966,230.5998543,2.066362346,0.584119092,5.75,7.75,Beach_Dune,1
109,229.0186379,202.4494706,1.972302923,0.757850322,7.75,9.75,Beach_Dune,1
109,249.5782003,278.2995314,2.149329147,0.933636922,9.75,11.75,Beach_Dune,1
109,178.7065537,84.48808507,2.515256866,1.109528628,11.75,13.75,Beach_Dune,1
109,207.6724051,85.08513032,2.835222692,1.24204597,13.75,15.75,Beach_Dune,1
109,265.9775663,131.7301382,2.764325729,1.408233596,15.75,17.75,Beach_Dune,1
109,242.416484,88.74807972,2.768288644,1.584610527,17.75,19.95,Beach_Dune,1
110,372.8604984,134.7865115,1.668435177,0.21499071,1.75,3.75,Beach_Dune,1
110,200.3000754,117.4772393,2.224192852,0.365554938,3.75,5.75,Beach_Dune,1
110,160.0904627,123.9431066,1.738291087,0.516873344,5.75,7.75,Beach_Dune,1
110,192.8813127,129.0255303,1.984007054,0.665357765,7.75,9.75,Beach_Dune,1
110,295.2808766,177.2895901,2.227992907,0.815063508,9.75,11.75,Beach_Dune,1
110,391.4279791,297.4298261,2.052686663,0.945977791,11.75,13.75,Beach_Dune,1
110,423.9216009,118.6885614,2.679671358,1.10492176,13.75,15.75,Beach_Dune,1
110,411.5412644,100.5860991,2.743951379,1.260990139,15.75,17.75,Beach_Dune,1
110,395.2688345,117.145669,2.696507205,1.426527083,17.75,19.95,Beach_Dune,1
111,248.2728503,288.928608,1.836600778,0.245357013,1.75,3.75,Beach_Dune,1
111,222.8814101,237.4646655,1.920072627,0.445508837,3.75,5.75,Beach_Dune,1
111,189.3324107,226.8947609,1.986394004,0.642074013,5.75,7.75,Beach_Dune,1
111,178.1693747,272.5999823,2.111941364,0.828038942,7.75,9.75,Beach_Dune,1
111,214.0025966,224.5019299,1.991850667,1.021842745,9.75,11.75,Beach_Dune,1
111,196.4700811,209.5556545,1.996558955,1.221861688,11.75,13.75,Beach_Dune,1
111,170.369478,236.4968877,2.146928911,1.417571162,13.75,15.75,Beach_Dune,1
111,207.7068485,243.4487004,2.122594051,1.607151291,15.75,17.75,Beach_Dune,1
111,287.0107433,253.0431358,2.240901844,1.794627862,17.75,19.75,Beach_Dune,1
112,217.8845285,292.282629,1.678806996,0.241374058,1.75,3.75,Beach_Dune,1
112,189.9774497,257.6073493,1.71683704,0.440067646,3.75,5.75,Beach_Dune,1
112,185.1095945,255.7119284,1.623989897,0.6444487,5.75,7.75,Beach_Dune,1
112,192.746199,212.4547289,1.781846446,0.850657778,7.75,9.75,Beach_Dune,1
112,199.0978946,194.621041,1.793928082,1.058306266,9.75,11.75,Beach_Dune,1
112,214.502583,162.9037533,1.746241398,1.260645044,11.75,13.75,Beach_Dune,1
112,236.2247302,172.9101834,1.777373742,1.464853302,13.75,15.75,Beach_Dune,1
112,431.408987,186.1002742,1.810648228,1.669039555,15.75,17.75,Beach_Dune,1
112,389.3696585,213.7208865,2.076736678,1.875091557,17.75,19.95,Beach_Dune,1
113,253.0446367,171.5289866,2.067160777,0.211840411,1.75,3.75,Beach_Dune,1
113,261.5951468,243.8419438,1.946329338,0.374438005,3.75,5.75,Beach_Dune,1
113,160.2235543,166.0287916,2.21731352,0.541208906,5.75,7.75,Beach_Dune,1
113,171.058744,153.4988004,2.011073374,0.697245731,7.75,9.75,Beach_Dune,1
113,267.6404714,111.5187954,2.453489738,0.856896017,9.75,11.75,Beach_Dune,1
113,562.5098433,297.7763252,1.731359996,1.026762589,11.75,13.75,Beach_Dune,1
113,529.1024801,168.5911822,2.065186688,1.19378621,13.75,15.75,Beach_Dune,1
113,417.5664938,94.18878308,2.27574061,1.307369458,15.75,17.75,Beach_Dune,1
113,406.9681352,92.7974709,2.53091251,1.428740745,17.75,19.95,Beach_Dune,1
114,260.9274469,229.3868167,1.696920411,0.234290555,1.75,3.75,Beach_Dune,1
114,205.5481264,147.3179094,1.969749018,0.404023915,3.75,5.75,Beach_Dune,1
114,201.2140798,155.6526598,1.956986233,0.563655755,5.75,7.75,Beach_Dune,1
114,160.419158,99.45290095,2.252725071,0.718317001,7.75,9.75,Beach_Dune,1
114,233.3789966,144.9939246,2.131641229,0.870638041,9.75,11.75,Beach_Dune,1
114,647.585341,112.688849,1.651934814,1.029339066,11.75,13.75,Beach_Dune,1
114,684.3467496,213.7277581,1.483184791,1.196477105,13.75,15.75,Beach_Dune,1
114,650.926031,106.7714443,1.876923152,1.344937798,15.75,17.75,Beach_Dune,1
114,635.6407671,83.1270411,2.669666703,1.484157216,17.75,19.75,Beach_Dune,1
115,279.1432769,229.3360999,1.779944192,0.242507064,1.75,3.75,Beach_Dune,1
115,170.7617753,95.28322175,2.566994812,0.403755862,3.75,5.75,Beach_Dune,1
115,132.7633966,77.52124146,2.72614442,0.503009908,5.75,7.75,Beach_Dune,1
115,149.017908,145.9282906,2.506444547,0.6414148,7.75,9.75,Beach_Dune,1
115,254.002701,146.1812645,1.905586944,0.800799905,9.75,11.75,Beach_Dune,1
115,396.0784711,183.9567595,1.802889307,0.975057653,11.75,13.75,Beach_Dune,1
115,683.1144709,199.4849983,1.559076566,1.157811367,13.75,15.75,Beach_Dune,1
115,518.8189867,179.1892957,1.861320449,1.338745349,15.75,17.75,Beach_Dune,1
115,303.5140123,73.89241963,2.713055765,1.501060176,17.75,20.15,Beach_Dune,1
116,352.6522976,353.1898258,1.584121868,0.242631216,1.75,3.75,Beach_Dune,1
116,153.8779294,145.4407667,2.552131841,0.397484789,3.75,5.75,Beach_Dune,1
116,163.9592203,232.3222584,1.9907932,0.539018202,5.75,7.75,Beach_Dune,1
116,256.019469,203.1603086,1.803465155,0.723646938,7.75,9.75,Beach_Dune,1
116,256.7258649,169.440005,1.746760977,0.912023173,9.75,11.75,Beach_Dune,1
116,204.3182197,157.1620845,2.251104132,1.083490903,11.75,13.75,Beach_Dune,1
116,207.6439882,164.676652,2.247923007,1.252446608,13.75,15.75,Beach_Dune,1
116,216.5062743,76.55657624,2.570624527,1.415621581,15.75,17.75,Beach_Dune,1
116,196.7112395,65.74575869,2.893312039,1.571082682,17.75,19.95,Beach_Dune,1
117,221.190898,189.0738513,1.763582092,0.235133375,1.75,3.75,Beach_Dune,1
117,210.3525567,171.2258228,1.939051485,0.408980382,3.75,5.75,Beach_Dune,1
117,175.1710564,175.5454136,1.956352249,0.574638772,5.75,7.75,Beach_Dune,1
117,191.3434712,65.66488229,2.940141777,0.728408116,7.75,9.75,Beach_Dune,1
117,184.8302764,144.2167344,2.189553098,0.86374708,9.75,11.75,Beach_Dune,1
117,182.493791,102.4288076,2.808783145,1.014742443,11.75,13.75,Beach_Dune,1
117,240.7414928,157.6493464,2.240760425,1.174271553,13.75,15.75,Beach_Dune,1
117,236.3952436,93.78106171,2.707718422,1.32859223,15.75,17.75,Beach_Dune,1
117,242.3573868,104.5869198,2.719287002,1.490781529,17.75,19.95,Beach_Dune,1
118,234.3552575,172.3245602,1.632825466,0.222184989,1.75,3.75,Beach_Dune,1
118,203.9280584,169.8416295,1.586257818,0.376975983,3.75,5.75,Beach_Dune,1
118,201.2140798,131.7956787,1.78006007,0.517483925,5.75,7.75,Beach_Dune,1
118,156.5469366,137.7020976,1.986979542,0.656285242,7.75,9.75,Beach_Dune,1
118,400.5460432,252.5093943,1.764861284,0.813151845,9.75,11.75,Beach_Dune,1
118,385.3814419,272.7376073,2.211661463,0.998179416,11.75,13.75,Beach_Dune,1
118,470.6888469,155.1826757,2.623720979,1.166024655,13.75,15.75,Beach_Dune,1
118,490.0741729,113.9304798,2.702723797,1.334076668,15.75,17.75,Beach_Dune,1
118,446.9188662,80.52782455,2.798385344,1.487713781,17.75,19.75,Beach_Dune,1
119,248.9701023,216.2722539,1.497908368,0.215108439,1.75,3.75,Beach_Dune,1
119,228.4621818,177.84131,1.940491955,0.38363948,3.75,5.75,Beach_Dune,1
119,227.8090577,130.7324031,1.772703408,0.529643134,5.75,7.75,Beach_Dune,1
119,176.9922409,111.8898145,2.009707146,0.686913225,7.75,9.75,Beach_Dune,1
119,183.5276578,116.3546266,2.197831293,0.823356717,9.75,11.75,Beach_Dune,1
119,247.6711138,194.8037323,2.096922853,0.965515313,11.75,13.75,Beach_Dune,1
119,303.1119085,154.9046096,2.277881453,1.126547706,13.75,15.75,Beach_Dune,1
119,280.9054166,127.9041083,2.779693701,1.296185126,15.75,17.75,Beach_Dune,1
119,227.4289615,100.8770378,2.720952276,1.469540159,17.75,19.85,Beach_Dune,1
120,271.6059059,135.7051661,1.79163846,0.218709087,1.75,3.75,Beach_Dune,1
120,185.026544,122.4267394,2.127674474,0.366038791,3.75,5.75,Beach_Dune,1
120,145.5199673,93.4863742,2.41507234,0.451453696,5.75,7.75,Beach_Dune,1
120,216.6849004,192.5508408,2.056397725,0.596897433,7.75,9.85,Beach_Dune,1
120,282.2352091,140.6423521,2.258899659,0.765855226,9.85,11.85,Beach_Dune,1
120,230.8164708,119.9023393,2.559008729,0.904825968,11.85,13.75,Beach_Dune,1
120,274.0792317,143.8490367,2.086203704,1.054919222,13.75,15.75,Beach_Dune,1
120,463.5191876,123.5502221,2.311770046,1.196380583,15.75,17.75,Beach_Dune,1
120,438.2855975,114.6287197,2.463673369,1.336724959,17.75,19.95,Beach_Dune,1
121,253.1247964,171.0192528,1.969290985,0.178339605,1.75,3.75,Beach_Dune,1
121,231.5728428,117.6489315,1.890635345,0.324455724,3.75,5.75,Beach_Dune,1
121,465.1885065,175.6706633,1.966673283,0.483090453,5.75,7.75,Beach_Dune,1
121,166.82615,140.6931048,1.998834565,0.653315244,7.75,9.75,Beach_Dune,1
121,207.2752926,125.327731,1.933973893,0.812440967,9.75,11.75,Beach_Dune,1
121,178.6679271,153.7255173,1.987352363,0.980324795,11.75,13.75,Beach_Dune,1
121,260.2122677,180.2519955,2.033557825,1.158046555,13.75,15.75,Beach_Dune,1
121,188.0270325,162.1168744,1.981123799,1.352683729,15.75,18,Beach_Dune,1
121,301.9860681,161.388865,2.067021213,1.533031185,18,19.75,Beach_Dune,1
121,207.8912922,224.3291611,1.871874834,1.721211061,19.75,21.75,Beach_Dune,1
121,323.5322228,183.9700248,1.987887892,1.928111309,21.75,23.75,Beach_Dune,1
121,323.6484787,192.5722077,1.969941795,2.135676585,23.75,25.75,Beach_Dune,1
121,271.8456365,217.551027,2.113836705,2.340213049,25.75,27.75,Beach_Dune,1
121,345.6065098,225.4964635,2.125314598,2.548710782,27.75,29.75,Beach_Dune,1
121,405.9852503,248.9058423,2.232076244,2.753290668,29.75,31.75,Beach_Dune,1
121,336.412701,220.1286213,2.318279938,2.901384079,31.75,32.75,Beach_Dune,1
122,246.3881535,216.1634072,1.668340613,0.223517397,1.75,3.75,Beach_Dune,1
122,202.0617828,202.1882918,1.944923523,0.396885389,3.75,5.75,Beach_Dune,1
122,166.1556017,108.1839063,2.086591805,0.552917701,5.75,7.75,Beach_Dune,1
122,164.3736996,109.5663759,2.340608673,0.704119419,7.75,9.75,Beach_Dune,1
122,256.5219931,236.7026652,2.180643831,0.834658129,9.75,11.75,Beach_Dune,1
122,680.1666608,220.1252402,2.536262055,1.002821227,11.75,13.75,Beach_Dune,1
122,603.7385869,171.5162598,1.931364001,1.175681609,13.75,15.75,Beach_Dune,1
122,747.9390653,316.0061627,2.264085796,1.368475382,15.75,17.75,Beach_Dune,1
122,725.3198415,279.5909551,2.213891016,1.577376014,17.75,19.75,Beach_Dune,1
123,213.9189451,380.6312779,2.071876346,0.245101231,1.75,3.75,Beach_Dune,1
123,200.4349872,303.036824,2.070335543,0.428225731,3.75,5.75,Beach_Dune,1
123,172.8335874,212.8001899,2.235313571,0.60622915,5.75,7.75,Beach_Dune,1
123,169.8008974,179.0937399,2.572409229,0.763588679,7.75,9.75,Beach_Dune,1
123,267.5004302,312.472326,2.236296749,0.941225164,9.75,11.75,Beach_Dune,1
123,505.4612863,193.6973886,1.971465308,1.128039219,11.75,13.75,Beach_Dune,1
123,519.2637955,217.4857323,1.996718342,1.301229386,13.75,15.75,Beach_Dune,1
123,703.2408901,222.1576553,1.800514023,1.488387566,15.75,17.75,Beach_Dune,1
123,500.496303,108.4017101,2.885107151,1.67579416,17.75,19.75,Beach_Dune,1
124,234.5945385,191.885777,1.822056125,0.228009908,1.75,3.75,Beach_Dune,1
124,179.7029564,224.1428811,2.154452776,0.403309863,3.75,5.75,Beach_Dune,1
124,191.9643383,223.7285017,2.007363831,0.584419397,5.75,7.75,Beach_Dune,1
124,192.7595902,263.482018,2.13237649,0.76289277,7.75,9.75,Beach_Dune,1
124,242.0906202,240.6254137,2.172933351,0.942205878,9.75,11.75,Beach_Dune,1
124,295.9147967,168.345166,2.499823769,1.11502933,11.75,13.75,Beach_Dune,1
124,397.5705591,77.66697308,4.016939097,1.271198991,13.75,15.75,Beach_Dune,1
124,652.5221594,204.2501184,2.4209356,1.433809549,15.75,17.75,Beach_Dune,1
125,353.5217668,313.3012679,1.902529689,0.260876767,1.75,3.75,Beach_Dune,1
125,397.0808947,216.5235641,1.748469647,0.462164823,3.75,5.75,Beach_Dune,1
125,110.4633203,95.54342197,2.394254573,0.624791824,5.75,7.75,Beach_Dune,1
125,284.6896651,174.8163774,2.374893503,0.76895278,7.75,9.75,Beach_Dune,1
125,402.1309557,129.2161948,2.469825133,0.907781735,9.75,11.75,Beach_Dune,1
125,257.4991893,127.4395244,2.456121692,1.046370942,11.75,13.75,Beach_Dune,1
125,417.8973841,134.9225775,2.31609944,1.187231014,13.75,15.75,Beach_Dune,1
125,490.2221747,145.6981208,2.352161472,1.329297894,15.75,17.75,Beach_Dune,1
125,355.7656399,146.8769754,2.387505698,1.486251921,17.75,19.95,Beach_Dune,1
126,194.6798838,225.721017,1.723990861,0.23861027,1.75,3.75,Beach_Dune,1
126,161.6353271,187.7592002,1.873034793,0.405401629,3.75,5.75,Beach_Dune,1
126,284.3860523,329.0644348,2.007554379,0.581572713,5.75,7.75,Beach_Dune,1
126,319.7856213,141.5424157,2.335035751,0.744590734,7.75,9.75,Beach_Dune,1
126,317.4550867,131.886472,2.331095587,0.87610757,9.75,11.75,Beach_Dune,1
126,390.919627,124.4688441,2.272352105,1.012475843,11.75,13.75,Beach_Dune,1
126,379.6027593,151.2468198,2.339311804,1.131751454,13.75,15.15,Beach_Dune,1
127,129.6468617,183.9411911,2.306431136,0.222553377,1.75,3.75,Lagoonal,4
127,174.1614075,118.0139618,2.255697539,0.354202243,3.75,5.75,Lagoonal,4
127,132.3129844,122.6428554,2.171572561,0.484959486,5.75,7.75,Lagoonal,4
127,122.5521587,97.84350999,2.438834106,0.62371289,7.75,9.75,Lagoonal,4
127,119.2667323,53.99908882,2.933695573,0.745982563,9.75,11.75,Lagoonal,4
127,164.4770096,97.55647016,2.455301294,0.882366971,11.75,13.75,Lagoonal,4
127,141.9243893,64.31414585,3.040713028,1.011416877,13.75,15.75,Lagoonal,4
127,296.0118127,93.60288322,2.972721791,1.172224468,15.75,17.75,Lagoonal,4
127,125.9815829,57.64063924,3.017881819,1.33120201,17.75,19.75,Lagoonal,4
127,142.9073473,40.73270779,3.081500047,1.471455775,19.75,21.75,Lagoonal,4
127,359.0601836,42.58418968,3.134067233,1.609207508,21.75,23.75,Lagoonal,4
127,160.8907097,50.2012398,3.051831701,1.764574539,23.75,25.75,Lagoonal,4
127,115.3002802,37.11223656,3.103803849,1.906955302,25.75,27.75,Lagoonal,4
127,195.3203801,49.60791236,3.087468114,2.051355449,27.75,29.75,Lagoonal,4
127,392.8701975,84.65216378,3.016653075,2.224613638,29.75,31.75,Lagoonal,4
127,148.7475989,132.8583526,2.84251045,2.343975937,31.75,32.25,Lagoonal,4
128,85.70835298,129.5910884,2.115450542,0.173172864,1.75,3.75,Lagoonal,4
128,159.204452,164.4765212,1.886622939,0.310633838,3.75,5.75,Lagoonal,4
128,158.5298962,104.5899808,2.267350087,0.457316804,5.75,7.75,Lagoonal,4
128,113.7506852,142.8711405,2.286933364,0.602529694,7.75,9.75,Lagoonal,4
128,168.5022702,138.3656412,2.809551542,0.764372524,9.75,11.75,Lagoonal,4
128,159.3451686,88.82405621,3.071254532,0.933780489,11.75,13.75,Lagoonal,4
128,347.1776679,96.6537356,3.020615348,1.105958744,13.75,15.75,Lagoonal,4
128,163.859037,50.37237313,3.122056438,1.268042021,15.75,17.75,Lagoonal,4
128,121.7678064,55.68108326,3.045233001,1.413017351,17.75,19.75,Lagoonal,4
128,258.0028636,38.14579087,3.126364379,1.5529468,19.75,21.75,Lagoonal,4
128,177.5549121,42.90875548,3.224627428,1.700002391,21.75,23.75,Lagoonal,4
128,151.3976877,36.81096055,3.142838835,1.848261807,23.75,25.75,Lagoonal,4
128,245.6371334,35.48683571,3.179613579,1.994164182,25.75,27.75,Lagoonal,4
128,155.0700757,58.6675181,3.166206776,2.154706992,27.75,29.75,Lagoonal,4
129,147.1190225,198.7391616,2.635518875,0.19587123,1.75,3.75,Lagoonal,4
129,143.5622108,136.7647874,2.268336313,0.334186376,3.75,5.75,Lagoonal,4
129,186.9142598,183.5922127,1.854007788,0.483574354,5.75,7.75,Lagoonal,4
129,182.6841327,141.7074452,2.523835953,0.654913747,7.75,9.75,Lagoonal,4
129,205.1189084,126.6940076,2.952800399,0.822073254,9.75,11.75,Lagoonal,4
129,163.7414912,136.3574859,2.550299698,0.997600912,11.75,13.75,Lagoonal,4
129,219.7252836,102.6843782,2.91612373,1.171177265,13.75,15.75,Lagoonal,4
129,296.8366684,88.39546416,2.775764969,1.346014589,15.75,17.75,Lagoonal,4
129,161.7657193,40.86962739,3.17135574,1.49521234,17.75,19.75,Lagoonal,4
129,135.4201725,33.14077981,3.239351635,1.638625476,19.75,21.75,Lagoonal,4
129,236.5865255,37.9983822,3.270877835,1.78507616,21.75,23.75,Lagoonal,4
129,144.5396469,31.63941581,3.257419937,1.938111702,23.75,25.75,Lagoonal,4
129,215.0713278,30.82532455,3.274676794,2.084644271,25.75,27.75,Lagoonal,4
129,213.0428304,63.42476898,3.10482825,2.239761904,27.75,29.75,Lagoonal,4
130,254.5838668,120.2883019,2.453290692,0.180636335,1.75,3.75,Lagoonal,4
130,79.55225842,129.4923442,2.807233392,0.299021845,3.75,5.75,Lagoonal,4
130,129.937256,138.4729946,2.91064161,0.442507102,5.75,7.75,Lagoonal,4
130,111.2731334,194.7069537,2.608991877,0.610273745,7.75,9.75,Lagoonal,4
130,192.3607935,139.7010039,2.870700652,0.783410728,9.75,11.75,Lagoonal,4
130,474.6683576,160.8182902,2.469525584,0.9542845,11.75,13.75,Lagoonal,4
130,196.143337,221.1145018,2.065020557,1.137404884,13.75,15.75,Lagoonal,4
130,206.0169675,183.9184493,2.050891771,1.318701424,15.75,17.75,Lagoonal,4
130,225.9254661,199.1371069,1.748926369,1.514816763,17.75,19.75,Lagoonal,4
130,326.7731138,226.8067031,1.882122876,1.721733965,19.75,21.75,Lagoonal,4
130,257.2426934,148.4750467,2.144542548,1.91401014,21.75,23.5,Lagoonal,4
131,112.3831682,155.9580535,2.871487602,0.2079428,1.75,3.75,Lagoonal,4
131,244.7468889,193.452227,2.825368171,0.361843438,3.75,5.75,Lagoonal,4
131,126.4697714,189.1618096,2.761366677,0.531043105,5.75,7.75,Lagoonal,4
131,273.5657433,226.5877178,2.36045795,0.698948098,7.75,9.75,Lagoonal,4
131,291.4429186,189.2453666,1.895262555,0.890732192,9.75,11.75,Lagoonal,4
131,233.5870266,290.1286961,1.831302671,1.092623791,11.75,13.75,Lagoonal,4
131,243.2105653,167.5124433,2.144315627,1.244444277,13.75,14.8,Lagoonal,4
132,132.227341,254.034526,2.626316713,0.196109759,1.75,3.75,Lagoonal,4
132,183.1113747,216.7452485,2.009648824,0.35765858,3.75,5.75,Lagoonal,4
132,180.0914063,222.0504823,2.054464523,0.525102448,5.75,7.75,Lagoonal,4
132,347.8068804,190.2823092,2.220283869,0.703159191,7.75,9.75,Lagoonal,4
132,177.1607127,267.1534011,1.93113467,0.879741937,9.75,11.75,Lagoonal,4
132,376.7182443,191.02388,2.357500133,1.079638879,11.75,13.8,Lagoonal,4
132,223.9776718,90.7184864,3.010487144,1.252349274,13.8,15.75,Lagoonal,4
132,201.2328878,69.17999391,3.080074549,1.417024912,15.75,17.75,Lagoonal,4
132,136.1583818,41.73531541,3.194672302,1.575606336,17.75,19.75,Lagoonal,4
132,182.632963,87.19702349,3.079356,1.70091172,19.75,21.05,Lagoonal,4
133,143.3096393,248.8376115,2.705581757,0.196273818,1.75,3.75,Lagoonal,4
133,157.0727514,240.9083314,2.392035484,0.359106408,3.75,5.75,Lagoonal,4
133,250.0258966,182.3139645,2.839773317,0.531524637,5.75,7.75,Lagoonal,4
133,145.5813017,167.4097082,2.89013671,0.708168669,7.75,9.75,Lagoonal,4
133,336.9272466,152.2531972,2.880531292,0.889567686,9.75,11.75,Lagoonal,4
133,190.3632815,256.8931863,2.280435526,1.079297925,11.75,13.75,Lagoonal,4
133,220.0337261,131.3069933,2.875416991,1.273240247,13.75,15.75,Lagoonal,4
133,204.2699365,80.17945352,3.067330477,1.448232647,15.75,17.75,Lagoonal,4
133,213.0618388,106.5761809,2.905062036,1.625389719,17.75,19.75,Lagoonal,4
133,311.2027566,96.46536312,2.986243392,1.803704875,19.75,21.75,Lagoonal,4
133,264.1350587,150.7284813,2.815162959,2.01153698,21.75,24.25,Lagoonal,4
134,241.7552752,167.1055536,2.269298608,0.21362468,1.75,3.75,Lagoonal,4
134,130.7855385,121.893454,2.482498476,0.32852039,3.75,5.75,Lagoonal,4
134,145.9378517,126.3532333,2.376834369,0.431329761,5.75,7.75,Lagoonal,4
134,206.0975777,188.8828644,2.085996645,0.591380415,7.75,9.75,Lagoonal,4
134,226.9715324,181.2415988,2.08439418,0.759511679,9.75,11.75,Lagoonal,4
134,151.9794286,101.0421075,2.624594534,0.9176862,11.75,13.75,Lagoonal,4
134,153.1351909,108.4416979,2.742528425,1.0070447,13.75,14.6,Lagoonal,4
135,344.1181175,239.5756461,2.435616074,0.2275198,1.75,3.75,Lagoonal,4
135,149.7568634,116.1285433,2.539400279,0.35186135,3.75,5.75,Lagoonal,4
135,105.6764359,135.5222573,2.589430559,0.480156228,5.75,7.75,Lagoonal,4
135,293.0601613,269.6092538,2.31816221,0.642168027,7.75,9.75,Lagoonal,4
135,207.0096297,236.6231853,1.796747371,0.847501287,9.75,11.75,Lagoonal,4
135,202.5343576,162.9000679,2.256869799,1.049280571,11.75,13.75,Lagoonal,4
135,257.4060255,177.3969921,2.64083725,1.204517769,13.75,15.75,Lagoonal,4
136,143.2126132,153.245213,2.413993715,0.228603725,1.75,3.75,Lagoonal,4
136,151.0996643,147.8416126,2.584287155,0.350719351,3.75,5.75,Lagoonal,4
136,204.6108292,199.5663874,2.073361318,0.500729641,5.75,7.75,Lagoonal,4
136,203.0581837,205.2319327,1.84803313,0.684508473,7.75,9.75,Lagoonal,4
136,237.4960938,185.5549159,1.98711705,0.873307834,9.75,11.75,Lagoonal,4
136,196.1555573,106.2481406,2.756300165,1.057495609,11.75,13.75,Lagoonal,4
136,245.2674739,262.4582652,2.449434249,1.160329559,13.75,14.25,Lagoonal,4
137,153.0726183,216.5676441,2.270355517,0.219903196,1.75,3.75,Lagoonal,4
137,178.6214909,171.0662563,1.877592693,0.381702397,3.75,5.75,Lagoonal,4
137,187.208302,181.3679802,1.964888284,0.55827114,5.75,7.75,Lagoonal,4
137,198.4097111,162.2110782,2.095771907,0.734052106,7.75,9.75,Lagoonal,4
137,179.57439,124.5315179,2.672475444,0.897743741,9.75,11.75,Lagoonal,4
137,317.6322845,181.3011929,2.640065325,1.07508931,11.75,13.75,Lagoonal,4
137,243.06887,235.974733,1.93523953,1.281615323,13.75,15.75,Lagoonal,4
137,159.8191421,132.766523,2.552455395,1.484377373,15.75,17.75,Lagoonal,4
137,221.8273282,95.54296798,2.785611548,1.665121518,17.75,20.25,Lagoonal,4
138,180.4937009,207.2546739,2.336965932,0.212998323,1.75,3.75,Lagoonal,4
138,123.1718507,133.1290112,2.457163894,0.344030791,3.75,5.75,Lagoonal,4
138,179.0767037,82.75302452,2.917701213,0.471765794,5.75,7.75,Lagoonal,4
138,114.2767975,151.2092886,2.921868142,0.627967862,7.75,9.75,Lagoonal,4
138,3210.304984,153.9656221,2.650957916,0.803380479,9.75,11.75,Lagoonal,4
138,121.802053,210.3214198,2.117932642,0.981802425,11.75,13.75,Lagoonal,4
138,286.4434363,238.5508833,1.960445417,1.177067009,13.75,15.55,Lagoonal,4
139,127.4282174,150.3666059,2.400359536,0.187022627,1.75,3.75,Lagoonal,4
139,128.5281317,287.944687,2.59484577,0.325083159,3.75,5.75,Lagoonal,4
139,233.0010603,180.933215,2.72564676,0.485789048,5.75,7.75,Lagoonal,4
139,235.9817477,224.7726075,2.50118904,0.65638811,7.75,9.75,Lagoonal,4
139,206.9443124,165.4882315,2.645583175,0.835124757,9.75,11.75,Lagoonal,4
139,273.2457387,226.7395467,2.293550856,1.015707339,11.75,13.75,Lagoonal,4
139,222.2309563,166.2509319,1.917963364,1.256987916,13.75,16.45,Lagoonal,4
140,150.3439018,286.1525693,2.456751328,0.2025205,1.75,3.75,Lagoonal,4
140,360.473314,184.4912987,1.888965386,0.351347304,3.75,5.75,Lagoonal,4
140,154.8879478,206.6684177,1.917992555,0.524743481,5.75,7.75,Lagoonal,4
140,248.5236533,198.7365046,2.598690571,0.689532754,7.75,9.75,Lagoonal,4
140,259.2439734,181.4852461,2.769160371,0.868038204,9.75,11.75,Lagoonal,4
140,444.9406166,142.8047448,2.771024798,1.045803952,11.75,13.75,Lagoonal,4
140,274.1691173,127.3159441,2.504517628,1.220415068,13.75,15.75,Lagoonal,4
140,245.7872248,118.8697395,2.801789911,1.392413729,15.75,17.75,Lagoonal,4
140,166.1345024,127.0760404,2.731349456,1.567560472,17.75,19.75,Lagoonal,4
141,140.7351082,248.9125059,2.653254851,0.205314915,1.75,3.75,Lagoonal,4
141,300.7594754,299.1755163,2.431783301,0.368358147,3.75,5.75,Lagoonal,4
141,158.7469318,270.0379443,2.656686429,0.549639683,5.75,7.75,Lagoonal,4
141,198.3730635,245.2274638,2.736214622,0.738629615,7.75,9.75,Lagoonal,4
141,231.0157913,163.6395913,2.814180634,0.922418025,9.75,11.75,Lagoonal,4
141,390.026146,201.5243649,2.690863368,1.10367933,11.75,13.75,Lagoonal,4
141,209.3462835,242.2283065,2.172613904,1.295165306,13.75,15.75,Lagoonal,4
141,220.7320339,236.0070866,1.920932349,1.427829903,15.75,16.25,Lagoonal,4
142,107.7411729,172.5960442,2.81919975,0.193564794,1.75,3.75,Lagoonal,4
142,164.4683827,273.2322984,2.520227584,0.347981137,3.75,5.75,Lagoonal,4
142,208.7189961,192.3244299,2.617496175,0.51874714,5.75,7.75,Lagoonal,4
142,162.7754306,164.7247235,2.850267331,0.690086514,7.75,9.75,Lagoonal,4
142,370.5794973,160.9203775,2.558837685,0.860784378,9.75,11.75,Lagoonal,4
142,264.9396005,218.1508437,2.361387141,1.03715143,11.75,13.75,Lagoonal,4
142,352.8782962,114.4930531,2.663786217,1.216685675,13.75,15.75,Lagoonal,4
142,169.3885857,122.9212255,2.805826414,1.386176385,15.75,17.75,Lagoonal,4
142,257.3790915,218.4384242,1.879408679,1.607212819,17.75,20.25,Lagoonal,4
143,103.3738448,182.5964758,2.690325421,0.186983438,1.75,3.75,Lagoonal,4
143,160.6891881,258.3274133,2.541496946,0.335902787,3.75,5.75,Lagoonal,4
143,180.4716557,213.1844491,2.545148891,0.505166389,5.75,7.75,Lagoonal,4
143,169.0061821,179.0495766,2.869297784,0.681813739,7.75,9.75,Lagoonal,4
143,300.7731044,202.2237368,2.165807614,0.869325263,9.75,11.75,Lagoonal,4
143,267.574641,152.1159514,2.610699283,1.047836361,11.75,13.75,Lagoonal,4
143,313.9847323,215.7440422,2.210145069,1.230541423,13.75,15.75,Lagoonal,4
143,190.8043511,87.02749743,2.859828401,1.409213996,15.75,17.75,Lagoonal,4
143,247.411449,81.60210356,2.953790436,1.596609412,17.75,20.25,Lagoonal,4
144,124.159315,236.7316698,2.65985136,0.196926897,1.75,3.75,Lagoonal,4
144,183.69997,279.205736,2.475164178,0.356947974,3.75,5.75,Lagoonal,4
144,233.7000516,227.3023744,2.678721539,0.528761762,5.75,7.75,Lagoonal,4
144,164.01619,179.3154902,2.848310619,0.707795602,7.75,9.75,Lagoonal,4
144,355.3177223,163.504763,2.8281766,0.889452156,9.75,11.75,Lagoonal,4
144,155.7541305,131.2598793,2.531631264,1.064580218,11.75,13.75,Lagoonal,4
144,487.6302182,196.7973978,1.853287004,1.262549394,13.75,15.75,Lagoonal,4
144,152.2669017,95.15326062,2.764402378,1.453056711,15.75,17.75,Lagoonal,4
144,290.6525159,137.7696379,2.824267144,1.628935358,17.75,20.05,Lagoonal,4
145,206.3443394,396.9931719,2.284930401,0.199681721,1.75,3.75,Lagoonal,4
145,187.2221788,183.0215756,1.725490336,0.374327568,3.75,5.75,Lagoonal,4
145,124.7541533,162.943738,2.183209363,0.547478708,5.75,7.75,Lagoonal,4
145,223.8734599,125.1690815,2.862584531,0.712709255,7.75,9.75,Lagoonal,4
145,278.581256,125.3211554,2.855895222,0.874661946,9.75,11.75,Lagoonal,4
145,179.7841782,231.278257,2.315785655,1.05317722,11.75,13.75,Lagoonal,4
145,252.4563875,183.7882719,2.538889931,1.243577607,13.75,15.75,Lagoonal,4
145,225.9336652,95.72149817,2.879444209,1.423553976,15.75,17.75,Lagoonal,4
145,333.1340034,152.0656027,2.83864395,1.614226427,17.75,20.15,Lagoonal,4
146,78.71329715,40.57922386,3.556253922,0.14220459,1.75,3.75,Lagoonal,4
146,88.67657693,82.88647257,3.082330909,0.257789831,3.75,5.75,Lagoonal,4
146,117.6857004,187.3723381,2.898546856,0.391269013,5.75,7.75,Lagoonal,4
146,242.8163818,162.229537,2.908632244,0.562847179,7.75,9.75,Lagoonal,4
146,136.0654507,148.3562975,2.909866747,0.738177431,9.75,11.75,Lagoonal,4
146,271.1149813,273.5009124,2.346953627,0.895535226,11.75,13.25,Lagoonal,4
147,206.2935088,514.9628639,2.474585726,0.256273922,1.75,3.75,Floodplain,2
147,299.2762785,309.0642776,2.513414318,0.440841813,3.75,5.75,Floodplain,2
147,292.6534491,221.7164324,1.916232358,0.629701651,5.75,7.75,Floodplain,2
147,205.6111189,215.8781051,2.213285145,0.808318739,7.75,9.75,Floodplain,2
147,273.5229619,223.1355997,1.761772741,1.009200211,9.75,11.75,Floodplain,2
147,257.8151521,167.2165087,1.745710297,1.212372018,11.75,13.75,Floodplain,2
147,257.7265528,162.0098058,1.894479616,1.407934275,13.75,15.75,Floodplain,2
147,266.10596,183.7680704,1.91028015,1.611761701,15.75,17.75,Floodplain,2
148,154.1594322,133.480798,2.001570979,0.199128438,1.75,3.75,Valley_Train,5
148,221.4530141,155.2545147,1.781771628,0.342920752,3.75,5.75,Valley_Train,5
148,312.5900746,327.6500578,1.564298595,0.537393243,5.75,7.75,Valley_Train,5
148,278.4372523,261.4121639,1.589374303,0.748395299,7.75,9.75,Valley_Train,5
148,216.0407094,207.4276975,1.648225348,0.945255285,9.75,11.75,Valley_Train,5
148,234.2236334,186.367077,1.761751198,1.147227358,11.75,13.75,Valley_Train,5
148,868.1154915,209.4085551,1.657555873,1.351452933,13.75,15.75,Valley_Train,5
148,232.0617014,242.3196728,1.575604756,1.56510256,15.75,17.8,Valley_Train,5
148,1708.257461,189.9611815,1.663632464,1.80358974,17.8,20.25,Valley_Train,5
149,206.4235803,249.7005841,2.047771895,0.2288385,1.75,3.75,Valley_Train,5
149,182.4804541,187.6376208,1.720069397,0.393276332,3.75,5.75,Valley_Train,5
149,247.1356966,239.0248033,1.568219112,0.584801647,5.75,7.75,Valley_Train,5
149,346.0024987,187.941071,1.660413381,0.779695427,7.75,9.75,Valley_Train,5
149,189.0279753,151.4266776,1.720082959,0.970281629,9.75,11.75,Valley_Train,5
149,172.7005907,143.4390654,1.739886617,1.155708919,11.75,13.75,Valley_Train,5
149,290.004186,194.3308645,1.649778883,1.351014598,13.75,15.75,Valley_Train,5
149,364.1829333,147.6489574,1.80769188,1.55506096,15.75,17.75,Valley_Train,5
149,223.5232427,152.7786022,1.803793678,1.779270885,17.75,20.25,Valley_Train,5
150,227.7960847,320.0330708,2.270190798,0.208906487,1.75,3.75,Valley_Train,5
150,174.7669366,229.8122801,1.828173505,0.381399304,3.75,5.75,Valley_Train,5
150,229.1532628,233.3476084,1.732476345,0.57778161,5.75,7.75,Valley_Train,5
150,230.8988559,193.9470236,1.722301828,0.777771887,7.75,9.75,Valley_Train,5
150,202.404278,194.4803647,1.836349438,0.969007116,9.75,11.75,Valley_Train,5
150,240.5695026,137.1814268,1.810061993,1.155461482,11.75,13.75,Valley_Train,5
150,220.1980608,151.9077765,1.818096964,1.349987367,13.75,15.75,Valley_Train,5
150,229.936284,169.0936874,1.815678498,1.552006314,15.75,17.75,Valley_Train,5
150,304.1173809,292.8055619,1.925461778,1.793808499,17.75,20.25,Valley_Train,5
151,178.1206792,168.4205638,1.788209303,0.215621882,1.75,3.75,Valley_Train,5
151,277.5835016,264.7739903,1.63635756,0.40913781,3.75,5.8,Valley_Train,5
151,157.1585148,249.6166507,1.691189182,0.606652236,5.8,7.75,Valley_Train,5
151,234.9205898,229.0037403,1.685260068,0.810156942,7.75,9.75,Valley_Train,5
151,262.4792736,266.6298195,1.657805466,1.02284593,9.75,11.75,Valley_Train,5
151,252.4426667,189.3343793,1.631233124,1.230146402,11.75,13.75,Valley_Train,5
151,234.1301961,186.0066685,1.668024388,1.433714977,13.75,15.75,Valley_Train,5
151,577.1902838,140.9705522,1.770375273,1.636292423,15.75,17.75,Valley_Train,5
151,203.860108,145.5659234,1.757921231,1.789554725,17.75,18.85,Valley_Train,5
152,216.3910954,280.9855858,1.620649888,0.226324337,1.75,3.75,Valley_Train,5
152,256.4102772,270.982396,1.515252724,0.425103871,3.75,5.75,Valley_Train,5
152,191.0356499,248.414598,1.538622231,0.623612874,5.75,7.75,Valley_Train,5
152,212.1421967,136.355311,1.71097514,0.808095728,7.75,9.75,Valley_Train,5
152,216.0147437,150.5766049,1.735617081,0.99139365,9.75,11.8,Valley_Train,5
152,381.0442499,168.9767011,1.730261284,1.187020528,11.8,13.75,Valley_Train,5
152,300.1317027,298.5031127,1.771224418,1.3987345,13.75,15.75,Valley_Train,5
152,196.6170766,168.5515915,1.873535503,1.610277015,15.75,17.75,Valley_Train,5
152,229.8920439,148.4172457,1.841659635,1.843676566,17.75,20.25,Valley_Train,5
153,211.8046613,323.8144898,1.623089319,0.225151351,1.8,3.75,Valley_Train,5
153,202.8564852,324.6596617,1.480346131,0.425710208,3.75,5.75,Valley_Train,5
153,210.4959612,240.161444,1.613097211,0.621515797,5.75,7.75,Valley_Train,5
153,308.3767764,255.6263481,1.622046962,0.824538648,7.75,9.75,Valley_Train,5
153,338.2223004,228.4115439,1.644908065,1.030168393,9.75,11.75,Valley_Train,5
153,136.0405017,144.6098269,1.846062324,1.228864548,11.75,13.75,Valley_Train,5
153,250.1388378,183.8438652,1.720871815,1.424072936,13.75,15.75,Valley_Train,5
153,274.7147053,182.7706929,1.782935016,1.632188869,15.75,17.75,Valley_Train,5
153,259.6526262,195.7874995,1.794949777,1.877624663,17.75,20.25,Valley_Train,5
154,211.5893602,184.2569934,1.652578905,0.23256393,1.75,3.8,Valley_Train,5
154,171.356067,275.7861173,1.499540081,0.41907741,3.8,5.75,Valley_Train,5
154,218.1833851,244.0622044,1.580179202,0.613478486,5.75,7.75,Valley_Train,5
154,212.0631496,172.2005134,1.686854057,0.81047273,7.75,9.75,Valley_Train,5
154,210.5195909,202.2055481,1.692083394,1.005357729,9.75,11.75,Valley_Train,5
154,231.9901205,175.7991564,1.657265088,1.200396024,11.75,13.75,Valley_Train,5
154,262.9924243,187.2554008,1.650087951,1.393866314,13.75,15.75,Valley_Train,5
154,286.963034,161.8339779,1.741251177,1.593084068,15.75,17.75,Valley_Train,5
154,264.067632,166.3079935,1.623219972,1.817678815,17.75,20.25,Valley_Train,5
155,232.8407067,186.8633701,1.781409317,0.21036778,1.75,3.75,Valley_Train,5
155,184.3036477,223.3920967,1.491587912,0.386008484,3.75,5.75,Valley_Train,5
155,221.8715962,276.8672927,1.534625281,0.577641579,5.75,7.75,Valley_Train,5
155,253.8976007,252.7676446,1.654092575,0.776708719,7.75,9.75,Valley_Train,5
155,240.3586042,279.8435048,1.545238973,0.988975603,9.75,11.75,Valley_Train,5
155,260.4097617,265.4390854,1.587480488,1.199855545,11.75,13.75,Valley_Train,5
155,296.5698392,234.7104368,1.627351699,1.418153456,13.75,15.75,Valley_Train,5
155,298.6993863,182.1950895,1.678437834,1.729496011,15.75,19.75,Valley_Train,5
156,207.2596081,179.6271574,1.766640304,0.231637535,1.75,3.75,Valley_Train,5
156,229.6257167,224.7880647,1.633023453,0.411505476,3.75,5.75,Valley_Train,5
156,182.2205498,218.9913381,1.584249945,0.605130252,5.75,7.75,Valley_Train,5
156,197.4270649,188.3277759,1.572228733,0.796877364,7.75,9.75,Valley_Train,5
156,183.5213963,156.6714736,1.71325847,0.984524151,9.75,11.75,Valley_Train,5
156,487.1001551,184.7250503,1.663897894,1.178441587,11.75,13.75,Valley_Train,5
156,160.7186724,296.048139,1.789916087,1.389635817,13.75,15.75,Valley_Train,5
156,520.0307065,152.3258333,1.830991459,1.602103248,15.75,17.75,Valley_Train,5
156,270.632017,130.873336,1.727460243,1.821351605,17.75,20.25,Valley_Train,5
157,168.6299603,165.7657511,1.687905788,0.233733241,1.75,3.75,Valley_Train,5
157,275.7764797,181.1455223,1.693276587,0.407064873,3.75,5.75,Valley_Train,5
157,280.4565417,222.1012591,1.548574451,0.596243439,5.75,7.75,Valley_Train,5
157,312.9484879,213.0950426,1.625914241,0.788036939,7.75,9.75,Valley_Train,5
157,118.5537507,199.3863394,1.602406917,0.984760684,9.75,11.75,Valley_Train,5
157,255.0329389,189.3057848,1.704581018,1.183088911,11.75,13.75,Valley_Train,5
157,212.7650461,166.9995181,1.702485406,1.388339422,13.75,15.75,Valley_Train,5
157,255.4873172,161.3370008,1.674255201,1.5856841,15.75,17.75,Valley_Train,5
157,264.05885,153.3817298,1.661970108,1.808714049,17.75,20.25,Valley_Train,5
158,296.6607983,207.1049413,1.621221578,0.228269899,1.75,3.75,Valley_Train,5
158,182.5521005,289.9691315,1.548458896,0.421038487,3.75,5.75,Valley_Train,5
158,460.2654302,210.3578447,1.593916782,0.611579747,5.75,7.75,Valley_Train,5
158,152.1218826,182.9567851,1.693231565,0.802254169,7.75,9.75,Valley_Train,5
158,548.7703023,169.8476419,1.692698836,0.994974587,9.75,11.75,Valley_Train,5
158,139.1207738,178.9805911,1.647208443,1.184711402,11.75,13.75,Valley_Train,5
158,899.7347522,187.5079311,1.621466377,1.387884381,13.75,15.75,Valley_Train,5
158,185.3686685,180.7657071,1.645987505,1.588709759,15.75,17.75,Valley_Train,5
158,217.3419016,139.6373462,1.663361504,1.811152608,17.75,20.25,Valley_Train,5
159,195.556584,191.2199957,1.397674891,0.202639144,1.75,3.75,Valley_Train,5
159,194.2564416,189.0288331,1.427984356,0.363508934,3.75,5.75,Valley_Train,5
159,204.2317466,217.3979453,1.342419302,0.532660533,5.75,7.75,Valley_Train,5
159,204.9913051,171.9560348,1.476428781,0.702493149,7.75,9.75,Valley_Train,5
159,158.5619657,214.1914952,1.400611261,0.880607209,9.75,11.75,Valley_Train,5
159,271.0047869,290.6432916,1.453642502,1.077074437,11.75,13.75,Valley_Train,5
159,303.5057434,249.0858141,1.263469539,1.271113198,13.75,15.75,Valley_Train,5
159,369.4464098,241.0818497,1.420242458,1.456295009,15.75,17.75,Valley_Train,5
159,307.4006342,175.1511381,1.515646618,1.644444456,17.75,19.75,Valley_Train,5
159,288.708533,171.2462114,1.477444642,1.769708122,19.75,20.45,Valley_Train,5
160,286.5409829,290.1545178,1.702924676,0.229957537,1.75,3.75,Beach_Dune,1
160,192.2554796,293.6542408,1.636938126,0.43912239,3.75,5.75,Beach_Dune,1
160,196.7888988,133.0053131,1.773411951,0.626141144,5.75,7.75,Beach_Dune,1
160,185.7898467,164.9296301,1.884386574,0.798184675,7.75,9.75,Beach_Dune,1
160,317.7407414,145.1631491,1.670293587,0.976235741,9.75,11.75,Beach_Dune,1
160,212.5990698,79.77874654,2.134638759,1.109199614,11.75,13.75,Beach_Dune,1
160,234.4013044,65.90515697,2.799453771,1.234634557,13.75,15.75,Beach_Dune,1
160,335.504737,54.1520975,2.936139138,1.319418471,15.75,17.75,Beach_Dune,1
160,319.2034507,75.70226336,2.802282357,1.392252743,17.75,19.75,Beach_Dune,1
160,334.8037264,52.11898227,2.898426176,1.435741105,19.75,20.25,Beach_Dune,1
161,356.29029,509.4908599,1.680939399,0.291238523,2.25,3.75,Beach_Dune,1
161,203.9912126,215.8289334,1.643924449,0.471331926,3.75,5.75,Beach_Dune,1
161,171.7553536,123.1911357,1.965324865,0.65054574,5.75,7.75,Beach_Dune,1
161,239.4168974,122.0235645,2.040774011,0.78912134,7.75,9.75,Beach_Dune,1
161,151.9875156,57.06580087,3.128112611,0.932626462,9.75,11.75,Beach_Dune,1
161,276.647028,109.57807,2.71989584,1.079449633,11.75,13.75,Beach_Dune,1
161,392.0050951,74.86365311,2.672592744,1.210960515,13.75,15.75,Beach_Dune,1
161,385.8940856,51.10513768,2.828558189,1.329351507,15.75,17.75,Beach_Dune,1
161,312.9397557,68.31129085,2.671040257,1.465667532,17.75,20.25,Beach_Dune,1
162,405.2658385,460.6207069,1.646717505,0.265843897,1.75,3.75,Beach_Dune,1
162,161.9424731,247.1927518,1.602509258,0.479379796,3.75,5.75,Beach_Dune,1
162,130.8971383,141.3843579,1.906177573,0.666957313,5.75,7.75,Beach_Dune,1
162,198.5440042,189.4383917,2.380015993,0.822858842,7.75,9.75,Beach_Dune,1
162,155.5506958,46.94412017,3.262705294,0.96749751,9.75,11.75,Beach_Dune,1
162,156.7521329,93.8633788,2.610859942,1.104028854,11.75,13.75,Beach_Dune,1
162,326.4735165,109.484328,2.460472371,1.273795358,13.75,15.75,Beach_Dune,1
162,303.712152,42.5311799,2.921766775,1.39641888,15.75,17.75,Beach_Dune,1
162,301.1007262,63.33270139,2.735452528,1.536451431,17.75,20.25,Beach_Dune,1
163,286.2157227,396.105188,1.703346086,0.244585751,1.75,3.75,Beach_Dune,1
163,183.7765862,284.4737485,1.604387715,0.460088071,3.75,5.75,Beach_Dune,1
163,171.6266399,154.714121,1.910182064,0.650207772,5.75,7.75,Beach_Dune,1
163,121.6160552,44.21312604,3.159288248,0.789137802,7.75,9.75,Beach_Dune,1
163,203.7405337,38.35645655,3.334327722,0.90773372,9.75,11.75,Beach_Dune,1
163,179.6134571,89.1522326,2.949038059,1.049746482,11.75,13.75,Beach_Dune,1
163,114.7222952,41.88465851,3.186832115,1.194989468,13.75,15.75,Beach_Dune,1
163,179.9708756,43.12057317,3.098284281,1.331613915,15.75,17.75,Beach_Dune,1
163,163.0770327,47.4323018,3.07343825,1.485864047,17.75,20.25,Beach_Dune,1
164,229.7737691,337.9850085,1.580104506,0.263369075,1.75,3.75,Beach_Dune,1
164,235.7542356,423.7163448,1.772752456,0.483618566,3.75,5.9,Beach_Dune,1
164,229.5676321,252.5768165,1.71086773,0.707611029,5.9,7.75,Beach_Dune,1
164,170.0380793,184.2273621,1.86421312,0.89387422,7.75,9.75,Beach_Dune,1
164,202.4483283,187.3879036,1.94565753,1.07861848,9.75,11.75,Beach_Dune,1
164,131.1132826,48.22945939,3.22563237,1.234542715,11.75,13.75,Beach_Dune,1
164,136.7512407,28.77191675,3.323336998,1.370079412,13.75,15.75,Beach_Dune,1
164,138.8523636,29.08563712,3.295913579,1.505466106,15.75,17.75,Beach_Dune,1
164,125.0477909,22.68702943,3.401580529,1.657694904,17.75,20.25,Beach_Dune,1
165,295.3965052,431.7786687,1.551065399,0.252787591,1.75,3.75,Beach_Dune,1
165,291.1485364,293.4562076,1.537173643,0.451935237,3.75,5.75,Beach_Dune,1
165,127.726823,53.35456951,2.944126225,0.574470599,5.75,7.75,Beach_Dune,1
165,220.9488567,116.1331568,2.189739615,0.671593429,7.75,9.75,Beach_Dune,1
165,240.1365347,103.739311,2.389743021,0.817397925,9.75,11.75,Beach_Dune,1
165,242.6202421,126.0170861,2.15117517,0.962279876,11.75,13.75,Beach_Dune,1
165,248.002201,158.7646244,2.06969696,1.134275003,13.75,15.75,Beach_Dune,1
165,230.2181454,229.3360102,2.153348148,1.319920235,15.75,17.75,Beach_Dune,1
165,287.7080779,158.3559472,1.995750127,1.550105622,17.75,20.25,Beach_Dune,1
166,409.2188423,322.452514,1.490478662,0.252391142,1.75,3.75,Beach_Dune,1
166,206.3651588,202.7025388,1.912778145,0.437422627,3.75,5.75,Beach_Dune,1
166,156.3407374,107.0745281,2.471344541,0.572480833,5.75,7.75,Beach_Dune,1
166,222.7608315,119.0920957,2.143393788,0.701271819,7.75,9.75,Beach_Dune,1
166,225.6219191,121.0748022,2.580919069,0.844663138,9.75,11.75,Beach_Dune,1
166,265.4500832,197.1442632,2.083769099,1.014968621,11.75,13.75,Beach_Dune,1
166,210.9568827,139.3792047,2.545031045,1.183136161,13.75,15.75,Beach_Dune,1
166,290.2674049,165.9281723,2.295921317,1.358431039,15.75,17.75,Beach_Dune,1
166,249.5749594,205.9064703,2.296656781,1.564476438,17.75,20.25,Beach_Dune,1
166,336.3356923,83.87558763,2.552309006,1.740108174,20.25,21.75,Beach_Dune,1
166,364.8852464,84.53055047,2.528079086,1.856834846,21.75,23.75,Beach_Dune,1
166,365.0274436,83.12709441,2.54823337,1.991153406,23.75,25.75,Beach_Dune,1
166,433.0875431,102.6777637,2.433598827,2.133191341,25.75,27.75,Beach_Dune,1
166,456.3470918,118.7513428,2.423282037,2.29230688,27.75,30.25,Beach_Dune,1
167,231.8325856,173.0201612,1.821499523,0.22457358,1.75,3.75,Beach_Dune,1
167,246.7948486,277.3461269,1.5781661,0.402674883,3.75,5.75,Beach_Dune,1
167,222.1499227,165.872236,1.861799547,0.586180923,5.75,7.75,Beach_Dune,1
167,235.6048455,108.8455171,2.027704694,0.733607779,7.75,9.75,Beach_Dune,1
167,233.6924263,96.07479726,2.419434905,0.871895011,9.75,11.75,Beach_Dune,1
167,234.2714284,187.8420469,2.159817739,1.026235067,11.75,13.75,Beach_Dune,1
167,263.0870728,211.35332,1.949261749,1.217574509,13.75,15.75,Beach_Dune,1
167,243.4365709,198.1521549,2.034814064,1.417270042,15.75,17.75,Beach_Dune,1
167,388.8130303,129.4218899,2.294675819,1.620712991,17.75,20.25,Beach_Dune,1
168,234.1401773,173.3254628,1.882918235,0.22164256,1.75,3.75,Beach_Dune,1
168,151.6510095,121.387154,2.214525379,0.346396904,3.75,5.75,Beach_Dune,1
168,292.6839599,270.5527664,1.634814678,0.615848606,5.75,9.75,Beach_Dune,1
168,313.5260208,182.3552149,1.515804226,0.905842873,9.75,11.75,Beach_Dune,1
169,223.1168186,353.5694962,1.628296031,0.195097579,1.75,3.75,Beach_Dune,1
169,132.7142075,110.4289043,2.585492683,0.319358009,3.75,5.75,Beach_Dune,1
169,150.963381,101.3068372,2.164113763,0.426306345,5.75,7.75,Beach_Dune,1
169,252.7756987,155.2979494,2.106581661,0.560016996,7.75,9.75,Beach_Dune,1
169,148.4652372,84.52767808,2.645429167,0.710991241,9.75,11.75,Beach_Dune,1
169,259.5236477,125.2870573,2.527615503,0.851020084,11.75,13.75,Beach_Dune,1
169,303.2789226,179.5142074,2.414904362,1.002496075,13.75,15.75,Beach_Dune,1
169,286.7630624,100.628226,2.526852702,1.14367225,15.75,17.75,Beach_Dune,1
169,277.4077393,73.27368615,2.476094413,1.271128403,17.75,20.25,Beach_Dune,1
170,370.2227473,279.6513568,1.480114284,0.219858593,1.75,3.75,Beach_Dune,1
170,184.5069211,149.8168004,1.913050299,0.390500649,3.75,5.75,Beach_Dune,1
170,181.4323048,141.0276187,2.282693834,0.527938408,5.75,7.75,Beach_Dune,1
170,275.3064466,179.9455243,2.099336413,0.683805795,7.75,9.75,Beach_Dune,1
170,238.0421564,174.9352338,2.414554364,0.844546957,9.75,11.75,Beach_Dune,1
170,222.0363902,222.1959674,2.418459093,1.016352761,11.75,13.75,Beach_Dune,1
170,192.1641787,166.245594,2.626984579,1.189443476,13.75,15.75,Beach_Dune,1
170,172.823437,64.84068211,2.929122669,1.344782607,15.75,17.75,Beach_Dune,1
170,166.5286531,50.1474217,3.022984698,1.507125699,17.75,20.25,Beach_Dune,1
171,346.0759988,226.3462786,1.650521936,0.226346622,1.75,3.75,Beach_Dune,1
171,120.1512744,163.9848162,2.486408261,0.377060484,3.75,5.75,Beach_Dune,1
171,237.1062449,190.4742799,1.90828701,0.523620885,5.75,7.75,Beach_Dune,1
171,232.491398,148.3576485,2.198283979,0.695153543,7.75,9.75,Beach_Dune,1
171,170.0698494,129.6698869,2.622383238,0.85750218,9.75,11.75,Beach_Dune,1
171,178.5544614,89.89064179,2.8189878,1.007082996,11.75,13.75,Beach_Dune,1
171,335.3397665,112.607679,2.553016703,1.155979917,13.75,15.75,Beach_Dune,1
171,289.7272901,75.68907603,2.579180939,1.28403899,15.75,17.75,Beach_Dune,1
171,339.5480413,134.4306442,2.499533861,1.429964117,17.75,20.25,Beach_Dune,1
172,160.4309682,166.8788022,1.830358114,0.2412102,1.75,3.75,Beach_Dune,1
172,155.6323466,112.4841251,2.361662146,0.381102575,3.75,5.75,Beach_Dune,1
172,225.8546213,136.3960068,2.023728107,0.582741899,5.75,9.75,Beach_Dune,1
172,197.5380145,139.0812009,2.242787424,0.818600581,9.75,11.75,Beach_Dune,1
172,265.3062687,78.10505064,2.410798822,0.967938269,11.75,13.75,Beach_Dune,1
172,286.6031547,113.9394766,2.09260844,1.12422894,13.75,15.75,Beach_Dune,1
172,274.3373548,148.6767788,1.828684477,1.303847744,15.75,17.75,Beach_Dune,1
172,275.3623251,181.3237061,2.038339552,1.514952643,17.75,20.25,Beach_Dune,1
173,312.7596398,175.5175221,1.726516939,0.220981687,1.75,3.75,Beach_Dune,1
173,287.6573181,282.6086992,1.587276201,0.412411903,3.75,5.75,Beach_Dune,1
173,175.6549806,102.6426911,2.601536746,0.575327643,5.75,7.75,Beach_Dune,1
173,211.9138644,137.4929122,1.873495469,0.730407842,7.75,9.75,Beach_Dune,1
173,199.2707421,129.5622308,2.665798222,0.88660359,9.75,11.75,Beach_Dune,1
173,205.8115654,206.7857523,2.283130254,1.058915284,11.75,13.75,Beach_Dune,1
173,260.5868396,154.2312023,2.31135864,1.240717516,13.75,15.75,Beach_Dune,1
173,216.5390533,113.2080705,2.649008806,1.404543314,15.75,17.75,Beach_Dune,1
173,231.5519984,123.3505801,2.547418982,1.590834012,17.75,20.25,Beach_Dune,1
174,238.1602568,237.1682607,1.646436903,0.242330158,1.75,3.75,Beach_Dune,1
174,135.3700378,136.7002967,2.524433453,0.379913707,3.75,5.75,Beach_Dune,1
174,227.1990291,214.1326049,1.750368286,0.518509808,5.75,7.75,Beach_Dune,1
174,253.2090169,131.1258831,1.780221646,0.673548533,7.75,9.75,Beach_Dune,1
174,445.6449123,151.9846284,2.262017792,0.825607347,9.75,11.9,Beach_Dune,1
174,309.8666512,119.5600101,2.408702455,0.959742831,11.9,13.75,Beach_Dune,1
174,307.532301,115.400028,2.329112297,1.084718491,13.75,15.75,Beach_Dune,1
174,287.0838536,80.3250115,2.641997808,1.215594482,15.75,17.75,Beach_Dune,1
174,318.9363018,109.758898,2.544768732,1.347845523,17.75,19.85,Beach_Dune,1
175,269.85467,194.1071479,1.836345167,0.233799325,1.75,3.75,Beach_Dune,1
175,196.6388899,144.4847821,1.920710895,0.39517044,3.75,5.75,Beach_Dune,1
175,193.7635389,124.9574045,2.14058441,0.557660427,5.75,7.75,Beach_Dune,1
175,180.7702745,101.8004196,2.61572724,0.692646444,7.75,9.75,Beach_Dune,1
175,207.1885131,100.6174864,2.51490993,0.845386771,9.75,11.75,Beach_Dune,1
175,330.0364643,155.9076751,2.156545019,0.989048752,11.75,13.75,Beach_Dune,1
175,430.9874327,121.543335,2.394426288,1.145657902,13.75,15.75,Beach_Dune,1
175,359.6903204,113.2658871,2.396149603,1.284325034,15.75,17.75,Beach_Dune,1
175,309.8957453,76.9256534,2.6871917,1.440624595,17.75,20.25,Beach_Dune,1
176,178.6572632,176.485533,1.674081144,0.195827383,1.75,3.75,Beach_Dune,1
176,80.77786653,113.7896846,2.635171502,0.326488082,3.75,5.75,Beach_Dune,1
176,269.0565821,119.5075817,2.607161004,0.454682676,5.75,7.75,Beach_Dune,1
176,200.7412819,227.728792,2.422206856,0.596046971,7.75,9.75,Beach_Dune,1
176,278.5952867,217.0485103,2.50626069,0.764759636,9.75,11.75,Beach_Dune,1
176,229.1859894,172.4173175,2.549039211,0.933623698,11.75,13.75,Beach_Dune,1
176,318.0836205,122.6124911,2.503263915,1.084088361,13.75,15.75,Beach_Dune,1
176,266.1316076,132.4810881,2.449377281,1.226803847,15.75,17.75,Beach_Dune,1
176,307.8639346,62.27095274,2.761447556,1.367965302,17.75,19.85,Beach_Dune,1
177,440.3657872,266.7748915,1.524517935,0.258307989,1.75,3.75,Beach_Dune,1
177,204.0962288,170.6716674,2.38830361,0.428644901,3.75,5.75,Beach_Dune,1
177,98.48677271,72.74676905,2.659505435,0.549769064,5.75,7.75,Beach_Dune,1
177,307.775276,155.6752807,1.812936676,0.684196145,7.75,9.75,Beach_Dune,1
177,366.8522909,250.3237738,1.690483574,0.889599833,9.75,11.75,Beach_Dune,1
177,267.0478442,138.8383725,1.931468401,1.173226039,11.75,15.75,Beach_Dune,1
177,236.4985675,129.3776891,2.585272186,1.410267195,15.75,17.75,Beach_Dune,1
177,219.0092866,117.1589954,2.69675505,1.5864791,17.75,20.25,Beach_Dune,1
178,259.922781,228.3295221,1.742171077,0.241687894,1.75,3.75,Beach_Dune,1
178,306.221176,232.6292513,1.450566668,0.39503735,3.75,5.75,Beach_Dune,1
178,214.9474663,194.4433741,1.686340769,0.560830531,5.75,7.75,Beach_Dune,1
178,166.6227677,197.1241449,2.273135282,0.716236035,7.75,9.75,Beach_Dune,1
178,254.5168798,115.6448567,1.870421952,0.871394553,9.75,11.75,Beach_Dune,1
178,227.7877603,194.4650881,2.220429989,1.01253519,11.75,13.75,Beach_Dune,1
178,240.8729766,163.2075083,2.029862085,1.182597648,13.75,15.75,Beach_Dune,1
178,260.8050655,203.5980471,1.789189088,1.373154468,15.75,17.75,Beach_Dune,1
178,255.4343157,220.5451611,2.12547125,1.596820491,17.75,20.25,Beach_Dune,1
179,197.5350304,161.1089226,1.724668509,0.238162002,1.75,3.75,Beach_Dune,1
179,375.6036659,275.4085436,1.58340936,0.418536106,3.75,5.75,Beach_Dune,1
179,152.5147502,71.2336877,2.760633538,0.581435625,5.75,7.75,Beach_Dune,1
179,284.4525145,93.34674143,2.012988633,0.707028134,7.75,9.75,Beach_Dune,1
179,295.413429,163.4488634,2.432867211,0.832099456,9.75,11.75,Beach_Dune,1
179,262.7752973,137.222066,2.364575897,1.005153917,11.75,13.75,Beach_Dune,1
179,257.9933441,153.7431683,2.567094708,1.162651304,13.75,15.75,Beach_Dune,1
179,304.0150597,78.39698171,2.781872779,1.316314341,15.75,17.75,Beach_Dune,1
179,206.2268408,58.61296694,2.838891516,1.475558437,17.75,20.25,Beach_Dune,1
180,208.1166809,313.5141827,1.678717773,0.232898988,1.75,3.75,Beach_Dune,1
180,118.5115106,77.51423568,2.461730438,0.354734892,3.75,5.75,Beach_Dune,1
180,226.0390327,112.2951196,2.219900923,0.464944704,5.75,7.75,Beach_Dune,1
180,195.3674815,114.6660656,2.165979793,0.615741594,7.75,9.75,Beach_Dune,1
180,198.8904894,93.34791411,2.846494609,0.75677812,9.75,11.75,Beach_Dune,1
180,248.3512867,81.70331842,2.613912805,0.880615412,11.75,13.8,Beach_Dune,1
180,273.4479338,124.0593774,2.623283197,1.012949081,13.8,15.75,Beach_Dune,1
180,260.3192465,94.69775515,2.678382492,1.161377369,15.75,17.75,Beach_Dune,1
180,221.8441921,71.60345921,2.739967749,1.317990587,17.75,20.25,Beach_Dune,1
181,179.3799081,291.4350303,1.835948027,0.218037453,1.75,3.75,Beach_Dune,1
181,127.0034294,92.40686108,2.368313936,0.335776009,3.75,5.75,Beach_Dune,1
181,117.6844642,74.88347515,2.942416712,0.452240317,5.75,7.75,Beach_Dune,1
181,217.8808739,90.28361994,2.404682645,0.580202972,7.75,9.75,Beach_Dune,1
181,244.0491962,84.86918033,2.728904578,0.710393174,9.75,11.75,Beach_Dune,1
181,258.1520564,91.08659515,2.652992006,0.827752626,11.75,13.8,Beach_Dune,1
181,264.0841704,142.4448262,2.439411664,0.973482294,13.8,15.75,Beach_Dune,1
181,289.9982519,95.28374207,2.708894959,1.121057014,15.75,17.75,Beach_Dune,1
181,253.4798451,79.87053017,2.729481466,1.286242907,17.75,20.25,Beach_Dune,1
182,330.6801649,610.2442291,1.63912686,0.293309358,1.75,3.75,Beach_Dune,1
182,229.9024691,318.5830845,1.635691336,0.511781295,3.75,5.75,Beach_Dune,1
182,139.5274428,129.1319168,3.694336932,0.702837762,5.75,7.75,Beach_Dune,1
182,94.09132575,0.09964728,8.278274369,0.830641927,7.75,9.75,Beach_Dune,1
182,145.7938756,53.24097551,5.231749074,0.952962392,9.75,11.75,Beach_Dune,1
182,235.5931488,38.40655045,3.56100087,1.097928559,11.75,13.75,Beach_Dune,1
182,317.8479891,29.58360614,3.405236579,1.236962511,13.75,15.8,Beach_Dune,1
182,303.4288705,53.21231338,3.210324048,1.379732838,15.8,17.75,Beach_Dune,1
182,232.325867,43.99587645,3.186551737,1.525484585,17.75,19.95,Beach_Dune,1
183,223.6797718,270.2302617,1.555619542,0.235335935,1.75,3.75,Beach_Dune,1
183,175.7031768,250.4580936,1.814502115,0.420169605,3.75,5.75,Beach_Dune,1
183,108.1518115,81.05816885,2.921246997,0.569482268,5.75,7.75,Beach_Dune,1
183,181.4597486,134.7285012,2.083959492,0.724012389,7.75,9.75,Beach_Dune,1
183,180.5372898,120.0459681,2.448948203,0.873845712,9.75,11.75,Beach_Dune,1
183,163.5715073,40.29545962,3.15906547,1.008518646,11.75,13.75,Beach_Dune,1
183,150.5561226,67.84037877,3.048506154,1.151215477,13.75,15.8,Beach_Dune,1
183,160.7443957,67.28768231,3.029962634,1.306669506,15.8,17.75,Beach_Dune,1
183,163.35316,54.66551813,3.011284996,1.463342373,17.75,20.05,Beach_Dune,1
184,226.5851573,249.8384544,1.688363244,0.232524796,1.75,3.75,Beach_Dune,1
184,208.6104065,371.3862713,1.70774695,0.438394006,3.75,5.75,Beach_Dune,1
184,216.2281668,250.5392731,1.566408992,0.651538133,5.75,7.75,Beach_Dune,1
184,246.3083407,195.7983082,1.692756949,0.830058558,7.75,9.75,Beach_Dune,1
184,292.5837416,176.905758,2.06030651,1.065107659,9.75,13.75,Beach_Dune,1
185,214.4735393,452.3357799,1.696936283,0.258042439,1.75,3.75,Beach_Dune,1
185,209.1461635,208.911651,2.038918795,0.461406517,3.75,5.75,Beach_Dune,1
185,151.3813196,142.2815143,2.199947028,0.610226971,5.75,7.75,Beach_Dune,1
185,216.849469,139.4298463,2.312609886,0.758302998,7.75,9.75,Beach_Dune,1
185,282.0957895,96.4094876,2.323155784,0.900542948,9.75,11.75,Beach_Dune,1
185,402.0284455,89.00464676,2.366062924,1.04139997,11.75,13.75,Beach_Dune,1
185,369.0359466,56.6113197,2.779174551,1.172265309,13.75,15.75,Beach_Dune,1
185,249.4659745,124.1864788,2.555635892,1.308146915,15.75,17.8,Beach_Dune,1
185,228.3379156,77.66068192,2.783190172,1.467432445,17.8,20.05,Beach_Dune,1
186,238.6491018,359.3374955,1.595300024,0.248395885,1.75,3.75,Beach_Dune,1
186,191.3441687,263.1729011,1.640285393,0.456688957,3.75,5.75,Beach_Dune,1
186,189.0292645,223.0969399,1.696427701,0.656638322,5.75,7.75,Beach_Dune,1
186,220.8858239,147.4335157,1.803995502,0.852500805,7.75,9.75,Beach_Dune,1
186,279.1658593,130.8335139,2.308908771,1.010317223,9.75,11.75,Beach_Dune,1
186,292.536682,107.5463306,2.483888586,1.14712607,11.75,13.75,Beach_Dune,1
186,274.5390697,185.2124768,2.214668225,1.289205623,13.75,15.75,Beach_Dune,1
186,251.5986103,103.7913395,2.535006315,1.436000148,15.75,17.8,Beach_Dune,1
186,285.9898407,130.1911096,2.454750528,1.598630996,17.8,20.15,Beach_Dune,1
187,261.9985272,323.8019564,1.678086921,0.243998422,1.75,3.75,Beach_Dune,1
187,199.647446,155.034457,2.012310174,0.424218363,3.75,5.75,Beach_Dune,1
187,193.5689283,145.9578617,1.93534446,0.58368342,5.75,7.75,Beach_Dune,1
187,202.0179184,129.3201535,1.899795698,0.748175839,7.75,9.75,Beach_Dune,1
187,165.8022027,102.8231793,2.030076744,0.899074227,9.75,11.75,Beach_Dune,1
187,396.5177412,130.740591,1.907002003,1.056622587,11.75,13.75,Beach_Dune,1
187,310.6997382,167.0592505,1.834121471,1.22472954,13.75,15.75,Beach_Dune,1
187,315.4572481,76.8665049,2.801388439,1.376886253,15.75,17.75,Beach_Dune,1
187,354.9811586,91.59204906,2.629489685,1.518847829,17.75,19.95,Beach_Dune,1
188,313.1480683,209.2260938,1.773575683,0.227040591,1.75,3.75,Beach_Dune,1
188,180.4475424,223.982226,1.650592515,0.407897573,3.75,5.75,Beach_Dune,1
188,162.118189,112.0565188,2.613756785,0.570225651,5.75,7.75,Beach_Dune,1
188,168.6848214,74.36747724,2.928942509,0.704363258,7.75,9.75,Beach_Dune,1
188,328.8983316,130.7409937,2.349753653,0.847135586,9.75,11.75,Beach_Dune,1
188,216.426541,73.17130873,2.873124371,0.991249605,11.75,13.75,Beach_Dune,1
188,229.7798614,100.958877,2.076841983,1.144461849,13.75,15.75,Beach_Dune,1
188,319.3819142,101.3021719,1.799086282,1.312976663,15.75,17.75,Beach_Dune,1
188,540.5441626,84.47368081,1.810779503,1.47195516,17.75,19.75,Beach_Dune,1
189,263.3135783,212.2217748,1.719534279,0.211978037,1.75,3.75,Beach_Dune,1
189,125.8839028,132.2086609,2.587882715,0.351199301,3.75,5.75,Beach_Dune,1
189,281.1175145,138.4179663,2.21281233,0.479864906,5.75,7.75,Beach_Dune,1
189,590.8195217,118.1851381,1.569344378,0.613701285,7.75,9.75,Beach_Dune,1
189,626.9941452,102.8517386,1.722018923,0.755473706,9.75,11.75,Beach_Dune,1
189,617.8247128,75.44848451,1.728986039,0.893798923,11.75,13.75,Beach_Dune,1
189,650.3438382,158.7414908,1.724918345,1.059290635,13.75,15.75,Beach_Dune,1
189,464.4728352,118.7994894,1.685961916,1.238587676,15.75,17.75,Beach_Dune,1
189,469.5248232,135.2076727,1.760349531,1.428068233,17.75,19.85,Beach_Dune,1
190,272.7310163,176.9105745,1.795473585,0.238266484,1.75,3.75,Beach_Dune,1
190,194.9030777,140.5555907,1.793743264,0.406243384,3.75,5.75,Beach_Dune,1
190,133.5301225,63.03936725,2.620484268,0.543460188,5.75,7.75,Beach_Dune,1
190,300.6082314,372.3804385,1.882428364,0.666638937,7.75,9.75,Beach_Dune,1
190,443.1493982,139.3250599,2.180631097,0.824397561,9.75,11.75,Beach_Dune,1
190,357.9680784,107.3017919,2.096125374,0.959026032,11.75,13.75,Beach_Dune,1
190,462.08586,121.2178266,2.131533133,1.087734097,13.75,15.75,Beach_Dune,1
190,530.3575332,112.8559463,2.068801375,1.225679801,15.75,17.75,Beach_Dune,1
190,420.3571577,144.3588513,2.334097684,1.387706561,17.75,20.25,Beach_Dune,1
191,289.0618401,243.2578889,1.840346093,0.253571414,1.75,3.75,Beach_Dune,1
191,160.5602645,122.4947296,2.261121002,0.407684318,3.75,5.75,Beach_Dune,1
191,155.209998,127.321885,2.465728943,0.551337357,5.75,7.75,Beach_Dune,1
191,272.3523852,115.0225889,2.469246333,0.698198971,7.75,9.75,Beach_Dune,1
191,377.4898961,135.224447,2.199347252,0.838594097,9.75,11.75,Beach_Dune,1
191,469.4757208,146.2764489,2.164825853,0.981746918,11.75,13.75,Beach_Dune,1
191,489.2949386,140.0929482,2.088992755,1.130011636,13.75,15.75,Beach_Dune,1
191,335.7578298,152.5549238,2.407619789,1.281541936,15.75,17.75,Beach_Dune,1
191,523.1464262,162.7353514,2.288118459,1.450148086,17.75,20.25,Beach_Dune,1
192,212.1668854,192.50436,2.187780737,0.245316388,1.75,3.75,Beach_Dune,1
192,244.4630446,167.6158556,1.874749289,0.402950156,3.75,5.75,Beach_Dune,1
192,158.2501996,131.0748466,2.470725873,0.565606302,5.75,7.8,Beach_Dune,1
192,176.0998571,45.94659035,3.060252578,0.687935962,7.8,9.75,Beach_Dune,1
192,235.8712333,129.2290694,2.478956219,0.811949724,9.75,11.75,Beach_Dune,1
192,276.7455761,185.4634508,2.485265117,0.97542973,11.75,13.75,Beach_Dune,1
192,196.4620259,131.8348112,2.566437373,1.139903184,13.75,15.75,Beach_Dune,1
192,578.612593,161.0774271,2.252763921,1.308140919,15.75,17.75,Beach_Dune,1
192,424.8242429,167.7256874,2.296678371,1.467724056,17.75,19.75,Beach_Dune,1
193,236.6899795,150.8434087,1.885507127,0.216076791,1.75,3.75,Beach_Dune,1
193,281.0244263,182.7598065,1.930313644,0.381149733,3.75,5.75,Beach_Dune,1
193,133.6631358,130.6902357,2.729280782,0.538702584,5.75,7.75,Beach_Dune,1
193,274.9869672,487.0659773,1.955088866,0.717691768,7.75,9.75,Beach_Dune,1
193,383.2928713,191.8356727,2.163545106,0.930075554,9.75,11.75,Beach_Dune,1
193,307.0432416,104.4051042,2.737085161,1.0869211,11.75,13.75,Beach_Dune,1
193,410.9210654,125.8084604,2.534443957,1.239077647,13.75,15.75,Beach_Dune,1
193,446.4139107,127.9249713,2.501511296,1.391150152,15.75,17.75,Beach_Dune,1
193,498.1158226,136.6967198,2.46485213,1.563730752,17.75,20.25,Beach_Dune,1
194,301.8241026,165.2380446,1.679002302,0.222426298,1.75,3.75,Beach_Dune,1
194,147.7194119,115.5283319,2.075157873,0.378262473,3.75,5.75,Beach_Dune,1
194,147.3539056,106.2632159,2.55863059,0.502839271,5.75,7.8,Beach_Dune,1
194,224.9193099,71.12029346,2.280875769,0.618734286,7.8,9.75,Beach_Dune,1
194,288.6584124,179.2321693,1.645196511,0.777241045,9.75,11.75,Beach_Dune,1
194,210.7119696,179.3109369,1.988915675,0.952380501,11.75,13.75,Beach_Dune,1
194,335.5428889,95.76163599,2.256657867,1.125611954,13.75,15.75,Beach_Dune,1
194,335.4541163,83.60165201,2.633822718,1.261336289,15.75,17.75,Beach_Dune,1
194,331.3160728,95.81013443,2.598784715,1.398840383,17.75,19.75,Beach_Dune,1
195,138.0455166,173.2008672,2.272085812,0.217684047,1.75,3.75,Beach_Dune,1
195,135.1768756,109.419857,3.33811032,0.322709888,3.75,5.75,Beach_Dune,1
195,196.4757639,158.6310716,3.892932429,0.462894485,5.75,7.75,Beach_Dune,1
195,384.3797498,225.0568706,1.884489186,0.633952923,7.75,9.75,Beach_Dune,1
195,420.0014254,162.171136,1.965245764,0.802256096,9.75,11.75,Beach_Dune,1
195,537.9201877,133.5743621,1.77516236,0.951062271,11.75,13.75,Beach_Dune,1
195,349.9434343,250.9706924,1.631895068,1.082620366,13.75,15.15,Beach_Dune,1
196,205.4815501,373.1847212,1.377885143,0.204940434,1.75,3.75,Beach_Dune,1
196,288.1002876,177.6265219,1.557352509,0.388687338,3.75,5.75,Beach_Dune,1
196,122.1164427,103.7553972,1.722700129,0.551383511,5.75,7.75,Beach_Dune,1
196,228.3863064,321.7022647,1.959592765,0.699855706,7.75,9.75,Beach_Dune,1
196,275.8870573,360.7196313,2.158026872,0.902727977,9.75,11.75,Beach_Dune,1
196,343.4793951,113.8995227,2.010994563,1.042401262,11.75,13.75,Beach_Dune,1
196,245.557827,68.94772997,2.718370377,1.183806119,13.75,15.75,Beach_Dune,1
196,236.4594678,144.2102798,2.501987537,1.342780776,15.75,17.75,Beach_Dune,1
196,283.9663759,167.3665915,2.345266979,1.533717362,17.75,19.95,Beach_Dune,1
197,215.5380628,258.1893184,1.972433922,0.238949349,1.75,3.75,Beach_Dune,1
197,145.8643994,178.4263037,1.813410232,0.412415838,3.75,5.75,Beach_Dune,1
197,163.4708521,117.4239329,2.226252294,0.569954263,5.75,7.75,Beach_Dune,1
197,140.1074398,71.35144119,2.842115555,0.693777832,7.75,9.75,Beach_Dune,1
197,192.667737,89.20806435,2.670777279,0.818106907,9.75,11.75,Beach_Dune,1
199,259.1346163,340.2098137,1.350614907,0.208673029,1.75,3.75,Beach_Dune,1
199,186.0661345,117.7030444,1.711391333,0.379107834,3.75,5.75,Beach_Dune,1
199,137.5845545,78.85502908,2.168760784,0.510745046,5.75,7.75,Beach_Dune,1
199,148.2279423,59.14745274,2.81651004,0.619712154,7.75,9.75,Beach_Dune,1
199,215.5175942,67.22283846,2.459090167,0.72723692,9.75,11.75,Beach_Dune,1
199,127.8480429,34.96333053,3.091101965,0.831979114,11.75,13.75,Beach_Dune,1
199,212.4794122,192.5819156,2.13953541,0.970315382,13.75,15.75,Beach_Dune,1
199,683.8562376,232.8780221,2.207159783,1.148518198,15.75,17.75,Beach_Dune,1
199,595.1409422,197.2836694,1.972790092,1.331758894,17.75,19.95,Beach_Dune,1
200,230.6244898,272.0281814,1.370107908,0.247111261,1.75,3.75,Beach_Dune,1
200,173.6830542,100.558689,1.760868253,0.406901445,3.75,5.75,Beach_Dune,1
200,177.3896203,84.81148885,1.91668729,0.537570406,5.75,7.75,Beach_Dune,1
200,145.7505087,77.25021566,3.151971442,0.659918556,7.75,9.75,Beach_Dune,1
200,233.1590849,92.96224925,2.857099763,0.78534242,9.75,11.75,Beach_Dune,1
200,265.1997011,105.0782179,2.115606408,0.932201832,11.75,13.75,Beach_Dune,1
200,173.8957732,69.17856868,2.873504837,1.072928979,13.75,15.75,Beach_Dune,1
200,175.0239853,61.29690666,2.906826006,1.212485469,15.75,17.75,Beach_Dune,1
200,274.756538,64.21073536,2.598983519,1.349659736,17.75,19.75,Beach_Dune,1
201,256.0851856,348.1888446,1.322747104,0.246739683,1.75,3.75,Beach_Dune,1
201,150.6059227,110.0983287,1.69843246,0.410783867,3.75,5.75,Beach_Dune,1
201,177.2523268,84.29121876,1.730359237,0.541650272,5.75,7.75,Beach_Dune,1
201,156.3601944,81.60737054,2.560196144,0.659285239,7.75,9.75,Beach_Dune,1
201,164.5341177,52.82638952,2.729501466,0.748981057,9.75,11.75,Beach_Dune,1
201,486.0975965,131.1514848,2.228394623,0.861165464,11.75,13.75,Beach_Dune,1
201,469.9172238,112.0222584,2.198281098,0.991922462,13.75,15.75,Beach_Dune,1
201,471.0844069,97.77440758,2.204496572,1.069219848,15.75,17.75,Beach_Dune,1
201,432.1207724,102.8302123,2.110327397,1.163294085,17.75,19.75,Beach_Dune,1
202,350.7145201,385.1294447,1.769174831,0.290989348,1.75,3.75,Beach_Dune,1
202,165.4389076,135.3723329,2.367006489,0.458122897,3.75,5.75,Beach_Dune,1
202,145.503979,142.5016571,2.216975254,0.606629981,5.75,7.75,Beach_Dune,1
202,180.3520442,177.8176619,2.151034696,0.747557388,7.75,9.75,Beach_Dune,1
202,231.3425245,185.5704565,2.532563213,0.885353773,9.75,11.75,Beach_Dune,1
202,309.9336873,200.1732637,1.93682162,1.078941299,11.75,13.75,Beach_Dune,1
202,454.1461773,93.31449776,1.864854091,1.229095011,13.75,15.75,Beach_Dune,1
202,303.9242618,159.1378021,1.991491818,1.352614802,15.75,17.75,Beach_Dune,1
202,471.8463933,97.39861094,2.273526535,1.504037393,17.75,19.75,Beach_Dune,1
203,188.6342662,350.4538549,1.772700971,0.24592132,1.75,3.75,Beach_Dune,1
203,157.8065448,129.8482778,1.791519066,0.434601127,3.75,5.75,Beach_Dune,1
203,187.1565905,102.7997695,2.184547857,0.584608745,5.75,7.75,Beach_Dune,1
203,167.2772588,81.70652993,2.691863624,0.704027201,7.75,9.75,Beach_Dune,1
203,159.3808596,56.3805573,2.995100207,0.807668497,9.75,11.75,Beach_Dune,1
203,247.3121712,117.4875571,2.335652817,0.944639033,11.75,13.75,Beach_Dune,1
203,202.4456214,95.39749442,2.577280203,1.070711249,13.75,15.75,Beach_Dune,1
203,189.3769179,80.50661858,2.834707219,1.213079755,15.75,17.75,Beach_Dune,1
203,291.1738375,141.1535627,2.389223185,1.371669945,17.75,19.85,Beach_Dune,1
204,192.6605698,155.8065303,1.961076193,0.225568832,1.75,3.75,Beach_Dune,1
204,164.5503446,105.436098,1.951524661,0.340748055,3.75,5.75,Beach_Dune,1
204,229.1033559,80.3245136,2.041725961,0.440906909,5.75,7.75,Beach_Dune,1
204,146.5090627,87.63255195,2.644471436,0.550435121,7.75,9.75,Beach_Dune,1
204,157.5785206,123.8293154,2.493340774,0.677284814,9.75,11.75,Beach_Dune,1
204,187.4991315,143.5078052,2.440616865,0.815487185,11.75,13.75,Beach_Dune,1
204,207.7033516,224.8744229,2.216866844,0.971547312,13.75,15.75,Beach_Dune,1
204,322.1987399,244.1396414,2.041713623,1.165278824,15.75,17.75,Beach_Dune,1
204,572.0336066,183.283205,2.221539337,1.353912532,17.75,19.95,Beach_Dune,1
205,252.9108686,167.2171757,1.798381635,0.220783084,1.8,3.75,Beach_Dune,1
205,214.1335419,103.982225,1.892846027,0.366815166,3.75,5.75,Beach_Dune,1
205,156.2340832,127.5197543,2.066793907,0.506510615,5.75,7.75,Beach_Dune,1
205,293.8117508,147.1574532,2.168832849,1.063513788,7.75,19.75,Beach_Dune,1
206,238.480533,174.1417429,1.640378805,0.182411039,1.75,3.75,Beach_Dune,1
206,137.7542731,72.28066087,2.135282441,0.306398808,3.75,5.75,Beach_Dune,1
206,173.5775543,162.0117908,1.611699826,0.450766297,5.75,7.75,Beach_Dune,1
206,172.9644922,158.6277144,2.254833692,0.590107902,7.75,9.75,Beach_Dune,1
206,157.5472169,151.554984,2.601179092,0.744540957,9.75,11.75,Beach_Dune,1
206,212.3825481,161.8830965,2.323821705,0.896159118,11.75,13.8,Beach_Dune,1
206,398.9754197,229.5018026,2.054023394,1.072968365,13.8,15.75,Beach_Dune,1
206,196.670976,75.62613594,2.419914434,1.177311003,15.75,17.75,Beach_Dune,1
206,236.4773236,92.9525263,2.460623138,1.280754946,17.75,19.75,Beach_Dune,1
207,166.7108549,111.7447456,1.662137107,0.19727834,1.75,3.75,Beach_Dune,1
207,141.0632635,103.835035,1.826062364,0.319942611,3.75,5.75,Beach_Dune,1
207,161.2777867,114.0269922,2.264080018,0.420560172,5.75,7.75,Beach_Dune,1
207,165.1509844,166.7866766,2.553786677,0.549022289,7.75,9.75,Beach_Dune,1
207,140.2998835,80.89521381,2.776219109,0.688905563,9.75,11.75,Beach_Dune,1
207,144.2479719,78.3686447,2.738704213,0.817423621,11.75,13.75,Beach_Dune,1
207,329.8886448,159.5103857,2.218828515,0.95607351,13.75,15.75,Beach_Dune,1
207,314.964189,120.5111761,2.449148008,1.107892913,15.75,17.75,Beach_Dune,1
207,381.5549884,286.8650956,2.03006105,1.235885394,17.75,18.95,Beach_Dune,1
208,191.1266313,156.1045771,1.616532394,0.195241191,1.75,3.75,Beach_Dune,1
208,193.8669492,182.6641318,1.731313305,0.361292468,3.75,5.75,Beach_Dune,1
208,143.0077455,130.0259364,2.105527384,0.520489586,5.75,7.75,Beach_Dune,1
208,177.703779,116.6745198,2.188844063,0.648705654,7.75,9.75,Beach_Dune,1
208,227.319492,108.7715965,2.252567663,0.773994646,9.75,11.75,Beach_Dune,1
208,235.8515442,125.1649602,2.2781645,0.905109725,11.75,13.75,Beach_Dune,1
208,172.6795199,144.3770972,2.509170024,1.054496414,13.75,15.75,Beach_Dune,1
208,265.8151021,264.145004,1.84980863,1.238628452,15.75,17.75,Beach_Dune,1
208,386.0062809,155.543308,1.733932329,1.433699228,17.75,19.75,Beach_Dune,1
209,199.6583805,251.7826919,1.886297081,0.23335975,1.75,3.75,Beach_Dune,1
209,188.1883212,166.1525197,2.126375722,0.384239011,3.75,5.75,Beach_Dune,1
209,177.2770859,167.2968963,2.319524793,0.540165452,5.75,7.75,Beach_Dune,1
209,164.2913709,77.01144532,2.913823679,0.681887671,7.75,9.75,Beach_Dune,1
209,261.7643302,216.9054891,2.475724438,0.825135392,9.75,11.75,Beach_Dune,1
209,257.416287,229.1579471,2.245635609,1.010646722,11.75,13.75,Beach_Dune,1
209,303.0178189,208.002629,2.298426809,1.203349649,13.75,15.75,Beach_Dune,1
209,335.9602653,196.1880847,2.537329799,1.37626448,15.75,17.75,Beach_Dune,1
209,354.879521,88.65182137,2.727938329,1.532551302,17.75,19.95,Beach_Dune,1
210,223.4645406,365.2706231,1.438083927,0.262088447,1.75,3.75,Beach_Dune,1
210,181.152643,164.1883987,1.620431884,0.446747693,3.75,5.75,Beach_Dune,1
210,216.1192381,195.5809845,1.535024343,0.6262578,5.75,7.75,Beach_Dune,1
210,194.3509988,186.0717085,2.241103225,0.785415909,7.75,9.75,Beach_Dune,1
210,150.2620103,92.6612338,2.88429867,0.919592511,9.75,11.75,Beach_Dune,1
210,150.3248634,71.46537442,3.080129982,1.059828045,11.75,13.75,Beach_Dune,1
210,178.6631351,114.1828982,2.4973523,1.220186295,13.75,15.75,Beach_Dune,1
210,230.072609,165.6217272,1.948711444,1.394941623,15.75,17.75,Beach_Dune,1
210,265.9876126,249.0983758,1.866290575,1.60002922,17.75,19.75,Beach_Dune,1
211,225.8080298,296.1613885,1.42524571,0.25761502,1.75,3.75,Beach_Dune,1
211,163.7492619,124.4489111,1.801847384,0.429932511,3.75,5.75,Beach_Dune,1
211,159.7186203,95.94147591,2.212335957,0.582208634,5.75,7.75,Beach_Dune,1
211,162.1185172,62.99932751,3.044253772,0.699230448,7.75,9.75,Beach_Dune,1
211,182.136052,86.80271895,2.45242395,0.829751684,9.75,11.75,Beach_Dune,1
211,175.9832601,84.35397864,2.764646381,0.960048048,11.75,13.75,Beach_Dune,1
211,270.8567705,384.3165201,1.866163662,1.124355851,13.75,15.75,Beach_Dune,1
211,432.0474307,121.3951817,2.453848064,1.317616766,15.75,17.75,Beach_Dune,1
211,453.3034839,102.4706012,2.423793657,1.46501615,17.75,19.85,Beach_Dune,1
212,269.4105384,251.5669877,1.374471943,0.210122166,1.75,3.75,Beach_Dune,1
212,184.3694728,263.3813176,1.97246828,0.372268782,3.75,5.75,Beach_Dune,1
212,135.4209741,150.9396483,2.401084849,0.463478403,5.75,7.75,Beach_Dune,1
212,167.4557082,139.8713564,2.366198794,0.575367429,7.75,9.75,Beach_Dune,1
212,148.3277588,102.8391195,2.639191705,0.643419979,9.75,11.75,Beach_Dune,1
212,207.4078628,93.06932779,2.26057291,0.743992963,11.75,13.75,Beach_Dune,1
212,170.264748,112.1230008,2.618234119,0.85933589,13.75,15.75,Beach_Dune,1
212,385.2874759,268.2395561,1.890839768,0.997217582,15.75,17.75,Beach_Dune,1
212,171.0773739,204.9028695,2.122986219,1.193670675,17.75,19.85,Beach_Dune,1
213,272.7631976,329.9677024,1.854211217,0.215367868,1.75,3.75,Beach_Dune,1
213,173.8176845,238.2066238,1.805862719,0.421931385,3.75,5.75,Beach_Dune,1
213,185.0927217,184.7766509,1.892615223,0.613492874,5.75,7.75,Beach_Dune,1
213,130.8809512,223.7392523,2.035452976,0.803774905,7.75,9.75,Beach_Dune,1
213,242.1305925,310.8310845,1.763093671,1.013303664,9.75,11.75,Beach_Dune,1
213,210.8225772,95.12731617,2.8569775,1.187583636,11.75,13.75,Beach_Dune,1
213,265.5847881,166.3308511,2.453365412,1.334461809,13.75,15.75,Beach_Dune,1
213,314.7467647,221.2803396,1.963176217,1.529915444,15.75,17.75,Beach_Dune,1
213,438.0430506,90.92734466,2.336601204,1.69922505,17.75,19.95,Beach_Dune,1
214,177.8859951,259.7181002,1.695858548,0.262482566,1.75,3.75,Beach_Dune,1
214,179.238162,234.7549722,1.779529509,0.455445071,3.75,5.75,Beach_Dune,1
214,180.8849624,203.9060887,1.834054299,0.650250553,5.75,7.75,Beach_Dune,1
214,200.0871701,150.2475442,1.909895682,0.826764491,7.75,9.75,Beach_Dune,1
214,144.2502329,32.76802797,3.264121866,0.940888056,9.75,11.75,Beach_Dune,1
214,182.3944097,50.1187661,3.483273122,1.064036671,11.75,13.75,Beach_Dune,1
214,259.9845008,155.8527423,2.638945777,1.210531236,13.75,15.75,Beach_Dune,1
214,431.1425505,181.6442427,2.071813892,1.392665609,15.75,17.75,Beach_Dune,1
214,469.5188065,101.6285737,2.766236865,1.579319298,17.75,19.85,Beach_Dune,1
215,228.3823529,325.3668289,1.649202687,0.253836935,1.75,3.75,Beach_Dune,1
215,194.4248712,278.2166978,1.655664813,0.463944912,3.75,5.75,Beach_Dune,1
215,185.1624826,169.0745883,1.731717676,0.65507647,5.75,7.75,Beach_Dune,1
215,220.9488567,175.0557007,1.781816661,0.841227175,7.75,9.75,Beach_Dune,1
215,217.7345314,155.2807583,2.021720713,1.033910279,9.75,11.75,Beach_Dune,1
215,156.7123659,26.3081544,3.295980482,1.153804861,11.75,13.75,Beach_Dune,1
215,207.7991931,80.75237675,2.754326766,1.28986708,13.75,15.75,Beach_Dune,1
215,385.6586947,111.2387594,1.949824586,1.437002471,15.75,17.75,Beach_Dune,1
215,406.5580043,88.66606048,1.827887122,1.589907199,17.75,19.95,Beach_Dune,1
216,297.0310933,372.2807094,1.450931277,0.247460977,1.75,3.75,Beach_Dune,1
216,199.4698504,216.0436732,1.562215428,0.441492263,3.75,5.75,Beach_Dune,1
216,218.2209003,181.4654733,1.659730375,0.625606305,5.75,7.75,Beach_Dune,1
216,201.8585686,220.1488131,1.832863683,0.811890664,7.75,9.75,Beach_Dune,1
216,151.4265791,24.23015881,3.235380853,0.933579248,9.75,11.8,Beach_Dune,1
216,148.2727491,27.96254883,3.226466628,1.029851086,11.8,13.75,Beach_Dune,1
216,232.0651985,76.64164543,2.450009514,1.160576367,13.75,15.75,Beach_Dune,1
216,224.1646189,212.1266666,2.138967931,1.271901971,15.75,16.75,Beach_Dune,1
217,282.2865307,159.2792818,1.914526953,0.184036204,1.75,3.75,Beach_Dune,1
217,173.3488149,177.5759934,1.837762864,0.347792433,3.75,5.75,Beach_Dune,1
217,139.7895444,119.6824573,2.676617469,0.491567994,5.75,7.75,Beach_Dune,1
217,236.6173746,154.4001028,2.125493546,0.650470728,7.75,9.75,Beach_Dune,1
217,193.0571869,89.44926157,2.847418103,0.804944772,9.75,11.75,Beach_Dune,1
217,202.5111359,96.57225598,2.76553107,0.948630139,11.75,13.75,Beach_Dune,1
217,517.0077401,133.7710826,2.511475008,1.093959492,13.75,15.75,Beach_Dune,1
217,518.5322548,122.5303942,2.241031913,1.248177951,15.75,17.75,Beach_Dune,1
217,369.8320335,112.8344656,2.45502725,1.389017929,17.75,19.75,Beach_Dune,1
218,184.5855937,147.4168678,1.762438846,0.215354819,1.75,3.75,Beach_Dune,1
218,240.6427261,142.2720209,1.808582554,0.364260539,3.75,5.75,Beach_Dune,1
218,158.9199991,150.9261642,2.303173791,0.487280072,5.75,7.75,Beach_Dune,1
218,180.4092149,105.8298059,2.604933458,0.61962499,7.75,9.75,Beach_Dune,1
218,217.5966689,139.2835665,2.157869924,0.757267743,9.75,11.75,Beach_Dune,1
218,353.0777819,137.0670176,2.310537648,0.905909333,11.75,13.75,Beach_Dune,1
218,286.6231664,125.5088148,2.541627815,1.047567567,13.75,15.75,Beach_Dune,1
218,254.128774,99.38990177,2.656366281,1.199061856,15.75,17.9,Beach_Dune,1
218,380.9223756,162.7965394,2.251570039,1.348017793,17.9,19.75,Beach_Dune,1
219,176.5895483,260.9036173,1.696721062,0.243547857,1.75,3.75,Beach_Dune,1
219,171.3190162,216.0684871,1.643480338,0.435875768,3.75,5.75,Beach_Dune,1
219,180.752981,227.816512,1.706224036,0.626009534,5.75,7.75,Beach_Dune,1
219,196.7921274,219.1775135,1.712803077,0.824921609,7.75,9.75,Beach_Dune,1
219,200.5303765,67.18334825,2.88745379,0.975731558,9.75,11.75,Beach_Dune,1
219,219.7998543,88.351253,2.830904489,1.118955423,11.75,13.75,Beach_Dune,1
219,178.5094687,79.0121311,2.561780121,1.276377812,13.75,15.75,Beach_Dune,1
219,266.1504809,284.329161,2.084229271,1.446694938,15.75,17.75,Beach_Dune,1
219,387.9846526,129.5352202,2.345782615,1.647199105,17.75,19.85,Beach_Dune,1
220,125.711741,169.9261333,2.137378508,0.220895879,1.75,3.75,Beach_Dune,1
220,209.6773766,321.1821851,1.787388648,0.380536822,3.75,5.75,Beach_Dune,1
220,268.2807,279.259182,1.691381753,0.59304857,5.75,7.75,Beach_Dune,1
220,218.6636202,184.5887754,1.74334495,0.794331218,7.75,9.75,Beach_Dune,1
220,187.4699097,120.0697888,2.424611093,0.968719096,9.75,11.75,Beach_Dune,1
220,136.6712307,68.10185806,2.805479925,1.089652796,11.75,13.75,Beach_Dune,1
220,185.0554602,96.41007255,2.685602935,1.232737635,13.75,15.75,Beach_Dune,1
220,344.2904914,63.85320789,2.76524378,1.375115496,15.75,17.75,Beach_Dune,1
220,229.2920026,65.06657694,2.837243957,1.512842195,17.75,19.85,Beach_Dune,1
221,198.8977163,153.3812729,2.159791379,0.214504513,1.75,3.75,Beach_Dune,1
221,97.87803938,101.4215833,2.765471172,0.329458241,3.75,5.75,Beach_Dune,1
221,170.1416021,140.900243,2.426975231,0.462615879,5.75,7.75,Beach_Dune,1
221,169.3230014,206.0177229,1.886910688,0.627346251,7.75,9.75,Beach_Dune,1
221,198.598679,180.7378054,1.980348899,0.807786838,9.75,11.75,Beach_Dune,1
221,207.0785389,138.0691485,1.978069341,0.972786359,11.75,13.75,Beach_Dune,1
221,225.588834,79.66886194,2.241045109,1.109354353,13.75,15.75,Beach_Dune,1
221,303.4971965,67.51409446,3.537246772,1.237424991,15.75,17.75,Beach_Dune,1
221,347.4326773,129.4549026,2.617366978,1.402178004,17.75,19.85,Beach_Dune,1
222,176.5998061,200.55387,1.937038165,0.205044143,1.75,3.75,Beach_Dune,1
222,150.0147887,180.7213795,2.499300169,0.355794734,3.75,5.75,Beach_Dune,1
222,234.0646115,148.7640703,2.525480832,0.496150807,5.75,7.75,Beach_Dune,1
222,403.5708052,147.6778472,2.58915724,0.650309406,7.75,9.75,Beach_Dune,1
222,371.4324273,193.1848783,2.253253241,0.799835397,9.75,11.75,Beach_Dune,1
222,588.8506254,213.1436168,2.24732433,0.960205643,11.75,13.75,Beach_Dune,1
222,431.1737352,203.139298,2.422336706,1.127045439,13.75,15.75,Beach_Dune,1
222,498.5760479,149.1519087,2.300624228,1.283305729,15.75,17.75,Beach_Dune,1
222,470.1949255,142.3435385,2.349011683,1.438664049,17.75,19.85,Beach_Dune,1
223,135.1855371,122.7603687,2.485856233,0.195915544,1.75,3.75,Beach_Dune,1
223,133.5670882,135.447095,2.60753398,0.314343574,3.75,5.75,Beach_Dune,1
223,320.4971916,229.781182,2.373706591,0.459515308,5.75,7.75,Beach_Dune,1
223,372.3118278,193.9054543,2.201256621,0.614438611,7.75,9.8,Beach_Dune,1
223,501.4989311,206.6604417,2.110183515,0.777713718,9.8,11.75,Beach_Dune,1
223,536.9396705,191.6506727,2.191473771,0.927952077,11.75,13.75,Beach_Dune,1
223,589.8441702,203.1036105,2.197960973,1.089518977,13.75,15.75,Beach_Dune,1
223,530.3527365,145.9201314,2.2561147,1.243350546,15.75,17.75,Beach_Dune,1
223,440.0832608,143.6613235,2.321649145,1.390734208,17.75,19.75,Beach_Dune,1
224,161.6337824,240.4642523,1.796114268,0.231090952,1.75,3.75,Beach_Dune,1
224,161.1336643,155.2967488,1.749172254,0.392675068,3.75,5.75,Beach_Dune,1
224,129.7300542,65.50575872,2.788428381,0.518214272,5.75,7.75,Beach_Dune,1
224,146.3387983,83.8930296,2.778704407,0.63482916,7.75,9.75,Beach_Dune,1
224,201.8959429,81.66379267,2.44751929,0.762595824,9.75,11.75,Beach_Dune,1
224,225.3000324,158.3044994,2.29117983,0.907329026,11.75,13.75,Beach_Dune,1
224,487.479509,168.8474415,1.713373269,1.090587712,13.75,15.75,Beach_Dune,1
224,540.4444692,257.1272857,1.966525599,1.278537872,15.75,17.75,Beach_Dune,1
224,488.7707616,99.53311145,2.543011837,1.433874079,17.75,19.75,Beach_Dune,1
225,200.5613337,159.5324902,1.766919642,0.193270002,1.75,3.75,Beach_Dune,1
225,154.6062952,198.8487729,2.000946643,0.355020774,3.75,5.75,Beach_Dune,1
225,155.5780919,138.8608704,2.047886673,0.509606664,5.75,7.75,Beach_Dune,1
225,164.1265562,83.63544893,2.84372867,0.648235046,7.75,9.75,Beach_Dune,1
225,582.7036766,349.3524259,2.216285108,0.817534187,9.75,11.75,Beach_Dune,1
225,495.145942,168.1088591,2.23310841,1.001315603,11.75,13.75,Beach_Dune,1
225,540.0058582,125.2944286,2.523122681,1.157661589,13.75,15.75,Beach_Dune,1
225,340.1188897,128.0858666,2.482907059,1.305056913,15.75,17.75,Beach_Dune,1
225,483.6128229,116.1205674,2.578061015,1.461669756,17.75,19.95,Beach_Dune,1
226,178.5609464,182.0932033,1.912114386,0.208745466,1.75,3.75,Beach_Dune,1
226,246.3065106,146.8837807,1.729374898,0.365702752,3.75,5.75,Beach_Dune,1
226,181.0193366,100.6000284,2.264376573,0.520809197,5.75,7.75,Beach_Dune,1
226,168.6045223,120.1759044,2.712729364,0.660199911,7.75,9.75,Beach_Dune,1
226,397.6206248,128.7008216,2.212539787,0.830076894,9.75,11.95,Beach_Dune,1
226,400.1910921,128.3115051,2.32698111,0.978817285,11.95,13.75,Beach_Dune,1
226,380.3168241,105.4625381,2.030771187,1.09482392,13.75,15.75,Beach_Dune,1
226,480.4819845,173.3858616,2.697825673,1.256121093,15.75,17.75,Beach_Dune,1
226,178.1618513,49.05955347,3.139407939,1.420727047,17.75,19.95,Beach_Dune,1
227,207.4422739,269.7570286,2.087186652,0.213868806,1.75,3.75,Beach_Dune,1
227,240.4725129,217.2245553,1.819527866,0.390527623,3.75,5.75,Beach_Dune,1
227,154.1571085,126.4842214,2.418922017,0.563413983,5.75,7.75,Beach_Dune,1
227,198.5440042,138.039042,2.608104278,0.704793764,7.75,9.75,Beach_Dune,1
227,361.4009877,162.3838552,2.58239713,0.856684612,9.75,11.75,Beach_Dune,1
227,629.4906697,236.4279196,2.151358579,1.032480539,11.75,13.75,Beach_Dune,1
227,498.7874789,181.1669969,1.527966261,1.222138208,13.75,15.75,Beach_Dune,1
227,404.8867131,165.5917676,1.629625321,1.392050024,15.75,17.75,Beach_Dune,1
227,560.4627327,341.8348161,1.449172556,1.506438298,17.75,18.15,Beach_Dune,1
228,201.0179745,374.0087186,1.467630541,0.254680203,1.75,3.75,Beach_Dune,1
228,165.5517356,123.7879642,1.781483762,0.43713615,3.75,5.75,Beach_Dune,1
228,193.1589915,152.4480765,2.118863257,0.551286663,5.75,7.75,Beach_Dune,1
228,166.4774645,148.60392,2.322171271,0.684372312,7.75,9.75,Beach_Dune,1
228,316.7252839,94.59783163,2.73468993,0.822867669,9.75,11.75,Beach_Dune,1
228,229.7431082,119.5698678,2.597006438,0.96008646,11.75,13.75,Beach_Dune,1
228,348.3402425,128.2959869,2.88803849,1.107012472,13.75,15.75,Beach_Dune,1
228,293.6415933,120.224507,2.463293222,1.262871788,15.75,17.75,Beach_Dune,1
228,271.5434359,88.50740946,2.679149464,1.406353354,17.75,19.75,Beach_Dune,1
229,201.9662416,239.6151737,1.545597288,0.226900648,1.75,3.75,Beach_Dune,1
229,175.0640104,180.6785501,1.694934072,0.405557521,3.75,5.75,Beach_Dune,1
229,241.7866151,132.7086917,2.014978353,0.563607495,5.75,7.75,Beach_Dune,1
229,142.436546,48.98385955,2.983570867,0.697696195,7.75,9.75,Beach_Dune,1
229,121.1373766,53.05452954,3.058114964,0.817125572,9.75,11.75,Beach_Dune,1
229,191.7143488,83.6380355,2.440996742,0.950297008,11.75,13.75,Beach_Dune,1
229,257.5378519,221.2520511,2.307248979,1.103044883,13.75,15.75,Beach_Dune,1
229,385.3419104,94.49326932,2.502432683,1.260455239,15.75,17.75,Beach_Dune,1
229,452.1850576,92.40555942,2.510582367,1.389270015,17.75,19.95,Beach_Dune,1
230,301.1074428,275.6645429,1.524580663,0.242932512,1.75,3.75,Beach_Dune,1
230,165.2961969,129.8513143,1.810391452,0.417566679,3.75,5.75,Beach_Dune,1
230,182.4477238,113.4702736,2.190703401,0.570693449,5.75,7.75,Beach_Dune,1
230,198.6500287,105.829859,2.644862566,0.699814742,7.75,9.75,Beach_Dune,1
230,199.1078277,72.44329365,3.002215782,0.818635473,9.75,11.75,Beach_Dune,1
230,314.3951865,223.7730325,2.581179286,0.972617888,11.75,13.75,Beach_Dune,1
230,470.2623106,224.6140199,2.10796356,1.155199425,13.75,15.75,Beach_Dune,1
230,377.5467973,179.8025155,2.33990767,1.318789149,15.75,17.35,Beach_Dune,1
231,219.7095834,312.1485184,1.576999371,0.242432077,1.75,3.75,Beach_Dune,1
231,166.5070564,144.5275449,1.812609305,0.425097984,3.75,5.75,Beach_Dune,1
231,171.097325,105.0023313,2.132422772,0.586328018,5.75,7.75,Beach_Dune,1
231,238.9598099,145.7845698,2.37094753,0.737771641,7.75,9.75,Beach_Dune,1
231,215.9431824,142.0092116,2.212901085,0.899811218,9.75,11.75,Beach_Dune,1
231,384.1624309,147.6667266,2.672293808,1.055847636,11.75,13.75,Beach_Dune,1
231,397.4782667,234.1660468,2.289768135,1.237846667,13.75,15.75,Beach_Dune,1
231,541.2969203,104.3858747,2.566789123,1.411167895,15.75,17.75,Beach_Dune,1
231,407.2839611,66.29361997,2.781515808,1.538993283,17.75,19.25,Beach_Dune,1
232,265.1953267,199.5576566,1.648674211,0.231577507,1.75,3.75,Beach_Dune,1
232,157.1766052,128.3602402,1.834399586,0.402586287,3.75,5.75,Beach_Dune,1
232,227.383901,134.38866,1.858227027,0.554940453,5.75,7.75,Beach_Dune,1
232,269.6201255,131.9652461,2.109908288,0.703574065,7.75,9.75,Beach_Dune,1
232,183.5660531,109.5730729,2.890697343,0.845370207,9.75,11.75,Beach_Dune,1
232,292.5205324,122.7874451,2.793271487,1.001936027,11.75,13.75,Beach_Dune,1
232,335.6913447,246.0958104,2.304136898,1.171987439,13.75,15.75,Beach_Dune,1
232,508.4553484,292.0198172,1.873637793,1.365885146,15.75,17.75,Beach_Dune,1
232,530.8507883,117.583466,2.319054445,1.553390289,17.75,19.75,Beach_Dune,1
233,219.8283053,193.8916215,1.691518614,0.23024676,1.8,3.75,Beach_Dune,1
233,210.5500691,166.3720171,2.019029988,0.387721053,3.75,5.75,Beach_Dune,1
233,193.7351932,167.7620161,2.073763138,0.540199611,5.75,7.75,Beach_Dune,1
233,188.5572653,156.6506135,2.287604431,0.691076185,7.75,9.75,Beach_Dune,1
233,270.6048872,93.12233679,2.112705749,0.837366726,9.75,11.75,Beach_Dune,1
233,303.2097266,125.3782412,2.285331858,0.980732056,11.75,13.75,Beach_Dune,1
233,899.2218033,165.8277327,1.593412095,1.150605594,13.75,15.75,Beach_Dune,1
233,768.2976759,228.9700345,1.578413338,1.339640423,15.75,17.75,Beach_Dune,1
233,1016.413049,160.0910311,1.630861533,1.520937568,17.75,19.75,Beach_Dune,1
234,216.0830571,487.1719911,1.621920089,0.245367041,1.75,3.75,Beach_Dune,1
234,249.1975833,316.5711753,1.506229195,0.462415862,3.75,5.75,Beach_Dune,1
234,165.011209,159.0388623,1.706273438,0.651577187,5.75,7.75,Beach_Dune,1
234,243.8919923,265.4989394,1.744728218,0.847156564,7.75,9.75,Beach_Dune,1
234,194.6977733,78.4550274,2.541159322,1.023986102,9.75,11.75,Beach_Dune,1
234,199.3826677,66.55567935,3.123929375,1.144966358,11.75,13.75,Beach_Dune,1
234,423.3873895,96.1090986,2.593835235,1.291797306,13.75,15.75,Beach_Dune,1
234,241.0104133,105.4858768,2.183803477,1.45749156,15.75,17.75,Beach_Dune,1
234,241.1272516,85.88177992,2.500806025,1.610309413,17.75,19.75,Beach_Dune,1
235,197.1795707,130.5945365,1.892229492,0.212673372,1.75,3.75,Floodplain,2
235,268.5474336,122.2492583,2.282324578,0.341066637,3.75,5.75,Floodplain,2
235,154.3156518,95.52992907,2.542381387,0.442686932,5.75,7.75,Floodplain,2
235,156.3362591,245.6395521,2.028981318,0.559417252,7.75,9.75,Floodplain,2
235,554.9222011,411.76143,1.524887495,0.696906103,9.75,10.5,Floodplain,2
236,277.2698577,286.6552274,2.377517818,0.236011917,1.8,3.75,Floodplain,2
236,213.2180197,217.0033966,2.516370695,0.38718379,3.75,5.75,Floodplain,2
236,211.2829622,192.8631679,1.857387658,0.551144582,5.75,7.75,Floodplain,2
236,223.3055759,261.0712653,1.531440633,0.745286668,7.75,9.75,Floodplain,2
236,312.0641122,340.2017742,2.156903543,1.031327813,9.75,13.75,Floodplain,2
237,271.902973,276.207816,2.187139053,0.314353491,1.8,5.75,Floodplain,2
237,179.4858014,140.9103535,2.088207087,0.543558265,5.75,7.75,Floodplain,2
237,167.8240723,195.5488874,2.199577404,0.695524079,7.75,9.75,Floodplain,2
237,188.2749092,235.3802337,1.921009458,0.815693125,9.75,10.4,Floodplain,2
238,223.6604465,402.6629231,2.518638411,0.232559053,1.75,3.75,Floodplain,2
238,353.9956724,228.4126453,2.303508379,0.394383419,3.75,5.75,Floodplain,2
238,141.0775691,134.4063176,2.083266581,0.542655361,5.75,7.75,Floodplain,2
238,205.0897996,190.327553,2.050519826,0.707560859,7.75,9.75,Floodplain,2
238,265.8930038,310.043199,1.961025815,0.84853092,9.75,10.65,Floodplain,2
239,178.3954511,131.3128606,2.164233183,0.170541923,1.75,3.75,Floodplain,2
239,142.4893488,120.0641799,2.406563262,0.263262198,3.75,5.75,Floodplain,2
239,154.5884823,106.5194106,2.282195061,0.364837144,5.75,7.75,Floodplain,2
239,193.7679092,155.0730404,1.784945239,0.517956726,7.75,9.75,Floodplain,2
239,208.5449535,138.4467276,1.883833317,0.694481304,9.75,11.75,Floodplain,2
239,194.5738085,255.9547369,2.067786376,0.867550712,11.75,13.75,Floodplain,2
239,386.2071965,81.91093649,2.893858584,1.038685727,13.75,15.75,Floodplain,2
239,186.4174729,103.0269398,2.930484091,1.196808579,15.75,17.75,Floodplain,2
239,176.5879311,234.8004977,2.614220467,1.40288887,17.75,20.25,Floodplain,2
240,198.3009595,169.7998559,2.083336121,0.287761414,1.75,5.75,Floodplain,2
240,223.5723761,187.0381917,2.212383435,0.50453172,5.75,7.75,Floodplain,2
240,134.4520596,164.1794475,2.051305418,0.662298768,7.75,9.75,Floodplain,2
240,175.8427167,187.6898226,2.052376191,0.829950685,9.75,11.75,Floodplain,2
240,199.2969081,178.8401248,2.004193428,1.013162762,11.75,13.75,Floodplain,2
240,358.7518581,291.6658346,2.243824934,1.20015842,13.75,15.75,Floodplain,2
240,261.2735292,335.2356949,2.406724581,1.361027916,15.75,17,Floodplain,2
241,167.4510493,156.0371303,1.535873581,0.204192855,1.75,3.75,Valley_Train,5
241,203.0675503,212.942695,1.447789966,0.358647353,3.75,5.75,Valley_Train,5
241,202.5378019,196.9761387,1.507835328,0.532597765,5.75,7.75,Valley_Train,5
241,237.1111213,200.7318201,1.45109598,0.713907511,7.75,9.75,Valley_Train,5
241,225.3398606,172.3053221,1.555304841,0.894943084,9.75,11.75,Valley_Train,5
241,229.8327936,229.5921297,1.615098243,1.088045794,11.75,13.75,Valley_Train,5
241,296.4152665,233.9120979,1.551344265,1.294410202,13.75,15.75,Valley_Train,5
241,274.7549289,212.6194336,1.573395587,1.500839805,15.75,17.75,Valley_Train,5
241,225.2096276,266.7466776,1.707662206,1.621019709,17.75,18.05,Valley_Train,5
242,167.3880773,323.8841905,2.506133834,0.23251275,1.75,3.75,Floodplain,2
242,181.9679416,331.7328432,2.504907348,0.393608898,3.75,5.75,Floodplain,2
242,204.9881286,224.6586339,2.64234335,0.568085312,5.75,7.75,Floodplain,2
242,209.8023499,116.5063417,2.817350928,0.729366988,7.75,9.75,Floodplain,2
242,261.8119692,226.2784011,1.943582584,0.901922827,9.75,11.75,Floodplain,2
242,252.2620856,107.6776804,2.824882031,1.083515516,11.75,13.75,Floodplain,2
242,202.7726431,118.525185,2.879567052,1.252341251,13.75,15.75,Floodplain,2
242,238.6539897,124.0752923,2.863698231,1.431329815,15.75,17.75,Floodplain,2
242,309.7090863,105.345986,2.685234213,1.629654299,17.75,20.25,Floodplain,2
243,159.0873594,282.7618674,2.634024428,0.242477801,1.75,3.75,Floodplain,2
243,168.7332124,219.8485517,2.058096938,0.406698567,3.75,5.75,Floodplain,2
243,280.1426628,194.797488,1.928931689,0.590527376,5.75,7.75,Floodplain,2
243,230.5678551,183.812532,1.994068954,0.768721276,7.75,9.75,Floodplain,2
243,215.7464743,158.2190641,2.477706096,0.951759036,9.75,11.75,Floodplain,2
243,225.846048,105.5131376,2.753599673,1.120555156,11.75,13.75,Floodplain,2
243,236.2247302,118.2980076,2.808195713,1.289027322,13.75,15.75,Floodplain,2
243,280.4256979,107.2722138,2.882422108,1.459698866,15.75,17.75,Floodplain,2
243,253.570303,95.85079721,2.937038196,1.64092926,17.75,20.25,Floodplain,2
244,207.6439122,353.5816089,2.513512147,0.21140661,1.75,3.75,Floodplain,2
244,142.0934422,170.9943009,2.713201862,0.36759181,3.75,5.75,Floodplain,2
244,222.0452409,188.5874839,2.609422635,0.515878088,5.75,7.75,Floodplain,2
244,243.0620811,221.3037658,2.370876262,0.681295305,7.75,9.75,Floodplain,2
244,196.0332467,168.948451,2.225902094,0.867795769,9.75,11.75,Floodplain,2
244,186.3087816,95.657316,3.00863223,1.042375579,11.75,13.75,Floodplain,2
244,212.5730799,112.7899237,2.858772756,1.205827901,13.75,15.75,Floodplain,2
244,234.3879247,81.88660355,3.016990141,1.369014573,15.75,17.75,Floodplain,2
244,195.2646059,79.8320057,2.952737399,1.5423187,17.75,19.95,Floodplain,2
245,159.9613252,402.1719539,2.490232383,0.255972622,1.75,3.75,Floodplain,2
245,174.9739103,242.2899715,2.554529378,0.419617054,3.75,5.75,Floodplain,2
245,206.7782154,202.9361639,2.645327505,0.583645859,5.75,7.75,Floodplain,2
245,211.4038885,138.5496184,2.836082582,0.751276999,7.75,9.75,Floodplain,2
245,215.9431824,142.7733717,2.807491569,0.913934822,9.75,11.75,Floodplain,2
245,238.1603985,121.9914064,2.844540388,1.080106029,11.75,13.75,Floodplain,2
245,260.13299,135.6761779,2.74004722,1.251217938,13.75,15.75,Floodplain,2
245,283.607146,181.2498397,2.648189643,1.41845945,15.75,17.75,Floodplain,2
245,281.0381367,156.0238704,2.704361724,1.603980644,17.75,19.95,Floodplain,2
246,171.8078724,377.253208,2.546484974,0.23290774,1.75,3.75,Floodplain,2
246,190.1050961,232.1195493,2.648160143,0.398385636,3.75,5.75,Floodplain,2
246,171.0147111,208.2005739,2.629901392,0.566765856,5.75,7.75,Floodplain,2
246,199.9273685,139.7703707,2.849067336,0.73054967,7.75,9.75,Floodplain,2
246,251.5567733,201.2246542,2.64165107,0.895011567,9.75,11.75,Floodplain,2
246,270.9465143,141.5823889,2.660932805,1.067975868,11.75,13.75,Floodplain,2
246,238.4623467,133.7189831,2.693811408,1.234824939,13.75,15.75,Floodplain,2
246,277.3109013,142.2343141,2.695926715,1.40984421,15.75,17.75,Floodplain,2
246,282.7839719,218.7559867,1.900643584,1.623296791,17.75,20.25,Floodplain,2
247,213.2410957,206.2065962,2.05740139,0.257690631,1.75,3.75,Floodplain,2
247,210.6524709,209.3123434,2.152253397,0.425308573,3.75,5.75,Floodplain,2
247,225.2078136,161.0123124,2.015170607,0.601152687,5.75,7.75,Floodplain,2
247,253.5428004,287.8253087,2.224756078,0.778507518,7.75,9.75,Floodplain,2
247,329.7603956,302.1516085,2.256705078,0.980088378,9.75,11.75,Floodplain,2
247,273.8765747,225.2972585,2.429245216,1.18990266,11.75,13.75,Floodplain,2
247,234.4442122,115.1565235,2.913257933,1.366067409,13.75,15.75,Floodplain,2
247,211.0922888,78.9254425,3.06556888,1.539315345,15.75,17.75,Floodplain,2
247,268.6007164,87.05907536,3.022231902,1.735042458,17.75,20.25,Floodplain,2
248,200.7365559,230.0218022,2.215923297,0.221526468,1.75,3.75,Floodplain,2
248,157.2172449,200.7867702,2.281775792,0.368999754,3.75,5.75,Floodplain,2
248,222.7174034,216.0483065,1.856773795,0.543192356,5.75,7.75,Floodplain,2
248,260.7974739,307.2191897,1.673637024,0.754943834,7.75,9.75,Floodplain,2
248,212.3688076,223.6877387,1.777234239,0.968244937,9.75,11.75,Floodplain,2
248,229.4921727,212.8163185,2.101554479,1.159240741,11.75,13.75,Floodplain,2
248,307.2348479,174.952171,2.362538929,1.35972831,13.75,15.75,Floodplain,2
248,277.3723872,75.88596413,3.121532943,1.529627639,15.75,17.75,Floodplain,2
248,257.7784349,86.25060238,3.074607706,1.73539409,17.75,20.25,Floodplain,2
249,142.8373076,313.4524582,2.336342702,0.234978043,1.75,3.75,Floodplain,2
249,177.0045276,223.0483064,1.825602204,0.413099533,3.75,5.75,Floodplain,2
249,236.2016186,257.3614638,1.781565961,0.606793311,5.75,7.75,Floodplain,2
249,234.2561187,293.9905005,1.808567325,0.810867307,7.75,9.75,Floodplain,2
249,278.7727107,294.8198929,1.735298083,1.030685239,9.75,11.75,Floodplain,2
249,265.2184209,214.9662108,1.976512864,1.240874052,11.75,13.75,Floodplain,2
249,265.6467052,205.6357301,1.897310369,1.442299062,13.75,15.75,Floodplain,2
249,228.068756,122.2475569,2.631965059,1.64122189,15.75,17.75,Floodplain,2
249,215.934363,73.9512411,3.147985632,1.839708886,17.75,20.25,Floodplain,2
250,176.0207041,343.8638818,2.548376361,0.219639429,1.75,3.75,Floodplain,2
250,207.4092277,253.1106554,2.588941596,0.38131878,3.75,5.75,Floodplain,2
250,218.9760633,198.1791659,2.738339378,0.55199496,5.75,7.75,Floodplain,2
250,203.0469147,154.5014896,2.912765734,0.723394006,7.75,9.75,Floodplain,2
250,291.8939914,251.3196494,2.078360878,0.910052302,9.75,11.75,Floodplain,2
250,270.6780244,185.3805448,1.975497255,1.108950628,11.75,13.75,Floodplain,2
250,344.2016304,275.8061785,2.018539796,1.301966374,13.75,15.75,Floodplain,2
250,315.3959554,233.4469653,2.202639121,1.517802027,15.75,17.75,Floodplain,2
250,255.4343157,106.8203056,2.978249946,1.736038811,17.75,20.25,Floodplain,2
251,140.6056629,401.5495668,2.53155906,0.229704647,1.75,3.75,Floodplain,2
251,233.0310562,261.0898772,2.371782835,0.414201244,3.75,6.15,Floodplain,2
251,253.5844347,171.5504822,1.874429015,0.595669343,6.15,7.75,Floodplain,2
251,209.7864861,182.7337511,1.983657232,0.761562763,7.75,9.75,Floodplain,2
251,193.0571869,167.237245,2.190408413,0.940126211,9.75,11.75,Floodplain,2
251,134.5638824,60.24799408,3.232047614,1.091011064,11.75,13.75,Floodplain,2
251,646.5995229,317.1216509,1.902662433,1.260454982,13.75,15.75,Floodplain,2
251,380.4723858,210.0982015,2.103445059,1.47484237,15.75,17.75,Floodplain,2
251,292.6879801,93.03943874,2.92161372,1.674682338,17.75,20.25,Floodplain,2
252,254.5278034,404.4784569,2.461183184,0.217383773,1.75,3.75,Floodplain,2
252,235.7443954,277.0193302,2.556939018,0.385938848,3.75,5.75,Floodplain,2
252,209.6537214,288.7990261,2.029969197,0.566254309,5.75,7.75,Floodplain,2
252,316.3421371,284.8447816,1.851014872,0.770321607,7.75,9.75,Floodplain,2
252,247.2934325,233.7069906,1.946413887,0.976583255,9.75,11.75,Floodplain,2
252,176.4008065,119.8410616,2.358906053,1.15875892,11.75,13.75,Floodplain,2
252,310.8034867,214.8053571,2.025582793,1.33092355,13.75,15.75,Floodplain,2
252,283.7920944,226.2390154,2.019909955,1.530151334,15.75,17.75,Floodplain,2
252,266.3631919,156.6737768,2.447521672,1.74657473,17.75,20.25,Floodplain,2
253,158.8880331,376.5995209,2.537204939,0.246713157,1.75,3.75,Floodplain,2
253,196.3336217,249.5471704,2.564381147,0.41316382,3.75,5.75,Floodplain,2
253,153.6221942,103.5180995,2.829571924,0.561434274,5.75,7.75,Floodplain,2
253,162.0456082,97.87598738,2.887642938,0.702558566,7.75,9.75,Floodplain,2
253,205.0526151,127.5546045,2.775439994,0.847109546,9.75,11.75,Floodplain,2
253,298.9154265,95.33222693,3.084886851,1.006010908,11.75,13.75,Floodplain,2
253,273.8356871,149.3970714,2.171464257,1.188115151,13.75,15.75,Floodplain,2
253,238.8682137,120.4921668,2.565961223,1.372673092,15.75,17.75,Floodplain,2
253,297.6763293,123.9592494,2.874983574,1.587189358,17.75,20.55,Floodplain,2
254,214.093713,363.0427467,2.361131186,0.266530861,1.75,3.75,Floodplain,2
254,238.3820627,384.3945216,2.155315786,0.449687367,3.75,5.75,Floodplain,2
254,233.6760998,236.9867217,1.946754526,0.637655997,5.75,7.75,Floodplain,2
254,208.5129658,195.4301012,1.888515589,0.834893625,7.75,9.75,Floodplain,2
254,235.9873107,249.2010822,1.884707676,1.036049194,9.75,11.75,Floodplain,2
254,259.9725658,192.6230787,2.36531547,1.236151011,11.75,13.75,Floodplain,2
254,247.7391775,212.1006038,2.377678753,1.427906872,13.75,15.75,Floodplain,2
254,277.8237723,394.0824361,2.068422093,1.633250232,15.75,17.75,Floodplain,2
255,201.5094969,357.9446757,2.538400164,0.244246585,1.75,3.75,Floodplain,2
255,162.2110372,261.727724,2.609460074,0.413897538,3.75,5.75,Floodplain,2
255,201.8746202,275.6828517,2.591598032,0.589988412,5.75,7.75,Floodplain,2
255,226.419517,187.5129017,2.72376387,0.770762813,7.75,9.75,Floodplain,2
255,223.4281916,146.1437117,2.698727085,0.92842986,9.75,11.75,Floodplain,2
255,270.664198,243.5556289,2.159198652,1.109819959,11.75,13.75,Floodplain,2
255,234.3208517,159.4888854,2.488729654,1.299320855,13.75,15.75,Floodplain,2
255,265.932786,215.4685668,2.447704081,1.489111629,15.75,17.75,Floodplain,2
255,265.9772279,174.903039,2.271696876,1.700398757,17.75,20.25,Floodplain,2
256,180.0800313,456.9943348,2.511811542,0.230776078,1.75,3.8,Floodplain,2
256,253.9786338,253.7366394,2.076479458,0.406023414,3.8,5.75,Floodplain,2
256,221.0792898,202.8623858,1.900370793,0.577164693,5.75,7.75,Floodplain,2
256,228.6372493,185.7147535,1.922571065,0.768693796,7.75,9.75,Floodplain,2
256,249.3342539,201.9654721,1.801770518,0.96987295,9.75,11.75,Floodplain,2
256,209.1930887,92.91502315,2.766496369,1.154858309,11.75,13.75,Floodplain,2
256,234.3356001,124.9245544,2.959720998,1.322139016,13.75,15.75,Floodplain,2
256,293.1932705,180.2870789,2.590311897,1.511327468,15.75,17.75,Floodplain,2
256,228.168161,110.2216131,2.889763739,1.714378458,17.75,20.25,Floodplain,2
257,167.7274532,384.9882995,2.453285104,0.229570545,1.75,3.75,Floodplain,2
257,181.1858591,269.1295959,2.682947251,0.403341366,3.75,5.75,Floodplain,2
257,199.7781558,195.3090077,2.645023487,0.571972809,5.75,7.75,Floodplain,2
257,293.4569229,338.3101027,2.315667362,0.745925511,7.75,9.75,Floodplain,2
257,333.057039,230.0328532,2.307992347,0.936133029,9.75,11.75,Floodplain,2
257,244.9166641,148.0999765,2.892945161,1.127789672,11.75,13.75,Floodplain,2
257,252.6430384,217.6282199,2.552416417,1.319910527,13.75,15.75,Floodplain,2
257,213.0536673,90.70946785,2.953363315,1.503976874,15.75,17.75,Floodplain,2
257,206.1635804,109.2236675,2.815220654,1.693919751,17.75,20.25,Floodplain,2
258,156.2282446,344.7135986,2.664871219,0.247296219,1.75,3.75,Floodplain,2
258,174.1472585,177.1234342,2.839920846,0.41136009,3.75,5.75,Floodplain,2
258,224.6150056,176.3304624,2.757573527,0.570231084,5.75,7.75,Floodplain,2
258,185.3858688,176.7384628,2.86583085,0.741600481,7.75,9.75,Floodplain,2
258,197.5646274,156.8258362,2.890009799,0.923359976,9.75,11.75,Floodplain,2
258,219.5519633,202.1669372,2.559825776,1.100333973,11.75,13.75,Floodplain,2
258,255.074076,145.3961303,2.804613396,1.279536741,13.75,15.75,Floodplain,2
258,207.6867104,87.11668199,3.071078042,1.460859081,15.75,17.75,Floodplain,2
258,315.5675874,168.1834397,2.586906736,1.642170661,17.75,19.95,Floodplain,2
259,169.2327167,324.1404888,2.66355438,0.248698388,1.75,3.75,Floodplain,2
259,197.1673969,248.2964411,2.605044354,0.418795151,3.75,5.75,Floodplain,2
259,230.1545397,181.4752226,2.768344822,0.575776751,5.75,7.75,Floodplain,2
259,198.9214685,154.0695101,2.897315402,0.750052871,7.75,9.75,Floodplain,2
259,244.6524515,162.7746956,2.529513419,0.91345051,9.75,11.75,Floodplain,2
259,227.6565185,143.2186672,2.923404387,1.090659286,11.75,13.75,Floodplain,2
259,212.6712092,112.3838267,2.989595362,1.276238636,13.75,15.75,Floodplain,2
259,238.6595747,126.5583569,2.712483014,1.439410414,15.75,17.75,Floodplain,2
259,286.8715029,234.8910943,2.178375001,1.641083328,17.75,19.95,Floodplain,2
260,164.824444,235.9963092,2.471024635,0.230080565,1.75,3.75,Floodplain,2
260,174.6781055,286.795265,2.642150756,0.393015066,3.75,5.75,Floodplain,2
260,176.9064248,197.9149983,2.838490975,0.571379285,5.75,7.75,Floodplain,2
260,216.6892812,156.9440626,2.86565001,0.749044467,7.75,9.75,Floodplain,2
260,259.3621063,180.4007749,2.774382853,0.92701556,9.75,11.75,Floodplain,2
260,252.2140563,213.6374136,2.422572238,1.111181199,11.75,13.75,Floodplain,2
260,268.1295496,237.6686759,2.071570926,1.302841383,13.75,15.75,Floodplain,2
260,307.5528458,243.4569477,2.090869621,1.497252604,15.75,17.75,Floodplain,2
260,269.048376,196.7675182,1.94053801,1.652408855,17.75,18.95,Floodplain,2
261,159.4837012,287.5170534,2.390450666,0.250014285,1.75,3.75,Floodplain,2
261,164.2616066,288.6938522,2.657699773,0.422837664,3.75,5.75,Floodplain,2
261,203.2206949,178.8124618,2.684315792,0.596728684,5.75,7.75,Floodplain,2
261,280.3995426,182.4153331,2.190878552,0.76300834,7.75,9.75,Floodplain,2
261,267.0365852,246.5465762,2.168453658,0.952162497,9.75,11.75,Floodplain,2
261,260.1203259,285.405835,1.93804916,1.155872008,11.75,13.75,Floodplain,2
261,283.3396296,208.0603632,2.072453738,1.366941151,13.75,15.75,Floodplain,2
261,236.4389694,95.07298083,3.01518721,1.540510351,15.75,17.75,Floodplain,2
261,255.6093421,113.6071764,2.93459398,1.735480998,17.75,19.95,Floodplain,2
262,212.220652,312.0461943,2.312702484,0.241114148,1.75,3.75,Floodplain,2
262,278.3236453,320.4802789,2.024409999,0.416896728,3.75,5.75,Floodplain,2
262,249.646055,200.2285769,1.817993758,0.611819892,5.75,7.75,Floodplain,2
262,195.9648662,216.0045659,1.823899479,0.810265736,7.75,9.75,Floodplain,2
262,240.2349224,206.1984357,1.943172445,1.003047595,9.75,11.75,Floodplain,2
262,212.5802618,195.8927372,2.377988762,1.191734907,11.75,13.75,Floodplain,2
262,286.695283,161.6861152,2.843036504,1.37343833,13.75,15.75,Floodplain,2
262,236.492964,92.65647786,2.962518021,1.55799282,15.75,17.75,Floodplain,2
262,284.0701195,173.6849791,2.681665463,1.715349759,17.75,19.35,Floodplain,2
263,173.8801355,291.1520373,2.281396455,0.227974152,1.75,3.75,Floodplain,2
263,237.7171237,269.7436603,2.128572837,0.398016252,3.75,5.75,Floodplain,2
263,253.1813128,206.3939663,1.87241096,0.588202522,5.75,7.75,Floodplain,2
263,237.1991327,212.077133,1.933727361,0.780030293,7.75,9.75,Floodplain,2
263,261.99826,244.3832276,2.069432396,0.978482201,9.75,11.75,Floodplain,2
263,212.5153341,180.9204253,2.289755107,1.172624982,11.75,13.75,Floodplain,2
263,243.1495342,165.4075811,2.279469732,1.352935496,13.75,15.75,Floodplain,2
263,300.2299708,226.2220129,2.334969956,1.542916039,15.75,17.75,Floodplain,2
263,274.891931,76.66354204,2.750949296,1.72233834,17.75,19.75,Floodplain,2
264,191.5675194,254.0644167,2.164924616,0.231463906,1.75,3.75,Floodplain,2
264,189.8106498,252.9678552,1.90940306,0.408363779,3.75,5.75,Floodplain,2
264,280.5658536,260.8197096,1.88727483,0.606864254,5.75,7.75,Floodplain,2
264,246.2392981,260.422881,1.888366488,0.815208977,7.75,9.75,Floodplain,2
264,233.3961671,209.5639566,2.29377687,1.016281194,9.75,11.75,Floodplain,2
264,262.9473382,149.085609,2.80287885,1.196086427,11.75,13.75,Floodplain,2
264,262.9621858,126.3027315,2.903628467,1.376472981,13.75,15.75,Floodplain,2
264,286.938461,118.0510894,2.925964632,1.555715629,15.75,17.75,Floodplain,2
264,277.580974,121.4460221,2.928883713,1.74112566,17.75,19.75,Floodplain,2
265,226.3840966,423.6762447,2.083952871,0.254344807,1.75,3.75,Floodplain,2
265,241.5915294,359.3982124,1.803599314,0.456492549,3.75,5.75,Floodplain,2
265,233.9992315,216.0146789,1.896585513,0.661172214,5.75,7.75,Floodplain,2
265,258.8634205,295.5789732,1.919175976,0.870664692,7.75,9.75,Floodplain,2
265,282.7198007,264.1580522,2.100765595,1.083045271,9.75,11.75,Floodplain,2
265,224.0909852,260.177101,1.975120638,1.282866838,11.75,13.75,Floodplain,2
265,238.6637344,201.6867033,2.305356124,1.482647695,13.75,15.75,Floodplain,2
265,247.95653,251.8661688,2.109002187,1.674530582,15.75,17.75,Floodplain,2
265,353.3380672,357.4434306,2.187321492,1.877280557,17.75,19.55,Floodplain,2
266,165.2735553,325.4484771,2.631480305,0.248502734,1.75,3.75,Floodplain,2
266,185.2889449,183.1875222,2.475138723,0.404554943,3.75,5.75,Floodplain,2
266,234.5855821,230.9981071,1.925636426,0.579445106,5.75,7.75,Floodplain,2
266,230.4808654,248.6509295,1.920136675,0.78003857,7.75,9.75,Floodplain,2
266,239.9437235,191.5305083,2.257755022,0.979286442,9.75,11.75,Floodplain,2
266,244.8713909,143.4964972,2.895552501,1.156955227,11.75,13.75,Floodplain,2
266,277.05863,107.8776702,2.961408393,1.342825516,13.75,15.75,Floodplain,2
266,293.6099828,193.0377697,2.47126872,1.524721384,15.75,17.75,Floodplain,2
266,287.0948629,138.2017534,2.667396844,1.708654828,17.75,19.75,Floodplain,2
267,144.1892743,334.7456665,2.663160502,0.238995267,1.75,3.75,Floodplain,2
267,207.1238963,240.9242583,2.164296975,0.415851564,3.75,5.75,Floodplain,2
267,250.7008799,213.665403,1.909318147,0.611380391,5.75,7.75,Floodplain,2
267,277.6848285,239.3273365,2.147622001,0.800153581,7.75,9.75,Floodplain,2
267,227.2809196,257.0764411,2.030259513,1.000071941,9.75,11.75,Floodplain,2
267,254.8904411,268.8094938,2.029466865,1.198890398,11.75,13.75,Floodplain,2
267,280.2128455,255.4683755,2.12530542,1.405906715,13.75,15.75,Floodplain,2
267,289.8293184,198.4519248,2.39947921,1.606629263,15.75,17.75,Floodplain,2
267,265.181039,187.1096152,2.249548385,1.80203115,17.75,19.95,Floodplain,2
268,181.2877979,211.4184847,2.147681985,0.211873381,1.75,3.75,Floodplain,2
268,203.4847785,195.6738246,1.892128058,0.373916544,3.75,5.75,Floodplain,2
268,239.694869,227.017689,1.795563143,0.563634937,5.75,7.75,Floodplain,2
268,237.0317809,342.6794193,1.711529352,0.773409947,7.75,9.75,Floodplain,2
268,225.55446,135.4861703,2.867770699,0.973371049,9.75,11.75,Floodplain,2
268,225.6710534,105.3115336,2.98855907,1.140341606,11.75,13.75,Floodplain,2
268,243.1611675,111.7654074,2.931149077,1.316731415,13.75,15.75,Floodplain,2
268,268.454906,199.1578154,2.494255904,1.490869343,15.75,17.75,Floodplain,2
268,270.509917,271.8533657,1.976888651,1.678786886,17.75,19.55,Floodplain,2
269,163.5942356,258.454622,2.630638856,0.242569539,1.75,3.75,Floodplain,2
269,254.2903005,329.72015,2.509772727,0.409021378,3.75,5.75,Floodplain,2
269,248.7855753,308.4883542,2.271850416,0.586596113,5.75,7.75,Floodplain,2
269,284.2812824,295.6794298,2.101269972,0.784336726,7.75,9.75,Floodplain,2
269,264.9131978,226.526893,2.098398577,0.985850346,9.75,11.75,Floodplain,2
269,245.3457137,197.0485812,2.406984205,1.187129832,11.75,13.75,Floodplain,2
269,238.5901076,126.6966918,2.843510984,1.369555467,13.75,15.75,Floodplain,2
269,286.9672469,100.7759029,2.820095366,1.544312411,15.75,17.75,Floodplain,2
269,296.9470372,166.2823655,2.720918327,1.712810329,17.75,19.75,Floodplain,2
270,170.6997538,284.0699575,2.105311162,0.226574574,1.75,3.75,Floodplain,2
270,164.2820903,220.5269209,2.67279977,0.3945978,3.75,5.75,Floodplain,2
270,208.0541252,196.5567006,2.405812878,0.556166086,5.75,7.75,Floodplain,2
270,195.2092898,133.3596515,2.759871001,0.713191627,7.75,9.75,Floodplain,2
270,285.0668527,169.5938441,2.333648022,0.877619176,9.75,11.75,Floodplain,2
270,276.5400383,214.7608195,1.976192686,1.059420141,11.75,13.75,Floodplain,2
270,214.70056,154.1551336,2.442352774,1.249904188,13.75,15.75,Floodplain,2
270,286.4118766,85.72420864,2.9375618,1.424189133,15.75,17.75,Floodplain,2
270,274.5134954,504.9772078,2.116045059,1.525957926,17.75,18.05,Floodplain,2
271,132.1664009,237.8465292,2.458930498,0.210643228,1.75,3.75,Floodplain,2
271,189.5216564,172.5281729,2.369557617,0.352389411,3.75,5.75,Floodplain,2
271,223.8128135,205.6190164,2.66330714,0.505821949,5.75,7.75,Floodplain,2
271,252.4142652,220.4445252,2.581985698,0.671517153,7.75,9.75,Floodplain,2
271,256.6584215,180.454563,2.340024125,0.845365065,9.75,11.75,Floodplain,2
271,265.1891512,208.8368605,1.842802802,1.042736255,11.75,13.75,Floodplain,2
271,292.7940274,157.8878271,2.310941861,1.241302176,13.75,15.75,Floodplain,2
271,245.6896518,111.7143586,2.92842601,1.422781979,15.75,17.75,Floodplain,2
271,267.9716534,96.4846797,2.982397264,1.573073148,17.75,19.05,Floodplain,2
272,175.4998176,243.0983859,2.369827816,0.218842711,1.75,3.75,Floodplain,2
272,202.2763708,220.7806735,1.965498972,0.384838342,3.75,5.75,Floodplain,2
272,191.6901023,264.1699433,2.051399413,0.570796634,5.75,7.75,Floodplain,2
272,255.888616,335.7875544,2.126204251,0.756317255,7.75,9.75,Floodplain,2
272,259.3075466,317.128438,1.887640672,0.956822975,9.75,11.75,Floodplain,2
272,292.9250315,320.9475932,2.071310608,1.160690917,11.75,13.75,Floodplain,2
272,314.5946389,270.03766,2.002253866,1.367914434,13.75,15.75,Floodplain,2
272,255.5026236,159.5544416,2.168926554,1.565917213,15.75,17.75,Floodplain,2
273,172.3852493,207.8318557,2.366759372,0.204683599,1.75,3.75,Floodplain,2
273,223.8170127,237.1155021,2.148031934,0.354270192,3.75,5.75,Floodplain,2
273,237.1930252,283.6332804,2.191739456,0.526922714,5.75,7.75,Floodplain,2
273,236.9137128,206.8423238,1.865900961,0.717522375,7.75,9.75,Floodplain,2
273,282.2566854,256.6360984,1.965083655,0.918001769,9.75,11.75,Floodplain,2
273,260.9479209,240.5416028,2.230468027,1.129573806,11.75,13.8,Floodplain,2
273,271.4609744,283.5031668,2.196782362,1.279721932,13.8,14.8,Floodplain,2
274,167.3596382,136.4550494,2.626023969,0.333730027,1.75,3.75,Floodplain,2
274,171.1094787,151.9215754,2.497784738,0.464848919,3.75,5.75,Floodplain,2
274,157.6065985,154.2171499,2.35791012,0.604788028,5.75,7.75,Floodplain,2
274,151.9396968,61.96556447,2.888658975,0.718649093,7.75,9.8,Floodplain,2
274,184.1264568,146.6126883,2.316508958,0.856740881,9.8,11.75,Floodplain,2
274,259.036158,175.2672552,1.657470494,1.039096851,11.75,13.75,Floodplain,2
274,277.5351957,189.6510981,1.706823629,1.232399462,13.75,15.75,Floodplain,2
274,250.7813322,262.7637635,1.695471822,1.443409542,15.75,17.75,Floodplain,2
274,280.8167684,293.6923403,1.645165989,1.685446316,17.75,20,Floodplain,2
275,233.7852423,203.5370365,1.886779625,0.502936812,1.75,3.75,Floodplain,2
275,220.750671,168.3165008,1.79319967,0.878506438,3.75,5.75,Floodplain,2
275,215.501296,172.4434491,1.721302769,1.13181788,5.75,7.75,Floodplain,2
275,220.6118311,198.1192976,1.757077377,1.333420332,7.75,9.75,Floodplain,2
275,241.7239365,196.291318,1.718939327,1.558895347,9.75,12.1,Floodplain,2
275,301.1439169,172.3425627,2.003374942,1.756845211,12.1,13.65,Floodplain,2
276,250.7907814,174.6225342,1.764777876,0.49932433,1.75,3.75,Floodplain,2
276,230.0722717,143.1113151,1.701131949,0.831669736,3.75,5.75,Floodplain,2
276,211.8828114,139.91714,1.644704017,1.028733018,5.75,7.75,Floodplain,2
276,205.6855551,193.5684311,1.835524406,1.213790798,7.75,9.75,Floodplain,2
276,208.1780871,178.7460905,1.862711748,1.400930157,9.75,11.75,Floodplain,2
276,215.1063439,199.1498146,1.79161774,1.598387522,11.75,13.75,Floodplain,2
276,235.5039967,169.0616008,1.907791643,1.796996949,13.75,15.75,Floodplain,2
276,239.4453671,170.4831782,1.870570805,1.914909911,15.75,16.05,Floodplain,2
277,174.5319642,157.3855398,2.597211784,0.476126074,1.75,3.75,Floodplain,2
277,226.7935064,278.3324363,1.786575974,0.838875181,3.75,5.75,Floodplain,2
277,203.4578363,220.4192041,1.634576669,1.209874417,5.75,7.9,Floodplain,2
277,223.0141915,184.644259,1.765366814,1.4185007,7.9,9.75,Floodplain,2
277,231.1280013,158.9098138,1.735607635,1.610234259,9.75,11.75,Floodplain,2
277,240.1857313,154.1859595,1.651922599,1.808520407,11.75,13.75,Floodplain,2
277,253.252202,119.07023,1.815525469,2.004971943,13.75,15.75,Floodplain,2
278,235.1962232,179.9688087,1.877610991,0.505063571,1.75,3.75,Floodplain,2
278,175.9591245,159.3426643,1.868845099,0.881011552,3.75,5.75,Floodplain,2
278,197.5114355,167.5514346,1.693495887,1.131258203,5.75,7.75,Floodplain,2
278,201.7173114,174.6880155,1.868709856,1.325404697,7.75,9.75,Floodplain,2
278,203.3918218,158.6435973,2.019840221,1.515730142,9.75,11.75,Floodplain,2
278,211.6030928,219.928324,2.033355551,1.699536054,11.75,13.75,Floodplain,2
278,308.6719861,176.1555522,1.80937523,1.917063625,13.75,15.75,Floodplain,2
278,238.4247593,147.7949718,1.814004107,2.133470467,15.75,17.75,Floodplain,2
278,269.6619145,179.6903001,1.899616126,2.285903862,17.75,18.65,Floodplain,2
279,149.1720067,126.4432205,2.630284071,0.484353198,1.75,3.75,Floodplain,2
279,164.6257398,137.6895334,2.536235158,0.820435517,3.75,5.75,Floodplain,2
279,203.5494042,155.7512312,1.736492316,1.122959655,5.75,7.75,Floodplain,2
279,232.7680454,124.3483032,1.769461615,1.312282578,7.75,9.75,Floodplain,2
279,213.3631063,182.6063749,1.957529843,1.499676393,9.75,11.75,Floodplain,2
279,258.3652483,192.6389265,1.844072603,1.704487656,11.75,13.75,Floodplain,2
279,264.9274239,181.451721,1.842712319,1.913859877,13.75,15.75,Floodplain,2
279,224.199156,145.8686843,1.906514851,2.072123562,15.75,16.75,Floodplain,2
280,163.98186,142.1036722,2.874509127,0.365410741,1.75,3.75,Floodplain,2
280,187.8824709,257.6555193,2.475251831,0.523809165,3.75,5.75,Floodplain,2
280,196.9686147,242.4803728,2.070045594,0.704199367,5.75,7.75,Floodplain,2
280,188.7837142,254.8456382,2.067969761,0.892231971,7.75,9.75,Floodplain,2
280,253.8623086,164.7406352,1.610695068,1.07931193,9.75,11.75,Floodplain,2
280,252.8893967,233.8617579,1.559389769,1.272291587,11.75,13.75,Floodplain,2
280,254.8585148,178.6787085,1.6115561,1.471562127,13.75,15.75,Floodplain,2
280,218.6182221,164.0761285,1.682423904,1.664434666,15.75,17.75,Floodplain,2
280,284.2045603,132.8738602,1.753802086,1.851410889,17.75,19.75,Floodplain,2
281,195.6980091,133.2970145,2.86214041,0.485422651,1.75,3.8,Floodplain,2
281,186.9469434,162.3854879,2.665461806,0.830114939,3.8,5.75,Floodplain,2
281,215.0600448,253.3312005,2.319178927,1.194600408,5.75,7.75,Floodplain,2
281,229.1939511,196.1647445,1.956470887,1.570644762,7.75,9.75,Floodplain,2
281,232.8682378,178.3588168,2.118646036,1.898468683,9.75,11.75,Floodplain,2
281,219.7354565,195.2265781,2.195591829,2.093073405,11.75,13.75,Floodplain,2
281,244.6403385,173.2239132,2.150974003,2.280839204,13.75,15.75,Floodplain,2
281,239.8448055,126.9195272,1.861804394,2.481257986,15.75,17.75,Floodplain,2
281,237.4107629,129.5471642,1.895585408,2.678613276,17.75,19.8,Floodplain,2
282,140.4236456,125.8818722,2.837987799,0.395143665,1.75,3.75,Floodplain,2
282,148.8395048,94.92811854,2.895601136,0.541704392,3.75,5.75,Floodplain,2
282,145.5793978,78.39409955,2.902065352,0.67691033,5.75,7.75,Floodplain,2
282,139.7181478,68.40137341,2.840181271,0.788397612,7.75,9.75,Floodplain,2
282,122.1372412,43.01802119,3.109485383,0.911752683,9.75,11.75,Floodplain,2
282,122.8414505,30.68940848,3.182333756,1.029271856,11.75,13.75,Floodplain,2
282,114.6177378,30.0423722,3.275671612,1.152291029,13.75,15.75,Floodplain,2
282,139.1922307,112.6063738,2.749410928,1.288758098,15.75,17.75,Floodplain,2
282,263.1147109,210.6430977,1.660721614,1.480621446,17.75,19.75,Floodplain,2
282,285.5297628,186.3940411,1.583874002,1.687302048,19.75,21.75,Floodplain,2
282,255.1522809,187.2297909,1.56861548,1.880085055,21.75,23.75,Floodplain,2
282,285.4910015,236.657557,1.569388495,2.081741175,23.75,25.75,Floodplain,2
282,270.8342981,220.9242134,1.863917695,2.224801841,25.75,26.45,Floodplain,2
283,192.7828729,279.3310462,2.555591171,0.37200569,1.75,3.75,Floodplain,2
283,145.2380751,86.3406647,2.820658049,0.518870027,3.75,5.85,Floodplain,2
283,197.2744317,164.1365884,2.289144881,0.668591753,5.85,7.75,Floodplain,2
283,177.093257,179.3685561,2.368241737,0.82344781,7.75,9.75,Floodplain,2
283,168.5398935,33.93145374,3.278368492,0.960185999,9.75,11.75,Floodplain,2
283,205.5642539,201.3828645,2.388594831,1.108165807,11.75,13.75,Floodplain,2
283,234.4439918,186.0023549,1.683521442,1.298962193,13.75,15.75,Floodplain,2
283,244.6957399,185.0357929,1.650136957,1.501938378,15.75,17.75,Floodplain,2
283,258.4485921,150.057567,1.757579994,1.699707263,17.75,19.75,Floodplain,2
283,306.0083747,151.0298866,1.778282842,1.905832371,19.75,21.75,Floodplain,2
283,269.8421715,113.6353597,1.858895597,2.106483601,21.75,23.75,Floodplain,2
283,268.6186783,150.5696437,1.828219767,2.304850483,23.75,25.7,Floodplain,2
284,163.5967145,135.3760078,2.836043184,0.426566696,1.75,3.75,Floodplain,2
284,144.9823384,80.90172638,2.959986581,0.571903767,3.75,5.75,Floodplain,2
284,140.7413529,54.31749342,3.149398081,0.701554117,5.75,7.75,Floodplain,2
284,185.2781626,76.66246916,2.95723651,0.837851382,7.75,9.75,Floodplain,2
284,203.3954104,127.8243566,2.54994421,0.985904879,9.75,11.75,Floodplain,2
284,219.4332996,186.5227032,2.083521078,1.154343837,11.75,13.75,Floodplain,2
284,219.2629831,218.8995019,1.756627699,1.357068323,13.75,15.75,Floodplain,2
284,248.2897075,206.6979176,1.803866397,1.567250674,15.75,17.75,Floodplain,2
284,210.3657431,190.7339878,1.742059654,1.777452438,17.75,19.75,Floodplain,2
284,237.6724185,127.9155143,2.593934934,1.954197847,19.75,21.75,Floodplain,2
284,274.6100869,213.5346078,1.801397348,2.151382936,21.75,23.75,Floodplain,2
284,287.3208643,124.2539173,1.874389899,2.360901215,23.75,25.75,Floodplain,2
284,351.4852489,165.4995949,1.903290062,2.529547815,25.75,27,Floodplain,2
285,134.8750045,48.28130106,3.193914912,0.828552139,3.75,5.75,Floodplain,2
285,132.6253668,19.31694737,3.585564244,1.144175613,5.75,7.75,Floodplain,2
285,225.6071156,155.0984241,2.754763803,1.350015119,7.75,9.75,Floodplain,2
285,195.4276421,166.5417238,2.455947739,1.520989101,9.75,11.75,Floodplain,2
285,211.9691688,151.3173601,2.099008652,1.698015974,11.75,13.75,Floodplain,2
285,242.8772995,185.8875962,1.723359283,1.906487389,13.75,15.75,Floodplain,2
285,244.6344908,159.4782299,1.75937915,2.125307919,15.75,17.75,Floodplain,2
285,293.6369856,117.9513461,1.781234205,2.337573159,17.75,19.75,Floodplain,2
285,236.4963274,112.9504348,1.824854261,2.53226612,19.75,21.65,Floodplain,2
286,76.76064949,121.4563153,2.968307045,0.248071258,1.75,3.75,Floodplain,2
286,57.69460657,20.31429439,3.7778979,0.353380276,3.75,5.75,Floodplain,2
286,58.93971255,19.1188615,3.821163655,0.450528111,5.75,7.75,Floodplain,2
286,69.69090023,18.65464325,3.69047099,0.560156158,7.75,9.8,Floodplain,2
286,82.80777085,25.41551207,3.606422769,0.675019894,9.8,11.75,Floodplain,2
286,157.960768,254.9750347,2.166364594,0.819116802,11.75,13.75,Floodplain,2
286,192.5522898,234.6955821,1.556443097,1.024874052,13.75,15.75,Floodplain,2
286,235.1726186,191.9723451,1.620861058,1.224343946,15.75,17.75,Floodplain,2
286,208.4254059,204.2874094,1.567882328,1.423782472,17.75,19.75,Floodplain,2
286,202.336751,167.6031263,1.593753022,1.623104005,19.75,21.75,Floodplain,2
286,279.7422405,165.5056831,1.638484794,1.82105432,21.75,23.75,Floodplain,2
286,266.9133768,157.3566761,1.711233113,2.02207783,23.75,25.75,Floodplain,2
286,276.2880308,105.4202531,1.897100215,2.219205476,25.75,27.75,Floodplain,2
286,272.1658455,208.107229,1.789378366,2.442061668,27.75,30.15,Floodplain,2
287,214.7422928,175.1696211,1.693850467,0.280329164,1.75,3.75,Floodplain,2
287,233.9771535,188.8430359,1.668062071,0.457828006,3.75,5.75,Floodplain,2
287,227.6693547,224.2362739,1.622155995,0.648594677,5.75,7.75,Floodplain,2
287,292.3435042,200.278028,1.659476885,0.837799575,7.75,9.75,Floodplain,2
287,234.5288563,226.1736668,1.774302068,1.030507458,9.75,11.75,Floodplain,2
287,209.3361279,177.7620479,1.713896887,1.236224743,11.75,13.75,Floodplain,2
287,180.9059613,155.307024,2.150923443,1.416578605,13.75,15.75,Floodplain,2
287,230.2375793,155.2671564,1.766013155,1.611131649,15.75,17.75,Floodplain,2
287,276.0504079,124.6111457,1.708443032,1.796717806,17.75,19.75,Floodplain,2
287,282.2700385,111.3394022,1.750150505,1.942984703,19.75,20.85,Floodplain,2
288,269.1907743,181.9650873,1.808351799,0.495310446,1.75,3.75,Floodplain,2
288,233.8836906,161.6353862,1.757797548,0.866674139,3.75,5.75,Floodplain,2
288,288.9626865,193.3364446,1.722112738,1.25784222,5.75,7.75,Floodplain,2
288,195.7250148,173.604771,1.760282983,1.624176691,7.75,9.75,Floodplain,2
288,227.028288,145.9319158,1.705072436,1.841503061,9.75,11.75,Floodplain,2
288,254.7630079,128.8963077,1.884730297,2.045591501,11.75,13.75,Floodplain,2
288,240.3516119,127.0213516,1.882624678,2.251126313,13.75,15.75,Floodplain,2
288,209.3309521,132.8808762,1.90493884,2.457139866,15.75,17.75,Floodplain,2
288,245.1632037,119.6358351,1.933469064,2.675434739,17.75,20.1,Floodplain,2
289,218.2003593,184.0359861,2.127852112,0.507356387,1.75,3.75,Floodplain,2
289,220.5070366,173.4230102,2.057406056,0.845990782,3.75,5.75,Floodplain,2
289,164.6053096,154.8348624,2.268139611,1.051423431,5.75,7.75,Floodplain,2
289,205.8034165,167.7683913,2.297534412,1.226465479,7.75,9.75,Floodplain,2
289,177.6373338,150.7173806,2.357262691,1.408655453,9.75,11.75,Floodplain,2
289,175.9252004,145.8590648,2.448316624,1.591218615,11.75,13.75,Floodplain,2
289,260.4382556,245.3635534,2.147429868,1.778633635,13.75,15.75,Floodplain,2
289,263.4417847,278.2555884,2.074736694,1.987899385,15.75,17.75,Floodplain,2
289,221.857616,273.5711206,2.051907742,2.20894461,17.75,19.85,Floodplain,2
290,309.1787312,308.9043251,1.970343534,0.355578135,1.75,3.75,Floodplain,2
290,221.4603841,186.2320501,1.704546319,0.54664464,3.75,5.75,Floodplain,2
290,179.6108803,210.9475325,2.229095844,0.728061102,5.75,7.75,Floodplain,2
290,216.5472168,176.3438835,1.88169465,0.916619941,7.75,9.75,Floodplain,2
290,166.9033439,102.694511,2.67570799,1.09273403,9.75,11.75,Floodplain,2
290,281.3549819,240.9420407,2.00958992,1.272443649,11.75,13.75,Floodplain,2
290,269.3099787,202.8093886,2.005690258,1.472553432,13.75,15.75,Floodplain,2
290,295.8298523,261.7935888,1.979372844,1.680944517,15.75,17.75,Floodplain,2
290,239.9888694,198.9925072,2.044128585,1.87995726,17.75,19.75,Floodplain,2
290,242.6845277,204.4571718,2.016823042,2.083739631,19.75,21.75,Floodplain,2
290,272.1106933,196.3857582,2.050416951,2.286857034,21.75,23.75,Floodplain,2
290,256.8092637,198.46637,1.949646136,2.501903812,23.75,25.75,Floodplain,2
290,248.5558702,127.4562887,1.959264685,2.713932517,25.75,27.75,Floodplain,2
290,296.016188,182.4158736,1.972945289,2.89839258,27.75,29.35,Floodplain,2
291,168.430189,187.5868581,2.790879288,0.352332771,1.75,3.75,Floodplain,2
291,146.6966566,135.1798799,2.88086275,0.51144431,3.75,5.75,Floodplain,2
291,149.4570555,121.807234,2.873209747,0.671501733,5.75,7.75,Floodplain,2
291,160.3174246,106.7441329,2.879262646,0.830957303,7.75,9.75,Floodplain,2
291,158.4103813,80.73984151,2.833562554,0.973754589,9.75,11.75,Floodplain,2
291,187.5383593,150.9830058,2.346907281,1.124756003,11.75,13.75,Floodplain,2
291,272.5267027,188.3548325,1.72190196,1.32302313,13.75,15.75,Floodplain,2
291,241.0665033,274.4533422,1.562073898,1.529936515,15.75,17.75,Floodplain,2
291,273.5221776,182.1362305,1.644928292,1.746308542,17.75,19.95,Floodplain,2
292,166.2380554,194.2715153,2.811902991,0.302465096,1.75,3.75,Floodplain,2
292,170.5450858,143.7223484,2.858710439,0.461668624,3.75,5.75,Floodplain,2
292,181.6448087,123.0783913,2.922098718,0.614669928,5.75,7.75,Floodplain,2
292,159.3404689,56.98670714,3.166336793,0.755523571,7.75,9.75,Floodplain,2
292,158.0553955,56.58931873,3.178793735,0.889450228,9.75,11.75,Floodplain,2
292,169.0543836,35.35221283,3.356291724,1.022537422,11.75,13.75,Floodplain,2
292,214.939874,115.3301405,2.604611379,1.162178229,13.75,15.75,Floodplain,2
292,307.6799038,223.9844215,1.708037691,1.360994753,15.75,17.75,Floodplain,2
292,258.9215835,220.2506578,1.639451084,1.593442681,17.75,20.25,Floodplain,2
293,185.2166215,249.0944803,2.447898846,0.481853545,1.75,3.75,Floodplain,2
293,150.2441516,118.5683235,2.812185437,0.71761459,3.75,5.75,Floodplain,2
293,164.2397523,250.1772755,2.238324104,0.868740611,5.75,7.75,Floodplain,2
293,237.5059087,235.955293,2.154168817,1.047313271,7.75,9.75,Floodplain,2
293,204.5809297,211.7176396,2.028065607,1.234338259,9.75,11.75,Floodplain,2
293,239.7483753,144.2213302,1.772398544,1.42732,11.75,13.75,Floodplain,2
293,247.5162579,182.7572448,1.766826703,1.625757069,13.75,15.75,Floodplain,2
293,224.9441757,155.3326844,1.757662445,1.82697705,15.75,17.75,Floodplain,2
293,247.4028372,145.3225952,1.832236142,2.026225948,17.75,19.85,Floodplain,2
294,216.9226605,267.5238874,2.605698265,0.499124806,1.75,3.75,Floodplain,2
294,175.2682901,185.5325706,2.276259343,0.821351047,3.75,5.75,Floodplain,2
294,179.1092053,136.2117606,2.29040781,0.998421971,5.75,7.75,Floodplain,2
294,287.2683795,218.859484,1.919043162,1.177804957,7.75,9.75,Floodplain,2
294,283.4959757,183.0654003,1.727372437,1.383022317,9.75,11.75,Floodplain,2
294,192.3567911,146.7321346,1.772354724,1.580965381,11.75,13.75,Floodplain,2
294,199.7666423,162.3395588,1.820263823,1.774254422,13.75,15.75,Floodplain,2
294,206.8791235,148.9747282,2.33429137,1.948786113,15.75,17.75,Floodplain,2
294,271.9957133,151.8952971,1.948691776,2.152936392,17.75,19.95,Floodplain,2
295,125.9428177,139.6739731,2.832299017,0.315640809,1.75,3.75,Floodplain,2
295,119.0966379,70.50212787,3.110062721,0.454983288,3.75,5.75,Floodplain,2
295,76.89027948,28.98839454,3.367959634,0.573635867,5.75,7.75,Floodplain,2
295,85.45049974,26.76429537,3.37863258,0.687660667,7.75,9.75,Floodplain,2
295,119.3001798,185.5308034,2.35839097,0.818398214,9.75,11.75,Floodplain,2
295,234.2919424,267.7881535,1.519718121,1.015292581,11.75,13.75,Floodplain,2
295,233.9641012,233.2481674,1.572390804,1.224844301,13.75,15.75,Floodplain,2
295,209.2050952,171.6146315,1.522468898,1.418849172,15.75,17.75,Floodplain,2
295,241.379298,162.0563898,1.547322644,1.612034708,17.75,19.95,Floodplain,2
296,196.3475781,260.9329079,2.155985591,0.454156922,1.75,3.75,Floodplain,2
296,172.679466,196.4560162,2.118886602,0.635534687,3.75,5.75,Floodplain,2
296,200.4961566,189.7829672,1.916104562,0.808966561,5.75,7.75,Floodplain,2
296,204.2232769,190.1178304,1.854915439,1.007560763,7.75,9.75,Floodplain,2
296,207.9447021,196.3865712,1.569533062,1.205031402,9.75,11.75,Floodplain,2
296,219.6665522,223.9134197,1.545455973,1.407032115,11.75,13.75,Floodplain,2
296,244.5852098,190.6082222,1.597567602,1.609649106,13.75,15.75,Floodplain,2
296,234.2011822,162.0316895,1.782167033,1.811417816,15.75,17.75,Floodplain,2
296,254.2531945,185.8217273,1.683713952,2.027291715,17.75,19.75,Floodplain,2
297,201.1552321,202.0102836,2.478878088,0.477311102,1.75,3.75,Floodplain,2
297,139.9207064,70.48538315,3.046730633,0.658666137,3.75,5.75,Floodplain,2
297,152.1134611,63.476076,3.167078956,0.793490999,5.75,7.75,Floodplain,2
297,171.8746101,71.38549895,3.025566035,0.933065991,7.75,9.75,Floodplain,2
297,192.6701373,146.6189138,2.479754886,1.094254399,9.75,11.75,Floodplain,2
297,179.7072577,185.1640582,2.373621479,1.260821226,11.75,13.75,Floodplain,2
297,205.5161281,182.4037343,2.136060305,1.444794049,13.75,15.75,Floodplain,2
297,204.2163165,192.5658272,2.228178496,1.637737901,15.75,17.75,Floodplain,2
297,250.2542892,233.2374321,1.95904125,1.857179967,17.75,19.85,Floodplain,2
298,212.5295353,261.9493424,1.837085019,0.259975932,1.75,3.75,Floodplain,2
298,208.8691443,195.0061139,1.872887796,0.439559811,3.75,5.75,Floodplain,2
298,179.4289444,193.5238214,2.290328365,0.613469557,5.75,7.75,Floodplain,2
298,198.1945124,215.8360373,2.144519798,0.779452691,7.75,9.75,Floodplain,2
298,207.2962577,238.492551,2.138850022,0.963129586,9.75,11.75,Floodplain,2
298,223.3327034,202.2737972,1.972010046,1.137026228,11.75,13.75,Floodplain,2
298,211.0930024,198.1908906,1.572262737,1.331889672,13.75,15.75,Floodplain,2
298,238.9346406,176.1442728,1.676819242,1.531568787,15.75,17.75,Floodplain,2
298,273.6750121,222.0917532,1.595366365,1.743582612,17.75,19.95,Floodplain,2
299,125.984945,162.9977429,2.745585049,0.189496981,1.75,3.75,Floodplain,2
299,151.8920075,164.3150719,2.293039567,0.334670776,3.75,5.95,Floodplain,2
299,194.1770185,232.2377534,1.823302439,0.510447206,5.95,7.75,Floodplain,2
299,191.3930019,294.1114149,1.714505766,0.709882177,7.75,10.15,Floodplain,2
299,240.4038784,248.2275426,1.612747531,0.921177269,10.15,11.75,Floodplain,2
299,225.5756078,249.8636674,1.615321401,1.10674607,11.75,13.75,Floodplain,2
299,262.9809147,234.4837276,1.474252334,1.316989305,13.75,15.75,Floodplain,2
299,226.6637162,193.6464089,1.542756792,1.510327453,15.75,17.75,Floodplain,2
299,261.4001752,226.4610544,1.516426796,1.738739509,17.75,20.25,Floodplain,2
300,184.4195583,264.9370912,2.70400317,0.516746262,1.75,3.75,Floodplain,2
300,152.3852003,109.0497039,2.925089175,0.814668657,3.75,5.75,Floodplain,2
300,178.9282838,113.6525264,2.810540946,0.965706719,5.75,7.75,Floodplain,2
300,177.3174488,143.7068625,2.732606161,1.10190266,7.75,9.75,Floodplain,2
300,196.545888,200.3381302,2.38973658,1.269101568,9.75,11.75,Floodplain,2
300,177.3776106,142.1840177,2.597190133,1.435711208,11.75,13.75,Floodplain,2
300,204.5121076,137.9315549,2.703002162,1.590292968,13.75,15.75,Floodplain,2
300,211.1349361,255.7581216,2.260829083,1.767282859,15.75,17.75,Floodplain,2
300,230.1053416,220.315729,2.303788376,1.958921691,17.75,19.8,Floodplain,2
301,254.4053278,442.8885199,2.173738799,0.478461581,1.75,3.75,Floodplain,2
301,248.7725979,268.4251222,2.379897993,0.662528501,3.75,5.75,Floodplain,2
301,170.0992833,135.5847591,2.434464562,0.831769359,5.75,7.75,Floodplain,2
301,169.9387031,175.1018376,2.379277071,0.99458854,7.75,9.75,Floodplain,2
301,187.9694219,164.8125498,2.48573573,1.157954071,9.75,11.75,Floodplain,2
301,234.6118882,241.0211592,2.128572498,1.343044376,11.75,13.75,Floodplain,2
301,193.7713023,236.4941477,1.991764211,1.541889408,13.75,15.75,Floodplain,2
301,283.9601386,210.9069463,1.91377781,1.742711043,15.75,17.65,Floodplain,2
302,159.7222971,156.8747954,2.005703543,0.345583531,1.75,3.75,Floodplain,2
302,138.0860685,99.93766453,2.458827087,0.469420627,3.75,5.75,Floodplain,2
302,187.0187467,200.6299419,1.867803691,0.612371904,5.75,7.75,Floodplain,2
302,153.272922,100.7779984,2.281797001,0.789067847,7.75,9.75,Floodplain,2
302,199.9219077,173.733783,1.855160215,0.951404099,9.75,11.75,Floodplain,2
302,230.7707962,191.1944334,1.716753773,1.137858215,11.75,13.75,Floodplain,2
302,252.0718624,176.1032847,1.601356697,1.333608331,13.75,15.75,Floodplain,2
302,281.8337079,147.9624982,1.60775729,1.523272502,15.75,17.75,Floodplain,2
302,227.9827173,90.49467343,1.810791475,1.726828751,17.75,20.45,Floodplain,2
303,129.3962081,70.03951282,3.153572641,0.389493643,1.75,3.75,Floodplain,2
303,103.4252591,66.06502239,3.392086424,0.518003285,3.75,5.75,Floodplain,2
303,85.07031795,15.63847032,3.889097771,0.644754467,5.75,7.75,Floodplain,2
303,82.96408615,7.879968572,4.439486139,0.762242889,7.75,9.75,Floodplain,2
303,91.11790217,9.524695927,4.122608531,0.883063967,9.75,11.75,Floodplain,2
303,95.37028811,10.13579765,4.021575371,1.006019042,11.75,13.75,Floodplain,2
303,198.652821,189.9530028,1.631241512,1.160540963,13.75,15.75,Floodplain,2
303,237.5011117,192.5451079,1.538004766,1.350662176,15.75,17.75,Floodplain,2
303,216.0632938,225.112612,1.5043168,1.549500737,17.75,19.75,Floodplain,2
303,223.8457008,183.6492612,1.587071962,1.739556773,19.75,21.45,Floodplain,2
304,174.8623456,239.9978546,2.710267853,0.498000101,1.75,3.75,Floodplain,2
304,182.209922,272.1339691,2.374962721,0.709116773,3.75,5.75,Floodplain,2
304,187.6617428,221.1647109,2.591025181,0.87785997,5.75,7.75,Floodplain,2
304,214.2296078,275.7756557,1.792910228,1.058988813,7.75,9.75,Floodplain,2
304,189.765639,135.2958107,2.480641898,1.252410825,9.75,11.75,Floodplain,2
304,208.6127557,235.929645,1.84326756,1.430703569,11.75,13.75,Floodplain,2
304,257.0496154,178.7218008,1.570664571,1.625404605,13.75,15.75,Floodplain,2
304,250.2439881,153.1578487,1.767250875,1.820736122,15.75,17.75,Floodplain,2
304,221.8389243,138.5430415,1.878081802,2.009522844,17.75,19.95,Floodplain,2
305,205.2903198,285.1271455,2.236623364,0.446301184,1.75,3.75,Floodplain,2
305,254.7082079,239.922047,1.618353174,0.638244231,3.75,5.75,Floodplain,2
305,241.7746688,386.1447634,1.525368321,0.852210073,5.75,7.75,Floodplain,2
305,260.340874,219.211861,1.535447666,1.063502136,7.75,9.75,Floodplain,2
305,232.925949,226.2685207,1.506020451,1.264303299,9.75,11.75,Floodplain,2
305,221.6113467,176.67916,1.631019337,1.463849327,11.75,13.75,Floodplain,2
305,259.3535438,160.893981,1.573425964,1.66153804,13.75,15.75,Floodplain,2
305,255.8808402,158.0092046,1.638324169,1.856820091,15.75,17.75,Floodplain,2
305,229.6818357,209.9212533,1.619570185,2.016920876,17.75,18.9,Floodplain,2
306,129.4210438,89.05793284,2.683946737,0.43342517,1.75,3.75,Floodplain,2
306,133.8544842,90.52293165,2.689309435,0.703812051,3.75,5.75,Floodplain,2
306,185.7843015,191.0584128,1.660830949,0.879091821,5.75,7.75,Floodplain,2
306,187.8679116,164.5523258,1.829240197,1.058263819,7.75,9.75,Floodplain,2
306,192.9296488,149.9711368,1.941399255,1.239263715,9.75,11.75,Floodplain,2
306,217.4415703,147.7946752,1.641870214,1.425540471,11.75,13.75,Floodplain,2
306,244.6240245,166.8056595,1.679453393,1.618486248,13.75,15.75,Floodplain,2
306,234.0388915,164.1761082,1.639717574,1.81242705,15.75,17.75,Floodplain,2
306,235.0915118,134.6318442,1.767416694,1.998386653,17.75,19.8,Floodplain,2
307,171.7117678,240.3644765,2.559412546,0.400782053,1.75,3.75,Floodplain,2
307,163.0704529,227.6159774,2.476372477,0.562333116,3.75,5.75,Floodplain,2
307,256.2299245,261.6166514,1.617971806,0.749439658,5.75,7.75,Floodplain,2
307,234.8581355,272.6985269,1.595057565,0.983782814,7.75,10.2,Floodplain,2
307,239.686701,205.7632511,1.647772973,1.188552146,10.2,11.75,Floodplain,2
307,283.3932424,217.8866926,1.619538744,1.37026035,11.75,13.75,Floodplain,2
307,275.6055362,224.6693625,1.565886895,1.579453374,13.75,15.7,Floodplain,2
308,221.706078,445.9784679,2.193640163,0.266547646,1.75,3.75,Floodplain,2
308,196.0755029,255.0302693,2.274711367,0.442537825,3.75,5.75,Floodplain,2
308,141.2406063,166.327463,2.484519643,0.606215845,5.75,7.75,Floodplain,2
308,220.2528071,254.8591264,1.943949587,0.777498892,7.75,9.75,Floodplain,2
308,229.8326745,184.7372367,1.731300355,0.969383677,9.75,11.75,Floodplain,2
308,235.1327203,190.4410598,1.788729577,1.16301118,11.75,13.75,Floodplain,2
308,240.4956241,244.5753548,1.880210575,1.358757861,13.75,15.75,Floodplain,2
308,233.938534,204.8451684,1.959390473,1.561955078,15.75,17.75,Floodplain,2
308,268.8057976,198.2243314,1.862210659,1.68817842,17.75,18.2,Floodplain,2
309,265.3012228,295.7575422,1.707981938,0.417812974,1.75,3.75,Floodplain,2
309,240.3130463,202.9332327,1.961417485,0.597766272,3.75,5.75,Floodplain,2
309,185.7541821,223.5958013,2.026205017,0.767250783,5.75,7.75,Floodplain,2
309,180.4178186,121.9546052,2.178991193,0.940329229,7.75,9.75,Floodplain,2
309,277.106074,213.7785651,1.644030881,1.111756068,9.75,11.75,Floodplain,2
309,252.8428177,158.8177842,1.638462298,1.313487598,11.75,13.75,Floodplain,2
309,235.5519879,156.4168834,1.711847902,1.504580752,13.75,15.75,Floodplain,2
309,238.4898487,163.6008747,1.645930164,1.696381505,15.75,17.75,Floodplain,2
309,268.6974189,213.5763009,1.674828472,1.854573967,17.75,18.8,Floodplain,2
310,195.5896766,351.7074108,2.601244884,0.248334382,1.75,3.75,Valley_Train,5
310,264.7677037,239.6875522,2.028322028,0.423584985,3.75,5.75,Valley_Train,5
310,267.9967022,322.2516401,1.720227865,0.615379557,5.75,7.75,Valley_Train,5
310,261.5658143,262.2820382,1.514550401,0.827467602,7.75,9.75,Valley_Train,5
310,262.4016877,181.8893856,1.526604827,1.022074014,9.75,11.75,Valley_Train,5
310,229.9926632,224.4874276,1.531486739,1.211371704,11.75,13.75,Valley_Train,5
310,274.6384441,263.4177029,1.441728132,1.415739415,13.75,15.75,Valley_Train,5
310,283.8029106,251.6020049,1.470424599,1.62486024,15.75,17.75,Valley_Train,5
310,271.6327426,197.442027,1.558932327,1.832281504,17.75,19.75,Valley_Train,5
310,278.8859082,154.79851,1.667712035,1.959558986,19.75,20.25,Valley_Train,5
311,191.9979128,305.2337565,2.482817573,0.218651371,1.75,3.75,Floodplain,2
311,176.7690028,177.2340776,2.150581783,0.381368977,3.75,5.75,Floodplain,2
311,168.6693126,120.7483829,2.491543719,0.530863791,5.75,7.75,Floodplain,2
311,204.4650832,158.4409261,2.15134835,0.680192189,7.75,9.75,Floodplain,2
311,206.8770534,199.0347174,2.133822512,0.847296709,9.75,11.75,Floodplain,2
311,216.2107463,151.4915854,2.107156381,1.022574569,11.75,13.75,Floodplain,2
311,202.478651,166.6739982,2.144507622,1.204154484,13.75,15.75,Floodplain,2
311,250.1902041,178.5258504,1.871969992,1.398616304,15.75,17.75,Floodplain,2
311,228.1213034,179.2133963,1.99239037,1.594043531,17.75,19.75,Floodplain,2
311,220.8842864,198.2360114,1.892324278,1.719603419,19.75,20.25,Floodplain,2
312,249.3887388,184.8255195,1.819751116,0.431605192,3.75,5.75,Floodplain,2
312,194.4278816,159.8824296,2.179672766,0.59579297,5.75,7.75,Floodplain,2
312,172.4385473,201.5946586,1.833624691,0.775487627,7.75,9.75,Floodplain,2
312,268.7988595,207.4526928,1.616962146,0.981103735,9.75,11.75,Floodplain,2
312,263.7326155,232.8564529,1.612771565,1.181626138,11.75,13.75,Floodplain,2
312,230.1043006,173.5797049,1.747416914,1.384747675,13.75,15.75,Floodplain,2
312,282.118787,157.1632645,1.837129886,1.58745391,15.75,17.75,Floodplain,2
313,265.8411995,344.3476918,2.187021635,0.335461767,1.75,3.75,Floodplain,2
313,180.4350929,197.6618452,2.241970589,0.587248632,3.75,7.75,Floodplain,2
313,162.9660147,201.8935929,2.015084192,0.848095772,7.75,9.75,Floodplain,2
313,194.8269647,128.158602,2.600435982,1.016694153,9.75,11.75,Floodplain,2
313,196.0324613,173.3362577,1.878431914,1.2111692,11.75,13.75,Floodplain,2
313,234.5362108,175.467908,2.282705263,1.396656015,13.75,15.75,Floodplain,2
313,229.6139713,231.8386966,2.026908142,1.595730528,15.75,17.75,Floodplain,2
313,225.4126054,172.3630948,1.907746957,1.813058694,17.75,19.85,Floodplain,2
314,216.1730547,268.0846001,2.146674992,0.501963221,1.75,3.75,Floodplain,2
314,209.5044054,247.2661144,2.26733993,0.864085313,3.75,5.75,Floodplain,2
314,219.4618639,206.6704511,2.088925877,1.2416217,5.75,7.75,Floodplain,2
314,208.7032755,207.0057024,2.114879064,1.626674407,7.75,9.75,Floodplain,2
314,228.1902116,142.7903816,1.918364454,1.883628207,9.75,11.75,Floodplain,2
314,249.8888526,174.8052178,2.02471421,2.085210293,11.75,13.8,Floodplain,2
314,207.4498095,212.0855857,2.17637955,2.284616075,13.8,15.75,Floodplain,2
314,243.6563071,230.324165,2.121260089,2.482550882,15.75,17.75,Floodplain,2
314,251.1115394,199.6647695,2.138195485,2.687132851,17.75,19.75,Floodplain,2
314,226.9952104,133.2792893,2.750729629,2.875470927,19.75,21.75,Floodplain,2
314,347.7616208,268.8814059,2.092536735,3.084356095,21.75,23.9,Floodplain,2
315,195.2958793,326.7346762,2.399931601,0.508854501,1.75,3.75,Floodplain,2
315,201.4162445,272.8286163,2.464561564,0.880898197,3.75,5.75,Floodplain,2
315,194.0044166,196.9036918,2.445441436,1.251052739,5.75,7.75,Floodplain,2
315,220.3512034,222.4822124,1.790418814,1.53150504,7.75,9.75,Floodplain,2
315,235.2796987,119.0407486,2.028384016,1.723351989,9.75,11.75,Floodplain,2
315,190.131901,132.9792093,1.764682671,1.906994257,11.75,13.75,Floodplain,2
315,282.5279738,134.3853678,1.832573758,2.1134037,13.75,15.75,Floodplain,2
315,253.0782544,141.3728013,1.822900931,2.305723163,15.75,17.45,Floodplain,2
316,217.0541128,453.9483568,2.168673332,0.348362013,1.75,3.75,Floodplain,2
316,229.3101248,216.7339216,2.226970481,0.521052628,3.75,5.75,Floodplain,2
316,257.2948133,195.1104436,1.740283384,0.704033988,5.75,7.75,Floodplain,2
316,248.8643504,271.929414,1.921884939,0.904542633,7.75,9.75,Floodplain,2
316,221.5162637,195.8051053,1.961113815,1.109843774,9.75,11.75,Floodplain,2
316,252.8288973,195.5265429,1.939970386,1.298215221,11.75,13.75,Floodplain,2
316,267.5527236,181.363249,1.710843101,1.603586024,13.75,17.75,Floodplain,2
316,262.6985548,158.7765492,1.846482043,1.909862077,17.75,19.75,Floodplain,2
316,270.200809,156.7370953,1.849805525,2.067579306,19.75,20.8,Floodplain,2
317,262.9302048,246.598113,2.302371152,0.446580698,1.75,3.75,Floodplain,2
317,264.6779407,222.7661718,1.624357273,0.635003229,3.75,5.75,Floodplain,2
317,265.1541166,213.4753895,1.597915796,0.83237852,5.75,7.75,Floodplain,2
317,160.8669363,108.3114643,2.085999063,1.004740482,7.75,9.75,Floodplain,2
317,216.7003101,163.0392626,2.007650193,1.174762201,9.75,11.75,Floodplain,2
317,198.1034467,164.3316723,1.833821783,1.366624567,11.75,13.75,Floodplain,2
317,259.5856181,166.2838577,1.836770747,1.553718622,13.75,15.75,Floodplain,2
317,247.2856538,205.8263669,1.777582358,1.757754923,15.75,17.75,Floodplain,2
317,284.2818862,176.5398,1.81105847,1.964665988,17.75,19.75,Floodplain,2
317,256.6317036,169.5266221,1.922437896,2.150305007,19.75,21.4,Floodplain,2
318,218.2003593,407.7402468,2.411889106,0.281074204,1.75,3.75,Floodplain,2
318,183.610098,226.275253,2.73341911,0.449487315,3.75,5.75,Floodplain,2
318,232.2378972,168.6677081,2.56021367,0.617285624,5.75,7.75,Floodplain,2
318,229.4095196,313.0477958,1.60246566,0.804722063,7.75,9.75,Floodplain,2
318,259.1590589,191.4250487,1.716067234,1.014116435,9.75,11.75,Floodplain,2
318,257.0084004,267.835938,1.509058801,1.215596253,11.75,13.75,Floodplain,2
318,287.9908457,222.3596204,1.631549536,1.426504594,13.75,15.75,Floodplain,2
318,249.4820059,195.9107578,1.555391132,1.630195325,15.75,17.75,Floodplain,2
318,239.1971882,216.4388718,1.788296232,1.808703459,17.75,19.3,Floodplain,2
319,184.3482771,318.1108834,2.252163819,0.229357395,1.75,3.75,Floodplain,2
319,140.1379201,126.0708159,2.738313395,0.36942171,3.75,5.75,Floodplain,2
319,113.6776433,48.378566,3.137337466,0.489589176,5.75,7.75,Floodplain,2
319,133.3036442,86.32050079,2.865212672,0.616747726,7.75,9.75,Floodplain,2
319,185.660698,147.395361,2.38182474,0.766648539,9.75,11.75,Floodplain,2
319,251.7004273,287.8824477,1.547433535,0.957207578,11.75,13.75,Floodplain,2
319,279.7137131,295.4887636,1.463228897,1.17309937,13.75,15.75,Floodplain,2
319,252.5983875,236.5643145,1.553812199,1.379600675,15.75,17.75,Floodplain,2
319,286.855402,219.095545,1.570632724,1.584006629,17.75,19.75,Floodplain,2
319,261.0153817,266.5180205,1.539413624,1.711220749,19.75,20.2,Floodplain,2
320,179.1258344,213.2630772,2.887564023,0.235857351,2.05,3.75,Valley_Train,5
320,197.3914292,180.3878741,1.95534943,0.386550867,3.75,5.75,Valley_Train,5
320,233.9184455,251.872398,1.482642314,0.568161487,5.75,7.75,Valley_Train,5
320,266.9089714,330.9508295,1.561192833,0.773524381,7.75,9.75,Valley_Train,5
320,270.4254492,302.6672092,1.352712411,0.988655995,9.75,11.75,Valley_Train,5
320,236.4583557,202.8852254,1.458033676,1.177059336,11.75,13.75,Valley_Train,5
320,233.42827,185.4175578,1.55437763,1.341974341,13.75,15.25,Valley_Train,5
321,142.5290312,195.6161644,2.634639701,0.219258259,1.75,3.75,Valley_Train,5
321,159.7296549,180.1676458,2.446141729,0.372213493,3.75,5.75,Valley_Train,5
321,236.157667,208.5616744,1.542829278,0.551221255,5.75,7.75,Valley_Train,5
321,271.5715152,327.4391341,1.43540718,0.743986292,7.75,9.75,Valley_Train,5
321,253.7998151,268.8674855,1.416957308,0.945660741,9.75,11.75,Valley_Train,5
321,225.8036025,208.2528237,1.504568779,1.141970082,11.75,13.75,Valley_Train,5
321,205.8655945,174.9421988,1.662908098,1.339123847,13.75,15.75,Valley_Train,5
321,265.8633082,251.0903102,1.650590303,1.545162223,15.75,17.75,Valley_Train,5
321,323.1540666,287.683694,1.533186355,1.771031152,17.75,19.75,Valley_Train,5
321,329.7104888,161.2637516,1.971642905,1.918767346,19.75,20.55,Valley_Train,5
322,210.2677999,166.0177237,1.805974493,0.217825512,1.75,3.75,Valley_Train,5
322,201.0502666,153.340045,1.48592162,0.372918708,3.75,5.75,Valley_Train,5
322,199.4545631,217.149639,1.397385366,0.53786854,5.75,7.75,Valley_Train,5
322,269.7817975,235.1811628,1.38146825,0.721777431,7.75,9.75,Valley_Train,5
322,233.8816694,164.1262051,1.567514503,0.903697682,9.75,11.75,Valley_Train,5
322,227.8349741,212.2429566,1.421211471,1.084037654,11.75,13.75,Valley_Train,5
322,260.3080997,271.6672695,1.34913252,1.278698581,13.75,15.75,Valley_Train,5
322,271.8134475,260.0789097,1.45124665,1.480372067,15.75,17.75,Valley_Train,5
322,269.0400212,209.6612252,1.505782023,1.683535258,17.75,19.75,Valley_Train,5
322,246.5767473,134.3916105,1.634083517,1.811102266,19.75,20.35,Valley_Train,5
323,209.4243186,156.1897958,1.554624653,0.211637713,1.75,3.75,Valley_Train,5
323,224.5545883,178.2275054,1.472926422,0.370306629,3.75,5.75,Valley_Train,5
323,205.885989,179.374954,1.468977778,0.53728226,5.75,7.75,Valley_Train,5
323,195.8928028,209.3643712,1.437412547,0.711082888,7.75,9.75,Valley_Train,5
323,223.3405195,152.2269963,1.560616681,0.894353243,9.75,11.75,Valley_Train,5
323,245.2979524,177.6761221,1.504795373,1.069161356,11.75,13.75,Valley_Train,5
323,238.560954,196.6908462,1.499181803,1.255578183,13.75,15.75,Valley_Train,5
323,263.1877377,203.5808455,1.504761235,1.450441838,15.75,17.75,Valley_Train,5
323,287.125168,214.2793727,1.53018061,1.642284788,17.75,19.75,Valley_Train,5
323,273.4908074,206.2864011,1.40393262,1.775057293,19.75,20.35,Valley_Train,5
324,191.5237075,145.8729115,1.630668398,0.197680914,1.75,3.75,Valley_Train,5
324,317.4271161,191.9229492,1.621338238,0.353583345,3.75,5.75,Valley_Train,5
324,206.1479532,150.005962,1.71647285,0.512180887,5.75,7.75,Valley_Train,5
324,168.8417963,232.4440924,1.499186003,0.685482355,7.75,9.75,Valley_Train,5
324,231.5962995,147.2059453,1.604561127,0.87183033,9.75,11.75,Valley_Train,5
324,212.5511815,117.7070434,1.667184421,1.038154191,11.75,13.75,Valley_Train,5
324,236.5770767,170.9643034,1.538229733,1.219628717,13.75,15.75,Valley_Train,5
324,289.8307509,202.128697,1.647363836,1.412414709,15.75,17.75,Valley_Train,5
324,266.1370935,203.5090387,1.452454802,1.611104166,17.75,19.75,Valley_Train,5
324,226.1292011,183.1155505,1.510695622,1.736046189,19.75,20.35,Valley_Train,5
325,184.8546641,207.6759635,1.583061788,0.221184948,1.75,3.75,Valley_Train,5
325,182.1115334,216.9298461,1.564531427,0.387487043,3.75,5.75,Valley_Train,5
325,223.3805412,194.9065355,1.525778668,0.565680431,5.75,7.75,Valley_Train,5
325,241.7398717,268.6818417,1.484617456,0.756049727,7.75,9.75,Valley_Train,5
325,217.7973934,242.3368942,1.474608173,0.958435237,9.75,11.75,Valley_Train,5
325,220.0137408,135.8825076,1.606724889,1.141764044,11.75,13.75,Valley_Train,5
325,227.9705892,194.1901723,1.56225678,1.326192477,13.75,15.75,Valley_Train,5
325,230.2093335,150.3421341,1.59398341,1.517758988,15.75,17.75,Valley_Train,5
325,271.5303306,169.2798902,1.562556125,1.699289129,17.75,19.75,Valley_Train,5
325,255.9895515,155.9080042,1.572520994,1.821394353,19.75,20.35,Valley_Train,5
326,199.793787,308.4543118,1.803067113,0.215740626,1.75,3.75,Valley_Train,5
326,172.5710779,181.5673295,1.656933506,0.374330425,3.75,5.75,Valley_Train,5
326,211.9598798,225.9338386,1.467990213,0.556741185,5.75,7.75,Valley_Train,5
326,209.8592149,217.2000161,1.486876656,0.739565364,7.75,9.75,Valley_Train,5
326,298.4599862,206.0521759,1.445337434,0.928043969,9.75,11.75,Valley_Train,5
326,292.4236724,146.0109577,1.66497303,1.102962847,11.75,13.75,Valley_Train,5
326,252.6727448,182.9013673,1.53772941,1.290642736,13.75,15.75,Valley_Train,5
326,224.0294129,176.0016932,1.7253348,1.476366372,15.75,17.75,Valley_Train,5
326,243.4668887,168.6611938,1.671105239,1.666752746,17.75,19.75,Valley_Train,5
326,221.9317446,186.7663216,1.634651797,1.782926981,19.75,20.15,Valley_Train,5
327,237.7653367,289.1335289,2.288769687,0.242327173,1.75,3.75,Floodplain,2
327,200.8701676,265.521546,2.594709797,0.409398984,3.75,5.75,Floodplain,2
327,205.9082579,195.6463887,2.742236209,0.583917198,5.75,7.75,Floodplain,2
327,210.2422017,301.7687611,2.220553557,0.757861017,7.75,9.75,Floodplain,2
327,292.3477113,363.4429713,1.681077239,0.985600306,9.75,11.8,Floodplain,2
327,299.3864068,174.6108891,1.872606465,1.196468396,11.8,13.75,Floodplain,2
327,238.6400764,164.9222834,1.815507422,1.39502689,13.75,15.75,Floodplain,2
327,252.9484214,195.1854912,1.925613204,1.591248651,15.75,17.75,Floodplain,2
327,275.4221902,197.79207,1.824485551,1.828373208,17.75,20.25,Floodplain,2
328,315.3750031,499.9108769,2.433228252,0.263777128,1.75,3.75,Floodplain,2
328,223.989848,361.803523,2.513942784,0.441967383,3.75,5.75,Floodplain,2
328,243.3863095,230.5672425,2.577393265,0.628162267,5.75,7.75,Floodplain,2
328,284.7722138,284.1058435,2.108785188,0.813742712,7.75,9.75,Floodplain,2
328,240.5301023,242.773649,1.902165124,1.021863989,9.75,11.75,Floodplain,2
328,224.1308445,191.5677829,1.887049872,1.225979991,11.75,13.75,Floodplain,2
328,277.3418121,231.0474444,1.763887811,1.433106055,13.75,15.75,Floodplain,2
328,271.8922159,264.9627428,1.832730435,1.652183006,15.75,17.75,Floodplain,2
328,300.5402516,243.3155401,1.921555659,1.898269235,17.75,20.15,Floodplain,2
329,225.2100341,390.5118265,2.176177805,0.251025652,1.75,3.75,Floodplain,2
329,217.0738553,254.4001878,2.570592027,0.421462514,3.75,5.75,Floodplain,2
329,267.1466618,192.0517715,2.386200683,0.554090104,5.75,6.75,Floodplain,2
329,201.5397914,165.934515,2.809496324,0.640570003,6.75,7.75,Floodplain,2
329,205.1245478,130.415175,2.723582124,0.76020426,7.75,9.75,Floodplain,2
329,237.9492173,263.9474531,2.033024136,0.938719398,9.75,11.75,Floodplain,2
329,220.0392758,114.2600661,2.764676659,1.108794448,11.75,13.75,Floodplain,2
329,335.1191004,250.5851724,1.74136374,1.304486445,13.75,15.75,Floodplain,2
329,314.9711895,179.8452048,1.770306982,1.519019745,15.75,17.75,Floodplain,2
329,268.1197806,261.688537,1.803739543,1.771216946,17.75,20.35,Floodplain,2
330,175.1415636,370.1824228,2.462147653,0.235938454,1.75,3.75,Floodplain,2
330,211.2139507,226.1370307,2.374977285,0.38656986,3.75,5.75,Floodplain,2
330,524.7579525,1056.977914,1.691789213,0.508916534,5.75,6.4,Floodplain,2
331,280.6742815,407.2720265,2.315748784,0.254625155,1.75,3.75,Floodplain,2
331,145.6883053,106.7504127,2.700827361,0.39472405,3.75,5.75,Floodplain,2
331,221.4844694,251.7569308,2.058232162,0.531607154,5.75,7.75,Floodplain,2
331,169.5145622,195.4590139,2.122345495,0.70695186,7.75,9.75,Floodplain,2
331,207.1984974,473.0041519,1.349284879,0.866625406,9.75,10.95,Floodplain,2
332,290.6951366,842.1911405,1.50516885,0.263353918,1.75,3.75,Floodplain,2
333,207.6090876,445.4294092,2.044211259,0.245021634,1.75,3.75,Floodplain,2
333,251.3684717,336.3581341,1.727669312,0.458947825,3.75,5.75,Floodplain,2
333,254.0725229,275.6649536,1.746844011,0.677961383,5.75,7.75,Floodplain,2
333,376.2693772,278.0999037,1.793333617,0.891970879,7.75,9.75,Floodplain,2
333,242.7320079,409.7672586,1.584617314,1.116214981,9.75,11.75,Floodplain,2
333,310.443051,457.13446,1.515862072,1.344166699,11.75,13.75,Floodplain,2
333,232.327039,207.0372023,1.88324294,1.558975235,13.75,15.75,Floodplain,2
336,240.6212409,250.0897064,2.231310788,0.222345582,1.75,3.75,Floodplain,2
336,283.1206241,247.7836644,2.460700058,0.366134744,3.75,5.75,Floodplain,2
336,265.9646672,252.5402822,2.505092715,0.529967776,5.75,7.75,Floodplain,2
336,373.9513019,335.2900783,1.991009502,0.701678557,7.75,9.75,Floodplain,2
336,322.1703513,353.4862018,1.677680778,0.897512017,9.75,11.75,Floodplain,2
336,250.5952849,242.5035229,1.95086981,1.098015489,11.75,13.75,Floodplain,2
336,295.0517565,249.6551718,1.918303588,1.291774962,13.75,15.75,Floodplain,2
336,234.8697751,233.2026792,2.060294705,1.436312386,15.75,17.1,Floodplain,2
337,184.1521982,203.6436299,2.330584099,0.223975943,1.75,3.75,Floodplain,2
337,196.1582221,187.8680274,2.426395261,0.352791755,3.75,5.75,Floodplain,2
337,318.0922419,247.3696834,2.344563984,0.500601504,5.75,7.75,Floodplain,2
337,283.1849633,264.3882002,2.468372819,0.675614862,7.75,9.75,Floodplain,2
337,175.6073266,124.340218,2.653549161,0.834581245,9.75,11.75,Floodplain,2
337,225.7432835,167.9787167,2.393436493,0.989992635,11.75,13.75,Floodplain,2
337,251.4549841,166.2545107,2.335651889,1.156421025,13.75,15.75,Floodplain,2
337,328.901628,172.6242476,1.72707735,1.34864335,15.75,17.75,Floodplain,2
337,314.5165264,307.8309989,1.879136042,1.583882571,17.75,20.25,Floodplain,2
338,192.6199473,230.2498259,2.306674607,0.227928028,1.75,3.75,Floodplain,2
338,311.6151703,351.569833,2.374905322,0.386033022,3.75,5.75,Floodplain,2
338,193.6625183,248.3256018,2.447942479,0.556727469,5.75,7.75,Floodplain,2
338,209.3328749,205.2334847,2.443145114,0.714556859,7.75,9.75,Floodplain,2
338,208.0720017,164.1690399,2.489145216,0.870260124,9.75,11.75,Floodplain,2
338,203.4740537,132.2837393,2.588117777,1.024489373,11.75,13.75,Floodplain,2
338,258.8596015,137.7548044,2.382050363,1.176516841,13.75,15.75,Floodplain,2
338,246.9461804,176.6675505,2.375722153,1.329748892,15.75,17.75,Floodplain,2
338,381.5481239,264.6501274,1.992566052,1.554417919,17.75,20.25,Floodplain,2
339,252.5014478,329.0443542,2.165476609,0.197388631,1.75,3.75,Floodplain,2
339,331.4609818,438.1322168,2.211043569,0.390711445,3.75,5.75,Floodplain,2
339,373.0894747,447.1581724,1.973317578,0.518836592,5.75,6.35,Floodplain,2
340,154.8218816,232.0185019,2.025096409,0.189693504,1.75,3.75,Floodplain,2
340,215.3602624,246.9127297,2.178806625,0.382218232,3.75,7.75,Floodplain,2
340,150.431997,130.7592219,2.428703835,0.623727364,7.75,9.75,Floodplain,2
340,228.1322989,217.8920352,1.385912292,0.766252624,9.75,11.75,Floodplain,2
340,314.2383783,253.8255365,1.556545934,0.955036165,11.75,13.75,Floodplain,2
340,287.7876488,193.4645522,1.660661948,1.156149358,13.75,15.75,Floodplain,2
340,278.8893595,221.2875223,1.729418112,1.350821906,15.75,17.75,Floodplain,2
340,650.028742,296.4381971,1.589369302,1.597851082,17.75,20.25,Floodplain,2
341,148.0252043,187.2297972,2.690162535,0.213311951,1.75,3.75,Floodplain,2
341,110.4981003,125.7384721,2.779085217,0.352535667,3.75,5.75,Floodplain,2
341,147.0458783,120.2897768,2.442824037,0.491568467,5.75,7.75,Floodplain,2
341,188.9551405,209.5632108,1.794032571,0.663808786,7.75,9.75,Floodplain,2
341,215.1749962,153.5129151,1.81984924,0.855973566,9.75,11.75,Floodplain,2
341,215.7665808,166.6254098,1.735517193,1.032982028,11.75,13.75,Floodplain,2
341,260.1502613,181.2291484,1.582637501,1.226085695,13.75,15.75,Floodplain,2
341,207.5898448,179.3957772,1.796502798,1.41173292,15.75,17.75,Floodplain,2
341,265.902838,187.0879745,1.812364562,1.61768945,17.75,19.75,Floodplain,2
342,143.2282336,228.1038171,2.605053815,0.205068336,1.75,3.75,Floodplain,2
342,134.1609077,89.58378979,2.71347262,0.324272275,3.75,5.75,Floodplain,2
342,116.5030288,81.95313889,2.928109753,0.43978023,5.75,7.75,Floodplain,2
342,164.5412054,94.42538429,2.988162313,0.582467559,7.75,9.75,Floodplain,2
342,161.1508501,102.1803463,2.95733371,0.737988951,9.75,11.75,Floodplain,2
342,187.3900689,61.43123431,3.015512786,0.888148226,11.75,13.75,Floodplain,2
342,223.4401733,179.1745603,1.84529564,1.049834857,13.75,15.75,Floodplain,2
342,236.1107657,156.6176601,1.676424184,1.2439392,15.75,17.75,Floodplain,2
342,294.8654998,200.865287,1.969126384,1.380260963,17.75,18.65,Floodplain,2
343,154.9237867,216.642504,2.399642942,0.205799538,1.75,3.75,Floodplain,2
343,191.907732,189.8651925,1.88275459,0.35837087,3.75,5.75,Floodplain,2
343,175.6918196,185.5444406,2.033335171,0.525326748,5.75,7.75,Floodplain,2
343,218.2363493,223.3601076,1.730445484,0.711814401,7.75,9.75,Floodplain,2
343,212.1524912,206.252476,1.643803166,0.905000506,9.75,11.75,Floodplain,2
343,249.609572,221.6667931,1.959925119,1.101468949,11.75,13.75,Floodplain,2
343,220.0762238,248.2424015,1.797554311,1.316768144,13.75,15.75,Floodplain,2
343,250.230907,199.9163947,1.680678966,1.534665287,15.75,17.75,Floodplain,2
343,260.8328448,186.9927295,1.69612965,1.741157103,17.75,19.75,Floodplain,2
343,227.9508431,185.2487739,1.634437816,1.875417035,19.75,20.25,Floodplain,2
344,204.6435981,185.8266559,1.528312251,0.207177339,1.75,3.75,Valley_Train,5
344,200.571991,234.1068405,1.426512339,0.378503174,3.75,5.75,Valley_Train,5
344,170.4812672,171.8123532,1.895648051,0.551628733,5.75,7.75,Valley_Train,5
344,217.0870106,159.2164017,1.831590269,0.730703152,7.75,9.75,Valley_Train,5
344,279.1708988,228.8472194,1.638750456,0.924277733,9.75,11.75,Valley_Train,5
344,279.8825165,162.1863603,1.541549706,1.118734516,11.75,13.75,Valley_Train,5
344,225.9395221,197.730568,1.598955678,1.310236284,13.75,15.75,Valley_Train,5
344,290.2772833,175.4258944,1.664110783,1.510296161,15.75,17.75,Valley_Train,5
344,250.5050853,162.0588747,1.726662443,1.711241358,17.75,19.75,Valley_Train,5
344,247.5705198,148.0298469,1.811443849,1.833015536,19.75,20.35,Valley_Train,5
345,197.1999931,154.8775372,1.570652126,0.229345429,1.75,3.75,Valley_Train,5
345,210.5500691,236.795024,1.548875177,0.395608207,3.75,5.75,Valley_Train,5
345,218.2693766,197.028088,1.496586433,0.581636678,5.75,7.75,Valley_Train,5
345,232.9933285,187.7882778,1.642583,0.763016011,7.75,9.75,Valley_Train,5
345,233.8781323,236.7633669,1.704611496,0.962842576,9.75,11.75,Valley_Train,5
345,257.3664229,213.8642637,1.694602582,1.172651863,11.75,13.75,Valley_Train,5
345,240.9239063,180.4965784,1.722425942,1.368187481,13.75,15.75,Valley_Train,5
345,269.5705501,131.8176658,1.870629062,1.506440719,15.75,16.55,Valley_Train,5
346,202.8762443,169.8195304,1.603000549,0.231813983,1.75,3.75,Valley_Train,5
346,202.1079585,269.696362,1.563005849,0.406841997,3.75,5.75,Valley_Train,5
346,267.4764979,273.9108628,1.466422051,0.603596386,5.75,7.75,Valley_Train,5
346,267.0502701,233.333521,1.455694932,0.801100338,7.75,9.75,Valley_Train,5
346,236.1350469,191.9114113,1.601723631,0.993310152,9.75,11.75,Valley_Train,5
346,245.1368838,162.2909257,1.748571106,1.189268037,11.75,13.75,Valley_Train,5
346,240.9409481,162.7280585,1.777574813,1.378900742,13.75,15.75,Valley_Train,5
346,226.1140014,199.9984804,1.679207526,1.579991361,15.75,17.75,Valley_Train,5
346,255.6429276,198.5250469,1.636273006,1.786226936,17.75,19.75,Valley_Train,5
346,213.3023719,113.0166882,1.795072375,1.914731636,19.75,20.35,Valley_Train,5
347,160.4421032,214.0931939,1.86745237,0.234593262,1.75,3.75,Valley_Train,5
347,199.6641494,174.1060492,1.518972299,0.406141986,3.75,5.75,Valley_Train,5
347,217.745102,198.857121,1.587811671,0.579403846,5.75,7.75,Valley_Train,5
347,241.671437,210.9221903,1.497864452,0.771206491,7.75,9.75,Valley_Train,5
347,229.4683162,202.0210014,1.60459613,0.961510792,9.75,11.75,Valley_Train,5
347,238.3084312,204.047855,1.58137284,1.161766237,11.75,13.75,Valley_Train,5
347,268.6189681,229.546728,1.689857351,1.367355498,13.75,15.75,Valley_Train,5
347,257.7823137,201.5981965,1.674232718,1.57415901,15.75,17.75,Valley_Train,5
347,253.0311991,174.5799007,1.678099342,1.785319808,17.75,19.75,Valley_Train,5
347,225.2799643,121.8061062,1.782454413,1.900859577,19.75,20.05,Valley_Train,5
348,150.2885013,256.2857893,2.607792843,0.191791969,1.75,3.75,Floodplain,2
348,165.6362927,166.556404,2.534085392,0.330433849,3.75,5.75,Floodplain,2
348,206.0146643,171.3761655,2.480282494,0.467030226,5.75,7.75,Floodplain,2
348,192.36933,129.3109323,2.996781745,0.595215312,7.75,9.75,Floodplain,2
348,268.0609523,241.3877213,2.362101503,0.746759501,9.75,11.75,Floodplain,2
349,146.4282503,218.1873321,2.575913859,0.197242535,1.75,3.75,Floodplain,2
349,175.6146096,246.4265818,2.515636592,0.345900301,3.75,5.75,Floodplain,2
349,173.418579,148.5578492,2.55217625,0.486221128,5.75,7.75,Floodplain,2
349,204.4809055,157.1927941,2.5621025,0.625649012,7.75,9.75,Floodplain,2
349,230.2536151,171.3009502,2.504814795,0.781374131,9.75,11.75,Floodplain,2
349,222.6442832,94.30854903,2.67657708,0.929553082,11.75,13.75,Floodplain,2
349,258.6310617,119.5324609,2.638286922,1.068217602,13.75,15.75,Floodplain,2
349,228.7654948,44.14206548,2.920526898,1.194275545,15.75,17.75,Floodplain,2
349,234.2557279,44.11908609,2.918062976,1.313442828,17.75,19.75,Floodplain,2
350,226.4313872,328.6835646,2.049566538,0.208462603,1.75,3.75,Floodplain,2
350,283.2855071,117.3563674,1.928807189,0.372824022,3.75,5.75,Floodplain,2
350,219.8102879,112.5747765,2.037645645,0.514237849,5.75,7.75,Floodplain,2
350,257.5370403,187.3540102,2.005447787,0.662136942,7.75,9.75,Floodplain,2
350,366.9672349,152.5773829,1.786400937,0.852266139,9.75,11.75,Floodplain,2
350,252.6506857,128.004806,1.894142935,1.03429589,11.75,13.75,Floodplain,2
350,305.7138808,137.197145,1.714576427,1.219548676,13.75,15.75,Floodplain,2
350,249.5596456,137.9683091,1.859251048,1.396935236,15.75,17.75,Floodplain,2
350,265.8135774,141.9530971,1.748204908,1.586575458,17.75,19.8,Floodplain,2
351,300.8567193,335.6128527,1.767306149,0.240697575,1.75,3.75,Floodplain,2
351,240.4885212,214.2760619,1.432842497,0.426412349,3.75,5.75,Floodplain,2
351,180.4698178,129.8999097,1.645677442,0.581143058,5.75,7.75,Floodplain,2
351,253.7368031,168.1260848,1.556403978,0.74973571,7.75,9.75,Floodplain,2
351,315.1898922,239.9438104,1.525493714,0.933880354,9.75,11.75,Floodplain,2
351,265.1446302,190.6712127,1.572425294,1.121728605,11.75,13.65,Floodplain,2
352,225.9457466,435.6450297,2.430963427,0.249108048,1.75,3.75,Floodplain,2
352,224.3430724,169.4445995,2.150460916,0.407001138,3.75,5.75,Floodplain,2
352,164.3814501,120.7791501,2.198326385,0.540800626,5.75,7.75,Floodplain,2
352,180.6923764,158.5299538,2.01307695,0.684458601,7.75,9.75,Floodplain,2
352,213.8564789,218.0978962,1.632933722,0.872604157,9.75,11.75,Floodplain,2
352,199.5229145,138.3746343,1.782756179,1.054483635,11.75,13.75,Floodplain,2
352,208.4227854,176.8865167,1.812168302,1.237814218,13.75,15.75,Floodplain,2
352,227.5058024,147.1470821,1.718001046,1.428639292,15.75,17.75,Floodplain,2
352,251.0246845,190.2247445,1.696002619,1.626757187,17.75,19.75,Floodplain,2
353,196.9711063,421.8329443,2.244833848,0.240455865,1.75,3.75,Floodplain,2
353,185.8097148,304.3329739,2.402631251,0.402039935,3.75,5.75,Floodplain,2
353,236.4396444,273.8240099,2.301374157,0.573516922,5.75,7.75,Floodplain,2
353,234.2674566,252.9690039,2.267010763,0.779473858,7.75,10.2,Floodplain,2
353,227.4613346,138.611932,2.566896343,0.945242611,10.2,11.75,Floodplain,2
353,220.4735929,137.2657445,2.522935678,1.068636535,11.75,13.75,Floodplain,2
353,270.0352951,168.3158433,2.663492386,1.227288447,13.75,15.75,Floodplain,2
353,273.606339,75.39008469,2.897185466,1.390943482,15.75,17.75,Floodplain,2
353,259.9887138,103.3259905,2.827300721,1.556656598,17.75,20.55,Floodplain,2
354,330.5918527,340.6084436,2.285732664,0.247332331,1.75,3.75,Floodplain,2
354,155.0903293,369.0109946,2.209265061,0.419009987,3.75,5.75,Floodplain,2
354,435.7883985,345.3253418,1.901937182,0.620143874,5.75,7.75,Floodplain,2
354,179.7593202,252.8486077,1.725092582,0.832688317,7.75,9.75,Floodplain,2
354,459.457795,190.1132628,1.822160657,1.033242025,9.75,11.75,Floodplain,2
354,148.8121638,232.3436016,1.929902478,1.224708818,11.75,13.75,Floodplain,2
355,285.5871978,310.1834776,2.113448188,0.242688748,1.75,3.75,Floodplain,2
355,154.0894099,338.7757465,2.151643878,0.411870696,3.75,5.75,Floodplain,2
355,217.9366614,308.1763498,1.9041364,0.603709464,5.75,7.75,Floodplain,2
355,491.4582965,297.0535184,1.772310811,0.818347228,7.75,9.75,Floodplain,2
355,219.9455345,175.9712281,1.76519234,1.022271246,9.75,11.75,Floodplain,2
355,185.189271,172.637593,1.827161119,1.219213502,11.75,13.75,Floodplain,2
356,265.6867175,285.543155,2.393170109,0.228027852,1.75,3.75,Floodplain,2
356,273.7540545,197.9945799,2.556749136,0.382982717,3.75,5.75,Floodplain,2
356,112.7710689,129.7180243,2.538933018,0.529447737,5.75,7.75,Floodplain,2
356,174.3268561,189.5325982,2.508735928,0.674310478,7.75,9.75,Floodplain,2
356,223.4092289,222.1830751,2.315679602,0.849851384,9.75,11.75,Floodplain,2
356,477.5388919,279.0137395,2.063879626,1.042354412,11.75,13.75,Floodplain,2
356,223.4072333,205.6984489,1.906760492,1.214956781,13.75,15.15,Floodplain,2
357,205.7069362,255.9269159,1.567144724,0.22985359,1.75,3.75,Beach_Dune,1
357,299.9534278,410.8588252,1.621376885,0.433436454,3.75,5.75,Beach_Dune,1
357,297.1835457,519.5408791,1.702057142,0.66756147,5.75,7.75,Beach_Dune,1
357,183.6973299,339.8697448,1.710133683,0.902012993,7.75,9.75,Beach_Dune,1
357,259.2052112,296.4610484,2.025213353,1.109008793,9.75,11.75,Beach_Dune,1
357,256.0509597,258.3817219,1.738716118,1.334939239,11.75,13.75,Beach_Dune,1
357,302.459723,314.2815065,1.757659929,1.530173716,13.75,15.25,Beach_Dune,1
358,250.4186242,432.4422778,1.640611505,0.238384367,1.75,3.75,Beach_Dune,1
358,253.077701,443.1079223,1.407902542,0.446483132,3.75,5.75,Beach_Dune,1
358,275.4312677,343.5851048,1.46207054,0.65148102,5.75,7.75,Beach_Dune,1
358,201.0528266,210.8736501,1.80211972,0.856128982,7.75,9.75,Beach_Dune,1
358,208.8754352,185.8308264,2.055751909,1.045958911,9.75,11.75,Beach_Dune,1
358,312.8389375,149.0422264,3.02615502,1.193196431,11.75,13.15,Beach_Dune,1
359,275.7542324,387.4764354,1.464777456,0.239607604,1.75,3.75,Beach_Dune,1
359,244.7686863,458.3801686,1.446580679,0.450828227,3.75,5.75,Beach_Dune,1
359,230.7104083,315.8011277,1.607067273,0.666344125,5.75,7.75,Beach_Dune,1
359,286.5809484,284.1896246,1.996694955,0.82287612,7.75,8.9,Beach_Dune,1
360,223.441732,234.1423045,1.512753005,0.234155052,1.75,3.75,Beach_Dune,1
360,233.2779971,425.7933078,1.533374859,0.432713942,3.75,5.75,Beach_Dune,1
360,270.0861526,501.6277394,1.696071797,0.662198445,5.75,7.75,Beach_Dune,1
360,339.208736,517.4548651,1.561653812,0.905468351,7.75,9.75,Beach_Dune,1
360,220.4066201,278.2024163,1.891350849,1.128959753,9.75,11.75,Beach_Dune,1
360,232.3938549,266.0871857,1.886569003,1.344978628,11.75,13.75,Beach_Dune,1
360,359.3473469,352.7377617,1.755719548,1.575125287,13.75,15.75,Beach_Dune,1
360,259.1940657,284.1269816,1.880093027,1.748417729,15.75,16.75,Beach_Dune,1
361,227.1846747,454.050756,1.416351529,0.254701166,1.75,3.75,Beach_Dune,1
361,249.6797176,403.2325012,1.444914897,0.465786611,3.75,5.75,Beach_Dune,1
361,190.6301818,256.9317427,1.711705995,0.669242429,5.75,7.75,Beach_Dune,1
361,339.395462,315.0230153,1.665006239,0.873771137,7.75,9.75,Beach_Dune,1
361,301.1512754,283.069374,1.682070495,1.098506805,9.75,11.75,Beach_Dune,1
361,304.0428467,267.5085662,1.598071738,1.318683506,11.75,13.75,Beach_Dune,1
361,255.1802497,170.345339,2.064726375,1.524281989,13.75,15.75,Beach_Dune,1
361,317.5691372,333.6627749,1.860182765,1.656623915,15.75,16.25,Beach_Dune,1
362,329.8078652,523.9736334,1.389029592,0.273551061,1.75,3.75,Beach_Dune,1
362,288.2493495,331.4696994,1.655233039,0.478028158,3.75,5.75,Beach_Dune,1
362,344.9944723,485.8156617,1.600768126,0.701597235,5.75,7.75,Beach_Dune,1
362,312.5058173,382.7738699,1.506234248,0.933765288,7.75,9.75,Beach_Dune,1
362,201.8301258,203.8816399,1.999391071,1.132524051,9.75,11.75,Beach_Dune,1
362,190.7507335,193.147046,2.462869297,1.305532707,11.75,13.75,Beach_Dune,1
362,302.083503,306.9475422,1.753825124,1.501866795,13.75,15.75,Beach_Dune,1
363,290.8531865,549.4994354,1.414239789,0.254231324,1.75,3.75,Beach_Dune,1
363,310.1304467,371.2454685,1.427480341,0.465938957,3.75,5.75,Beach_Dune,1
363,155.4833009,196.548314,2.029397307,0.657331814,5.75,7.75,Beach_Dune,1
363,302.3279083,486.4268548,1.588202495,0.822383389,7.75,9.2,Beach_Dune,1
364,219.0553099,374.3380345,1.506167632,0.466807407,3.75,5.75,Beach_Dune,1
364,217.5052317,234.9963712,1.641012528,0.674744896,5.75,7.75,Beach_Dune,1
364,294.0782421,392.7104548,1.609431933,0.890682449,7.75,9.75,Beach_Dune,1
364,299.9072467,373.5124925,1.600360006,1.12367568,9.75,11.75,Beach_Dune,1
364,265.1081561,240.2507676,1.664992132,1.346711576,11.75,13.75,Beach_Dune,1
364,224.3373303,202.4100294,2.249402025,1.545270026,13.75,15.75,Beach_Dune,1
364,259.4738414,247.4819958,1.747914175,1.722583962,15.75,17.25,Beach_Dune,1
365,209.2475252,299.2710069,1.735112595,0.251620497,1.75,3.75,Qal2,8
365,156.8903699,141.3325732,2.663468853,0.415544705,3.75,5.75,Qal2,8
365,198.28329,196.7958347,1.993100038,0.580040485,5.75,7.75,Qal2,8
365,184.4349396,141.4536733,2.351673213,0.748240766,7.75,9.8,Qal2,8
365,210.7720441,217.5142887,1.794578969,0.945704237,9.8,11.75,Qal2,8
365,216.0499077,250.5600526,1.854263125,1.153309285,11.75,13.75,Qal2,8
365,208.8510861,186.6324009,2.120874991,1.36639142,13.75,15.75,Qal2,8
365,215.2765332,141.6869642,2.379704742,1.558713468,15.75,17.75,Qal2,8
365,228.9209219,171.2840555,2.741624407,1.743937607,17.75,19.75,Qal2,8
365,270.8309136,320.7962973,2.389103304,1.938437537,19.75,21.75,Qal2,8
365,256.036514,241.4038266,2.420855944,2.148276818,21.75,23.75,Qal2,8
365,115.4588609,165.5560715,2.743186023,2.343737141,23.75,25.75,Qal2,8
366,153.5645938,157.4310181,2.733430318,0.192007661,1.75,3.75,Qal2,8
366,189.6595013,310.3561215,2.090464438,0.345116608,3.75,5.75,Qal2,8
366,153.22873,203.632079,2.240160572,0.512604539,5.75,7.75,Qal2,8
366,198.3618338,294.2978661,1.937606663,0.742383686,7.75,10.25,Qal2,8
366,158.973926,156.1559561,2.444602579,0.929648337,10.25,11.75,Qal2,8
366,192.6481199,254.7155759,2.253240263,1.085585523,11.75,13.75,Qal2,8
366,229.0054004,146.169638,2.62590223,1.264497181,13.75,15.75,Qal2,8
366,229.2348588,186.3901789,2.545649437,1.447659652,15.75,17.75,Qal2,8
366,283.2444302,354.0534654,2.276947433,1.648177668,17.75,19.75,Qal2,8
366,228.9760307,314.3732224,2.293228866,1.866323429,19.75,21.75,Qal2,8
366,253.4045836,178.7491831,2.639914801,2.063224314,21.75,23.75,Qal2,8
366,258.7200925,539.1244432,2.29063386,2.277983943,23.75,25.75,Qal2,8
366,287.39305,239.6730573,2.559554814,2.501027451,25.75,27.75,Qal2,8
366,182.7255161,48.52857162,3.186520285,2.690819281,27.75,29.75,Qal2,8
367,205.3516677,202.7952611,2.636836142,1.253535758,9.75,19.75,Qal1,7
367,224.9889616,192.6733142,2.691113301,2.230492693,19.75,29.75,Qal1,7
367,291.9467114,331.2471816,2.425500772,2.781165786,29.75,31.15,Qal1,7
368,148.8319541,254.7471648,2.393086699,0.208557672,1.75,3.75,Qal1,7
368,162.0659441,243.7907214,2.022694553,0.382060398,3.75,5.75,Qal1,7
368,193.5239215,255.438919,2.009904817,0.584534079,5.75,7.75,Qal1,7
368,157.3902945,149.6859881,2.926329006,0.767683578,7.75,9.75,Qal1,7
368,152.3724112,155.4300864,2.900639976,0.952834614,9.75,11.75,Qal1,7
368,233.3243459,185.7880652,2.427280109,1.13058455,11.75,13.75,Qal1,7
368,210.8765375,178.9745626,2.597826784,1.310851623,13.75,15.75,Qal1,7
368,258.1269569,338.5404014,2.32931275,1.499959334,15.75,17.75,Qal1,7
368,238.3678905,298.5837844,2.306892705,1.715532025,17.75,19.75,Qal1,7
368,303.2203294,305.7505317,2.458623614,1.908376739,19.75,21.55,Qal1,7
369,129.2152077,161.11762,2.117812426,0.194036828,1.75,3.75,Qal1,7
369,164.5372816,253.7888384,1.947962032,0.3570639,3.75,5.75,Qal1,7
369,187.2985066,186.635846,2.070462766,0.556446676,5.75,7.75,Qal1,7
369,149.9593943,155.6395607,2.852209181,0.724166139,7.75,9.75,Qal1,7
369,165.0524092,163.3098272,2.883684955,0.904436386,9.75,11.75,Qal1,7
369,206.7688771,216.8708358,2.431346159,1.087846848,11.75,13.75,Qal1,7
369,247.2139289,189.0051852,2.356785063,1.272397541,13.75,15.75,Qal1,7
369,213.5133622,223.0982555,2.404415598,1.456703813,15.75,17.75,Qal1,7
369,234.1430724,196.3412721,2.387828986,1.651986445,17.75,19.75,Qal1,7
369,245.4758625,256.2482748,2.475604354,1.846042236,19.75,21.75,Qal1,7
369,326.9460289,299.7608582,2.078764211,1.978423686,21.75,22.15,Qal1,7
372,106.7598974,156.461293,2.362900896,0.196705566,1.75,3.75,Qal1,7
372,140.5820309,196.1240705,1.934718878,0.359917298,3.75,5.75,Qal1,7
372,167.887578,185.1884412,2.203421103,0.547489598,5.75,7.75,Qal1,7
372,140.5750167,158.4505849,2.943020578,0.722610879,7.75,9.75,Qal1,7
372,159.4221603,147.1054734,2.937017813,0.905621576,9.75,11.75,Qal1,7
372,205.5800163,253.7568158,2.408207275,1.088575297,11.75,13.75,Qal1,7
372,224.4049618,239.3253138,2.38165772,1.279447539,13.75,15.75,Qal1,7
372,219.7665339,285.0270055,2.287099354,1.474263116,15.75,17.75,Qal1,7
372,246.7784254,172.6851611,2.526153767,1.678038916,17.75,19.75,Qal1,7
372,271.8245262,349.8704018,2.413548851,1.859306002,19.75,21.35,Qal1,7
373,146.7718034,256.7418094,2.296689915,0.197228714,1.75,3.75,Qal1,7
373,158.8156056,240.2254789,1.990547926,0.374370432,3.75,5.75,Qal1,7
373,193.0821822,277.2475835,1.808798903,0.576790922,5.75,7.75,Qal1,7
373,158.4915858,118.7843456,2.967615127,0.850639647,7.75,11.75,Qal1,7
373,219.2907932,184.3268591,2.564539484,1.112385784,11.75,13.75,Qal1,7
373,214.939874,133.4695842,2.667623809,1.293740948,13.75,15.75,Qal1,7
373,229.1808804,265.6891221,2.421788295,1.483191366,15.75,17.75,Qal1,7
373,264.1362032,251.9693966,2.265339725,1.69463422,17.75,19.75,Qal1,7
373,240.0295627,229.6626281,2.447250371,1.909091925,19.75,21.9,Qal1,7
374,140.2367168,235.2574757,2.489742881,0.194718346,1.75,3.75,Qal2,8
374,148.4830231,203.4217027,2.196221625,0.357749013,3.75,5.75,Qal2,8
374,189.6466659,243.7658969,1.894451724,0.531782243,5.75,7.75,Qal2,8
374,149.8688729,172.074587,2.608586246,0.728615102,7.75,9.75,Qal2,8
374,172.29203,136.4889225,2.98258095,0.909428837,9.75,11.75,Qal2,8
374,198.9942636,227.5451762,2.407370842,1.090309445,11.75,13.75,Qal2,8
374,220.8055998,139.6594583,2.740692076,1.277848156,13.75,15.75,Qal2,8
374,287.7275388,265.3200917,2.328438901,1.4655169,15.75,17.75,Qal2,8
374,224.9549321,287.0441791,2.045297127,1.675581754,17.75,19.75,Qal2,8
374,213.5442918,175.9966766,2.59906247,1.8772799,19.75,21.75,Qal2,8
374,281.1069729,246.2961841,2.452459223,2.071379426,21.75,23.75,Qal2,8
375,115.0788492,255.0953823,2.701525367,0.086598595,0.75,1.75,Qal1,7
375,109.7225864,178.8085353,2.507060818,0.165861201,1.75,3.2,Qal1,7
375,133.383982,212.5560475,1.815050962,0.245729046,3.2,3.75,Qal1,7
375,144.9683174,237.7082196,1.753609676,0.318305009,3.75,4.75,Qal1,7
375,158.4612754,235.787902,1.942568402,0.41045849,4.75,5.75,Qal1,7
375,174.9261314,291.2938915,1.770197807,0.506328652,5.75,6.75,Qal1,7
375,149.0198645,166.0045518,2.722115729,0.593901239,6.75,7.75,Qal1,7
375,144.1380001,161.9973726,2.90120378,0.722902514,7.75,9.75,Qal1,7
375,156.3483324,148.2881036,2.894921023,0.904426218,9.75,11.75,Qal1,7
375,210.5717817,194.7517182,2.579724519,1.079822242,11.75,13.75,Qal1,7
375,224.9323537,195.6928791,2.37877039,1.263777394,13.75,15.75,Qal1,7
375,219.3009624,288.6477106,2.278459603,1.456026055,15.75,17.75,Qal1,7
375,226.6787446,240.6146154,2.518383627,1.655348381,17.75,19.75,Qal1,7
375,255.4780785,392.6493427,2.354549205,1.867147477,19.75,21.85,Qal1,7
375,251.1845291,263.8623869,2.403108666,2.085770507,21.85,23.75,Qal1,7
375,227.2331533,238.3835371,2.367394793,2.290827927,23.75,25.75,Qal1,7
375,190.322394,43.68582977,3.182417877,2.469824626,25.75,27.75,Qal1,7
375,219.8267742,137.5774926,2.880554017,2.64088977,27.75,29.75,Qal1,7
375,301.2896687,320.6948081,2.359677053,2.854171169,29.75,31.75,Qal1,7
376,98.75728074,224.1870803,2.734926111,0.074393013,0.75,1.75,Qal1,7
376,102.0992013,141.2022945,2.747249732,0.133269336,1.75,2.75,Qal1,7
376,152.9369657,177.4294771,1.808342103,0.207232788,2.75,3.75,Qal1,7
376,144.9396525,256.4684975,2.035812693,0.292877068,3.75,4.75,Qal1,7
376,135.2125533,218.3763887,1.94729193,0.381673086,4.75,5.75,Qal1,7
376,209.7214956,301.3403736,1.863546863,0.472746692,5.75,6.75,Qal1,7
376,164.7312644,146.6251283,2.639131259,0.559334533,6.75,7.75,Qal1,7
376,139.8909183,170.396293,2.843837786,0.685003617,7.75,9.75,Qal1,7
376,157.5442272,140.921242,2.911580646,0.863275494,9.75,11.75,Qal1,7
376,200.8403209,189.0077537,2.362568273,1.043303199,11.75,13.75,Qal1,7
376,230.3301057,243.0982908,2.351121626,1.229862793,13.75,15.75,Qal1,7
376,220.2477348,273.4236928,2.225125687,1.426410886,15.75,17.75,Qal1,7
376,230.050693,236.4641826,2.445119788,1.622911232,17.75,19.75,Qal1,7
376,219.0052074,379.1659336,2.351924667,1.832691215,19.75,21.85,Qal1,7
376,223.9558748,244.5911088,2.594157256,2.040508755,21.85,23.75,Qal1,7
376,225.682834,143.7210284,2.569284066,2.23749059,23.75,25.75,Qal1,7
376,219.0631414,29.54685599,3.322127324,2.405493327,25.75,27.75,Qal1,7
376,200.8475847,173.7558304,2.747569929,2.580716563,27.75,29.75,Qal1,7
376,254.6178454,267.4339517,2.459304223,2.773468514,29.75,31.45,Qal1,7
377,116.9888607,239.9650389,2.541734458,0.084730922,0.75,1.75,Qal1,7
377,95.240103,198.8118882,2.486564203,0.147879738,1.75,2.75,Qal1,7
377,146.4953615,225.7264794,1.694057952,0.228636726,2.75,3.75,Qal1,7
377,144.6584136,204.2582807,1.893992916,0.316947498,3.75,4.75,Qal1,7
377,176.1091456,212.7566331,1.904608584,0.408384542,4.75,5.75,Qal1,7
377,155.9737161,208.2525478,1.97195642,0.500011843,5.75,6.75,Qal1,7
377,170.3368124,166.6980744,2.621162937,0.58431347,6.75,7.75,Qal1,7
377,153.8297626,164.5365902,2.822517195,0.711084639,7.75,9.75,Qal1,7
377,161.427571,170.1608319,2.782401069,0.90181663,9.75,11.95,Qal1,7
377,229.5211374,216.9232562,2.376147372,1.087089775,11.95,13.75,Qal1,7
377,236.3615202,245.2424069,2.324505068,1.264267121,13.75,15.75,Qal1,7
377,247.5003695,284.5829689,2.20386412,1.456940802,15.75,17.75,Qal1,7
377,244.110121,191.0388099,2.536795733,1.655065008,17.75,19.75,Qal1,7
377,233.6374911,282.9398776,2.289428422,1.8626171,19.75,21.85,Qal1,7
377,208.5078639,212.5457957,2.605038982,2.065950025,21.85,23.75,Qal1,7
377,242.5181455,136.5619057,2.55673478,2.287302717,23.75,26.3,Qal1,7
377,196.0521071,34.95746859,3.24423787,2.452898567,26.3,27.75,Qal1,7
377,239.2836326,148.3735608,2.82808546,2.603331935,27.75,29.75,Qal1,7
377,234.2892488,267.0775408,2.481296421,2.792080221,29.75,31.45,Qal1,7
378,308.9971782,536.8066728,1.913354108,0.274106196,1.75,3.75,Qal1,7
378,349.3875752,414.8267973,1.711957718,0.492249783,3.75,5.75,Qal1,7
378,328.1026741,267.0275779,2.733253104,0.688765205,5.75,7.75,Qal1,7
378,223.9921487,316.723763,2.458776187,0.877744253,7.75,9.75,Qal1,7
378,282.3246781,482.4773981,1.479738934,1.002785637,9.75,10.15,Qal1,7
379,161.1772033,148.1585876,3.013624617,0.206153968,1.75,3.75,Floodplain,2
379,193.1268345,198.0748705,1.686193058,0.360226966,3.75,5.75,Floodplain,2
379,226.6209186,313.6081712,1.42865447,0.543427502,5.75,7.75,Floodplain,2
379,322.6919732,261.998876,1.444994425,0.725018255,7.75,9.75,Floodplain,2
379,403.062084,329.903884,1.344210364,0.920224786,9.75,11.75,Floodplain,2
379,306.0296841,265.9412384,1.345271719,1.120161753,11.75,13.75,Floodplain,2
379,306.9904364,233.9716513,1.466709183,1.313509518,13.75,15.75,Floodplain,2
379,332.2516387,220.6688892,1.467831131,1.499900408,15.75,17.45,Floodplain,2
380,191.4906937,359.1711275,1.895812563,0.076047287,0.75,0.8,Qal1,7
380,316.0699331,206.6568671,1.844499338,0.12152025,0.8,1.8,Qal1,7
380,198.2671192,224.2890959,2.003351903,0.209233617,1.8,2.85,Qal1,7
380,151.8548143,315.7394271,2.456323902,0.293153235,2.85,3.9,Qal1,7
380,161.5936404,180.5054973,2.657676544,0.376859217,3.9,4.9,Qal1,7
380,174.0444831,214.4531615,2.456649397,0.458664715,4.9,5.95,Qal1,7
380,138.6388174,80.84724495,2.875253865,0.530878076,5.95,6.95,Qal1,7
380,194.2550396,180.7337981,2.413185985,0.605110263,6.95,8,Qal1,7
380,201.0251971,223.2548486,2.664368697,0.742222134,8,10.1,Qal1,7
380,216.126779,425.1037492,2.359911535,0.891140814,10.1,11.15,Qal1,7
380,240.1834751,490.3063961,2.189478713,1.000088847,11.15,12.15,Qal1,7
380,193.2585969,300.4262117,2.34277429,1.102023937,12.15,13.1,Qal1,7
380,234.3839721,376.5383635,2.438397275,1.200022113,13.1,14.1,Qal1,7
380,241.8779823,433.5195018,2.105840266,1.309775428,14.1,15.1,Qal1,7
380,246.3054759,484.8525028,2.281843628,1.422341161,15.1,16.15,Qal1,7
380,268.420593,351.7771682,2.441731988,1.532435237,16.15,17.2,Qal1,7
380,209.6425601,547.25667,2.18617251,1.646938925,17.2,18.25,Qal1,7
380,305.8802332,518.431682,2.130156387,1.764819226,18.25,19.25,Qal1,7
380,319.6352671,463.6538935,2.100665714,1.852133369,19.25,19.75,Qal1,7
381,269.8025416,500.7281149,2.14483623,2.081468705,20.45,21.45,Qal2,8
381,316.8268778,318.8341127,1.999979366,2.198980012,21.45,22.45,Qal2,8
381,269.8952001,243.6512061,1.939163767,2.314178515,22.45,23.45,Qal2,8
381,283.7032325,200.7585555,1.832204767,2.428724589,23.45,24.45,Qal2,8
381,309.2804802,170.3660092,1.92671897,2.498776317,24.45,24.8,Qal2,8
382,178.3965731,157.6161186,1.815221006,0.231367459,1.75,3.75,Qal1,7
382,195.2081232,155.6752848,2.848677887,0.361354634,3.75,5.75,Qal1,7
382,194.5249005,270.299604,2.243084438,0.530972975,5.75,7.75,Qal1,7
382,192.9378707,198.6077978,2.175274159,0.701071575,7.75,9.75,Qal1,7
382,222.3454509,190.728635,2.548552332,0.879458694,9.75,11.8,Qal1,7
382,229.3219296,167.5513208,2.509952761,1.059281526,11.8,13.75,Qal1,7
382,258.16948,231.6979651,2.241124238,1.242932499,13.75,15.75,Qal1,7
382,216.9752957,134.0865384,2.762147466,1.422737666,15.75,17.75,Qal1,7
382,270.7709153,127.1627827,2.797751171,1.589500481,17.75,19.75,Qal1,7
382,229.057255,53.37270604,3.118579886,1.758453179,19.75,21.75,Qal1,7
382,285.2568537,65.89322106,2.987342658,1.895979266,21.75,23.25,Qal1,7
382,344.7812532,202.5076759,1.918243924,2.079734266,23.25,25.35,Qal1,7
383,366.0843503,863.1949983,2.059402452,0.306163965,1.75,3.75,Qoa,10
383,326.9092541,699.253071,2.143370797,0.534074692,3.75,5.8,Qoa,10
383,421.7384745,540.2952402,2.217899881,0.757226323,5.8,7.75,Qoa,10
383,396.7934111,375.3509832,2.519015627,0.97337839,7.75,9.75,Qoa,10
383,425.9407711,539.5644664,2.286371011,1.153313635,9.75,11.1,Qoa,10
384,238.7958796,556.0768701,2.462680332,0.210709025,1.75,3.75,Qoa,10
384,306.0537008,397.972558,2.574125647,0.396793706,3.75,5.75,Qoa,10
384,349.7218151,422.8917876,2.423378625,0.589005194,5.75,7.75,Qoa,10
384,332.7128651,552.0684438,2.426297507,0.802599459,7.75,9.75,Qoa,10
384,356.5570654,434.1513059,2.086854414,1.021905028,9.75,11.75,Qoa,10
384,384.0816929,501.5719565,2.084196548,1.247518677,11.75,13.75,Qoa,10
384,310.7176129,366.0358735,2.315758611,1.468648999,13.75,15.75,Qoa,10
384,331.4870453,197.5945363,2.700615674,1.676715994,15.75,17.75,Qoa,10
384,267.4287546,114.2473522,2.853721547,1.858869296,17.75,19.75,Qoa,10
384,287.4491073,56.88017603,3.009257356,2.023327699,19.75,21.75,Qoa,10
384,317.8026375,134.1373645,2.796362208,2.137188009,21.75,22.45,Qoa,10
385,302.4169673,624.8007292,2.331164027,0.260425525,1.75,3.75,Qal2,8
385,390.0513963,474.7815161,1.573473483,0.455846079,3.75,5.75,Qal2,8
385,284.8133432,269.0689487,2.547297227,0.652005925,5.75,7.75,Qal2,8
385,306.924945,324.4288105,2.47964203,0.831977309,7.75,9.75,Qal2,8
385,326.1816681,582.6828018,1.733411611,1.044035766,9.75,11.75,Qal2,8
385,390.109812,602.4079375,1.184118836,1.213485226,11.75,12.75,Qal2,8
386,306.8545398,384.2140357,2.278624087,0.240017404,1.75,3.75,Qal2,8
386,304.157676,367.6460993,2.254781852,0.408298675,3.75,5.9,Qal2,8
386,282.6739208,367.2618418,2.414721548,0.598196695,5.9,7.75,Qal2,8
386,307.6106328,336.8540621,2.457684753,0.784881755,7.75,9.75,Qal2,8
386,394.1972148,478.1009508,2.2708989,0.982174166,9.75,11.75,Qal2,8
386,310.3225248,439.7916095,2.053512022,1.205018762,11.75,13.75,Qal2,8
386,272.0528706,427.3945119,2.113786389,1.33182964,13.75,14.05,Qal2,8
387,289.3573801,499.8032374,2.032516719,0.274856951,1.75,3.75,Qal2,8
387,287.8353962,407.7824291,2.119237742,0.472673094,3.75,5.75,Qal2,8
387,272.4416287,340.6004817,1.577394508,0.681329975,5.75,7.75,Qal2,8
387,321.5708816,397.1022066,1.829030022,0.886872423,7.75,9.75,Qal2,8
387,322.4919894,315.5459459,1.800914793,1.096319447,9.75,11.75,Qal2,8
387,462.2214258,320.3971174,1.573496792,1.30787155,11.75,13.75,Qal2,8
387,411.721584,362.3069043,2.107118183,1.534508281,13.75,15.75,Qal2,8
387,323.5732349,445.7885052,2.41194278,1.760017355,15.75,17.75,Qal2,8
387,442.2065273,330.0784915,2.327058627,1.923164194,17.75,18.65,Qal2,8
388,234.3970895,271.8046212,2.442447135,0.216817474,1.75,3.75,Floodplain,2
388,130.4569017,166.203425,2.564388611,0.349269539,3.75,5.75,Floodplain,2
388,211.3479941,117.4516587,2.532109199,0.480047638,5.75,7.75,Floodplain,2
388,252.9485402,101.2038512,2.565718318,0.577643457,7.75,9.75,Floodplain,2
388,324.9551356,166.8493914,2.491662572,0.714247128,9.75,11.75,Floodplain,2
388,325.643248,178.2340178,2.199429594,0.877552913,11.75,13.75,Floodplain,2
388,315.0405959,157.6255592,1.813579216,1.071625911,13.75,15.75,Floodplain,2
388,271.4035037,168.3486602,1.84998526,1.267890297,15.75,17.75,Floodplain,2
388,315.1571205,160.9692896,1.863742607,1.46313777,17.75,19.75,Floodplain,2
389,193.2867556,248.1105072,2.555280098,0.220765426,1.75,3.75,Floodplain,2
389,245.0522953,152.9324538,2.627883095,0.362296475,3.75,5.75,Floodplain,2
389,161.6544363,109.9965546,2.553177063,0.489141244,5.75,7.75,Floodplain,2
389,252.7361709,86.79797919,2.676644675,0.592469566,7.75,9.75,Floodplain,2
389,256.837448,141.4017219,2.601542401,0.733051167,9.75,11.75,Floodplain,2
389,384.2681542,128.8031281,2.050886843,0.886729353,11.75,13.75,Floodplain,2
389,260.5702983,136.5502375,1.848519814,1.068392477,13.75,15.75,Floodplain,2
389,385.8791668,167.6657846,1.837293614,1.259284773,15.75,17.75,Floodplain,2
389,272.7980562,126.2694798,1.843590526,1.452567942,17.75,19.8,Floodplain,2
389,249.3474413,145.5165104,1.805963406,1.647958471,19.8,21.75,Floodplain,2
389,283.681791,138.4701885,1.927148086,1.790724846,21.75,22.75,Floodplain,2
390,239.1426061,296.306003,2.48888008,0.235144553,1.75,3.75,Floodplain,2
390,169.4957461,178.7466669,2.561529224,0.380072527,3.75,5.75,Floodplain,2
390,180.7003894,94.0727634,2.59466715,0.508055749,5.75,7.75,Floodplain,2
390,155.3310241,66.89735213,2.917209292,0.620014124,7.75,9.75,Floodplain,2
390,227.0006839,157.5268787,2.755281156,0.765047362,9.75,11.75,Floodplain,2
390,249.6071601,212.4978661,2.319602763,0.942319033,11.75,13.75,Floodplain,2
390,283.2103104,190.9297413,1.969802594,1.137927083,13.75,15.75,Floodplain,2
390,339.8397323,190.7939002,1.926938987,1.338346267,15.75,17.75,Floodplain,2
390,304.0480826,220.8977472,1.94969405,1.546796391,17.75,19.75,Floodplain,2
390,255.6685535,167.2049931,1.905495651,1.752116859,19.75,21.75,Floodplain,2
390,323.5356932,139.271045,1.867760192,1.955100951,21.75,23.75,Floodplain,2
390,263.5591143,131.7043872,1.933278762,2.162866074,23.75,25.75,Floodplain,2
390,266.413546,141.55478,1.978644565,2.353555168,25.75,27.75,Floodplain,2
390,305.6743489,142.9216608,1.856093878,2.574288699,27.75,29.95,Floodplain,2
391,156.3134009,205.9250959,2.652326456,0.201503795,1.75,3.75,Floodplain,2
391,155.6537985,154.2390126,2.62999008,0.328855318,3.75,5.75,Floodplain,2
391,198.4423568,141.4843574,2.494739162,0.465527253,5.75,7.75,Floodplain,2
391,190.9237672,81.37218821,2.51171153,0.581630776,7.75,9.75,Floodplain,2
391,235.2516772,109.7481909,2.638506589,0.694221162,9.75,11.75,Floodplain,2
391,302.7583978,201.39991,2.450313406,0.84904761,11.75,13.75,Floodplain,2
391,276.9912795,155.252097,1.945890826,1.035993227,13.75,15.75,Floodplain,2
391,303.7981014,171.8863998,1.850379288,1.230392544,15.75,17.75,Floodplain,2
391,303.3898599,269.7460677,1.875747243,1.471608051,17.75,20.15,Floodplain,2
392,125.3917081,239.3620597,1.836303214,0.242103783,1.75,3.75,Floodplain,2
392,181.5857046,189.5934608,1.725821183,0.42017686,3.75,5.75,Floodplain,2
392,215.1650731,207.7315405,1.719626942,0.595830883,5.75,7.75,Floodplain,2
392,232.6011979,221.5816051,1.679788175,0.790726789,7.75,9.75,Floodplain,2
392,235.4370184,228.2519796,1.57452637,0.993928488,9.75,11.75,Floodplain,2
392,223.819881,159.6350659,1.992089375,1.176848642,11.75,13.75,Floodplain,2
392,214.7466278,195.012351,1.805632827,1.352651426,13.75,15.35,Floodplain,2
393,226.3643012,408.1379749,2.245292847,0.253288164,1.75,3.75,Floodplain,2
393,196.6388899,273.5674761,1.840314119,0.435152358,3.75,5.75,Floodplain,2
393,139.3876109,67.92385517,2.836907152,0.587107089,5.75,7.75,Floodplain,2
393,164.3355667,52.72071944,2.751820343,0.692633092,7.75,9.75,Floodplain,2
393,235.4159626,144.6325034,1.990625808,0.817441337,9.75,11.75,Floodplain,2
393,227.6191561,162.8415033,1.915865496,0.99693036,11.75,13.75,Floodplain,2
393,138.5937506,187.7483519,1.728187388,1.14813017,13.75,15.05,Floodplain,2
394,279.1432769,334.795561,2.573595076,0.228184964,1.75,3.75,Floodplain,2
394,136.6278688,238.6662131,2.631421456,0.393780889,3.75,5.75,Floodplain,2
394,205.3765151,173.473601,2.70298922,0.557389738,5.75,7.75,Floodplain,2
394,187.1216178,129.7696542,2.816963482,0.71898968,7.75,9.75,Floodplain,2
394,174.6324784,165.6430947,2.478436862,0.869618359,9.75,11.75,Floodplain,2
394,415.9191503,169.182852,2.408954408,1.036092711,11.75,13.75,Floodplain,2
394,264.8747186,220.4458014,1.950671507,1.148781804,13.75,14.25,Floodplain,2
395,199.2970843,143.2518135,2.228998292,0.187894823,1.75,3.75,Floodplain,2
395,197.7395604,186.3115838,1.970915389,0.302799686,3.75,5.75,Floodplain,2
395,157.1200662,194.0533979,1.710361653,0.480601288,5.75,7.75,Floodplain,2
395,164.3578764,160.4345171,1.781293217,0.637804392,7.75,9.75,Floodplain,2
395,298.4542263,197.3197537,1.680911802,0.824840609,9.75,11.75,Floodplain,2
395,205.4573708,248.5631722,1.712740088,0.976557244,11.75,12.75,Floodplain,2
396,207.3889092,302.6601068,2.134298401,0.248500289,1.75,3.75,Floodplain,2
396,172.8019193,206.3904694,2.594656716,0.408627373,3.75,5.75,Floodplain,2
396,225.4428404,234.4083399,1.940510743,0.581707779,5.75,7.75,Floodplain,2
396,204.9411334,223.2093237,2.230479169,0.939567806,7.75,13.75,Floodplain,2
396,285.7609105,274.8490362,1.957322585,1.287971634,13.75,15.05,Floodplain,2
397,256.7978141,440.23016,2.515954355,0.225426607,1.75,3.75,Floodplain,2
397,272.8115828,376.6136072,2.302510719,0.402766168,3.75,5.75,Floodplain,2
397,296.517628,225.1281465,1.973803128,0.589493218,5.75,7.75,Floodplain,2
397,273.4091641,250.7489421,1.829240901,0.788766506,7.75,9.75,Floodplain,2
397,214.4023862,281.5837602,1.852866449,0.994302986,9.75,11.75,Floodplain,2
397,250.1570822,204.7213622,1.838290709,1.204371571,11.75,13.75,Floodplain,2
397,298.1570582,200.8441422,1.813896562,1.371330893,13.75,15.15,Floodplain,2
398,242.1889436,289.5373762,1.898394726,0.242164394,1.75,3.75,Floodplain,2
398,176.1377742,175.5421712,1.721984646,0.42640538,3.75,5.75,Floodplain,2
398,219.766024,226.1677229,1.614665452,0.609971719,5.75,7.75,Floodplain,2
398,239.4435861,236.396337,1.645880988,0.80658245,7.75,9.75,Floodplain,2
398,215.9230698,185.7474712,1.625133682,1.000509678,9.75,11.75,Floodplain,2
398,265.4446277,230.8048811,1.7124768,1.20062081,11.75,13.75,Floodplain,2
398,281.4337328,207.3386915,2.036177169,1.367399604,13.75,15.25,Floodplain,2
399,211.2867487,186.4102583,2.57538622,0.213512327,1.75,3.75,Floodplain,2
399,104.8604243,132.5623762,2.609535003,0.333464072,3.75,5.75,Floodplain,2
399,257.3476693,188.1901906,2.238945337,0.461928467,5.75,7.75,Floodplain,2
399,167.4064514,216.451011,1.839248923,0.638557663,7.75,9.75,Floodplain,2
399,246.4584256,256.4758197,1.699729405,0.837236201,9.75,11.75,Floodplain,2
399,168.0586707,274.5712058,1.822803041,1.015467973,11.75,13.25,Floodplain,2
400,179.0210017,332.2310963,2.52239411,0.224789521,1.75,3.75,Floodplain,2
400,198.1053656,177.4249836,1.947867298,0.399561386,3.75,5.75,Floodplain,2
400,215.8680472,240.5657762,1.952755209,0.572706375,5.75,7.75,Floodplain,2
400,239.3557941,352.0630102,1.832732354,0.777342937,7.75,9.75,Floodplain,2
400,231.575925,218.9494451,1.689910536,0.98162185,9.75,11.75,Floodplain,2
400,273.7659138,193.3826336,1.730781053,1.183881468,11.75,13.75,Floodplain,2
401,151.8214361,217.4281005,2.585956854,0.211967658,1.75,3.75,Floodplain,2
401,179.609038,185.6018527,2.661902594,0.366593032,3.75,5.75,Floodplain,2
401,184.6013878,166.7452742,2.394492219,0.513055422,5.75,7.75,Floodplain,2
401,214.9235631,236.1727564,1.934747146,0.695309383,7.75,9.75,Floodplain,2
401,221.3725289,186.3866752,1.770877778,0.889826175,9.75,11.75,Floodplain,2
401,238.1324056,190.3667809,1.770888164,1.079457273,11.75,13.75,Floodplain,2
402,282.7824581,405.2248327,2.171955391,0.238492887,1.75,3.75,Floodplain,2
402,226.4560489,228.30198,2.071809761,0.410695707,3.75,5.75,Floodplain,2
402,127.832448,186.2806657,1.988044149,0.587616437,5.75,7.75,Floodplain,2
402,213.4748096,178.3405936,1.833913318,0.762915204,7.75,9.75,Floodplain,2
402,242.4641853,224.3365658,1.700437423,0.959173774,9.75,11.75,Floodplain,2
402,272.8601559,235.5795289,1.855263565,1.077258453,11.75,12.2,Floodplain,2
403,154.5212415,312.3088306,2.603227775,0.228577366,1.75,3.75,Floodplain,2
403,171.8775725,230.3855885,2.685725136,0.397053776,3.75,5.75,Floodplain,2
403,290.7122057,188.6628,2.213911847,0.564895057,5.75,7.75,Floodplain,2
403,165.4846701,243.8485637,1.761204729,0.755709391,7.75,9.75,Floodplain,2
403,305.3507831,193.2143673,1.701647844,0.953338015,9.75,11.75,Floodplain,2
403,170.5490802,198.4663703,1.904764499,1.089199813,11.75,12.75,Floodplain,2
404,300.0543986,235.251692,2.078910158,0.229347778,1.75,3.75,Floodplain,2
404,265.8334572,162.8990965,2.423933815,0.381486464,3.75,5.75,Floodplain,2
404,145.0726784,199.483748,1.808867872,0.547152338,5.75,7.75,Floodplain,2
404,203.4880919,219.6259722,1.639926751,0.730655973,7.75,9.75,Floodplain,2
404,236.0048672,197.6330431,1.612090948,0.918988466,9.75,11.75,Floodplain,2
404,225.1217627,182.3641655,1.666765144,1.089609672,11.75,13.25,Floodplain,2
405,295.4165281,233.0854435,1.470376096,0.220857774,1.75,3.75,Floodplain,2
405,284.0081905,433.1852393,1.213041357,0.402657593,3.75,5.75,Floodplain,2
405,272.1081916,324.1733953,1.291621767,0.599143913,5.75,7.75,Floodplain,2
405,341.5583802,444.3603785,1.258308415,0.80325426,7.75,9.75,Floodplain,2
405,288.571492,283.0649504,1.420137239,1.00927569,9.75,11.75,Floodplain,2
405,284.7720958,271.7472462,1.374384881,1.160323095,11.75,12.75,Floodplain,2
406,80.88342621,160.4638231,2.71315292,0.165181487,1.75,3.75,Lagoonal,4
406,161.3270766,291.9740955,2.650116734,0.312647871,3.75,5.75,Lagoonal,4
406,195.3342169,308.9895312,2.185652654,0.496322957,5.75,7.75,Lagoonal,4
406,1016.509652,235.5367252,2.787171553,0.68501181,7.75,9.75,Lagoonal,4
406,122.1798958,202.8900269,2.82134498,0.877317029,9.75,11.75,Lagoonal,4
406,217.6166333,155.7455414,2.785709699,1.062329636,11.75,13.75,Lagoonal,4
406,265.2958564,185.2565615,2.72869977,1.249121466,13.75,15.75,Lagoonal,4
406,236.5020126,94.46354248,2.959546291,1.431485576,15.75,17.75,Lagoonal,4
406,236.4003804,116.1776978,2.708564293,1.596735507,17.75,19.75,Lagoonal,4
406,241.3297055,118.9255724,2.697203241,1.748271125,19.75,21.3,Lagoonal,4
407,267.376693,227.4094477,2.679981347,0.20320825,1.75,3.75,Lagoonal,4
407,103.7169498,256.7490486,2.525052566,0.361134446,3.75,5.75,Lagoonal,4
407,174.1156517,163.4477783,2.055134356,0.520888882,5.75,7.75,Lagoonal,4
407,240.8044561,194.62422,1.918505679,0.696016351,7.75,9.75,Lagoonal,4
407,269.665665,241.4928986,2.706424959,0.885989773,9.75,11.75,Lagoonal,4
407,282.7130084,160.8017665,2.67742785,1.066717276,11.75,13.75,Lagoonal,4
407,225.8050398,152.5551598,2.695443109,1.24593036,13.75,15.75,Lagoonal,4
407,220.2620163,135.7515113,2.588501186,1.433183544,15.75,17.75,Lagoonal,4
407,198.1296542,55.73275103,3.015880745,1.595078469,17.75,19.75,Lagoonal,4
407,197.6042261,55.41957291,3.073813437,1.765656815,19.75,22.3,Lagoonal,4
408,121.9771292,233.3479502,2.609608264,0.214199689,1.75,3.75,Lagoonal,4
408,183.6090284,160.9230578,2.654062468,0.360978084,3.75,5.75,Lagoonal,4
408,216.6686183,150.8815244,2.693486581,0.503614788,5.75,7.75,Lagoonal,4
408,170.6685354,156.8814139,2.539977782,0.666276348,7.75,9.75,Lagoonal,4
408,244.0649077,125.867903,2.834538637,0.820476584,9.75,11.75,Lagoonal,4
408,178.4978596,104.8088917,2.63692667,0.967407955,11.75,13.75,Lagoonal,4
408,453.5633249,126.7323146,2.286942944,1.123239315,13.75,15.75,Lagoonal,4
408,175.0275769,202.0752171,2.760396363,1.291019972,15.75,17.75,Lagoonal,4
409,110.0783338,226.7682783,2.643222745,0.174836484,1.75,3.75,Lagoonal,4
409,122.9349051,161.4800158,2.800644359,0.32463762,3.75,5.75,Lagoonal,4
409,107.8994751,66.84881216,2.879318,0.455422809,5.75,7.75,Lagoonal,4
409,99.89685859,51.90022676,2.914495721,0.563228119,7.75,9.75,Lagoonal,4
409,276.7510111,75.62380155,2.883187403,0.683072846,9.75,11.75,Lagoonal,4
409,88.13524826,49.05692511,3.015778434,0.810517452,11.75,13.75,Lagoonal,4
409,122.243467,37.75238414,3.286226208,0.928644654,13.75,15.75,Lagoonal,4
409,156.531105,53.68363767,3.260322879,1.073072182,15.75,17.75,Lagoonal,4
409,185.9471606,72.79035988,3.080285746,1.278941534,17.75,20.75,Lagoonal,4
409,172.6863533,109.8467794,2.656870882,1.449462216,20.75,21.75,Lagoonal,4
409,331.4897595,192.4007224,1.732831309,1.597069935,21.75,23.75,Lagoonal,4
410,136.1597484,238.78624,2.489823991,0.20332111,1.75,3.75,Lagoonal,4
410,141.7646936,145.1433335,2.257255257,0.351411541,3.75,5.75,Lagoonal,4
410,145.4625052,104.1542752,2.64393629,0.489923506,5.75,7.75,Lagoonal,4
410,142.9824302,45.29342897,3.143447514,0.623475813,7.75,9.75,Lagoonal,4
410,116.5698145,42.51987747,3.047022091,0.739880966,9.75,11.75,Lagoonal,4
410,121.6659462,37.25324348,3.089480891,0.854554808,11.75,13.75,Lagoonal,4
410,129.6847178,41.94735913,3.127344819,0.974927882,13.75,15.75,Lagoonal,4
410,231.5912022,96.34314921,2.916049598,1.124292687,15.75,17.75,Lagoonal,4
410,265.663848,120.6078291,2.71919971,1.287329292,17.75,19.75,Lagoonal,4
410,258.0150973,201.0010583,2.377075218,1.459734734,19.75,21.75,Lagoonal,4
411,162.9802467,254.598332,2.621060439,0.204331625,1.75,3.75,Lagoonal,4
411,221.5662988,146.549765,2.48202737,0.350836095,3.75,5.75,Lagoonal,4
411,110.3974221,126.3828992,2.82410315,0.488601039,5.75,7.75,Lagoonal,4
411,179.8648799,67.4253968,3.00768042,0.632563769,7.75,9.75,Lagoonal,4
411,118.8225705,43.23583739,3.075079526,0.754312102,9.75,11.75,Lagoonal,4
411,126.4548223,37.39015086,3.128986215,0.875364712,11.75,13.75,Lagoonal,4
411,157.5494077,61.13956095,3.206840351,1.008772763,13.75,15.75,Lagoonal,4
411,190.4819121,134.8795038,2.513728887,1.178197868,15.75,17.75,Lagoonal,4
411,279.8696935,195.2991241,2.29612084,1.378439044,17.75,20.25,Lagoonal,4
412,88.06111605,164.8041781,2.833716089,0.200371525,1.75,3.75,Lagoonal,4
412,138.1159251,116.5670926,2.950025902,0.344690094,3.75,5.75,Lagoonal,4
412,88.39860604,72.58813734,3.120129674,0.486453943,5.75,7.75,Lagoonal,4
412,115.5429415,44.48562388,3.164727144,0.61773513,7.75,9.75,Lagoonal,4
412,106.705467,43.84863011,3.159859641,0.73221175,9.75,11.75,Lagoonal,4
412,151.6578229,32.11688532,3.197545945,0.85070995,11.75,13.75,Lagoonal,4
412,97.92811241,32.06800931,3.202999604,0.964664344,13.75,15.75,Lagoonal,4
412,254.2297408,122.876695,2.857718407,1.108507814,15.75,17.75,Lagoonal,4
412,315.0928657,179.3261477,2.170050225,1.306543954,17.75,20.25,Lagoonal,4
413,132.4272942,190.7437043,2.659901013,0.19625927,1.75,3.75,Lagoonal,4
413,145.8670902,138.4826304,2.836747215,0.340207419,3.75,5.75,Lagoonal,4
413,157.1413964,124.0886854,2.569668969,0.481066833,5.75,7.75,Lagoonal,4
413,121.9712832,83.94856801,2.91240185,0.625744221,7.75,9.75,Lagoonal,4
413,118.2192239,42.47985237,3.081811951,0.753382635,9.75,11.75,Lagoonal,4
413,121.6687399,37.33367692,3.157703332,0.876088565,11.75,13.75,Lagoonal,4
413,125.2295713,38.81405271,3.177590806,0.997540078,13.75,15.75,Lagoonal,4
413,233.7513176,80.93756389,2.991081853,1.146420405,15.75,17.75,Lagoonal,4
413,169.0589433,59.12136696,3.13870301,1.321985511,17.75,20.25,Lagoonal,4
414,125.4653541,196.6866742,2.497457127,0.191138256,1.75,3.75,Lagoonal,4
414,155.7465733,159.1047942,2.377717696,0.330454949,3.75,5.75,Lagoonal,4
414,118.717749,134.352371,2.895525129,0.482269021,5.75,7.75,Lagoonal,4
414,147.7004957,94.286304,2.979356963,0.639849157,7.75,9.75,Lagoonal,4
414,123.8709611,43.24476621,3.182196563,0.774054617,9.75,11.75,Lagoonal,4
414,150.0519828,52.74187593,3.103975082,0.912527499,11.75,13.75,Lagoonal,4
414,147.6541665,39.1008317,3.185366577,1.046557743,13.75,15.75,Lagoonal,4
414,186.1966129,67.82237782,3.129098319,1.185585044,15.75,17.75,Lagoonal,4
414,223.1784911,88.49152729,2.744946956,1.364880953,17.75,20.25,Lagoonal,4
415,140.3661779,223.1406704,2.731165084,0.211971346,1.75,3.75,Lagoonal,4
415,154.95579,203.1764237,2.634139246,0.367845931,3.75,5.75,Lagoonal,4
415,155.2142368,181.2601427,2.421910633,0.527551246,5.75,7.75,Lagoonal,4
415,128.6465193,69.69046364,2.762235316,0.68217443,7.75,9.75,Lagoonal,4
415,151.717886,39.5036698,3.189427227,0.808239747,9.75,11.75,Lagoonal,4
415,102.265805,34.4931965,3.212215473,0.93576969,11.75,13.75,Lagoonal,4
415,212.2263303,114.3366611,2.507919854,1.062522125,13.75,15.75,Lagoonal,4
415,187.793178,61.31014517,3.030094873,1.205643705,15.75,17.75,Lagoonal,4
415,221.6231461,41.19681526,3.115753038,1.361454493,17.75,20.25,Lagoonal,4
416,160.4728476,314.0977307,2.522844949,0.234347365,1.75,3.75,Floodplain,2
416,168.5095155,97.08778021,2.850876729,0.377042768,3.75,5.75,Floodplain,2
416,77.05541389,75.02979392,2.632447719,0.488180883,5.75,7.75,Floodplain,2
416,201.8974923,176.8923421,1.653323994,0.633735876,7.75,9.75,Floodplain,2
416,335.8334027,209.3375445,1.594171774,0.816012789,9.75,11.75,Floodplain,2
417,235.7975186,239.6438937,1.772042855,0.351041255,1.75,5.75,Floodplain,2
417,373.7513641,176.8308373,1.734516062,0.631630176,5.75,7.75,Floodplain,2
417,179.6481635,224.338581,1.595436641,0.818615118,7.75,9.75,Floodplain,2
417,221.8655885,249.5031586,1.686331269,1.024311329,9.75,11.75,Floodplain,2
417,990.526566,175.6667279,2.012691143,1.201604659,11.75,13.25,Floodplain,2
418,215.4799389,378.471802,2.627655257,0.244201729,1.75,3.75,Floodplain,2
418,189.3480084,233.5311057,2.48791004,0.411566794,3.75,5.75,Floodplain,2
418,202.8223677,221.9729115,2.238703997,0.569090379,5.75,7.75,Floodplain,2
418,161.4497369,266.5855173,2.264572803,0.741784275,7.75,9.75,Floodplain,2
418,320.6129703,197.2377124,1.811853002,0.927859563,9.75,11.75,Floodplain,2
418,171.4765854,208.6431814,2.26012021,1.111555228,11.75,13.75,Floodplain,2
418,255.4447914,201.1214475,1.93895406,1.236167399,13.75,14.35,Floodplain,2
419,262.7185931,385.9049053,2.020033432,0.281472359,1.75,3.75,Floodplain,2
419,239.3058463,273.4975813,2.089556952,0.472077319,3.75,5.75,Floodplain,2
419,167.7472163,218.7862096,1.965874664,0.663652217,5.75,7.75,Floodplain,2
419,244.1413028,180.0019527,1.931553372,0.839275081,7.75,9.75,Floodplain,2
419,247.5132773,200.4470264,1.920049848,1.030562028,9.75,11.75,Floodplain,2
419,227.8879873,199.3061435,2.053556763,1.218528304,11.75,13.75,Floodplain,2
419,231.9579363,194.8126269,1.802061519,1.331754739,13.75,14.15,Floodplain,2
420,209.9243007,279.9745596,2.080595948,0.246403639,1.75,3.75,Floodplain,2
420,217.8955266,221.6095015,2.191364779,0.410985491,3.75,5.75,Floodplain,2
420,182.9639554,207.5981308,2.153804561,0.585947586,5.75,7.75,Floodplain,2
420,201.8347061,220.2271895,1.935115801,0.762730965,7.75,9.75,Floodplain,2
420,257.150277,258.5538213,1.977713083,0.956914744,9.75,11.75,Floodplain,2
420,445.345259,252.587719,1.832015997,1.163420995,11.75,13.75,Floodplain,2
420,177.4979665,325.3136931,2.330143969,1.339234733,13.75,15.25,Floodplain,2
421,285.4813892,426.1177102,1.90887311,0.296756955,1.75,3.75,Floodplain,2
421,273.4456811,205.307512,1.752319035,0.490671644,3.75,5.75,Floodplain,2
421,179.5492348,231.6708025,1.727654605,0.688403027,5.75,7.75,Floodplain,2
421,227.6006716,199.6519517,1.633288679,0.892571067,7.75,9.75,Floodplain,2
421,1228.131346,154.3978762,2.14862705,1.070565489,9.75,11.75,Floodplain,2
421,139.1588092,181.5051636,2.221181773,1.248045478,11.75,13.75,Floodplain,2
421,669.5811871,132.6971388,1.786333437,1.429116669,13.75,15.65,Floodplain,2
422,344.5884001,193.8258621,1.842569006,0.239489639,1.75,3.75,Floodplain,2
422,161.2626972,233.8784254,1.734436939,0.422493664,3.75,5.75,Floodplain,2
422,216.6726881,210.8002699,1.65286732,0.61323496,5.75,7.75,Floodplain,2
422,320.4597061,190.0945933,1.674339916,0.806024286,7.75,9.75,Floodplain,2
422,164.854428,143.3034333,2.177314563,0.993639491,9.75,11.75,Floodplain,2
422,432.1635561,161.8552346,2.494664646,1.138443838,11.75,13.35,Floodplain,2
423,290.69905,365.6346177,2.61635827,0.235632618,1.75,3.75,Floodplain,2
423,117.0512718,223.9746193,2.66953518,0.405063346,3.75,5.75,Floodplain,2
423,284.4127259,179.6767903,2.391899671,0.560085839,5.75,7.75,Floodplain,2
423,201.629355,329.179939,2.255157067,0.724539854,7.75,9.75,Floodplain,2
423,225.5030701,263.4292768,1.962629417,0.919884917,9.75,11.75,Floodplain,2
423,211.9481832,269.6933629,1.923349094,1.045028573,11.75,12.25,Floodplain,2
424,227.187527,454.7546585,1.655924435,0.257720787,1.75,3.75,Floodplain,2
424,845.7681512,373.580702,1.743428034,0.466256463,3.75,5.75,Floodplain,2
424,244.117794,396.8921274,1.69343442,0.690644054,5.75,7.75,Floodplain,2
424,118.4825308,219.0603277,2.079082875,0.885476754,7.75,9.75,Floodplain,2
424,467.3371207,221.9100525,1.809155207,1.089670195,9.75,11.75,Floodplain,2
424,128.0208598,214.7481432,2.250870332,1.247557639,11.75,13.05,Floodplain,2
425,150.9565425,197.6672909,2.213311761,0.208628995,1.75,3.75,Floodplain,2
425,157.7900063,160.2219092,2.761175559,0.35004325,3.75,5.75,Floodplain,2
425,148.3293086,104.6615664,2.948901857,0.49744676,5.75,7.75,Floodplain,2
425,166.0514367,243.8962527,2.186968824,0.651841944,7.75,9.75,Floodplain,2
425,235.3489521,205.436464,1.790778858,0.849856741,9.75,11.75,Floodplain,2
426,243.757006,386.6333843,2.030847173,0.266963186,1.75,3.75,Floodplain,2
426,252.6318187,214.9992267,1.765796667,0.46319497,3.75,5.75,Floodplain,2
426,245.7392982,241.1747671,1.601554942,0.656582695,5.75,7.75,Floodplain,2
426,371.9323169,232.7970746,1.683946966,0.851174793,7.75,9.75,Floodplain,2
426,154.9990785,179.8223114,1.797668248,1.051118049,9.75,11.75,Floodplain,2
426,252.6065225,74.61355017,3.062228651,1.226140569,11.75,13.75,Floodplain,2
426,404.3530021,126.6296343,2.685676871,1.388958677,13.75,15.75,Floodplain,2
427,206.9234032,335.448992,1.830867487,0.274927478,1.75,3.75,Floodplain,2
427,213.8294229,167.9763827,2.10948473,0.452315101,3.75,5.75,Floodplain,2
427,180.1794921,204.4182596,1.838576515,0.632012495,5.75,7.75,Floodplain,2
427,239.4504745,160.1184806,1.694617144,0.822331524,7.75,9.75,Floodplain,2
427,210.4916535,150.3934033,1.846465335,0.993802345,9.75,11.75,Floodplain,2
427,279.8882026,173.9886376,1.723190766,1.182991291,11.75,13.75,Floodplain,2
427,223.2057625,197.3688769,1.723970456,1.361076002,13.75,15.2,Floodplain,2
428,178.0252902,419.7549453,2.492083841,0.259948539,1.75,3.75,Floodplain,2
428,163.5510542,220.3442726,2.391762106,0.427908553,3.75,5.75,Floodplain,2
428,163.670247,137.4479565,2.395772348,0.567962336,5.75,7.75,Floodplain,2
428,220.3812496,241.2545098,1.842675341,0.726082539,7.75,9.75,Floodplain,2
428,221.4034295,162.8218446,1.945421938,0.905440037,9.75,11.75,Floodplain,2
428,235.9123938,152.2703539,1.693543068,1.093266361,11.75,13.75,Floodplain,2
428,255.3687654,181.9055916,2.204030813,1.210051506,13.75,14.25,Floodplain,2
429,193.9279689,169.8889121,1.760649543,0.246794295,1.75,3.75,Floodplain,2
429,369.3543786,222.263656,1.815801848,0.433025785,3.75,5.75,Floodplain,2
429,148.353612,189.1118141,1.77115599,0.617268093,5.75,7.75,Floodplain,2
429,305.064328,230.4060093,1.795055911,0.801309387,7.75,9.75,Floodplain,2
429,552.6327443,279.4932115,2.385588378,0.919837874,9.75,10.15,Floodplain,2
430,144.4085544,105.7058356,2.952339464,0.647332104,3.75,5.75,Valley_Train,5
430,203.270935,153.8317991,1.806329724,0.808518018,5.75,7.75,Valley_Train,5
430,216.3329205,176.5453433,1.628552662,0.973841596,7.75,9.75,Valley_Train,5
430,242.9484567,339.7300323,1.421893596,1.176322347,9.75,11.75,Valley_Train,5
430,275.3401129,259.2183103,1.427030796,1.385396585,11.75,13.75,Valley_Train,5
430,257.0877981,212.2804944,1.662910099,1.587585629,13.75,15.75,Valley_Train,5
430,239.7835093,213.6395012,1.541291155,1.785530494,15.75,17.75,Valley_Train,5
430,225.6254894,223.8617463,1.47852921,1.964968298,17.75,19.4,Valley_Train,5
430,300.2076543,314.5000371,1.294107334,2.114841332,19.4,20.7,Valley_Train,5
431,124.4597091,103.3168702,3.050491477,0.400472372,1.75,3.75,Valley_Train,5
431,142.0328013,90.04205791,2.982381116,0.553539394,3.75,5.75,Valley_Train,5
431,244.4070585,203.1453352,1.57897798,0.723897126,5.75,7.75,Valley_Train,5
431,224.5814078,236.500395,1.515404674,0.907766249,7.75,9.75,Valley_Train,5
431,226.3951532,214.9400903,1.557460108,1.109082021,9.75,11.75,Valley_Train,5
431,245.5661453,207.7592675,1.638721261,1.30767387,11.75,13.75,Valley_Train,5
431,242.9827273,234.2630394,1.609475642,1.518555252,13.75,15.75,Valley_Train,5
431,234.1252082,229.4880352,1.677748838,1.733025061,15.75,17.75,Valley_Train,5
431,261.8334416,228.9785604,1.634340502,1.94538223,17.75,19.75,Valley_Train,5
431,220.9054877,122.6633145,1.879137768,2.102643614,19.75,20.75,Valley_Train,5
432,155.6149055,185.2090853,2.666798146,0.186728182,1.75,3.75,Floodplain,2
432,159.2234951,198.8350909,2.006783386,0.336953188,3.75,5.75,Floodplain,2
432,196.4922408,262.9838078,1.67596668,0.516656309,5.75,7.75,Floodplain,2
432,262.1209999,330.5980824,1.468401264,0.725252354,7.75,9.75,Floodplain,2
432,209.8987109,269.3243039,1.493598018,0.926934715,9.75,11.75,Floodplain,2
432,215.9765233,156.7903079,1.643216823,1.122991381,11.75,13.75,Floodplain,2
432,228.5740647,201.7324651,1.656391098,1.32307897,13.75,15.75,Floodplain,2
432,234.6694254,172.1606296,1.710724142,1.524975995,15.75,17.75,Floodplain,2
432,223.4308168,177.9817359,1.551885156,1.671085687,17.75,18.65,Floodplain,2
433,178.898443,173.1236556,2.393215306,0.423660191,1.75,3.85,Floodplain,2
433,146.9223831,102.5407066,2.795900075,0.570724515,3.85,5.75,Floodplain,2
433,162.797068,134.9551776,2.662751759,0.703776933,5.75,7.75,Floodplain,2
433,175.8221084,183.7650818,2.277324468,0.85927737,7.75,9.75,Floodplain,2
433,207.7154211,313.5434992,1.578886296,1.045227631,9.75,11.5,Floodplain,2
433,226.873245,216.6516195,1.511938742,1.239580032,11.5,13.5,Floodplain,2
433,226.4499597,160.6370781,1.631601239,1.430589381,13.5,15.5,Floodplain,2
433,263.2077815,181.1839137,1.5770083,1.637774485,15.5,17.75,Floodplain,2
434,124.9311858,133.6595076,2.866205645,0.443730858,1.75,3.75,Valley_Train,5
434,151.8230464,115.793036,2.829288826,0.61542246,3.75,5.75,Valley_Train,5
434,181.6632256,199.4629748,2.093870888,0.764839459,5.75,7.75,Valley_Train,5
434,225.465488,211.1412893,1.693966261,0.942203005,7.75,9.75,Valley_Train,5
434,235.2243932,217.249783,1.480504326,1.133376534,9.75,11.75,Valley_Train,5
434,226.2285486,177.5006674,1.534847897,1.323154622,11.75,13.75,Valley_Train,5
434,258.6920777,234.8909229,1.389182079,1.514323666,13.75,15.75,Valley_Train,5
434,251.1752731,238.9403456,1.473164144,1.715042833,15.75,17.75,Valley_Train,5
434,200.6401256,191.7171647,1.571046735,1.933291297,17.75,19.9,Valley_Train,5
435,127.1970183,242.5450052,2.647695307,0.20982195,1.75,3.75,Valley_Train,5
435,142.4551614,149.5085174,2.887776073,0.362138602,3.75,5.75,Valley_Train,5
435,202.7459007,172.0373885,2.116338611,0.515491886,5.75,7.75,Valley_Train,5
435,256.4175696,279.7749729,1.443572448,0.700954613,7.75,9.75,Valley_Train,5
435,252.6899251,293.540107,1.37466719,0.901542503,9.75,11.75,Valley_Train,5
435,253.39984,224.0707165,1.478369557,1.099289663,11.75,13.75,Valley_Train,5
435,228.0964054,233.2766438,1.514703976,1.297194927,13.75,15.75,Valley_Train,5
435,250.8658195,207.9084265,1.700760581,1.50306103,15.75,17.75,Valley_Train,5
435,213.5524753,144.0691697,1.754089905,1.70560299,17.75,19.75,Valley_Train,5
436,120.1456516,243.0342644,2.631115663,0.211621229,1.75,3.75,Valley_Train,5
436,141.9644046,150.1837026,2.758347309,0.359491848,3.75,5.75,Valley_Train,5
436,178.5664883,104.5121031,2.64739835,0.503839384,5.75,7.75,Valley_Train,5
436,214.8454793,253.354637,1.541347261,0.67213719,7.75,9.75,Valley_Train,5
436,201.9397723,167.3376174,1.566776123,0.855284532,9.75,11.75,Valley_Train,5
436,215.8722903,262.2663985,1.493642177,1.049407231,11.75,13.75,Valley_Train,5
436,233.8309736,197.4471178,1.593988095,1.246644599,13.75,15.75,Valley_Train,5
436,259.544432,230.3648845,1.535669194,1.453492344,15.75,17.75,Valley_Train,5
436,217.2110383,226.7029879,1.508153361,1.659220162,17.75,19.75,Valley_Train,5
436,260.9035565,262.2573533,1.589211468,1.87334769,19.75,21.75,Valley_Train,5
436,242.9533165,228.6939032,1.634162514,2.086233555,21.75,23.75,Valley_Train,5
436,251.7584158,173.5914419,1.733107434,2.231083204,23.75,24.35,Valley_Train,5
437,126.8018952,115.4300709,2.756331069,0.463412525,1.75,3.75,Valley_Train,5
437,116.0683401,52.87412813,3.250551,0.653364224,3.75,5.75,Valley_Train,5
437,120.3135776,53.38070792,3.271456753,0.799530064,5.75,7.75,Valley_Train,5
437,176.786045,92.91771511,2.919689386,0.950245938,7.75,9.75,Valley_Train,5
437,221.3971291,216.7485642,1.626381401,1.137908843,9.75,11.75,Valley_Train,5
437,306.2349465,214.6670531,1.748130293,1.33969391,11.75,13.75,Valley_Train,5
437,271.7517432,259.4855865,1.553472168,1.553396479,13.75,15.75,Valley_Train,5
437,264.5318442,230.4201697,1.56185203,1.721194401,15.75,16.9,Valley_Train,5
438,142.0349671,103.1737458,3.061543913,0.479379287,1.75,3.75,Valley_Train,5
438,128.9106766,79.12047356,3.107128185,0.685719346,3.75,5.75,Valley_Train,5
438,139.5053634,60.03058981,3.20877374,0.837906645,5.75,7.75,Valley_Train,5
438,143.772943,59.84482571,3.110584097,0.985882481,7.75,9.75,Valley_Train,5
438,125.2136764,69.17510498,3.068244123,1.125830002,9.75,11.75,Valley_Train,5
438,271.6632122,246.8177296,1.706964632,1.301009044,11.75,13.75,Valley_Train,5
438,268.7394599,185.2078873,1.657146152,1.506159995,13.75,15.75,Valley_Train,5
438,250.0169979,207.3271252,1.701041618,1.717377018,15.75,17.75,Valley_Train,5
439,125.9137667,67.48009033,3.536261639,0.308025601,1.75,3.75,Valley_Train,5
439,139.2606638,108.253314,3.127635901,0.45590398,3.75,5.75,Valley_Train,5
439,158.4027493,85.75738415,3.227109193,0.616926536,5.75,7.75,Valley_Train,5
439,166.4789623,113.3313717,2.853683079,0.782025996,7.75,9.75,Valley_Train,5
439,211.6558476,224.9858554,1.732280255,0.957622335,9.75,11.75,Valley_Train,5
439,261.7526332,274.9494042,1.488150429,1.163436202,11.75,13.75,Valley_Train,5
439,249.8620452,248.0530731,1.536168435,1.371376508,13.75,15.75,Valley_Train,5
439,245.4664767,286.4787113,1.552156812,1.505815169,15.75,16.25,Valley_Train,5
440,121.6610086,122.0928274,2.596436836,0.760434574,3.75,5.75,Valley_Train,5
440,128.9004394,87.37597239,2.493028188,0.904224767,5.75,7.75,Valley_Train,5
440,243.0876345,218.2060454,1.474691158,1.078581966,7.75,9.75,Valley_Train,5
440,252.1584227,237.9341948,1.488919754,1.279028422,9.75,11.75,Valley_Train,5
440,219.7924995,211.1509512,1.52312447,1.479630219,11.75,13.75,Valley_Train,5
440,215.6470623,192.3497388,1.564198738,1.678370435,13.75,15.75,Valley_Train,5
440,212.7118455,237.1631419,1.535894162,1.822486222,15.75,16.55,Valley_Train,5
441,118.620639,161.9792234,2.93799401,0.248018271,1.75,3.75,Valley_Train,5
441,126.5706381,107.6968476,3.06552748,0.400297637,3.75,5.75,Valley_Train,5
441,180.9466952,179.6632253,1.971605233,0.557324399,5.75,7.75,Valley_Train,5
441,204.7000367,312.3207508,1.539333146,0.750788325,7.75,9.75,Valley_Train,5
441,210.6688823,293.2881446,1.443537779,0.958141173,9.75,11.75,Valley_Train,5
441,238.0532759,208.1728476,1.576753623,1.160910223,11.75,13.75,Valley_Train,5
441,239.351302,252.7273852,1.581872871,1.368612659,13.75,15.75,Valley_Train,5
441,229.9974853,215.2950716,1.537726759,1.578715098,15.75,17.75,Valley_Train,5
441,229.7463633,209.3553849,1.6359542,1.79086854,17.75,19.85,Valley_Train,5
442,105.7672588,84.06611368,3.184567001,0.451745308,2.1,3.75,Valley_Train,5
442,151.1220517,78.00113441,3.147307268,0.59155358,3.75,5.75,Valley_Train,5
442,175.7832553,106.3935294,2.635199335,0.741350735,5.75,7.75,Valley_Train,5
442,255.2081785,230.694886,1.600114862,0.92012236,7.75,9.75,Valley_Train,5
442,245.7628629,255.346287,1.53861702,1.125975389,9.75,11.75,Valley_Train,5
442,205.3319105,174.4331074,1.624287705,1.322709978,11.75,13.75,Valley_Train,5
442,220.3644177,157.7062152,1.628104043,1.475975272,13.75,14.9,Valley_Train,5
443,174.7404874,154.9278671,2.837518376,0.463494047,1.75,3.75,Valley_Train,5
443,142.9150776,74.62132383,3.114798685,0.638597832,3.75,5.75,Valley_Train,5
443,201.3115777,204.9947456,2.02757995,0.79628421,5.75,7.75,Valley_Train,5
443,210.9149324,223.366103,1.505190998,0.98959537,7.75,9.75,Valley_Train,5
443,256.9528637,221.2646215,1.502038988,1.186703948,9.75,11.75,Valley_Train,5
443,215.8000317,236.4385969,1.525268078,1.38656652,11.75,13.75,Valley_Train,5
443,247.8399899,192.6978898,1.596911304,1.589370775,13.75,15.75,Valley_Train,5
443,244.7429737,192.4914901,1.689791174,1.792301581,15.75,17.75,Valley_Train,5
443,226.3480094,147.5612098,1.692806042,2.005117218,17.75,19.75,Valley_Train,5
443,233.0181381,133.9620853,1.74892007,2.214248103,19.75,21.75,Valley_Train,5
443,285.2253065,172.4584639,1.745562115,2.420976264,21.75,23.75,Valley_Train,5
444,146.3640615,137.1485495,2.922336705,0.495213486,1.75,3.75,Valley_Train,5
444,155.904009,71.89996094,3.098279613,0.770900323,3.75,5.75,Valley_Train,5
444,206.4405286,200.3335133,1.494754201,0.935580572,5.75,7.75,Valley_Train,5
444,236.751308,254.8890669,1.477950204,1.125627123,7.75,9.75,Valley_Train,5
444,255.3776766,180.6824928,1.551636143,1.322748813,9.75,11.75,Valley_Train,5
444,209.2917202,214.7177455,1.499745021,1.51943292,11.75,13.75,Valley_Train,5
444,217.46305,221.1144888,1.543083472,1.723120911,13.75,15.75,Valley_Train,5
444,268.7036828,207.0330703,1.577038469,1.933209392,15.75,17.75,Valley_Train,5
444,217.7052706,129.1291929,1.772266842,2.142833451,17.75,19.85,Valley_Train,5
445,144.7058604,184.2976376,2.914772462,0.266757167,1.75,3.75,Valley_Train,5
445,147.2536468,106.4078372,3.011147065,0.420406233,3.75,5.75,Valley_Train,5
445,164.2797729,120.3261181,2.75238413,0.554734498,5.75,7.75,Valley_Train,5
445,228.1596765,291.789095,1.383003108,0.731335706,7.75,9.75,Valley_Train,5
445,214.8847058,255.4078697,1.467758846,0.932251121,9.75,11.75,Valley_Train,5
445,248.5059852,257.2388355,1.481465601,1.135282728,11.75,13.75,Valley_Train,5
445,229.8264908,222.9408151,1.513318505,1.334657614,13.75,15.75,Valley_Train,5
445,206.7760826,272.7600043,1.523648632,1.546180944,15.75,17.75,Valley_Train,5
445,143.3075695,213.4361275,1.566950026,1.766678462,17.75,19.9,Valley_Train,5
446,138.1611065,159.9500869,2.945479881,0.278047114,1.75,3.75,Valley_Train,5
446,131.227256,121.4615939,3.036708086,0.435376407,3.75,5.75,Valley_Train,5
446,161.3147064,116.1944675,3.034069141,0.598329605,5.75,7.75,Valley_Train,5
446,188.1601019,140.499601,2.205365077,0.754627989,7.75,9.75,Valley_Train,5
446,207.8796199,252.791983,1.462191753,0.947029,9.75,11.75,Valley_Train,5
446,226.7776058,188.0515391,1.603814983,1.13946868,11.75,13.75,Valley_Train,5
446,255.2167463,226.6889936,1.609265323,1.33172598,13.75,15.75,Valley_Train,5
446,211.3277163,265.8210057,1.566117216,1.544792955,15.75,17.75,Valley_Train,5
446,239.3981457,230.8332893,1.618685777,1.719147246,17.75,18.95,Valley_Train,5
447,176.7783968,130.4817327,2.623434186,0.452722233,1.75,3.75,Floodplain,2
447,137.0764192,148.2845631,2.241155507,0.606660447,3.75,5.75,Floodplain,2
447,153.0462608,125.9662257,2.206620815,0.741231905,5.75,7.75,Floodplain,2
447,193.7657662,198.5815407,1.791919135,0.902681851,7.75,9.75,Floodplain,2
447,203.3596375,166.121869,1.590046273,1.093791312,9.75,11.75,Floodplain,2
447,218.2145714,224.5524224,1.395286163,1.284232873,11.75,13.75,Floodplain,2
447,256.251942,215.1871374,1.459701796,1.47411559,13.75,15.75,Floodplain,2
447,224.6263393,165.5212842,1.531194351,1.665573158,15.75,17.75,Floodplain,2
447,239.0043188,210.7693989,1.502069262,1.902447309,17.75,20.55,Floodplain,2
448,224.8949196,145.5833484,2.618026375,0.486782077,1.75,3.75,Floodplain,2
448,170.5508379,166.9893241,2.18686118,0.758434427,3.75,5.75,Floodplain,2
448,157.8188422,126.1580856,2.250694105,0.908227353,5.75,7.75,Floodplain,2
448,189.2632059,172.1019984,2.178898793,1.073614919,7.75,9.75,Floodplain,2
448,181.0216825,124.897133,2.220371925,1.247516312,9.75,11.75,Floodplain,2
448,205.5959535,198.487679,2.017662749,1.433679684,11.75,13.75,Floodplain,2
448,254.4140724,182.6451258,1.838409746,1.631540899,13.75,15.75,Floodplain,2
448,224.4342044,173.1616048,1.737551304,1.834030628,15.75,17.75,Floodplain,2
448,233.4547334,151.0215031,1.749247878,2.042466202,17.75,19.75,Floodplain,2
448,240.5654795,137.0713142,1.802392562,2.249556467,19.75,21.75,Floodplain,2
448,291.8673582,138.2628691,1.810465827,2.46115933,21.75,23.75,Floodplain,2
448,262.8282886,109.9101608,1.705590676,2.667794117,23.75,25.75,Floodplain,2
448,285.3744566,111.2614669,1.719924949,2.864683429,25.75,27.75,Floodplain,2
448,287.5719607,212.3923475,1.627361682,3.078767158,27.75,30.05,Floodplain,2
449,249.9969402,262.266398,1.95559664,0.26139277,1.75,3.75,Floodplain,2
449,160.7045064,184.2446943,2.033669662,0.424290559,3.75,5.75,Floodplain,2
449,181.7964914,192.9565938,1.98622242,0.602297874,5.75,7.75,Floodplain,2
449,186.9477256,192.7782678,1.98698318,0.782978423,7.75,9.75,Floodplain,2
449,246.6067866,289.5174495,1.493865131,0.983818705,9.75,11.75,Floodplain,2
449,212.6204054,190.8719374,1.763972152,1.186858247,11.75,13.75,Floodplain,2
449,205.6384845,222.5736886,1.641296605,1.388843437,13.75,15.75,Floodplain,2
449,227.5010582,154.0236309,1.633627884,1.588548365,15.75,17.75,Floodplain,2
449,250.9156682,167.2997464,1.597587172,1.790977248,17.75,19.9,Floodplain,2
450,201.5002655,184.9984945,1.964532229,0.472979144,1.75,3.75,Floodplain,2
450,172.679466,143.0537073,2.01314693,0.683324929,3.75,5.75,Floodplain,2
450,182.3647551,141.6906776,1.937720309,0.857852117,5.75,7.75,Floodplain,2
450,182.4800732,180.5996492,2.172685731,1.030934049,7.75,9.75,Floodplain,2
450,232.9591646,280.0903291,1.477839026,1.226928291,9.75,11.75,Floodplain,2
450,224.559404,244.9098268,1.463678453,1.432293113,11.75,13.75,Floodplain,2
450,234.0016932,210.945973,1.477269935,1.634700556,13.75,15.75,Floodplain,2
450,224.4760874,202.4323262,1.647528743,1.831587671,15.75,17.75,Floodplain,2
450,247.1342661,117.5107482,1.709249597,2.0588353,17.75,20.35,Floodplain,2
451,152.7244516,142.0253999,2.728959695,0.460390822,1.75,3.75,Floodplain,2
451,207.1904044,190.7996771,1.884791821,0.664942811,3.75,5.75,Floodplain,2
451,190.7977322,145.1814831,1.716477425,0.842645656,5.75,7.75,Floodplain,2
451,200.6234642,166.5580256,1.597652064,1.028063077,7.75,9.75,Floodplain,2
451,238.4859196,195.3496178,1.549418601,1.218896395,9.75,11.75,Floodplain,2
451,220.8496618,199.1635769,1.544980315,1.416935639,11.75,13.75,Floodplain,2
451,238.8467143,158.1022062,1.748921846,1.616939804,13.75,16,Floodplain,2
451,289.2742634,188.8069014,1.507953262,1.809707801,16,17.75,Floodplain,2
451,278.4772379,201.7963462,1.601217105,2.018842379,17.75,20.05,Floodplain,2
452,218.0815809,182.2265461,2.069555939,0.495238405,1.75,3.75,Floodplain,2
452,233.2625077,207.6727971,1.620294181,0.843598313,3.75,5.75,Floodplain,2
452,223.8994912,190.4009989,1.557222122,1.057400749,5.75,7.75,Floodplain,2
452,243.3495333,195.3806016,1.625992497,1.252248352,7.75,9.75,Floodplain,2
452,237.7314083,225.3429183,1.576366128,1.447294511,9.75,11.75,Floodplain,2
452,218.156502,150.8206264,1.692476267,1.647175402,11.75,13.75,Floodplain,2
452,235.2358634,175.2951552,1.75404373,1.845430966,13.75,15.75,Floodplain,2
452,245.7764082,147.2730155,1.703472109,2.05300561,15.75,17.75,Floodplain,2
452,251.9627779,124.5597626,1.816137347,2.264626924,17.75,19.85,Floodplain,2
453,154.0096591,75.03915454,3.04014635,0.752557677,3.75,5.75,Floodplain,2
453,129.8280012,34.57319161,3.352412825,0.889223135,5.75,7.75,Floodplain,2
453,152.0007598,56.33520023,3.02063703,1.026951799,7.75,9.75,Floodplain,2
453,198.6276939,179.830556,2.188922267,1.189395645,9.75,11.75,Floodplain,2
453,206.8837625,207.9753008,2.016305622,1.384091902,11.75,13.75,Floodplain,2
453,224.5918036,174.3638985,1.62381579,1.588324126,13.75,15.75,Floodplain,2
453,272.1726536,243.9684582,1.515921433,1.785616845,15.75,17.75,Floodplain,2
453,324.8138614,201.4999084,1.735716007,1.951520847,17.75,18.95,Floodplain,2
454,222.1909741,262.7157093,1.883938868,0.215025973,1.75,3.75,Valley_Train,5
454,148.4239525,268.6657166,1.905100467,0.395926846,3.75,5.75,Valley_Train,5
454,213.520477,347.0208498,1.688156729,0.593312555,5.75,7.75,Valley_Train,5
454,296.9622495,248.1841338,1.664477592,0.808119742,7.75,9.75,Valley_Train,5
454,168.9483573,164.6873405,1.75825796,1.000304,9.75,11.75,Valley_Train,5
454,247.5737912,185.1319908,1.691518524,1.192144825,11.75,13.75,Valley_Train,5
454,247.6075605,158.9046279,1.925921501,1.389794305,13.75,15.75,Valley_Train,5
454,211.2346637,196.3347261,1.982589858,1.572464647,15.75,17.75,Valley_Train,5
454,269.6319874,195.9561866,1.752249553,1.752057504,17.75,19.25,Valley_Train,5
455,177.9270711,153.6361354,1.91130294,0.177044972,1.75,3.75,Valley_Train,5
455,378.2921716,171.7565784,1.646492297,0.338913146,3.75,5.75,Valley_Train,5
455,158.1310035,154.2127847,1.802403379,0.506328033,5.75,7.75,Valley_Train,5
455,170.9423719,155.4344954,1.6104463,0.680922825,7.75,9.75,Valley_Train,5
455,246.7695995,219.2317684,1.542866477,0.867606356,9.75,11.75,Valley_Train,5
455,396.452321,208.7570033,1.46654679,1.061183367,11.75,13.75,Valley_Train,5
455,154.9835145,160.628196,1.603679657,1.252327911,13.75,15.75,Valley_Train,5
455,243.3043815,185.3287511,1.6402769,1.448306677,15.75,17.75,Valley_Train,5
455,499.4299,178.4415381,1.646854106,1.67682593,17.75,20.3,Valley_Train,5
456,186.5881624,202.1970567,1.763741794,0.214464698,1.75,3.75,Valley_Train,5
456,175.0640104,219.4876242,1.712580117,0.38086345,3.75,5.75,Valley_Train,5
456,392.3055308,265.771559,1.563986661,0.581812236,5.75,7.75,Valley_Train,5
456,215.3635787,189.4712622,1.623238549,0.777207781,7.75,9.75,Valley_Train,5
456,165.7917599,177.5814575,1.591889841,0.969536293,9.75,11.75,Valley_Train,5
456,357.5951784,142.1648044,1.70722619,1.152311241,11.75,13.75,Valley_Train,5
456,243.1870234,221.2249995,1.605607752,1.351876108,13.75,15.75,Valley_Train,5
456,263.1853752,168.0324541,1.724186761,1.558905302,15.75,17.75,Valley_Train,5
456,182.7093081,275.6199153,1.820040453,1.80326432,17.75,20.25,Valley_Train,5
457,150.8681817,298.6668416,1.973949954,0.206915076,1.8,3.75,Valley_Train,5
457,187.0659924,189.8997841,1.688728065,0.388073702,3.75,5.75,Valley_Train,5
457,208.1621226,185.1958405,1.807728188,0.570726749,5.75,7.75,Valley_Train,5
457,234.8064361,195.822886,1.673064048,0.75940449,7.75,9.75,Valley_Train,5
457,190.1724758,148.0095437,1.841597938,0.952292728,9.75,11.75,Valley_Train,5
457,240.4164107,114.3812835,1.864868794,1.132679682,11.75,13.75,Valley_Train,5
457,233.9938267,142.0228772,1.761161688,1.316144219,13.75,15.75,Valley_Train,5
457,335.8794441,224.0186654,1.761705898,1.524585222,15.75,17.75,Valley_Train,5
457,257.479927,215.5961732,1.711764749,1.773881366,17.75,20.25,Valley_Train,5
458,124.549275,172.7714619,2.564661793,0.186789525,1.75,3.75,Valley_Train,5
458,132.1953859,152.6925375,2.772579547,0.329068991,3.75,5.75,Valley_Train,5
458,196.2479056,167.3161793,1.847959702,0.473139422,5.75,7.75,Valley_Train,5
458,245.3040458,254.9688573,1.441101116,0.659826908,7.75,9.75,Valley_Train,5
458,246.3818586,240.3719983,1.50404175,0.848420167,9.75,11.75,Valley_Train,5
458,235.756832,181.7221352,1.567564451,1.031107371,11.75,13.75,Valley_Train,5
458,249.9511843,252.8239926,1.434734098,1.231009567,13.75,15.75,Valley_Train,5
458,243.2235226,166.3769916,1.479753444,1.418987702,15.75,17.75,Valley_Train,5
458,260.815069,235.5978505,1.525595638,1.610920553,17.75,19.75,Valley_Train,5
458,294.8442987,240.9956051,1.435403325,1.749190668,19.75,20.35,Valley_Train,5
459,130.5190776,149.518571,2.660868013,0.169981745,1.75,3.75,Valley_Train,5
459,159.0522862,155.1259193,2.904889911,0.308900299,3.75,5.75,Valley_Train,5
459,217.8266348,134.1102795,2.414929557,0.460420295,5.75,7.75,Valley_Train,5
459,209.1261758,114.4335498,1.657708416,0.604742444,7.75,9.75,Valley_Train,5
459,197.4070094,174.8801307,2.167578002,0.76259581,9.75,11.75,Valley_Train,5
459,262.1841989,270.4175455,1.566600808,0.943968072,11.75,13.75,Valley_Train,5
459,225.7081017,222.4692747,1.436012994,1.139003729,13.75,15.75,Valley_Train,5
459,260.2503606,207.7910004,1.452217209,1.32535311,15.75,17.75,Valley_Train,5
459,271.7638481,220.5235897,1.333789659,1.512825839,17.75,19.75,Valley_Train,5
459,220.8876292,195.4421463,1.551831829,1.623651334,19.75,20.25,Valley_Train,5
460,165.3806919,232.1508159,2.641729193,0.216133991,1.75,3.75,Valley_Train,5
460,157.1900825,178.9815638,2.894471729,0.369896213,3.75,5.75,Valley_Train,5
460,192.4438453,141.8036786,2.972149356,0.537429896,5.75,7.75,Valley_Train,5
460,192.3114385,107.4365709,3.021895864,0.704533442,7.75,9.75,Valley_Train,5
460,219.2664877,240.4108298,1.662383571,0.880029008,9.75,11.75,Valley_Train,5
460,205.5605733,145.4195486,2.139353292,1.05894482,11.75,13.75,Valley_Train,5
460,271.2502289,300.4173846,1.902031385,1.247479836,13.75,15.75,Valley_Train,5
460,263.0229113,318.8629455,1.496746517,1.465680028,15.75,17.75,Valley_Train,5
460,303.9746506,281.3606874,1.558802483,1.687602919,17.75,19.75,Valley_Train,5
460,262.6368713,159.6018946,1.685229519,1.828104633,19.75,20.45,Valley_Train,5
461,144.5038154,208.9303219,2.689041328,0.208748476,1.75,3.75,Floodplain,2
461,139.7483137,99.06688107,2.982782508,0.347484413,3.75,5.75,Floodplain,2
461,142.9153597,63.90222523,3.201720626,0.487394097,5.75,7.75,Floodplain,2
461,134.6648575,87.11021702,2.969127421,0.626547288,7.75,9.75,Floodplain,2
461,153.3984032,100.5007678,2.776991567,0.761139716,9.75,11.75,Floodplain,2
461,198.9088377,148.1154761,2.101826003,0.920478406,11.75,13.75,Floodplain,2
461,193.2752794,130.1504365,2.332095643,1.090775041,13.75,15.75,Floodplain,2
461,197.8539016,150.859563,2.291278054,1.265643988,15.75,17.75,Floodplain,2
461,283.4575214,280.980803,1.948772032,1.464623029,17.75,19.75,Floodplain,2
461,255.7388438,211.1174814,1.83079559,1.618494141,19.75,20.45,Floodplain,2
462,122.0931875,173.8036352,2.623628524,0.192732924,1.75,3.75,Floodplain,2
462,124.3980455,139.1403935,2.940972014,0.330060641,3.75,5.75,Floodplain,2
462,159.6703603,136.3741683,2.811477947,0.486387803,5.75,7.75,Floodplain,2
462,136.7741641,158.7182927,2.642827772,0.639814306,7.75,9.75,Floodplain,2
462,119.2325945,72.64543868,2.979123481,0.773770012,9.75,11.75,Floodplain,2
462,160.3616225,97.47033813,2.742644209,0.911146127,11.75,13.75,Floodplain,2
462,200.7552625,169.745023,2.11726372,1.085003996,13.75,15.75,Floodplain,2
462,238.2789398,293.7213935,1.584765647,1.285996616,15.75,17.75,Floodplain,2
462,245.5350746,206.910242,1.551238286,1.497401225,17.75,19.75,Floodplain,2
462,294.5632337,183.6854663,1.586802319,1.627080018,19.75,20.35,Floodplain,2
463,136.4669499,262.026877,2.665755728,0.216725282,1.75,3.75,Floodplain,2
463,132.1756292,134.8236014,2.891791914,0.372214974,3.75,5.75,Floodplain,2
463,136.9671421,92.10700131,2.671483642,0.513286949,5.75,7.75,Floodplain,2
463,160.7342093,183.5530158,2.09305437,0.650876529,7.75,9.75,Floodplain,2
463,224.5126068,268.0454222,1.480531019,0.839761169,9.75,11.75,Floodplain,2
463,267.5639013,273.3118202,1.409062267,1.042617146,11.75,13.75,Floodplain,2
463,257.1653782,320.2299379,1.415403736,1.248349737,13.75,15.75,Floodplain,2
463,260.5142446,248.2019103,1.467053641,1.453297029,15.75,17.75,Floodplain,2
463,271.7060781,214.1899532,1.598828941,1.661796732,17.75,19.75,Floodplain,2
463,254.7653535,209.2832197,1.542678549,1.79592034,19.75,20.35,Floodplain,2
464,195.1555748,356.1614141,2.374685965,0.225720151,1.75,3.75,Floodplain,2
464,187.4286114,234.7650501,2.326065649,0.388856681,3.75,5.75,Floodplain,2
464,170.0273339,178.696731,2.352857519,0.540337487,5.75,7.75,Floodplain,2
464,181.523958,183.4758468,2.191440817,0.704627561,7.75,9.75,Floodplain,2
464,156.5625361,108.8596553,2.879219613,0.859506929,9.75,11.75,Floodplain,2
464,210.7150934,210.4266008,2.048829075,1.033661612,11.75,13.75,Floodplain,2
464,207.4810441,188.0861645,2.149246334,1.223582928,13.75,15.75,Floodplain,2
464,216.385338,284.1553649,1.591949914,1.434064076,15.75,17.75,Floodplain,2
464,252.8656668,261.5723575,1.491231262,1.64061049,17.75,19.75,Floodplain,2
464,208.024246,266.685103,1.433041642,1.780099681,19.75,20.45,Floodplain,2
465,220.1090805,307.8601939,2.047414112,0.238207066,1.75,3.75,Floodplain,2
465,202.7940316,228.5016851,1.663845692,0.422645906,3.75,5.75,Floodplain,2
465,178.5975695,160.6827561,2.007520324,0.592694174,5.75,7.75,Floodplain,2
465,209.9677406,187.1014881,1.976497223,0.751349371,7.75,9.75,Floodplain,2
465,237.7493926,199.9710612,1.847127334,0.947036388,9.75,11.75,Floodplain,2
465,242.5490509,277.7403716,1.767658861,1.155979724,11.75,13.75,Floodplain,2
465,265.7068872,259.1023372,1.472466429,1.366246796,13.75,15.75,Floodplain,2
465,263.50497,241.6209059,1.600569368,1.575768683,15.75,17.75,Floodplain,2
465,255.587937,207.197148,1.496731355,1.787479928,17.75,19.75,Floodplain,2
465,265.4856121,153.6664247,1.592346056,1.905861179,19.75,20.25,Floodplain,2
466,123.5940635,223.4264391,2.24565674,0.206174256,1.75,3.75,Floodplain,2
466,143.2654158,140.5193242,2.656463918,0.356220145,3.75,5.75,Floodplain,2
466,171.7373021,211.1514213,1.835952075,0.517919311,5.75,7.75,Floodplain,2
466,168.1820787,169.6115528,1.880198278,0.69172293,7.75,9.75,Floodplain,2
466,235.2581038,175.011638,1.832650532,0.872413959,9.75,11.75,Floodplain,2
466,237.8969221,245.0136468,1.642464462,1.070925393,11.75,13.75,Floodplain,2
466,292.5642151,266.9700763,1.597011594,1.289185124,13.75,15.75,Floodplain,2
466,247.7048911,202.5012906,1.542300875,1.490533246,15.75,17.75,Floodplain,2
466,286.9510634,161.1021082,1.547591837,1.684558751,17.75,19.75,Floodplain,2
467,151.569687,231.9299122,2.724130426,0.207407808,1.75,3.75,Floodplain,2
467,151.6111937,163.9148196,2.66094359,0.351684223,3.75,5.75,Floodplain,2
467,176.4738962,181.3659911,2.167448131,0.498301152,5.75,7.75,Floodplain,2
467,212.9540329,147.4054337,1.943662927,0.668062125,7.75,9.75,Floodplain,2
467,183.2050656,191.0038493,2.193182741,0.843886706,9.75,11.75,Floodplain,2
467,217.7744116,216.3514246,2.032955277,1.028345194,11.75,13.75,Floodplain,2
467,189.06582,92.43285795,2.615738521,1.204805559,13.75,15.75,Floodplain,2
467,199.5516242,105.8285412,2.324318324,1.374483083,15.75,17.75,Floodplain,2
467,238.6737673,129.0830708,1.665153527,1.554830212,17.75,19.75,Floodplain,2
467,189.3188396,158.4981112,1.674386694,1.668145268,19.75,20.15,Floodplain,2
468,120.1760841,168.7469258,2.810156931,0.194215358,1.75,3.75,Floodplain,2
468,139.8354613,91.37219298,3.132001035,0.332594587,3.75,5.75,Floodplain,2
468,154.9165903,63.27043181,3.259184007,0.477647634,5.75,7.75,Floodplain,2
468,114.3306774,33.05520869,3.416368878,0.61322838,7.75,9.75,Floodplain,2
468,118.1636717,61.35998769,3.132061456,0.743329645,9.75,11.75,Floodplain,2
468,152.6523864,65.17268497,2.833005141,0.884414884,11.75,13.75,Floodplain,2
468,161.5654556,202.4854153,2.308853819,1.037364726,13.75,15.75,Floodplain,2
468,234.0481036,288.0033536,1.427324413,1.240669926,15.75,17.75,Floodplain,2
468,299.9033336,284.9986016,1.353816177,1.443910781,17.75,19.75,Floodplain,2
468,104.3898601,248.7250819,1.467554242,1.564822685,19.75,20.15,Floodplain,2
469,153.0995176,232.4245288,2.737933572,0.215104256,1.75,3.75,Floodplain,2
469,167.3051598,144.3298513,2.823532092,0.370322592,3.75,5.85,Floodplain,2
469,197.5725566,147.8281936,2.041823527,0.526679886,5.85,7.75,Floodplain,2
469,179.9903162,135.5149957,2.173992758,0.693735615,7.75,9.75,Floodplain,2
469,140.9722081,106.311046,2.728071108,0.842098251,9.75,11.75,Floodplain,2
469,254.392794,218.6497825,1.544287111,1.022111833,11.75,13.75,Floodplain,2
469,218.0250255,180.5450746,1.796656309,1.208222363,13.75,15.75,Floodplain,2
469,262.9111771,262.1686364,1.5619285,1.411811687,15.75,17.75,Floodplain,2
469,250.3130439,276.2166889,1.493749153,1.627995741,17.75,19.75,Floodplain,2
469,255.8478175,286.6667044,1.435698412,1.767318492,19.75,20.35,Floodplain,2
470,175.1516538,211.8241649,2.40497906,0.219541764,1.75,3.75,Floodplain,2
470,169.1122628,170.9448598,1.717757259,0.38981605,3.75,5.75,Floodplain,2
470,171.05413,249.0881898,1.562752551,0.573508478,5.75,7.75,Floodplain,2
470,236.5450865,244.7979478,1.511568089,0.774162582,7.75,9.75,Floodplain,2
470,221.3416369,202.7577616,1.575778417,0.961357353,9.75,11.75,Floodplain,2
470,244.7965528,200.4843969,1.59241659,1.148521771,11.75,13.75,Floodplain,2
470,255.1328151,217.1522796,1.565930942,1.346863729,13.75,15.75,Floodplain,2
470,243.2826793,148.4406117,1.597843396,1.541808994,15.75,17.75,Floodplain,2
470,260.5241731,195.8402746,1.599617409,1.733584266,17.75,19.75,Floodplain,2
470,214.7623534,238.6436806,1.622624587,1.848996711,19.75,19.95,Floodplain,2
471,157.4657714,223.0215633,1.797464036,0.211896253,1.75,3.75,Floodplain,2
471,195.946996,317.553203,1.554188242,0.394654462,3.75,5.75,Floodplain,2
471,182.9840858,249.8630974,1.787453216,0.586427626,5.75,7.75,Floodplain,2
471,222.3444356,329.6294895,1.587805332,0.790777104,7.75,9.75,Floodplain,2
471,235.290154,244.2810803,1.598292488,0.998590003,9.75,11.75,Floodplain,2
471,227.5487274,207.0562446,1.62335732,1.207598566,11.75,13.75,Floodplain,2
471,245.4166656,222.4955715,1.600436684,1.412871994,13.75,15.75,Floodplain,2
471,212.7700671,201.0216883,1.677060089,1.618513264,15.75,17.75,Floodplain,2
471,250.395597,213.725743,1.56777047,1.831284864,17.75,19.75,Floodplain,2
471,245.8603248,151.521603,1.634139742,1.959424735,19.75,20.25,Floodplain,2
472,196.7736777,205.112045,1.546127212,0.199934143,1.75,3.75,Floodplain,2
472,215.8600868,214.4299058,1.456233203,0.375305024,3.75,5.75,Floodplain,2
472,215.7854658,240.9422785,1.49872373,0.559512083,5.75,7.75,Floodplain,2
472,237.052033,235.9547101,1.432437183,0.747734312,7.75,9.75,Floodplain,2
472,219.6405745,183.3720921,1.481365504,0.933251339,9.75,11.75,Floodplain,2
472,225.6710534,182.6515463,1.553162426,1.117095651,11.75,13.75,Floodplain,2
472,245.2441582,210.7372514,1.477074196,1.312762792,13.75,15.75,Floodplain,2
472,260.7676627,196.2949451,1.424798942,1.501428814,15.75,17.75,Floodplain,2
472,250.476775,253.1990819,1.49492682,1.700242045,17.75,19.75,Floodplain,2
472,206.3838936,193.9182503,1.438174346,1.821939875,19.75,20.25,Floodplain,2
473,128.5661686,176.0725758,2.549375832,0.201062376,1.75,3.75,Floodplain,2
473,193.6235637,359.1983954,1.496569734,0.362739495,3.75,5.75,Floodplain,2
473,157.1811672,162.4124016,2.128769812,0.531819276,5.75,7.75,Floodplain,2
473,221.7526582,228.6796382,1.671710206,0.695541595,7.75,9.75,Floodplain,2
473,233.1689132,231.3467449,1.539693369,0.895392573,9.75,11.75,Floodplain,2
473,239.947843,187.8734815,1.565923582,1.094000434,11.75,13.75,Floodplain,2
473,234.1561733,174.4564043,1.601038719,1.285866645,13.75,15.75,Floodplain,2
473,250.1860678,206.9212918,1.555210217,1.485330319,15.75,17.75,Floodplain,2
473,252.8937425,171.9129444,1.504176081,1.677730061,17.75,19.75,Floodplain,2
473,255.8921027,167.4945199,1.570283578,1.80101333,19.75,20.35,Floodplain,2
474,122.448846,185.1070214,2.781045589,0.203411229,1.75,3.75,Floodplain,2
474,111.1028958,88.08383413,3.043906586,0.342731304,3.75,5.8,Floodplain,2
474,110.8791223,77.68104479,2.998049876,0.468663798,5.8,7.75,Floodplain,2
474,143.292088,65.87027148,2.822449454,0.589378438,7.75,9.75,Floodplain,2
474,190.795966,113.4164409,2.814995654,0.7196924,9.75,11.75,Floodplain,2
474,162.3971738,104.4211727,2.868984566,0.860164624,11.75,13.75,Floodplain,2
474,229.4396357,208.447454,1.807451828,1.036505295,13.75,15.75,Floodplain,2
474,225.6416656,247.9792793,1.677344097,1.245832867,15.75,17.75,Floodplain,2
474,245.2122839,198.4648241,1.555546089,1.448690969,17.75,19.75,Floodplain,2
474,237.4785394,237.5141203,1.467357204,1.5680856,19.75,20.25,Floodplain,2
475,213.1868109,231.223002,1.623061235,0.236660922,1.75,3.75,Floodplain,2
475,177.6499862,132.0676376,1.797773793,0.400975224,3.75,5.75,Floodplain,2
475,227.623494,230.4741081,1.518707578,0.573635709,5.75,7.75,Floodplain,2
475,215.4290743,230.0278889,1.765018576,0.758797026,7.75,9.75,Floodplain,2
475,244.6227664,240.5860538,1.496803842,0.959104329,9.75,11.75,Floodplain,2
475,250.2538828,237.2903947,1.476298846,1.1547996,11.75,13.75,Floodplain,2
475,260.2915938,184.2399906,1.608992334,1.345795952,13.75,15.75,Floodplain,2
475,247.9176118,166.7887372,1.627308661,1.539712904,15.75,17.75,Floodplain,2
475,266.1631354,167.7594564,1.646714912,1.729420563,17.75,19.75,Floodplain,2
475,248.7546496,140.4452005,1.602176768,1.864850042,19.75,20.45,Floodplain,2
476,132.8518107,160.4729839,2.268646053,0.189568802,1.75,3.75,Floodplain,2
476,157.746902,272.2288929,1.905471859,0.343729678,3.75,5.75,Floodplain,2
476,193.2133435,234.3220678,1.667946638,0.527878903,5.75,7.75,Floodplain,2
476,205.7492352,192.1833658,1.562172864,0.708383029,7.75,9.75,Floodplain,2
476,222.7185368,241.258626,1.516079745,0.900983398,9.75,11.75,Floodplain,2
476,229.4400764,239.6231299,1.511804004,1.104082581,11.75,13.75,Floodplain,2
476,260.2460476,267.5156537,1.59705317,1.315058615,13.75,15.75,Floodplain,2
476,262.9618732,175.51099,1.514039306,1.517448486,15.75,17.75,Floodplain,2
476,257.7570636,190.8544737,1.546295602,1.714439589,17.75,19.75,Floodplain,2
476,263.5794185,169.9490244,1.649697567,1.846120476,19.75,20.45,Floodplain,2
477,159.0003255,144.6856856,2.398002919,0.192447829,1.75,3.75,Floodplain,2
477,146.0409197,144.6438145,2.869530439,0.330441963,3.75,5.75,Floodplain,2
477,232.1321013,348.5346563,1.937104086,0.495971278,5.75,7.75,Floodplain,2
477,274.3490973,291.6748386,1.476573668,0.706578074,7.75,9.75,Floodplain,2
477,273.2434854,295.6919249,1.476378781,0.909778136,9.75,11.75,Floodplain,2
477,273.6299779,284.8824205,1.43678819,1.118853005,11.75,13.75,Floodplain,2
477,250.4330328,214.4176316,1.615990228,1.315416528,13.75,15.75,Floodplain,2
477,271.3507564,244.8348171,1.625298648,1.531721491,15.75,17.75,Floodplain,2
477,263.6617867,197.4036714,1.590782301,1.73800616,17.75,19.75,Floodplain,2
477,283.8002661,160.7889679,1.649234529,1.872323304,19.75,20.35,Floodplain,2
478,159.5819998,282.8906981,2.649121386,0.210392083,1.75,3.75,Floodplain,2
478,164.2332363,198.8769489,2.507262866,0.364623564,3.75,5.75,Floodplain,2
478,132.9565841,148.9406783,2.739047598,0.513632895,5.75,7.75,Floodplain,2
478,119.6878793,67.41713081,3.076886886,0.65647419,7.75,9.75,Floodplain,2
478,111.5017269,46.32591894,3.114009271,0.792275452,9.75,11.75,Floodplain,2
478,106.9243343,35.00332332,3.22046456,0.91905031,11.75,13.75,Floodplain,2
478,109.7134813,30.25467694,3.287332495,1.046775444,13.75,15.75,Floodplain,2
478,108.7923125,24.58535987,3.35069843,1.172647931,15.75,17.75,Floodplain,2
478,107.8780302,24.99809187,3.36712484,1.298575788,17.75,19.75,Floodplain,2
478,225.2400553,222.0492266,1.993241106,1.387063706,19.75,20.15,Floodplain,2
479,105.1160449,203.0997333,2.805593992,0.207029392,1.75,3.75,Floodplain,2
479,148.037563,181.3832785,2.852914236,0.365348998,3.75,5.75,Floodplain,2
479,163.6749606,136.0432996,2.942334972,0.529592677,5.75,7.75,Floodplain,2
479,156.7161965,115.9187612,2.937140802,0.693290891,7.75,9.75,Floodplain,2
479,154.3870935,101.4090686,2.946230066,0.856605732,9.75,11.75,Floodplain,2
479,145.8486247,69.97176342,3.105382672,1.015664881,11.75,13.75,Floodplain,2
479,114.6497911,27.53489203,3.34947509,1.150973652,13.75,15.75,Floodplain,2
479,180.9865531,188.6399396,2.540275473,1.299737824,15.75,17.75,Floodplain,2
479,271.4381896,240.6264804,1.64044571,1.518614691,17.75,19.75,Floodplain,2
479,273.0903373,214.0331134,1.551656275,1.652572879,19.75,20.35,Floodplain,2
480,133.1069342,184.6926763,2.39079286,0.196776814,1.75,3.75,Floodplain,2
480,115.6271056,92.87129449,2.880699182,0.315213909,3.75,5.75,Floodplain,2
480,129.8192722,75.40520797,3.017126958,0.443962405,5.75,7.75,Floodplain,2
480,150.2611774,69.82638177,2.970235987,0.576174392,7.75,9.75,Floodplain,2
480,198.3795873,159.1991292,2.638155583,0.716309204,9.75,11.75,Floodplain,2
480,233.4341302,260.0870427,2.067649905,0.891006205,11.75,13.75,Floodplain,2
480,276.5259951,269.5817146,1.694591623,1.109783917,13.75,15.75,Floodplain,2
480,271.3565475,278.4746284,1.582737412,1.328170378,15.75,17.75,Floodplain,2
480,265.8667527,286.5920142,1.517361776,1.550205394,17.75,19.75,Floodplain,2
480,254.4950743,251.6306185,1.369173768,1.682655631,19.75,20.25,Floodplain,2
481,186.3058232,249.5981662,1.400510949,0.232052568,1.75,3.75,Valley_Train,5
481,215.7172323,171.3383774,1.512305963,0.400428946,3.75,5.75,Valley_Train,5
481,225.8088562,258.870679,1.3744954,0.582720024,5.75,7.75,Valley_Train,5
481,219.0382272,222.0191689,1.417584962,0.766308994,7.75,9.75,Valley_Train,5
481,231.6977919,279.8636527,1.528643845,0.959811798,9.75,11.75,Valley_Train,5
481,249.9703813,281.0031334,1.697923446,1.179313101,11.75,13.75,Valley_Train,5
481,275.3723356,197.9896471,1.617496807,1.388555536,13.75,15.8,Valley_Train,5
481,239.6839955,188.5985969,1.559966784,1.592535137,15.8,17.75,Valley_Train,5
481,255.6414383,160.2419717,1.690563676,1.789251445,17.75,19.75,Valley_Train,5
481,254.3984746,133.6581723,1.806146672,1.910373589,19.75,20.15,Valley_Train,5
482,155.9116068,168.4247917,2.067501023,0.208865751,1.75,3.75,Floodplain,2
482,123.4999715,95.30460264,2.949389057,0.338918939,3.75,5.75,Floodplain,2
482,128.9134345,74.53864689,3.126278971,0.476513106,5.75,7.75,Floodplain,2
482,133.3057792,60.49803193,3.186495814,0.620762716,7.75,9.75,Floodplain,2
482,116.5560869,40.26051001,3.227749667,0.753006849,9.75,11.75,Floodplain,2
482,156.5027186,77.14531714,2.961555714,0.883446257,11.75,13.75,Floodplain,2
482,187.4401697,191.7446216,2.200670519,1.045426824,13.75,15.75,Floodplain,2
482,314.1473345,313.7715893,1.40725739,1.252490747,15.75,17.75,Floodplain,2
482,319.5814166,221.746647,1.564375165,1.391671559,17.75,18.45,Floodplain,2
483,160.5527375,161.6798861,2.654847293,0.220845588,1.75,3.75,Floodplain,2
483,151.5755802,119.0020155,2.655548655,0.354084744,3.75,5.75,Floodplain,2
483,195.5720623,155.3107975,1.938252063,0.512350067,5.75,7.75,Floodplain,2
483,209.7349454,171.0677226,1.769668369,0.691552745,7.75,9.75,Floodplain,2
483,225.0676636,223.8025483,1.931602924,0.887175655,9.75,11.75,Floodplain,2
483,205.8514487,137.1501682,1.798050981,1.073589121,11.75,13.75,Floodplain,2
483,210.8245082,241.0163433,1.742285135,1.271969621,13.75,15.75,Floodplain,2
483,257.9679958,230.2556665,1.534750275,1.486230958,15.75,17.75,Floodplain,2
483,255.5127355,200.9322546,1.531340835,1.689932594,17.75,19.75,Floodplain,2
483,254.6193046,165.4152264,1.628084916,1.81503492,19.75,20.25,Floodplain,2
484,142.981859,256.7017631,2.113247122,0.226831158,1.75,3.75,Floodplain,2
484,204.445291,267.3745301,1.439565584,0.41070298,3.75,5.75,Floodplain,2
484,200.3761909,203.9259223,1.499941592,0.597840529,5.75,7.75,Floodplain,2
484,213.1597731,247.8812925,1.542844662,0.788712722,7.75,9.75,Floodplain,2
484,212.2718841,233.5533443,1.70144981,0.989697702,9.75,11.75,Floodplain,2
484,217.9537951,195.8678739,1.640283864,1.195472843,11.75,13.75,Floodplain,2
484,247.5715674,231.0746273,1.581922252,1.399185847,13.75,15.75,Floodplain,2
484,252.7993001,183.1664579,1.744373373,1.60216253,15.75,17.75,Floodplain,2
484,258.1754024,202.9541835,1.6638603,1.806519582,17.75,19.75,Floodplain,2
484,265.4437375,243.9264109,1.814684734,1.935422968,19.75,20.25,Floodplain,2
485,104.8627225,193.4231142,2.817523446,0.222907393,1.75,3.75,Floodplain,2
485,129.0023252,119.9145534,2.970787002,0.371880568,3.75,5.75,Floodplain,2
485,108.5440461,62.74696656,3.193379394,0.512535751,5.75,7.75,Floodplain,2
485,163.5702581,232.8184871,2.226726487,0.667546869,7.75,9.75,Floodplain,2
485,243.2290486,286.2795252,1.477522069,0.8740213,9.75,11.75,Floodplain,2
485,288.4836305,356.7010638,1.552629974,1.091432991,11.75,13.75,Floodplain,2
485,257.038001,302.3205729,1.478285373,1.312033519,13.75,15.75,Floodplain,2
485,229.9342436,264.1257284,1.550610979,1.529201714,15.75,17.75,Floodplain,2
485,240.9093676,212.157961,1.587057868,1.738819922,17.75,19.75,Floodplain,2
485,245.7362929,208.0684908,1.652760007,1.872282176,19.75,20.25,Floodplain,2
486,118.6528821,176.3237392,2.794472806,0.2220492,1.75,3.75,Floodplain,2
486,115.3600566,110.0033854,2.990562861,0.36629159,3.75,5.75,Floodplain,2
486,123.5065411,66.58630776,3.197395952,0.507344633,5.75,7.75,Floodplain,2
486,133.068418,51.16486802,3.276745712,0.65060261,7.75,9.75,Floodplain,2
486,106.339892,28.04138494,3.448582481,0.78471603,9.75,11.75,Floodplain,2
486,163.3854789,209.3181951,2.223679908,0.9307794,11.75,13.75,Floodplain,2
486,240.0660598,251.9519286,1.460439334,1.133109707,13.75,15.75,Floodplain,2
486,223.0752484,215.2656099,1.547727647,1.337332309,15.75,17.75,Floodplain,2
486,258.4551958,247.7205919,1.646496107,1.54525334,17.75,19.75,Floodplain,2
486,236.3247455,236.7777974,1.47128002,1.682531345,19.75,20.25,Floodplain,2
487,138.8492824,229.7896998,2.775945602,0.221137261,1.75,3.8,Floodplain,2
487,144.3306674,122.4135802,2.850045862,0.366815702,3.8,5.75,Floodplain,2
487,141.4941889,112.7262689,2.636083009,0.496693841,5.75,7.75,Floodplain,2
487,151.2071586,172.5206128,2.152541717,0.652535921,7.75,9.75,Floodplain,2
487,157.2984338,88.33703699,2.99074056,0.806320268,9.75,11.75,Floodplain,2
487,187.2616033,262.9815932,2.020908321,0.975120802,11.75,13.75,Floodplain,2
487,235.8440201,249.4439688,1.836359798,1.17622472,13.75,15.75,Floodplain,2
487,274.3068598,190.7858643,1.779570978,1.381866616,15.75,17.75,Floodplain,2
487,247.7619139,157.9220468,1.734217321,1.584507216,17.75,19.75,Floodplain,2
487,241.6749028,145.1642129,1.686234515,1.717178967,19.75,20.45,Floodplain,2
488,131.8051907,130.2984339,2.724221264,0.203310616,1.75,3.75,Floodplain,2
488,169.7970376,159.0588331,1.962416041,0.335870283,3.75,5.75,Floodplain,2
488,191.1547704,172.9808664,1.766177279,0.501378386,5.75,7.75,Floodplain,2
488,201.4452613,197.1810039,1.714099563,0.679472881,7.75,9.75,Floodplain,2
488,188.6250757,218.1765592,2.336997443,0.852633495,9.75,11.75,Floodplain,2
488,214.1277293,172.6004921,2.106487567,1.028110557,11.75,13.75,Floodplain,2
488,214.6173793,193.2166068,1.700605791,1.21283766,13.75,15.75,Floodplain,2
488,265.7962763,214.5049175,1.477303036,1.42022137,15.75,17.75,Floodplain,2
488,252.903653,209.4172248,1.676947433,1.617988295,17.75,19.75,Floodplain,2
488,273.3680295,252.9949831,1.657013056,1.763126769,19.75,20.35,Floodplain,2
489,149.3100401,181.3914585,2.152683898,0.203218785,1.75,3.75,Floodplain,2
489,172.7728803,196.5956157,2.002443103,0.344049777,3.75,5.75,Floodplain,2
489,189.5956409,197.6994486,1.618045551,0.516034165,5.75,7.75,Floodplain,2
489,238.6720212,299.7095669,1.472038892,0.713747171,7.75,9.75,Floodplain,2
489,213.9760831,212.5556113,1.510358919,0.910556305,9.75,11.75,Floodplain,2
489,267.9705339,258.3694355,1.529517693,1.109407836,11.75,13.75,Floodplain,2
489,247.5507038,252.4891522,1.481294475,1.318386425,13.75,15.75,Floodplain,2
489,265.8691846,214.0131501,1.484953382,1.519764379,15.75,17.75,Floodplain,2
489,245.8094075,209.7655104,1.5781104,1.723007871,17.75,19.75,Floodplain,2
489,232.1953321,174.0414557,1.65198553,1.859111939,19.75,20.35,Floodplain,2
491,197.7906127,205.9803287,1.768711584,0.222501215,1.75,3.75,Floodplain,2
491,200.571991,154.2648529,1.982459567,0.387116128,3.75,5.75,Floodplain,2
491,176.2937628,176.0590348,1.668720343,0.549911745,5.75,7.75,Floodplain,2
491,189.8472774,170.7177023,1.684037352,0.72679295,7.75,9.75,Floodplain,2
491,221.5120461,153.1029709,1.506969409,0.900947888,9.75,11.75,Floodplain,2
491,223.6177599,173.4738924,1.618071993,1.077958913,11.75,13.75,Floodplain,2
491,260.1742084,181.3379791,1.613870294,1.264330915,13.75,15.75,Floodplain,2
491,234.4986436,204.4089173,1.613056533,1.467806387,15.75,17.75,Floodplain,2
491,274.487402,182.0250133,1.500321895,1.668661968,17.75,19.75,Floodplain,2
491,274.7043812,195.787958,1.517793173,1.793279089,19.75,20.35,Floodplain,2
492,223.6797718,246.9866153,1.819018448,0.229519593,1.75,3.75,Floodplain,2
492,211.3791631,189.0336157,1.638259271,0.402830218,3.75,5.75,Floodplain,2
492,257.1210584,209.6831524,1.530663724,0.583303591,5.75,7.75,Floodplain,2
492,259.3821236,151.2484732,1.800715565,0.752627415,7.75,9.75,Floodplain,2
492,188.6125,191.3853189,1.594437904,0.9401199,9.75,11.75,Floodplain,2
492,206.0213734,126.9063449,1.641709459,1.126684007,11.75,13.75,Floodplain,2
492,214.5528484,125.1887617,1.735335978,1.302103436,13.75,15.75,Floodplain,2
492,258.0877773,101.902908,1.750340643,1.478416306,15.75,17.75,Floodplain,2
492,243.1811286,139.5078391,1.631967878,1.661189376,17.75,19.75,Floodplain,2
492,233.5886649,157.5548026,1.515418016,1.774897651,19.75,20.15,Floodplain,2
493,159.2070968,116.1653747,2.815322021,0.192799441,1.75,3.75,Floodplain,2
493,132.8543166,77.98812414,3.141886362,0.316991214,3.75,5.75,Floodplain,2
493,132.034814,63.55509235,3.25434835,0.454559063,5.75,7.75,Floodplain,2
493,113.3320362,43.94908155,3.369706273,0.595090112,7.75,9.75,Floodplain,2
493,167.272424,106.0174358,2.584157835,0.740086968,9.75,11.75,Floodplain,2
493,185.9642456,187.4966981,1.597796625,0.925343586,11.75,13.75,Floodplain,2
493,262.2956836,146.2773653,1.558285502,1.11227968,13.75,15.75,Floodplain,2
493,216.2224725,158.8741509,1.589875404,1.294829919,15.75,17.75,Floodplain,2
493,214.7649084,153.3338912,1.54924081,1.481200352,17.75,19.75,Floodplain,2
493,196.3728307,131.0742966,1.57225138,1.600976033,19.75,20.35,Floodplain,2
494,172.2334184,197.6600607,2.196816779,0.21108266,1.75,3.75,Valley_Train,5
494,158.3257199,117.9545829,2.328834897,0.331708415,3.75,5.75,Valley_Train,5
494,163.5463366,175.7844563,2.264805416,0.462176789,5.75,7.75,Valley_Train,5
494,204.7959849,270.9942768,1.810314429,0.624107158,7.75,9.75,Valley_Train,5
494,247.5205725,156.4032632,1.507951941,0.80416192,9.75,11.75,Valley_Train,5
494,241.8561066,171.9371107,1.662930866,0.972802615,11.75,13.75,Valley_Train,5
494,242.775881,200.2564866,1.500884103,1.159834552,13.75,15.75,Valley_Train,5
494,236.6707235,194.0398081,1.498372877,1.355113823,15.75,17.75,Valley_Train,5
494,260.5209767,166.4179797,1.595904105,1.538525342,17.75,19.75,Valley_Train,5
494,255.9427214,128.7186965,1.751659059,1.656781779,19.75,20.35,Valley_Train,5
495,181.6465348,308.9242087,1.647562122,0.218997808,1.75,3.75,Valley_Train,5
495,175.2330772,281.2543639,1.634208215,0.392334401,3.75,5.75,Valley_Train,5
495,160.6438346,140.6529327,1.58677407,0.567593328,5.75,7.75,Valley_Train,5
495,234.474714,109.6316834,1.722193082,0.719135769,7.75,9.75,Valley_Train,5
495,231.3559355,91.11289527,1.964239795,0.861413079,9.75,11.75,Valley_Train,5
495,257.4262275,170.0553041,1.692419269,1.0301283,11.75,13.75,Valley_Train,5
495,209.3335548,170.5963209,1.736821751,1.223231261,13.75,15.75,Valley_Train,5
495,240.94951,217.2503645,1.624631283,1.422531968,15.75,17.75,Valley_Train,5
495,255.2173116,212.1927479,1.554139082,1.631441997,17.75,19.75,Valley_Train,5
495,266.8607732,204.3661289,1.628494169,1.759656331,19.75,20.25,Valley_Train,5
496,100.3709658,68.21910705,3.721213734,0.263466189,1.75,3.75,af/Qi,6
496,118.7233324,181.7450408,2.530056081,0.35510227,3.75,5.75,af/Qi,6
496,163.4809368,204.7616159,2.57150743,0.504436968,5.75,7.75,af/Qi,6
496,212.7700347,107.0723848,2.7305497,0.664737239,7.75,9.75,af/Qi,6
496,275.8452894,128.5252497,2.803609288,0.81280368,9.75,11.75,af/Qi,6
496,202.2123103,166.8215369,2.487570567,0.975396647,11.75,13.75,af/Qi,6
496,185.1185547,81.70682077,2.891490261,1.129505303,13.75,15.75,af/Qi,6
496,372.8523516,212.0002244,2.456224757,1.304000997,15.75,17.75,af/Qi,6
496,158.1610039,12.13993569,5.203608687,1.399190123,17.75,18.45,af/Qi,6
497,341.2840527,455.2394844,1.935201934,0.684936469,4.75,9.75,Qs,11
497,512.4717108,444.5741207,1.831031086,1.079485634,9.75,11.95,Qs,11
498,372.3971356,709.0124627,1.971819399,0.260048325,1.75,3.75,Qs,11
498,295.705459,436.012745,2.050688228,0.474021784,3.75,5.75,Qs,11
498,306.5624674,566.0466979,2.231745844,0.653687416,5.75,7.75,Qs,11
498,352.8498212,753.2149405,1.99828128,0.883894285,7.75,9.75,Qs,11
498,355.2016005,473.602825,1.97473507,1.122321627,9.75,11.75,Qs,11
498,441.9169351,407.1930177,1.776267156,1.313981031,11.75,12.95,Qs,11
499,336.9259035,316.4332257,2.400868685,0.398651632,1.75,3.75,Qal2,8
499,473.6234921,296.9203743,2.097287878,0.57883118,3.75,5.75,Qal2,8
499,259.586545,357.5727061,1.787267264,0.783321313,5.75,7.75,Qal2,8
499,205.9782337,254.0302789,2.181208,0.981994963,7.75,9.75,Qal2,8
499,267.11688,211.5412987,2.490668988,1.163714513,9.75,11.75,Qal2,8
499,190.6929991,135.0693206,2.736969979,1.346646276,11.75,13.75,Qal2,8
499,359.3977661,119.7652189,2.622334828,1.52298742,13.75,15.75,Qal2,8
499,281.8599722,104.251258,2.893574784,1.697724758,15.75,17.75,Qal2,8
499,240.1391134,180.3292257,2.45940602,1.871947247,17.75,19.45,Qal2,8
500,206.0155841,190.4679857,2.753509082,0.502575304,1.75,3.75,Qal2,8
500,234.3257006,87.75078535,2.729591279,0.705766858,3.75,5.75,Qal2,8
500,204.8733189,295.5272363,2.193293523,0.865194702,5.75,7.75,Qal2,8
500,230.346441,136.4595156,2.760383747,1.053563348,7.75,9.75,Qal2,8
500,343.5811777,204.6523675,2.284052625,1.230007885,9.75,11.75,Qal2,8
500,208.2606899,73.83001877,2.984766265,1.397439628,11.75,13.75,Qal2,8
500,227.5386116,115.5463403,2.696130104,1.565549946,13.75,15.75,Qal2,8
500,258.4980468,174.880369,2.694541593,1.743649249,15.75,17.75,Qal2,8
500,385.0363374,168.4904897,2.63004597,1.970991423,17.75,20.55,Qal2,8
501,213.0724231,238.1405929,2.512778813,0.455718798,1.75,3.75,Qal2,8
501,147.5329601,95.2904125,2.728561977,0.615774217,3.75,5.75,Qal2,8
501,367.6112053,321.541358,2.223837236,0.780859041,5.75,7.75,Qal2,8
501,222.160613,183.3270175,2.362101704,0.969317526,7.75,9.75,Qal2,8
501,203.8020167,116.6875957,2.787850443,1.14002114,9.75,11.8,Qal2,8
501,307.8016318,162.8587405,2.317448617,1.311682516,11.8,13.75,Qal2,8
501,370.5291292,198.2357175,2.644725267,1.494118277,13.75,15.75,Qal2,8
501,402.3566605,185.2217921,2.502710542,1.68118646,15.75,17.75,Qal2,8
501,301.5053214,153.5927037,2.657999949,1.868289708,17.75,19.75,Qal2,8
501,438.3272832,107.9490508,2.77127871,2.051223854,19.75,21.75,Qal2,8
501,280.5905416,96.01813255,2.824455997,2.228980708,21.75,23.75,Qal2,8
501,152.3587954,89.04209693,2.77715819,2.351164002,23.75,24.55,Qal2,8
502,187.9777502,314.2830853,2.463601677,0.522933369,1.75,3.75,Qal2,8
502,173.3685639,292.2474433,2.380673351,0.770299851,3.75,6,Qal2,8
502,234.1696747,249.116579,2.545402847,0.964227838,6,7.75,Qal2,8
502,335.351302,328.6152473,2.577048006,1.154374657,7.75,9.75,Qal2,8
502,288.6199655,182.9690609,2.671879963,1.343434759,9.75,11.8,Qal2,8
502,252.2411074,141.7835902,2.659906179,1.53490432,11.8,13.75,Qal2,8
502,340.8873036,179.3234404,2.755803312,1.717243319,13.75,15.75,Qal2,8
502,282.176483,129.2561259,2.831263486,1.897411338,15.75,17.75,Qal2,8
502,330.8481292,96.80937447,2.914542437,2.082271156,17.75,19.75,Qal2,8
502,332.6476392,187.2381119,2.792076145,2.236850079,19.75,20.95,Qal2,8
505,272.0942434,500.8766672,2.261378189,0.239515611,1.75,3.75,Qal2,8
505,290.867323,230.4411778,2.378641978,0.410847778,3.75,6,Qal2,8
505,208.4569164,211.958337,2.365685196,0.524924855,6,7.75,Qal2,8
505,284.1461439,213.9329058,2.392583692,0.665281648,7.75,9.75,Qal2,8
505,165.5614342,221.9824549,2.438663167,0.826124543,9.75,11.55,Qal2,8
505,292.14451,273.4185108,2.330659234,0.988655135,11.55,13.45,Qal2,8
505,231.9806453,149.0971612,2.680814235,1.159642841,13.45,15.45,Qal2,8
505,261.8466471,148.6571817,2.725173046,1.332965967,15.45,17.45,Qal2,8
505,299.2368544,572.0039047,2.380882726,1.441467824,17.45,17.75,Qal2,8
506,360.6740611,417.0284869,2.084135337,0.241006982,1.75,3.75,Qal2,8
506,430.9081999,437.3061989,2.283546031,0.431428713,3.75,5.75,Qal2,8
506,352.184384,300.0529903,2.559726559,0.619881144,5.75,7.75,Qal2,8
506,210.2071595,344.9559914,2.483437713,0.795820789,7.75,9.75,Qal2,8
506,344.5687048,493.9850614,2.5299305,1.008312556,9.75,11.75,Qal2,8
506,473.0891869,257.4545944,2.563481059,1.212577495,11.75,13.75,Qal2,8
506,387.4547799,271.383157,2.501666722,1.394726728,13.75,15.55,Qal2,8
507,249.4882949,315.931164,2.573985873,0.507383413,1.75,3.75,Qal2,8
507,446.0733246,504.3434459,2.277258006,0.849159589,3.75,5.75,Qal2,8
507,363.2463903,341.7347331,2.38707769,1.071840339,5.75,7.75,Qal2,8
507,354.1868898,260.2527348,2.489056877,1.2681877,7.75,9.75,Qal2,8
507,266.914758,140.6746802,2.68621148,1.450957654,9.75,11.75,Qal2,8
507,348.3071958,310.9404827,2.458939669,1.644267454,11.75,13.75,Qal2,8
507,398.6059789,241.7944105,2.620268831,1.845485515,13.75,15.75,Qal2,8
507,411.2479953,143.9425374,2.807410236,2.03995842,15.75,17.75,Qal2,8
507,271.643737,101.8576911,2.847636042,2.218587892,17.75,19.55,Qal2,8
508,262.4019772,235.9866694,2.166010479,0.312130497,1.75,3.75,Qal2,8
508,300.1313913,302.8000743,2.255417892,0.479729023,3.75,5.75,Qal2,8
508,290.1324696,257.0375543,2.459852069,0.651118445,5.75,7.75,Qal2,8
508,316.1552918,281.9799438,2.409819516,0.828317362,7.75,9.75,Qal2,8
508,278.4687255,256.0977739,2.614072339,1.020612177,9.75,11.75,Qal2,8
508,298.7747052,210.074874,2.650566813,1.211799819,11.75,13.75,Qal2,8
508,360.0710629,253.522171,2.654681992,1.368361602,13.75,14.95,Qal2,8
509,319.6819245,562.9784695,2.24871233,0.484869586,1.75,3.75,Qal2,8
509,268.3434506,185.6039445,2.531912299,0.719042675,3.75,5.75,Qal2,8
509,333.1717533,233.910871,2.427565969,0.874407407,5.75,7.75,Qal2,8
509,429.7408751,328.3204787,2.58284425,1.061328283,7.75,9.75,Qal2,8
509,366.3108648,330.8236922,2.4130672,1.268854804,9.75,11.75,Qal2,8
510,414.956169,552.6640096,2.018771054,0.532106717,1.75,3.75,Qal3,9
510,313.9302851,298.7108863,2.131541301,0.816444326,3.75,5.75,Qal3,9
510,376.2950905,253.5368677,2.449206928,0.99827271,5.75,7.75,Qal3,9
510,266.7998912,194.8286305,2.700950489,1.177056626,7.75,9.75,Qal3,9
510,293.1393339,146.6208279,2.679545362,1.360282713,9.75,11.75,Qal3,9
510,305.7356003,198.0465289,2.594239902,1.509057281,11.75,13.05,Qal3,9
511,171.9721975,168.1354986,2.210235101,0.216250772,1.75,3.75,Qal3,9
511,117.8513305,139.0498142,2.565510248,0.319745567,3.75,5.75,Qal3,9
511,181.6632256,176.9899362,2.166662516,0.416025181,5.75,7.75,Qal3,9
511,161.0058753,89.58308228,2.491443184,0.52680334,7.75,9.75,Qal3,9
511,177.6459378,104.1309065,2.256676047,0.631789586,9.75,11.75,Qal3,9
511,211.3023459,80.64421632,2.396841202,0.766507314,11.75,13.75,Qal3,9
511,215.6332407,328.6059486,1.928614691,0.873744727,13.75,14.75,Qal3,9
512,345.1220168,171.4415385,2.0172792,0.465500127,1.75,3.75,Qal3,9
512,259.920971,155.4505995,2.115545606,0.823587852,3.75,5.75,Qal3,9
512,195.1592966,57.19171655,2.977163617,1.158410913,5.75,7.75,Qal3,9
512,295.8762794,236.9253806,2.62235199,1.451153877,7.75,9.75,Qal3,9
512,382.5264267,219.91286,2.821766686,1.655642172,9.75,11.75,Qal3,9
512,420.811249,394.2601689,2.538187318,1.875472771,11.75,13.75,Qal3,9
512,397.963619,454.0688452,2.581962788,2.003719162,13.75,13.95,Qal3,9
513,178.9440067,221.7275105,2.436116326,0.486706912,1.75,3.75,Qal3,9
513,201.5404619,119.5547102,2.646834583,0.781363674,3.75,5.75,Qal3,9
513,439.1258979,428.1152582,2.223123498,0.981026204,5.75,7.75,Qal3,9
513,460.5539126,494.1786563,2.224379034,1.126508698,7.75,8.55,Qal3,9
514,436.337486,621.3905507,2.057780034,0.25004154,1.75,3.75,Qs,11
514,303.6508319,416.7542258,1.940863394,0.461195071,3.75,5.75,Qs,11
514,278.3945874,276.794343,1.814568402,0.674610782,5.75,7.75,Qs,11
514,278.1583367,405.6549733,2.199663942,0.847690589,7.75,9.75,Qs,11
514,334.9043735,536.9678319,1.924032874,1.079054522,9.75,11.75,Qs,11
514,306.7246502,535.3980003,1.966349841,1.317809506,11.75,13.75,Qs,11
514,407.4095498,362.0893348,2.124146568,1.485874602,13.75,14.65,Qs,11
515,207.3217875,403.7005204,2.189011566,0.217624324,1.75,2.75,Qs,11
515,430.5347615,285.7423445,2.335865752,0.304638814,2.75,3.75,Qs,11
515,354.8846169,222.4395618,2.375708444,0.382340043,3.75,4.75,Qs,11
515,201.6008941,731.2165275,2.262851053,0.467586999,4.75,5.75,Qs,11
515,383.1641787,686.6041892,1.940279827,0.585154412,5.75,6.75,Qs,11
515,362.2460976,439.8560835,1.758631571,0.702655677,6.75,7.75,Qs,11
515,343.7566504,534.0967373,1.821780492,0.822213912,7.75,8.75,Qs,11
515,342.1869529,300.3757046,1.957224326,0.936463057,8.75,9.75,Qs,11
515,409.8538019,453.0551194,2.374954728,1.034205095,9.75,10.75,Qs,11
515,355.2962105,265.0831962,1.762808418,1.144816654,10.75,11.75,Qs,11
515,482.5253123,412.0622302,1.834309829,1.217673829,11.75,12.1,Qs,11
516,355.9882121,687.0101485,1.72979646,0.273711713,1.75,3.75,Qs,11
516,417.2999617,751.2130344,1.990160559,0.502491351,3.75,5.75,Qs,11
516,413.9614838,619.1363065,1.690378294,0.740779816,5.75,7.75,Qs,11
516,333.9844897,425.1139393,1.828560143,0.979577522,7.75,9.75,Qs,11
516,487.5331626,416.0149245,1.827956292,1.202643951,9.75,11.75,Qs,11
516,255.3807162,163.496973,2.480781122,1.399835984,11.75,13.75,Qs,11
516,239.8418921,181.8813728,2.699730523,1.573209776,13.75,15.75,Qs,11
516,290.6924256,194.4001681,2.347554567,1.761543517,15.75,17.75,Qs,11
516,327.3724346,82.99471566,2.749317544,1.919180577,17.75,19.75,Qs,11
516,275.3394658,106.2143893,2.710757644,2.028435905,19.75,20.45,Qs,11
517,327.2474409,931.1333539,2.159610562,0.252246394,1.75,3.75,Qs,11
517,363.345126,602.3464579,1.733488883,0.485071779,3.75,5.75,Qs,11
517,341.186818,521.423995,1.564280855,0.722403761,5.75,7.75,Qs,11
517,307.8151171,302.9904743,2.361401573,0.931742879,7.75,9.75,Qs,11
517,279.7824241,184.6629834,2.732293014,1.124266283,9.75,11.75,Qs,11
517,284.0601467,185.087265,2.643133182,1.30900071,11.75,13.75,Qs,11
517,299.1183568,226.1699024,2.512578147,1.508882002,13.75,15.75,Qs,11
518,407.2953336,560.3671124,1.768366739,0.269405492,1.75,3.75,Qs,11
518,435.1590169,589.4619308,2.251350056,0.484581338,3.75,5.75,Qs,11
518,332.5782995,540.7569311,1.865714343,0.711427714,5.75,7.75,Qs,11
518,449.8030171,495.270441,1.844982375,0.947342686,7.75,9.75,Qs,11
518,351.2066568,412.951024,1.752960267,1.087478006,9.75,10.05,Qs,11
519,403.0327269,665.3466692,1.930828168,0.261358189,1.8,3.75,Qs,11
519,364.6368037,668.0914831,2.218775321,0.481331771,3.75,5.75,Qs,11
519,385.2996405,539.1551396,1.865450243,0.709196257,5.75,7.75,Qs,11
519,401.2198482,544.4698576,1.950159222,0.948424023,7.75,9.75,Qs,11
519,431.5235998,422.4793691,1.850995857,1.191936863,9.75,11.75,Qs,11
519,397.9845596,476.5178538,1.95620432,1.336045174,11.75,12.15,Qs,11
520,184.1595336,240.0378491,2.383059949,0.222789979,1.75,3.75,Qal2,8
520,198.1351604,204.2145231,2.668952056,0.37231545,3.75,5.75,Qal2,8
520,165.0067797,115.2436323,2.767266357,0.521204464,5.75,7.75,Qal2,8
520,354.0814141,189.5291452,2.647963788,0.668510455,7.75,9.75,Qal2,8
520,290.9952238,257.3286843,1.806669685,0.865377383,9.75,11.75,Qal2,8
520,354.7190371,242.006674,2.468642305,1.04006697,11.75,13.75,Qal2,8
520,267.9972024,370.5036366,2.005874749,1.247581374,13.75,15.75,Qal2,8
520,402.3273297,146.9090861,2.506349352,1.450285624,15.75,17.75,Qal2,8
520,245.0475015,151.4144606,2.713012619,1.618109529,17.75,19.75,Qal2,8
521,360.5228272,200.2115509,2.652835232,0.486251775,1.75,3.75,Qal2,8
521,445.1313098,90.29706546,2.91493859,0.828907214,3.75,5.75,Qal2,8
521,314.851601,298.6452675,2.082132902,1.121671016,5.75,7.75,Qal2,8
521,306.924945,183.4107681,1.728756762,1.327876228,7.75,9.75,Qal2,8
521,391.7526291,213.1154576,1.807614626,1.536699862,9.75,11.75,Qal2,8
521,290.7643878,144.656933,1.831150527,1.655159777,11.75,12.1,Qal2,8
522,236.6715539,291.6051491,2.489637106,0.494543649,1.75,3.75,Qal2,8
522,207.3381661,131.8749207,2.719575177,0.839506187,3.75,5.75,Qal2,8
522,223.6608789,96.67344208,2.824246679,1.037122787,5.75,7.75,Qal2,8
522,213.3705608,77.67791869,2.810625182,1.184045809,7.75,9.75,Qal2,8
522,287.9723452,167.2817068,2.100599268,1.348635873,9.75,11.75,Qal2,8
522,308.5670139,206.7744776,1.619266593,1.549989792,11.75,13.75,Qal2,8
522,370.8590927,172.5978347,1.619663368,1.712856783,13.75,14.95,Qal2,8
523,254.2432985,311.8288738,2.52519204,0.494437798,1.75,3.75,Qal2,8
523,256.9191865,312.2574759,2.418661126,0.736730248,3.75,5.75,Qal2,8
523,361.1485398,195.9398504,2.711167703,0.908743707,5.75,7.75,Qal2,8
523,387.9756754,279.1393954,2.492011353,1.083276615,7.75,9.75,Qal2,8
523,257.2600371,117.4802329,2.673246265,1.258720186,9.75,11.75,Qal2,8
523,244.8803635,135.4032023,2.743906842,1.423036391,11.75,13.75,Qal2,8
523,367.7017607,241.8205692,1.689510525,1.617296254,13.75,15.75,Qal2,8
524,376.3446,491.400509,2.254138509,0.349726279,1.75,3.75,Qal2,8
524,404.8175493,360.0294254,1.991909976,0.550856902,3.75,5.75,Qal2,8
524,479.8624403,189.2339956,2.499492031,0.72458069,5.75,7.75,Qal2,8
524,221.9540092,143.6935725,2.721108924,0.884561879,7.75,9.75,Qal2,8
524,320.0709528,192.1764606,2.756101348,1.063965031,9.75,11.75,Qal2,8
524,336.0811808,217.9247967,2.711600083,1.252781105,11.75,13.75,Qal2,8
524,317.2255317,168.8329012,2.751033536,1.440899587,13.75,15.75,Qal2,8
524,407.8306662,129.4098706,2.738014887,1.556705183,15.75,16.2,Qal2,8
525,208.6079351,248.0302357,2.550915973,0.475346336,1.75,3.75,Qal2,8
525,212.5840108,159.6977415,2.673134728,0.655195339,3.75,5.75,Qal2,8
525,393.7811816,403.8284871,2.409795706,0.835398055,5.75,7.75,Qal2,8
525,481.898547,326.2537809,2.398858431,1.035315194,7.75,9.75,Qal2,8
525,494.2182255,404.0097391,2.209430667,1.247495808,9.75,11.75,Qal2,8
525,316.2596771,89.70490354,2.772359034,1.425067611,11.75,13.75,Qal2,8
525,267.1985294,213.1094378,2.620569728,1.603300902,13.75,15.75,Qal2,8
525,318.2792616,65.32908114,2.867493502,1.770127049,15.75,17.75,Qal2,8
525,373.9091582,117.924107,2.787069234,1.926625615,17.75,19.65,Qal2,8
526,366.5306422,595.0694676,2.102541136,0.531038822,1.75,3.75,Qal2,8
526,380.9746983,217.5619305,2.291304972,0.933463634,3.75,5.75,Qal2,8
526,224.7534069,129.17965,2.800565117,1.196495145,5.75,7.75,Qal2,8
526,334.9397168,198.3177911,2.69917294,1.379218779,7.75,9.75,Qal2,8
526,341.7165823,131.8660812,2.763934058,1.560170991,9.75,11.75,Qal2,8
526,429.5877961,237.5000815,2.567903411,1.755076415,11.75,13.75,Qal2,8
526,431.2186135,107.0360232,2.758878274,1.936980381,13.75,15.75,Qal2,8
526,268.1393065,128.5735142,2.766019655,2.120314382,15.75,17.75,Qal2,8
526,320.3592234,125.005957,2.824709656,2.242708761,17.75,18.35,Qal2,8
527,285.9501838,383.7190131,2.260600691,0.530037257,1.75,3.75,Qal2,8
527,302.3109339,261.4243662,2.50818504,0.8866654,3.75,5.75,Qal2,8
527,375.0348675,312.7168508,1.779057368,1.124811617,5.75,7.75,Qal2,8
527,464.9834438,282.0117324,1.708412167,1.347876308,7.75,9.75,Qal2,8
527,418.4739609,256.3861713,1.737779143,1.566021595,9.75,11.75,Qal2,8
527,404.9072018,250.5615802,1.67763301,1.782751376,11.75,13.75,Qal2,8
527,420.5632856,294.7449129,1.979119527,1.952014285,13.75,14.75,Qal2,8
528,138.2780272,259.7795823,2.545040787,0.231981228,1.75,3.75,Floodplain,2
528,161.1839769,129.8088149,2.006600855,0.371438169,3.75,5.75,Floodplain,2
528,255.047655,219.317876,1.71484042,0.532414627,5.75,7.75,Floodplain,2
528,236.650171,222.3936298,1.684779792,0.706291428,7.75,9.75,Floodplain,2
528,208.7289664,328.1602519,1.584222792,0.915932935,9.75,11.75,Floodplain,2
528,183.6179566,285.8599551,1.451459622,1.130341616,11.75,13.75,Floodplain,2
528,299.7299351,274.2966558,1.556026219,1.335853996,13.75,15.75,Floodplain,2
528,234.4455558,265.9881229,1.759442598,1.558071374,15.75,17.75,Floodplain,2
528,315.0158007,231.0018914,1.783503574,1.780587396,17.75,19.75,Floodplain,2
528,187.3125012,211.4302855,1.878732254,1.928879181,19.75,20.35,Floodplain,2
529,182.1599942,308.0897999,2.36841326,0.215039886,1.75,3.75,Floodplain,2
529,188.6374293,273.1033912,1.859790388,0.380812637,3.75,5.75,Floodplain,2
529,200.3867368,238.0124582,1.641227573,0.567297664,5.75,7.75,Floodplain,2
529,206.3818356,159.6852352,1.952322939,0.754049914,7.75,9.75,Floodplain,2
529,194.5685591,192.0585292,2.465878156,0.914522567,9.75,11.75,Floodplain,2
529,223.5156926,207.9650184,1.902954419,1.10881557,11.75,13.75,Floodplain,2
529,202.728478,173.677363,1.79571829,1.3107918,13.75,15.75,Floodplain,2
529,240.9079351,201.5984905,1.812780531,1.510558557,15.75,17.75,Floodplain,2
529,238.7549688,163.3985006,1.639683769,1.716142036,17.75,19.75,Floodplain,2
529,227.947283,163.0400744,1.602829966,1.840772425,19.75,20.25,Floodplain,2
530,129.3903309,126.9583842,2.818929225,0.193292102,1.75,3.75,Floodplain,2
530,110.6806745,94.87922241,3.084012452,0.322295541,3.75,5.75,Floodplain,2
530,126.6656045,83.24855294,3.000531913,0.457321669,5.75,7.75,Floodplain,2
530,125.9374546,49.71386908,3.255213504,0.587542948,7.75,9.75,Floodplain,2
530,152.3562237,86.64590078,3.064869442,0.718348034,9.75,11.75,Floodplain,2
530,219.2241534,159.0531899,2.688826955,0.868021671,11.75,13.75,Floodplain,2
530,235.7151913,285.566066,1.721423012,1.069581084,13.75,15.75,Floodplain,2
530,247.7383649,278.8353062,1.605246632,1.292045456,15.75,17.75,Floodplain,2
530,238.5393609,256.4913507,1.536073117,1.504075879,17.75,19.75,Floodplain,2
530,236.3910666,251.6666854,1.525345249,1.640608121,19.75,20.25,Floodplain,2
531,198.7409446,287.4951123,2.354102543,0.186415377,1.75,3.75,Floodplain,2
531,168.922525,133.497836,1.758147667,0.347799497,3.75,5.75,Floodplain,2
531,211.9643711,223.6158946,1.508818575,0.521892498,5.75,7.75,Floodplain,2
531,234.1966328,184.5420238,1.572447269,0.709386657,7.75,9.75,Floodplain,2
531,253.8852306,220.7184472,1.563562427,0.902898235,9.75,11.75,Floodplain,2
531,238.4669776,256.2585735,1.565807381,1.106289798,11.75,13.75,Floodplain,2
531,227.9034112,250.818143,1.525568254,1.315450374,13.75,15.75,Floodplain,2
531,252.8206897,172.9740099,1.523247034,1.513445149,15.75,17.75,Floodplain,2
531,245.5288399,193.9136281,1.487009305,1.701908176,17.75,19.75,Floodplain,2
531,266.8691125,157.452889,1.588319417,1.825098714,19.75,20.25,Floodplain,2
532,296.2412606,772.466955,2.284731208,0.282390946,1.75,3.75,Floodplain,2
532,301.335642,551.1439771,2.321915925,0.479053784,3.75,5.75,Floodplain,2
532,239.8470727,178.9315141,1.905458858,0.66289846,5.75,7.75,Floodplain,2
532,248.0230503,268.777969,1.812727247,0.806607161,7.75,8.8,Floodplain,2
533,253.5264565,397.6123013,2.070010859,0.239413747,1.75,3.75,Floodplain,2
533,194.3663077,194.4533913,2.618143397,0.400778952,3.75,5.75,Floodplain,2
533,208.0024669,245.6702797,2.474167099,0.561601393,5.75,7.75,Floodplain,2
533,191.5846041,191.3674585,2.106329223,0.720653428,7.75,9.75,Floodplain,2
533,229.5879744,124.9730193,1.613142541,0.883066141,9.75,11.75,Floodplain,2
533,282.1536317,177.8501016,2.541177797,0.981347837,11.75,12.15,Floodplain,2
534,230.9984972,451.6508557,2.275151254,0.254461646,1.75,3.75,Floodplain,2
534,265.278644,144.5066684,2.551602484,0.40454692,3.75,5.75,Floodplain,2
534,90.90820133,113.3913921,2.603526345,0.533512653,5.75,7.75,Floodplain,2
534,250.4938933,87.56687703,2.449145228,0.638051208,7.75,9.75,Floodplain,2
534,451.7797533,243.2140103,1.929826163,0.898865517,9.75,13.75,Floodplain,2
535,225.6107025,330.0016981,2.534254908,0.226892834,1.75,3.75,Floodplain,2
535,200.7327564,231.7675605,1.937240727,0.39163392,3.75,5.75,Floodplain,2
535,207.6253216,182.1583473,1.670919258,0.577541628,5.75,7.75,Floodplain,2
535,244.1061456,306.4203731,1.721348377,0.747081771,7.75,9.25,Floodplain,2
536,189.3582933,153.1630678,2.650703893,0.627202492,5.75,6.6,af/Qi,6
536,320.012308,198.2561597,2.260861345,0.79159111,6.6,9.75,af/Qi,6
536,871.2880354,534.7109775,2.215973414,0.969867363,9.75,10.65,af/Qi,6
538,110.0333721,76.32394999,2.41629838,0.38806992,2.75,5.75,af/Qi,6
538,393.5123123,234.5435057,2.20667554,0.622766405,5.75,9.15,af/Qi,6
538,240.3697188,881.5866012,2.062472915,0.825497287,9.15,10.05,af/Qi,6
538,390.9390977,594.5044573,2.002016993,1.002768309,10.05,12.05,af/Qi,6
538,391.0702703,414.8438808,1.894554052,1.252745588,12.05,14.25,af/Qi,6
538,260.1323085,421.6426828,1.808645216,1.454538193,14.25,15.5,af/Qi,6
543,346.7486441,385.2042517,2.329854976,0.342747969,1.75,3.7,Qal2,8
543,288.9572297,350.4932838,2.450831701,0.525601325,3.7,5.65,Qal2,8
543,357.4998407,231.8041506,2.535451564,0.705682145,5.65,7.65,Qal2,8
543,242.647295,211.4918478,2.469872354,0.866766779,7.65,9.6,Qal2,8
543,331.3911132,243.1987535,2.335181421,1.05858463,9.6,11.6,Qal2,8
543,228.9735491,310.6585427,2.261993488,1.254876523,11.6,13.55,Qal2,8
543,567.4807994,425.4674841,1.971223044,1.472079046,13.55,15.55,Qal2,8
543,462.5607595,373.4927775,1.820428737,1.699427375,15.55,17.5,Qal2,8
543,588.5822645,413.1576153,2.165104905,1.923822557,17.5,19.45,Qal2,8
544,212.3572161,644.7600391,2.306729146,0.262666735,1.75,3.75,Qoa,10
544,207.0448916,356.0625768,2.43295441,0.451756216,3.75,5.75,Qoa,10
544,276.1886693,293.4900942,2.528279984,0.629892742,5.75,7.75,Qoa,10
544,288.5385726,292.921666,2.320636943,0.81870529,7.75,9.75,Qoa,10
544,380.5366096,370.5602074,2.474121098,1.016005653,9.75,11.7,Qoa,10
544,353.6703325,528.6242514,2.333201436,1.221464608,11.7,13.7,Qoa,10
544,423.6077447,322.3972707,2.45958793,1.544353567,13.7,17.65,Qoa,10
544,387.3210239,256.5924055,2.537261467,1.841029834,17.65,19.65,Qoa,10
544,405.3498672,213.1786049,2.579094111,2.038244846,19.65,21.6,Qoa,10
545,95.7209267,97.36226049,2.962729876,0.447560001,1.75,3.75,af/Qi,6
545,114.9339969,93.90917214,2.959635005,0.605558302,3.75,5.75,af/Qi,6
545,185.7382092,208.0353998,2.05900984,0.768537398,5.75,7.75,af/Qi,6
545,228.9814257,235.9215611,1.82930626,0.945199573,7.75,9.7,af/Qi,6
545,325.3414934,288.0028002,1.509013994,1.148019827,9.7,11.7,af/Qi,6
545,325.1467244,225.9134405,1.938902214,1.352346379,11.7,13.7,af/Qi,6
545,248.8312604,94.78010618,2.897378872,1.525629646,13.7,15.65,af/Qi,6
545,234.7676804,81.3230121,2.910453628,1.69369965,15.65,17.6,af/Qi,6
545,317.9625758,208.5485249,1.973514882,1.867735242,17.6,19.55,af/Qi,6
545,268.2143379,103.3306958,2.844356729,2.056642321,19.55,21.55,af/Qi,6
545,257.1636263,75.47690673,2.961409093,2.228274994,21.55,23.5,af/Qi,6
545,486.0987066,91.10638863,2.910011665,2.349180542,23.5,24.3,af/Qi,6
546,124.5333577,288.3519327,2.576025917,0.456946744,1.75,3.75,Qal2,8
546,384.3122904,209.5994001,2.620394013,0.78474499,3.75,5.75,Qal2,8
546,335.1054242,281.6694256,2.310352288,0.980355383,5.75,7.75,Qal2,8
546,624.8727341,468.5012736,2.0617969,1.141834965,7.75,8.8,Qal2,8
547,224.7006061,410.1809164,2.475840242,0.147049286,0,1.75,Qal2,8
547,350.2528138,329.777769,2.422668954,0.474451311,1.75,3.75,Qal2,8
547,369.8285395,420.8483428,2.495468876,0.666936966,3.75,5.75,Qal2,8
547,320.2421993,211.7494038,2.623472744,0.857620188,5.75,7.75,Qal2,8
547,212.6026497,95.30436999,2.882533138,1.016882767,7.75,9.75,Qal2,8
547,224.8653921,80.40135841,2.968443453,1.175375891,9.75,11.75,Qal2,8
547,228.8529541,157.5203215,2.76566549,1.34461623,11.75,13.75,Qal2,8
547,267.1055793,126.4928612,2.867295734,1.52660256,13.75,15.75,Qal2,8
547,242.9401476,119.5343681,2.684133133,1.705695128,15.75,17.75,Qal2,8
547,328.2515607,202.9135568,2.573880768,1.884266969,17.75,19.75,Qal2,8
547,253.8618078,197.2638069,2.666698108,2.081674162,19.75,21.75,Qal2,8
548,195.5408871,348.6736014,2.574842791,0.494336883,1.75,3.75,Qal2,8
548,396.4411017,402.5688714,2.430685215,0.722810537,3.75,5.75,Qal2,8
548,265.9623448,209.5114373,2.3921806,0.920767597,5.75,7.75,Qal2,8
548,219.8129251,135.1686532,2.801392995,1.096235537,7.75,9.75,Qal2,8
548,250.3882592,94.64374046,2.858996644,1.268107863,9.75,11.75,Qal2,8
548,261.8726815,85.32140617,2.889682583,1.428669924,11.75,13.75,Qal2,8
548,335.2301506,97.97924023,2.885774669,1.599455954,13.75,15.85,Qal2,8
548,419.6077489,216.5875344,2.330277312,1.784520159,15.85,17.75,Qal2,8
548,409.1669477,200.5766366,2.472668112,1.981485588,17.75,19.65,Qal2,8
548,354.5375126,173.8435656,2.457108122,2.152728829,19.65,21.6,Qal2,8
548,253.0431222,70.45546689,2.95805181,2.332800047,21.6,23.55,Qal2,8
548,540.3919347,157.5194441,2.716058794,2.500341065,23.55,25.5,Qal2,8
549,179.4715676,302.6628315,2.563142045,0.475698151,1.75,3.75,Qal2,8
549,190.8979385,157.889434,2.524332206,0.768917575,3.75,5.75,Qal2,8
549,386.5440224,162.377503,1.588849579,0.946932611,5.75,7.75,Qal2,8
549,237.5598002,128.3459982,2.270850361,1.128587497,7.75,9.75,Qal2,8
549,239.8216927,184.2618837,2.020749888,1.301136842,9.75,11.75,Qal2,8
549,373.7224694,341.4898586,1.528327485,1.505965811,11.75,13.75,Qal2,8
549,263.71382,172.3892879,2.411455154,1.701604557,13.75,15.75,Qal2,8
549,254.9958916,193.3463831,2.474433267,1.871101899,15.75,17.7,Qal2,8
549,334.1428273,212.4734215,1.591927132,2.065092005,17.7,19.65,Qal2,8
549,287.2888249,215.9863887,2.203052259,2.261918056,19.65,21.65,Qal2,8
549,632.3493172,235.9657773,2.188172721,2.456510873,21.65,23.65,Qal2,8
550,86.0912972,14.50822139,3.832348171,0.178440308,1.75,3.75,af/Qi,6
550,83.19224733,3.652527411,4.33525667,0.230172864,3.75,5.75,af/Qi,6
550,96.21936806,31.56453052,3.351978955,0.293709569,5.75,7.75,af/Qi,6
550,122.3806166,88.62933839,2.888594001,0.383368078,7.75,9.75,af/Qi,6
550,121.2856177,210.9366472,2.122091066,0.536910385,9.75,11.75,af/Qi,6
550,251.5356146,172.2474907,2.603864185,0.69219442,11.75,13.6,af/Qi,6
550,265.385641,213.8511872,2.590419044,0.858746952,13.6,15.65,af/Qi,6
550,315.5206438,251.027949,2.218205882,1.037076106,15.65,17.7,af/Qi,6
550,185.5078341,260.3529634,2.253296719,1.199863069,17.7,18.95,af/Qi,6
551,785.9547046,643.891981,1.897852628,0.243737988,1.65,3.6,Qs,11
551,123.7420405,398.2473193,1.76265656,0.452795396,3.6,5.55,Qs,11
551,89.04942215,544.7083393,1.968119006,0.63665289,5.55,7.5,Qs,11
551,506.8372536,547.7842948,1.877946865,0.856392695,7.5,9.45,Qs,11
551,-93.13320921,472.1577034,1.568087358,1.034097031,9.45,10.65,Qs,11
552,196.7971277,685.3100218,1.970008634,0.202872512,1.75,3.7,Qs,11
552,283.9400059,255.2747931,1.952206669,0.398335885,3.7,5.65,Qs,11
552,432.3917275,284.417062,1.983486845,0.54567874,5.65,7.55,Qs,11
552,278.8148821,443.400675,1.75927999,0.741742612,7.55,9.5,Qs,11
552,437.0857122,420.7234578,1.768628114,0.966989769,9.5,11.45,Qs,11
553,207.2002825,230.2305772,2.68611036,0.477835805,1.75,3.75,Qal2,8
553,235.9468399,190.9150783,2.728963833,0.685630439,3.75,5.7,Qal2,8
553,327.3560594,209.2671834,2.648322369,0.857917637,5.7,7.7,Qal2,8
553,271.0817442,132.7974744,2.67876776,1.018500557,7.7,9.65,Qal2,8
553,269.6688282,233.5194863,2.573248855,1.19308124,9.65,11.65,Qal2,8
553,236.8114188,89.20894057,2.850220534,1.428451217,11.65,15.55,Qal2,8
553,261.488411,104.2834792,2.739534856,1.670131647,15.55,17.5,Qal2,8
553,301.8500484,245.3938345,2.308520764,1.840989202,17.5,19.4,Qal2,8
553,273.349762,91.21085873,2.908035963,2.021317982,19.4,21.3,Qal2,8
553,279.8639641,67.28098679,2.972268418,2.188366683,21.3,23.2,Qal2,8
553,266.5829607,99.4683238,2.854203832,2.344864487,23.2,25.1,Qal2,8
553,371.9994985,90.61746747,2.86830058,2.511511236,25.1,27,Qal2,8
553,311.6936241,102.0616022,2.905207403,2.677084317,27,28.9,Qal2,8
553,354.4676578,242.215399,2.326247061,2.797832423,28.9,29.45,Qal2,8
554,317.0850315,734.067794,2.146731056,0.256058324,1.75,3.7,Qoa,10
554,256.1560263,392.2388492,2.278156649,0.44847582,3.7,5.65,Qoa,10
554,319.8611593,322.0603534,2.380354125,0.620923776,5.65,7.6,Qoa,10
554,339.7620505,311.4668639,2.434017044,0.798166054,7.6,9.55,Qoa,10
554,255.4022095,246.3735704,2.464110129,0.975369285,9.55,11.5,Qoa,10
554,383.7144795,283.039101,2.225132969,1.164673961,11.5,13.45,Qoa,10
554,508.4894216,284.7507878,2.418978526,1.349036743,13.45,15.4,Qoa,10
554,445.8847073,328.7861396,2.42261068,1.490378386,15.4,16.3,Qoa,10
555,122.0814317,424.469749,2.608729525,0.056511375,0,1.75,Qoa,10
555,274.7259796,465.2589498,2.180111879,0.217788418,1.75,3.75,Qoa,10
555,358.6048871,305.98244,2.442939616,0.392023754,3.75,5.75,Qoa,10
555,454.9300132,386.8281044,2.267580692,0.568311735,5.75,7.75,Qoa,10
555,245.5962865,327.4078493,2.284797804,0.752589819,7.75,9.75,Qoa,10
555,324.0185804,356.7601873,2.339877141,0.93934583,9.75,11.75,Qoa,10
556,374.3246205,709.3076514,1.803900144,0.276603193,1.75,3.65,Qoa,10
556,194.8515568,302.1455169,2.443008804,0.466870988,3.65,5.65,Qoa,10
556,340.5638261,294.4426698,2.438808625,0.643115408,5.65,7.65,Qoa,10
556,252.5581752,224.0872257,2.491570995,0.813494286,7.65,9.65,Qoa,10
556,249.9421657,223.6709406,2.479171688,0.985027867,9.65,11.6,Qoa,10
556,504.4877807,237.1127413,2.446210599,1.157500376,11.6,13.6,Qoa,10
556,423.5667432,458.7686538,2.123209434,1.359199548,13.6,15.6,Qoa,10
557,380.0740873,662.3172748,2.248110593,0.256242744,1.75,3.6,Qoa,10
557,343.3737217,645.0478409,2.055055545,0.458610057,3.6,5.6,Qoa,10
557,470.7279239,550.54186,2.062046957,0.680694374,5.6,7.6,Qoa,10
557,472.1992298,376.6543369,1.781921093,0.905990614,7.6,9.6,Qoa,10
557,464.6539678,326.9548007,2.225270178,1.052198815,9.6,10.35,Qoa,10
558,265.0767934,511.1231072,2.392327166,0.257165771,1.75,3.75,Qal3,9
558,354.3179926,431.2879284,2.433143192,0.44799835,3.75,5.75,Qal3,9
558,325.8350101,168.6597621,2.587681914,0.614810766,5.75,7.75,Qal3,9
558,302.9595956,228.8966672,2.469240724,0.786088528,7.75,9.75,Qal3,9
558,309.9045207,158.7027165,2.702599512,0.963547287,9.75,11.75,Qal3,9
558,284.7611409,217.9223655,2.6219794,1.094680659,11.75,12.75,Qal3,9
559,226.3781614,195.4617333,2.570355195,0.480870057,1.7,3.7,Qal2,8
559,158.9079292,234.4451944,2.739894632,0.808747526,3.7,5.7,Qal2,8
559,236.3849723,105.0372406,2.937243678,0.980411989,5.7,7.65,Qal2,8
560,180.7002593,152.4950844,2.644988963,0.448446094,1.7,3.65,Qal3,9
560,513.1969076,323.8994462,2.333480035,0.803113716,3.65,5.65,Qal3,9
560,251.9960735,259.3148667,2.560353958,1.183237685,5.65,7.6,Qal3,9
560,352.7835023,323.5200462,2.553310346,1.568032706,7.6,9.55,Qal3,9
560,216.6992464,138.1538967,2.661032952,1.892798152,9.55,11.5,Qal3,9
560,280.447518,158.2030352,2.766703418,2.02380981,11.5,12.25,Qal3,9
561,179.1547332,226.8323065,2.484697195,0.216670421,1.75,3.2,af/Qi,6
562,164.6202405,149.9725856,1.771317363,0.481075988,1.75,3.7,af/Qi,6
562,130.2819558,87.86599046,2.772588168,0.651432845,3.7,5.7,af/Qi,6
562,97.417546,14.67627058,3.558770453,0.751543,5.7,7.65,af/Qi,6
562,103.0129981,14.3774608,3.495597292,0.843049799,7.65,9.65,af/Qi,6
562,114.3230613,14.63740882,3.372131086,0.927769588,9.65,11.6,af/Qi,6
562,110.9762264,16.2318479,3.29601614,1.004086801,11.6,13.55,af/Qi,6
562,155.233974,43.43176884,3.02770793,1.09079005,13.55,15.55,af/Qi,6
562,143.1704029,37.72747375,3.058932527,1.190767996,15.55,17.5,af/Qi,6
562,211.6370108,58.82616894,3.05951647,1.318664847,17.5,19.5,af/Qi,6
562,198.3623972,63.4210978,2.910283709,1.473100016,19.5,21.5,af/Qi,6
562,246.9216818,166.2045089,2.574244032,1.62456327,21.5,23.5,af/Qi,6
562,195.8057201,125.6601111,2.529731707,1.809883092,23.5,25.5,af/Qi,6
562,358.1127604,131.636803,2.749525356,1.995703516,25.5,27.5,af/Qi,6
562,316.8695575,132.9131527,2.842308171,2.188399746,27.5,29.5,af/Qi,6
564,195.6194046,107.7562755,3.283704538,0.48176866,1.75,3.6,Qal2,8
564,217.149119,58.40005257,3.545289488,0.831387244,3.6,5.6,Qal2,8
564,381.3962683,189.9492514,1.966845555,1.193495974,5.6,7.6,Qal2,8
564,228.924842,112.3686898,3.236538519,1.579171486,7.6,9.65,Qal2,8
564,227.6457805,128.7774291,3.322140673,1.803418741,9.65,11.65,Qal2,8
564,350.0295524,182.9199013,1.885504088,2.009148358,11.65,13.65,Qal2,8
564,223.042047,23.15685425,3.909124122,2.19195835,13.65,15.65,Qal2,8
564,208.4969373,75.21874959,3.46928276,2.364920572,15.65,17.65,Qal2,8
564,320.7854073,42.02498607,3.703046907,2.543746755,17.65,19.65,Qal2,8
564,318.5635089,48.03319096,3.827332927,2.724404715,19.65,21.6,Qal2,8
564,251.4527143,24.44049459,3.630422157,2.889920138,21.6,23.45,Qal2,8
565,203.1064082,237.1236746,2.480392252,0.479024328,1.7,3.65,Qal2,8
565,168.1564627,91.01226414,2.899773764,0.778501724,3.65,5.6,Qal2,8
565,257.0115056,123.206104,2.53338872,0.933885314,5.6,7.45,Qal2,8
565,296.8775194,134.7281208,2.572334221,1.087814096,7.45,9.45,Qal2,8
565,216.7529203,124.9438205,2.764662521,1.252483678,9.45,11.4,Qal2,8
565,209.8684324,83.20251989,2.91698277,1.412666969,11.4,13.35,Qal2,8
565,222.7412338,139.0578117,2.310007919,1.57600284,13.35,15.3,Qal2,8
565,259.6036545,272.2544974,1.534518394,1.684541083,15.3,15.55,Qal2,8
566,272.1453913,337.3571904,2.343408632,0.376354257,1.75,3.8,Qal1,7
566,502.888219,354.8597644,1.524282343,0.580566109,3.8,5.7,Qal1,7
566,202.8123933,192.4107915,2.320828745,0.770022693,5.7,7.65,Qal1,7
566,217.1902979,75.8530432,3.36151292,0.936417523,7.65,9.6,Qal1,7
566,270.8225354,94.76530429,3.119246758,1.102279687,9.6,11.55,Qal1,7
566,264.010096,250.106185,2.307236882,1.283062259,11.55,13.45,Qal1,7
566,334.2261918,236.7988005,2.203982885,1.487543576,13.45,15.45,Qal1,7
566,459.0920365,288.4866886,2.453994888,1.664329258,15.45,17,Qal1,7
567,235.9579508,236.6220116,2.734832483,0.213614049,1.75,3.75,Qal1,7
567,192.4151821,197.7528906,2.58070202,0.366872752,3.75,5.75,Qal1,7
567,151.7927046,183.6747802,2.242560588,0.505035166,5.75,7.75,Qal1,7
567,175.6406802,140.882192,2.599778881,0.65468983,7.75,9.75,Qal1,7
567,252.3584274,155.4092367,2.437099726,0.809202801,9.75,11.7,Qal1,7
568,121.6057935,164.4156925,3.379687488,0.2412493,1.75,3.75,af/Qi,6
568,93.7582155,43.54235436,6.557860162,0.373160145,3.75,5.75,af/Qi,6
568,169.8987788,148.2683039,4.635717316,0.499942551,5.75,7.75,af/Qi,6
568,168.5943608,113.618447,3.209824012,0.661112469,7.75,9.75,af/Qi,6
568,199.5562263,110.9630209,3.214980733,0.827633063,9.75,11.75,af/Qi,6
568,166.6831821,57.61240254,3.828480209,0.989988339,11.75,13.75,af/Qi,6
568,234.4584608,58.26927381,3.346738103,1.15905505,13.75,16,af/Qi,6
568,240.1013109,71.95679271,3.00532586,1.328734363,16,18,af/Qi,6
568,279.5627674,102.1347896,4.152421654,1.475352681,18,20,af/Qi,6
569,106.0746011,92.51685502,2.986863186,0.19596518,1.75,3.75,af/Qi,6
569,138.2731218,102.7035117,2.966136475,0.30909025,3.75,5.75,af/Qi,6
569,288.6780417,210.4442317,2.072547812,0.44170741,5.75,7.7,af/Qi,6
569,179.5669984,148.3612872,2.714467869,0.602445464,7.7,9.7,af/Qi,6
569,187.3693343,127.3325811,2.691091753,0.761097096,9.7,11.65,af/Qi,6
569,219.5193896,226.657233,2.274985762,0.934207367,11.65,13.65,af/Qi,6
569,227.6287742,183.4170377,2.14131525,1.126700862,13.65,15.65,af/Qi,6
569,208.8706827,69.08154293,2.998885238,1.294909576,15.65,17.65,af/Qi,6
569,274.8799521,52.8391447,3.046554504,1.411974698,17.65,18.8,af/Qi,6
570,118.8087224,134.6743567,3.017618606,0.268940105,1.75,3.75,af/Qi,6
570,196.0890387,190.9106126,2.586768497,0.419578347,3.75,5.7,af/Qi,6
570,236.8567406,130.3786075,2.893169177,0.563336881,5.7,7.7,af/Qi,6
570,219.0527317,121.6034441,2.859490623,0.713784417,7.7,9.65,af/Qi,6
570,259.4155852,112.4343789,2.792439432,0.857019339,9.65,11.6,af/Qi,6
570,251.376235,227.1889954,2.398084394,1.013515441,11.6,13.55,af/Qi,6
570,184.6447463,79.52195402,2.934595174,1.172804068,13.55,15.5,af/Qi,6
570,308.8599357,72.93147865,2.945475119,1.318972322,15.5,17.45,af/Qi,6
570,271.7141811,91.32463963,2.880280573,1.469027132,17.45,19.4,af/Qi,6
570,245.2123199,95.55676806,2.843691995,1.622971876,19.4,21.35,af/Qi,6
570,315.4487573,110.0996544,2.732240927,1.782578084,21.35,23.3,af/Qi,6
570,233.0366409,75.95322312,2.939303497,1.940907581,23.3,25.25,af/Qi,6
570,243.6925678,53.31065505,2.978263062,2.098712485,25.25,27.15,af/Qi,6
570,431.206186,46.37366146,3.085426417,2.248876276,27.15,29.15,af/Qi,6
570,210.4877641,46.7927647,3.108343212,2.407319144,29.15,31.1,af/Qi,6
570,240.6135627,55.9637408,3.041243601,2.569518159,31.1,33.05,af/Qi,6
570,589.8821061,56.93155722,2.90658267,2.726825669,33.05,35,af/Qi,6
571,110.6841972,111.8571868,2.935514138,0.34189198,1.85,3.75,af/Qi,6
571,161.1136385,155.5188217,2.664498353,0.49091701,3.75,5.85,af/Qi,6
571,167.6252646,171.5150983,2.69816789,0.639659323,5.85,7.75,af/Qi,6
571,212.3916118,176.6230117,2.08657442,0.800347521,7.75,9.75,af/Qi,6
571,366.9775367,159.6614133,2.519796045,0.986389243,9.75,11.75,af/Qi,6
572,82.37153571,27.86297699,3.323524613,0.331366872,1.7,3.7,af/Qi,6
572,85.25172224,35.12857,3.093088476,0.408666739,3.7,5.8,af/Qi,6
572,131.7968964,56.15523448,3.049840447,0.494484333,5.8,7.7,af/Qi,6
572,213.8173554,183.9217517,2.37090348,0.61891051,7.7,9.7,af/Qi,6
572,295.3141148,205.4935646,1.834328323,0.794006534,9.7,11.65,af/Qi,6
572,268.2398754,198.297407,1.608968509,0.973573528,11.65,13.6,af/Qi,6
572,259.7584715,141.0838103,2.457564762,1.145282533,13.6,15.55,af/Qi,6
572,212.4995515,108.39274,2.78818814,1.310766801,15.55,17.55,af/Qi,6
572,192.9982006,87.7057978,2.826727167,1.467722018,17.55,19.55,af/Qi,6
572,531.2012114,108.9971323,2.763395946,1.626386569,19.55,21.55,af/Qi,6
572,257.2127467,79.83712823,2.906471129,1.791142405,21.55,23.55,af/Qi,6
572,442.9523614,103.9098161,2.815510804,1.957234484,23.55,25.55,af/Qi,6
572,236.6846656,279.7650368,1.645427908,2.10272226,25.55,26.55,af/Qi,6
573,214.5422874,234.6991601,1.678068776,0.277509821,1.75,3.75,af/Qi,6
573,87.24788773,42.25693607,2.754895415,0.373627004,3.75,5.7,af/Qi,6
573,103.8761189,109.5452308,2.66428989,0.422385352,5.7,7.65,af/Qi,6
573,184.5628063,157.7889894,2.467735817,0.556135673,7.65,9.6,af/Qi,6
573,207.2060183,193.2876972,2.592677904,0.706341722,9.6,11.55,af/Qi,6
573,199.1372507,107.2862799,2.730147607,0.856781614,11.55,13.5,af/Qi,6
573,193.6638273,132.0949024,2.714391012,1.006127857,13.5,15.5,af/Qi,6
573,271.148464,144.3367423,2.341656048,1.163876095,15.5,17.45,af/Qi,6
573,141.8799296,285.4465118,1.452991551,1.282096653,17.45,17.95,af/Qi,6
574,155.1228998,130.8808444,2.714590625,0.264277517,1.7,3.65,af/Qi,6
574,112.4655918,55.69341109,2.840464246,0.361243673,3.65,5.65,af/Qi,6
574,133.9246763,163.1488896,2.271954546,0.466810067,5.65,7.6,af/Qi,6
574,283.6148082,267.9604707,1.65979338,0.649949517,7.6,9.6,af/Qi,6
574,290.8395322,138.4503989,2.346480559,0.837102018,9.6,11.6,af/Qi,6
574,266.528425,151.874773,2.729668653,0.995638194,11.6,13.55,af/Qi,6
574,173.7316513,115.1286824,2.456505634,1.151984134,13.55,15.5,af/Qi,6
574,239.4374347,275.5480679,1.631480544,1.333620738,15.5,17.45,af/Qi,6
574,239.0155469,67.36372763,2.983114617,1.502028302,17.45,19.4,af/Qi,6
574,243.9094407,59.878355,2.971453364,1.650308453,19.4,21.35,af/Qi,6
574,213.5610042,147.2929563,2.633840624,1.807048523,21.35,23.3,af/Qi,6
574,264.2112761,116.7120985,2.556351328,1.978264713,23.3,25.25,af/Qi,6
574,206.1901836,54.81343197,3.102678459,2.149814651,25.25,27.2,af/Qi,6
574,244.447897,53.36642287,3.09798567,2.315079357,27.2,29.15,af/Qi,6
574,283.8055607,66.78284606,3.050807826,2.453687459,29.15,30.4,af/Qi,6
575,73.37817336,26.79048285,3.570441216,0.188197546,1.75,3.75,af/Qi,6
575,101.7919044,78.78471687,2.451998796,0.246681409,3.75,5.7,af/Qi,6
575,149.7773612,217.639522,2.172460681,0.365095199,5.7,7.65,af/Qi,6
575,221.3583432,194.5909474,2.448687097,0.506463793,7.65,9.65,af/Qi,6
575,213.3490898,101.7358907,2.616565209,0.643796457,9.65,11.65,af/Qi,6
576,134.238649,223.3731158,2.047591721,0.350589269,1.7,3.65,af/Qi,6
576,215.6252037,220.6487916,1.584309374,0.522188618,3.65,5.55,af/Qi,6
576,195.9653173,205.4716496,1.546311913,0.70241847,5.55,7.45,af/Qi,6
576,254.1650081,181.3204773,1.857007618,0.882508636,7.45,9.35,af/Qi,6
576,283.9542725,137.4632327,2.167516641,1.014218584,9.35,11.25,af/Qi,6
577,173.5036477,183.0288,2.804612255,0.361072184,1.7,3.65,Qal1,7
577,182.31745,169.2587983,2.728899206,0.516884879,3.65,5.6,Qal1,7
577,175.427315,176.018205,2.215068669,0.664609241,5.6,7.55,Qal1,7
577,200.7098324,123.316041,2.600897722,0.817137426,7.55,9.5,Qal1,7
577,216.2431509,145.8821132,2.55214719,0.969623887,9.5,11.45,Qal1,7
577,216.7846077,94.444814,2.752338984,1.12586103,11.45,13.4,Qal1,7
577,472.4685056,303.4325841,1.91698972,1.347636058,13.4,16.4,Qal1,7
577,316.5019223,220.5570441,1.653663936,1.565423548,16.4,17.35,Qal1,7
577,547.4484426,223.9683533,1.642555446,1.723217303,17.35,19.35,Qal1,7
577,211.801625,185.1654984,2.0251692,1.920483738,19.35,21.25,Qal1,7
577,325.9704417,79.59619155,2.919956753,2.091896327,21.25,23.2,Qal1,7
577,279.8081128,85.95179084,2.913869059,2.266547224,23.2,25.15,Qal1,7
577,287.0321853,99.93780958,2.830060883,2.443448589,25.15,27.15,Qal1,7
577,328.9580489,100.0397332,2.877031,2.633966129,27.15,29.35,Qal1,7
578,224.1871543,407.9569345,2.573900707,0.378355964,1.75,3.7,Qal2,8
578,413.3668947,486.4199951,2.525184879,0.575274278,3.7,5.7,Qal2,8
578,375.5088904,608.4142861,2.185034184,0.777217067,5.7,7.45,Qal2,8
578,310.0165462,204.6982581,2.727256745,0.952229714,7.45,9.35,Qal2,8
578,538.2531388,376.7455657,2.319788366,1.142113243,9.35,11.3,Qal2,8
578,256.4588958,198.8593878,2.590770383,1.326753937,11.3,12.95,Qal2,8
578,768.2094307,200.5536146,2.637195301,1.490262036,12.95,14.75,Qal2,8
578,464.3471097,141.7532655,2.533956945,1.658799736,14.75,16.6,Qal2,8
578,322.890421,251.5225179,2.225963695,1.772331689,16.6,17.25,Qal2,8
580,233.891198,179.0029916,2.641488853,0.466791445,1.75,3.75,Qal2,8
581,157.105404,201.5531383,2.908334541,0.33624508,1.8,3.75,af/Qi,6
581,288.15477,322.2900741,2.406635497,0.497443522,3.75,5.75,af/Qi,6
581,241.4652293,210.2558139,2.509794097,0.669500977,5.75,7.7,af/Qi,6
581,219.1435603,218.9358214,2.5788523,0.830945272,7.7,9.6,af/Qi,6
581,245.8345387,214.8515947,1.873766787,1.007316261,9.6,11.6,af/Qi,6
581,247.7905076,104.2185998,2.571261427,1.183960195,11.6,13.6,af/Qi,6
582,159.9843689,167.8897065,2.546421435,0.304784706,1.75,3.75,af/Qi,6
582,77.31799513,65.79776429,2.932694341,0.430194248,3.75,5.7,af/Qi,6
582,80.53113044,47.20863745,2.961217103,0.532114544,5.7,7.55,af/Qi,6
582,141.7536077,97.83706407,3.025999266,0.655276437,7.55,9.45,af/Qi,6
582,189.1954396,101.9831768,2.837645422,0.798698547,9.45,11.35,af/Qi,6
582,159.2408991,127.2548231,2.724865587,0.932098933,11.35,13.25,af/Qi,6
583,113.0830774,129.5326241,2.592142764,0.356307739,1.7,3.7,af/Qi,6
583,99.09948717,65.69592316,2.863783559,0.466990863,3.7,5.7,af/Qi,6
583,169.4823957,152.333541,2.770652166,0.593653874,5.7,7.65,af/Qi,6
583,161.784379,131.8036927,2.779656067,0.749719297,7.65,9.6,af/Qi,6
583,248.6279223,150.2721088,2.685872418,0.908293583,9.6,11.6,af/Qi,6
583,339.5688216,133.0437907,2.617624195,1.073740118,11.6,13.65,af/Qi,6
583,262.5321063,139.1360637,2.769466994,1.231651919,13.65,15.4,af/Qi,6
583,510.7211892,128.4284088,2.683009205,1.37599475,15.4,17.05,af/Qi,6
584,144.9783625,147.5552631,2.14100551,0.422025594,1.7,3.65,af/Qi,6
584,105.0129862,69.79223204,2.676314259,0.550271768,3.65,5.65,af/Qi,6
584,250.2268134,313.3641469,1.891942408,0.714111531,5.65,7.55,af/Qi,6
584,265.4910046,300.1099881,1.760004425,0.923952302,7.55,9.5,af/Qi,6
584,667.0575732,228.4406783,2.12796667,1.108231175,9.5,11.4,af/Qi,6
584,480.3838638,370.0138178,1.837007784,1.290681264,11.4,12.9,af/Qi,6
585,198.5418622,113.9397998,1.95211468,0.401383746,1.75,3.75,af/Qi,6
585,129.4034578,160.6417785,2.936992841,0.523914553,3.75,5.75,af/Qi,6
585,252.3525819,148.530865,2.30730254,0.664567924,5.75,7.75,af/Qi,6
585,291.8478885,212.0219659,2.259050562,0.787740017,7.75,9.75,af/Qi,6
586,162.2826997,152.9216179,3.541324181,0.332045532,1.65,3.55,af/Qi,6
586,120.0414482,63.05833359,2.797028157,0.41594038,3.55,5.55,af/Qi,6
586,106.7180344,28.98150057,3.144124863,0.497855479,5.55,7.55,af/Qi,6
586,128.8458463,61.95946573,3.30127865,0.577928351,7.55,9.15,af/Qi,6
586,214.4694122,131.348013,2.860427608,0.709971916,9.15,11.05,af/Qi,6
586,267.0488235,94.78121298,2.845984934,0.850285596,11.05,12.85,af/Qi,6
586,438.001693,116.8334316,2.882909196,1.001090132,12.85,14.95,af/Qi,6
586,149.1581038,58.14151895,3.096314666,1.149137227,14.95,16.65,af/Qi,6
587,267.1399788,145.9629101,1.91683779,0.431565051,1.75,3.6,af/Qi,6
587,94.21324859,35.50119124,3.330435082,0.560279995,3.6,5.45,af/Qi,6
587,154.5747051,114.3407131,3.096888934,0.644006096,5.45,7.3,af/Qi,6
587,277.9463117,248.9348867,1.788841464,0.796533742,7.3,9.15,af/Qi,6
587,202.8789516,75.00962759,2.890438123,0.938790592,9.15,11,af/Qi,6
587,413.8120997,285.2786201,1.706555503,1.083326113,11,12.4,af/Qi,6
589,89.17872823,68.57880725,3.009123163,0.264705942,1.75,3.75,af/Qi,6
589,153.3924876,193.2556678,2.317536312,0.36882906,3.75,5.75,af/Qi,6
589,295.9087474,624.165137,1.901492706,0.559220861,5.75,7.75,af/Qi,6
589,397.3419982,637.0339156,1.786413598,0.788717005,7.75,9.65,af/Qi,6
590,70.19278516,91.37040656,4.170476477,0.298004969,1.75,3.75,af/Qi,6
590,102.8016311,57.1806699,4.439790372,0.378576735,3.75,5.75,af/Qi,6
590,162.5012404,47.07593069,4.60953854,0.44816111,5.75,7.8,af/Qi,6
590,355.7729502,158.6297567,2.446918328,0.564749758,7.8,9.85,af/Qi,6
590,192.1439642,945.0857238,2.228590917,0.666799242,9.85,10.3,af/Qi,6
592,284.2365707,207.545006,2.757839678,0.464738778,1.75,3.75,Qal2,8
592,142.4763468,232.3052908,2.643650371,0.656745689,3.75,5.75,Qal2,8
592,273.428547,131.1921971,2.912189955,0.829839515,5.75,7.75,Qal2,8
592,190.3104348,97.15417326,3.01364189,0.996228552,7.75,9.75,Qal2,8
592,229.8254164,72.08337845,3.048938693,1.156208702,9.75,11.75,Qal2,8
592,275.8880185,111.7148857,2.895782958,1.317816458,11.75,13.75,Qal2,8
592,288.6722673,122.360332,2.828788802,1.491358316,13.75,15.75,Qal2,8
592,247.5571971,168.7130694,2.831322552,1.673543089,15.75,17.75,Qal2,8
592,375.5497299,365.3782971,2.432865116,1.852693906,17.75,19.25,Qal2,8
593,316.2833174,456.058144,1.948556705,0.233846757,1.7,3.7,Qs,11
593,369.242041,427.0652569,1.738361229,0.424223468,3.7,5.65,Qs,11
593,256.8662865,201.9901333,2.467448879,0.6013746,5.65,7.65,Qs,11
593,283.8846003,303.655157,2.147607391,0.769824563,7.65,9.65,Qs,11
593,369.9578457,566.2604717,1.589692956,0.921184074,9.65,10.65,Qs,11
594,136.8408459,241.9746672,2.278493043,0.440464354,1.75,3.75,af/Qi,6
594,155.4504245,106.2856227,2.619263472,0.542516358,3.75,5.75,af/Qi,6
594,165.8228048,149.2673665,2.578068263,0.67416285,5.75,7.75,af/Qi,6
594,357.0148817,290.7216521,2.178739968,0.852251695,7.75,9.75,af/Qi,6
594,202.2421524,144.4540263,2.433794792,1.005653165,9.75,11.75,af/Qi,6
594,187.4039904,112.81388,2.551674319,1.148198142,11.75,13.75,af/Qi,6
594,303.3846726,143.312934,2.510891245,1.289496945,13.75,15.75,af/Qi,6
594,190.3452065,132.7819083,2.382122518,1.444329751,15.75,17.75,af/Qi,6
594,375.9032062,182.2523091,2.385421438,1.621383272,17.75,19.75,af/Qi,6
595,109.7442353,47.23719993,3.710351721,0.356120067,1.75,3.75,af/Qi,6
595,99.12014521,28.52352936,4.123019686,0.458992482,3.75,5.75,af/Qi,6
595,189.3181698,225.28064,2.863256118,0.571295799,5.75,7.75,af/Qi,6
595,202.7700323,166.0316202,2.680962823,0.739402466,7.75,9.75,af/Qi,6
595,191.7861456,109.3989315,2.74132803,0.890062454,9.75,11.75,af/Qi,6
595,208.1165207,111.2347631,2.783079637,1.053961063,11.75,13.75,af/Qi,6
595,267.8804824,171.7389881,2.649629371,1.22020835,13.75,15.75,af/Qi,6
595,393.9514262,245.0807259,2.478161665,1.403627826,15.75,17.75,af/Qi,6
595,326.4977059,207.6772962,2.295763458,1.584886601,17.75,19.75,af/Qi,6
597,110.2667145,178.1476869,2.324308761,0.171540597,0.75,1.25,Qal2,8
597,162.1698488,174.2797834,2.815871206,0.256138413,1.25,1.75,Qal2,8
597,162.0742912,163.1101111,2.415151344,0.467092297,1.75,3.75,Qal2,8
597,349.6647947,263.5862245,1.980229528,0.718600871,3.75,5.75,Qal2,8
597,182.0202866,198.715108,2.289287529,0.906069913,5.75,7.75,Qal2,8
597,342.3684718,307.477635,1.870975227,1.058489496,7.75,9.7,Qal2,8
597,288.8600814,175.4653033,2.636312655,1.25070372,9.7,11.7,Qal2,8
597,247.1464456,186.0469544,2.627509374,1.422551316,11.7,13.7,Qal2,8
597,303.1939678,101.9568107,2.783203958,1.599231519,13.7,15.7,Qal2,8
598,152.2302574,479.3292329,1.574938366,0.081835998,0.25,0.7,Qal2,8
598,276.1003704,654.0090529,2.334936931,0.171167246,0.7,1.2,Qal2,8
598,234.275891,337.1759874,2.421749037,0.262308232,1.2,1.7,Qal2,8
598,203.2422166,206.8532748,2.409160165,0.390072237,1.7,3.7,Qal2,8
598,276.8003422,256.2843841,2.321550178,0.543409376,3.7,5.7,Qal2,8
598,208.6691169,308.8716537,2.441629537,0.714303939,5.7,7.7,Qal2,8
598,267.4180127,404.7415122,2.081500872,0.914654925,7.7,9.7,Qal2,8
598,297.3616026,112.442092,2.424632651,1.076566384,9.7,11.7,Qal2,8
598,208.9194501,159.0020001,2.220613295,1.24579675,11.7,13.7,Qal2,8
598,303.768908,120.5590002,2.684182322,1.398729638,13.7,15.7,Qal2,8
598,125.5096177,118.5699642,2.797936299,1.496096031,15.7,16,Qal2,8
599,239.7195788,615.9884463,2.118590038,0.098369967,0.75,1.7,Qoa,10
599,241.3889054,370.1800661,2.00849288,0.2302202,1.7,3.65,Qoa,10
599,376.3501909,392.6005789,2.161866016,0.423443507,3.65,5.65,Qoa,10
599,283.7208412,243.9390714,2.417109499,0.593449848,5.65,7.6,Qoa,10
599,167.2132245,255.90115,2.459157531,0.764623724,7.6,9.7,Qoa,10
599,368.1207473,221.1303079,2.442340894,0.934989704,9.7,11.6,Qoa,10
599,323.9778973,237.3046403,2.468921988,1.107689464,11.6,13.6,Qoa,10
599,314.8979416,226.372536,2.405272233,1.285138083,13.6,15.55,Qoa,10
600,262.411399,311.8634992,2.036464167,0.24298024,1.75,3.75,Qal2,8
600,292.7193356,440.4025153,2.157208207,0.42699775,3.75,5.85,Qal2,8
600,702.145932,411.6924769,2.139765101,0.628769636,5.85,7.6,Qal2,8
600,641.5196006,543.5814601,2.087348449,0.818890942,7.6,9.5,Qal2,8
600,402.6522224,535.6892871,1.825385598,0.986771892,9.5,10.55,Qal2,8
600,475.4764444,430.0137527,2.154889806,1.149220255,10.55,12.45,Qal2,8
600,486.7348278,234.5402382,2.475052479,1.357670333,12.45,14.45,Qal2,8
600,275.9437988,101.4506809,2.889748718,1.542245812,14.45,16.45,Qal2,8
600,235.0856649,126.5252815,2.83000617,1.70622728,16.45,18.4,Qal2,8
600,301.7456574,113.0678337,2.811568755,1.880161307,18.4,20.3,Qal2,8
601,283.5240634,297.5210394,2.538562755,0.237254872,1.75,3.75,Qal2,8
601,329.9435194,570.6569563,2.227407488,0.451513042,3.75,6.35,Qal2,8
601,418.9970604,515.4516253,2.038362276,0.674640992,6.35,7.8,Qal2,8
601,360.6597075,214.1849013,2.551942422,0.781912974,7.8,8.6,Qal2,8
602,210.4493523,430.8834612,2.424888499,0.50829272,1.75,3.75,Qal2,8
602,357.6212871,257.3867777,2.435529599,0.891254845,3.75,5.75,Qal2,8
602,465.5029928,228.6412288,2.531762608,1.122266544,5.75,7.65,Qal2,8
602,326.468905,180.1577695,2.646708159,1.286496364,7.65,9.65,Qal2,8
602,621.0298836,193.3929401,2.589311309,1.472326611,9.65,11.65,Qal2,8
602,358.4648013,169.244169,2.677855252,1.657646934,11.65,13.65,Qal2,8
602,396.9601384,334.2405882,2.489057763,1.823687898,13.65,15,Qal2,8
603,275.6433474,592.4448333,2.445617524,0.527511535,1.75,3.75,Qal2,8
603,372.0610943,215.2469582,2.600242838,0.90891413,3.75,5.75,Qal2,8
603,275.8148387,239.6653154,2.434119755,1.197375436,5.75,6.75,Qal2,8
603,569.4945051,333.0322654,2.388960321,1.402346936,6.75,7.75,Qal2,8
604,317.2342087,364.8953784,2.265161669,0.530526141,1.75,3.75,Qal3,9
604,195.886604,88.75615825,2.871198073,0.803931882,3.75,5.75,Qal3,9
604,179.9824809,70.54001053,2.880475772,0.924609358,5.75,7.75,Qal3,9
604,342.6586703,203.6579152,2.617692381,1.07476976,7.75,9.75,Qal3,9
604,181.8705302,222.0701156,2.576257137,1.262983191,9.75,11.7,Qal3,9
604,566.2027961,179.5214909,2.643524117,1.446996646,11.7,13.65,Qal3,9
604,344.4813121,156.5596173,2.785619742,1.578714481,13.65,14.55,Qal3,9
605,254.6415122,245.0135632,2.3482103,0.584658135,1.75,5.05,Qal2,8
605,213.5939803,170.67652,2.637268147,0.813065381,5.05,5.75,Qal2,8
605,269.4408665,230.39765,2.603527512,0.934828868,5.75,7.75,Qal2,8
605,279.3863478,154.4291057,2.678554493,1.113279933,7.75,9.75,Qal2,8
605,229.6992278,165.6523911,2.696172031,1.290088487,9.75,11.75,Qal2,8
605,372.7712019,196.6504738,2.604542073,1.474040308,11.75,13.75,Qal2,8
605,303.8237712,155.4876521,2.58661177,1.640106639,13.75,15.25,Qal2,8
606,611.7362196,964.6253071,2.184570083,0.326645698,1.7,5,Qoa,10
606,160.0308987,427.9345615,2.36730938,0.538788667,5,5.7,Qoa,10
606,677.992252,456.9266452,2.434455083,0.672004052,5.7,7.65,Qoa,10
606,278.2885062,251.2640741,2.532711799,0.857287628,7.65,9.65,Qoa,10
606,379.7713519,301.4404715,2.546041967,1.042007049,9.65,11.7,Qoa,10
606,361.9343176,319.8064176,2.511854332,1.242808305,11.7,13.65,Qoa,10
607,184.1996657,215.7679045,2.172362821,0.464840796,1.75,3.75,af/Qi,6
607,114.9278368,142.4065237,2.66348219,0.660568741,3.75,5.75,af/Qi,6
607,447.2491394,203.908326,2.429905558,0.785229347,5.75,7.65,af/Qi,6
607,383.6101143,443.1393122,2.206320267,0.988164694,7.65,9.65,af/Qi,6
607,209.0107516,155.8125309,2.697029828,1.179259351,9.65,11.65,af/Qi,6
607,244.2725062,175.0836699,2.683024437,1.35631672,11.65,13.65,af/Qi,6
607,268.518271,201.5678299,2.667419719,1.540558152,13.65,15.65,af/Qi,6
607,368.5968181,515.7355957,2.267863459,1.69619852,15.65,16.65,af/Qi,6
608,120.0872234,49.77102565,3.122302394,0.302214146,1.75,3.75,af/Qi,6
608,122.2666182,95.03753054,2.728049816,0.379152937,3.75,5.75,af/Qi,6
608,88.39376646,76.34767882,2.903313899,0.498382316,5.75,7.75,af/Qi,6
608,156.7690307,103.8663785,2.835012783,0.63655632,7.75,9.75,af/Qi,6
608,199.5334726,190.2166526,2.209636806,0.791045541,9.75,11.7,af/Qi,6
608,285.0535348,317.5022047,2.137577609,0.979456681,11.7,13.7,af/Qi,6
608,211.721914,256.402207,2.074262448,1.175000779,13.7,15.7,af/Qi,6
608,255.8924644,166.3921181,2.522905699,1.335698851,15.7,17.05,af/Qi,6
609,99.65114985,51.12556485,3.034171695,0.364239773,1.75,3.75,af/Qi,6
609,85.96904719,27.57748329,3.307063985,0.450189367,3.75,5.75,af/Qi,6
609,135.7662316,78.60297719,2.837975798,0.54544511,5.75,7.75,af/Qi,6
609,199.6811955,288.8105679,2.13052934,0.706339567,7.75,9.75,af/Qi,6
609,270.3924678,220.8758709,2.429514721,0.894189647,9.75,11.75,af/Qi,6
609,325.0445948,278.507326,2.47863035,1.079821082,11.75,13.7,af/Qi,6
609,333.9894064,273.7519473,2.442011525,1.266111248,13.7,15.7,af/Qi,6
609,350.6647435,240.8761075,2.576123031,1.421135239,15.7,16.9,af/Qi,6
610,225.8772848,388.924313,2.476438847,0.253165462,1.75,3.75,af/Qi,6
610,302.1137574,407.2306901,2.255939256,0.43733727,3.75,5.75,af/Qi,6
610,239.2077499,289.0710787,2.135233015,0.616426839,5.75,7.75,af/Qi,6
610,233.0345217,259.7302692,2.159226413,0.804964528,7.75,9.65,af/Qi,6
610,278.9738687,246.7373977,2.437374355,0.981584414,9.65,11.6,af/Qi,6
610,482.0073128,292.1560939,2.413489678,1.165961886,11.6,13.7,af/Qi,6
610,399.5119694,390.2274396,2.109296785,1.361061775,13.7,15.45,af/Qi,6
610,351.543091,391.0385589,2.04012534,1.509008531,15.45,16.4,af/Qi,6
611,124.2277026,231.7312759,2.701160791,0.503806535,1.75,3.75,Qal2,8
611,336.6812183,358.8680033,2.476895786,0.845422799,3.75,5.75,Qal2,8
611,332.8563075,337.5358679,2.42359859,1.061058502,5.75,7.75,Qal2,8
611,280.5112885,278.4613545,2.477706529,1.227316415,7.75,9.75,Qal2,8
611,280.9500915,117.1533553,2.78581232,1.405465256,9.75,11.75,Qal2,8
611,321.8038379,199.2953191,2.618381985,1.583355296,11.75,13.75,Qal2,8
611,307.0360656,165.2304549,2.545711263,1.763136554,13.75,15.75,Qal2,8
611,270.405783,197.6723621,2.594179004,1.946998682,15.75,17.75,Qal2,8
611,323.4003108,188.1966138,2.388665806,2.139005395,17.75,19.75,Qal2,8
611,255.4444445,160.7722748,2.6336414,2.333483716,19.75,21.75,Qal2,8
611,511.334026,233.4145196,2.639228754,2.537085466,21.75,23.75,Qal2,8
612,145.5301428,286.9503775,2.41237202,0.522611027,1.75,3.75,Qal2,8
612,255.6457716,196.3017125,2.709196432,0.873870221,3.75,5.75,Qal2,8
612,304.1021002,322.3666891,2.517742904,1.098296385,5.75,7.75,Qal2,8
612,374.6911515,214.9272491,2.566370333,1.289969438,7.75,9.75,Qal2,8
612,306.8828374,283.0206255,2.565028196,1.480006248,9.75,11.75,Qal2,8
612,402.783041,229.4593975,2.574605173,1.672161205,11.75,13.75,Qal2,8
612,314.9651071,214.3317055,2.616681565,1.866718117,13.75,15.7,Qal2,8
613,200.082995,514.1705991,2.292841286,0.309555523,1.75,3.75,Qal2,8
613,256.0619234,258.4766765,2.320094912,0.505138236,3.75,5.75,Qal2,8
613,233.2162833,244.7446501,2.671501255,0.674991343,5.75,7.75,Qal2,8
613,220.4533369,189.5137424,2.575210233,0.849021085,7.75,9.75,Qal2,8
613,252.514193,155.0505666,2.493229065,1.020802,9.75,11.75,Qal2,8
613,275.6449429,158.1446176,2.743124189,1.187837175,11.75,13.75,Qal2,8
613,259.5919318,123.1396184,2.676779333,1.361620593,13.75,15.75,Qal2,8
613,372.9946793,211.2707016,2.362496028,1.54428869,15.75,17.75,Qal2,8
613,293.5040903,176.0302742,2.604781987,1.764510992,17.75,20.25,Qal2,8
614,255.1939699,194.1256516,2.735769129,0.491589761,1.75,3.75,Qoa,10
614,169.4333027,70.03313662,3.001955507,0.773306787,3.75,5.75,Qoa,10
614,313.7427584,282.6571777,2.304880869,0.930157755,5.75,7.75,Qoa,10
614,284.3767111,268.5644721,2.458787142,1.126340905,7.75,9.75,Qoa,10
614,306.6840096,296.6812531,2.361901302,1.319123585,9.75,11.75,Qoa,10
614,293.3787327,166.4432534,2.699861591,1.508918693,11.75,13.75,Qoa,10
614,314.9322292,206.8610673,2.567711525,1.69718322,13.75,15.75,Qoa,10
614,344.3638057,257.6265205,2.461204561,1.844376737,15.75,16.8,Qoa,10
615,215.7071609,155.405956,2.668451432,0.475039743,1.75,3.75,Qal3,9
615,415.3715843,191.1780116,2.533217911,0.670734413,3.75,5.75,Qal3,9
615,299.8865129,312.1676357,2.367710827,0.850135078,5.75,7.7,Qal3,9
615,323.5410454,298.1303431,2.261712809,1.030053834,7.7,9.7,Qal3,9
615,335.9333514,337.4054273,2.350185865,1.218019109,9.7,11.7,Qal3,9
615,267.0629246,245.3823284,2.380515324,1.412207271,11.7,13.7,Qal3,9
615,359.1681574,203.2081093,2.42750145,1.593185162,13.7,15.7,Qal3,9
615,311.8580727,292.0081744,2.2844373,1.730257823,15.7,16.7,Qal3,9
616,185.348727,196.6480304,2.469649836,0.541961654,1.75,4.3,Qal3,9
616,186.4587805,76.05797643,2.793408988,0.754663276,4.3,5.75,Qal3,9
616,384.6776644,247.98956,2.16394928,0.89834887,5.75,7.75,Qal3,9
616,523.1665541,284.061715,2.346647019,1.083117251,7.75,9.75,Qal3,9
616,320.5733167,273.5587392,2.309154369,1.266370201,9.75,11.75,Qal3,9
616,293.0531651,249.5149802,2.317388057,1.450030825,11.75,13.75,Qal3,9
616,301.9646183,302.7878968,2.326702671,1.644477871,13.75,15.8,Qal3,9
616,324.225751,215.9231286,2.414412813,1.836470961,15.8,17.75,Qal3,9
616,596.2583574,204.0168765,2.351264049,1.987036589,17.75,19.05,Qal3,9
617,310.5848921,449.2461639,2.313509289,0.510100408,1.75,3.75,Qal2,8
617,273.9188866,209.8453814,2.177669055,0.804096196,3.75,5.75,Qal2,8
617,221.2667576,263.4110998,2.521775855,0.971711883,5.75,7.75,Qal2,8
617,238.983997,119.8102633,2.769935276,1.148873387,7.75,9.75,Qal2,8
617,216.6865078,75.86414058,2.74251257,1.288506957,9.75,11.75,Qal2,8
617,447.836201,355.0294141,2.165074928,1.456738087,11.75,13.7,Qal2,8
617,342.3849289,153.7021142,2.550647694,1.647559231,13.7,15.7,Qal2,8
617,253.7243443,230.5676088,2.61645829,1.832420883,15.7,17.7,Qal2,8
618,284.7578137,477.2403046,2.360899859,0.496424255,1.75,3.75,Qal2,8
618,222.334033,315.6978535,2.191179556,0.799863978,3.75,5.75,Qal2,8
618,290.7781885,312.3773235,2.295149605,0.994012617,5.75,7.75,Qal2,8
618,201.7402911,129.6128822,2.788253736,1.177638268,7.75,9.75,Qal2,8
618,370.511284,192.0440973,2.622896945,1.339367788,9.75,11.75,Qal2,8
618,263.314548,224.962217,2.251046822,1.531761663,11.75,13.75,Qal2,8
618,219.4003495,140.5971429,2.757629724,1.712831589,13.75,15.75,Qal2,8
619,241.3921971,367.2340054,2.127585468,0.506766471,1.75,3.75,Qal2,8
619,264.5760568,355.9977519,2.47680688,0.806266027,3.75,5.75,Qal2,8
619,426.3551532,413.2436444,2.016541379,1.018913996,5.75,7.75,Qal2,8
619,433.3149319,308.6963789,1.934698367,1.23604218,7.75,9.7,Qal2,8
619,261.0139052,248.8149514,2.316768844,1.447018119,9.7,11.65,Qal2,8
619,322.2340045,167.8708847,2.682901106,1.633944641,11.65,13.65,Qal2,8
619,260.2095347,129.9280478,2.667234053,1.814249856,13.65,15.65,Qal2,8
619,445.6555229,127.5949296,2.714298262,1.993180933,15.65,17.65,Qal2,8
619,368.1812755,147.7301207,2.648229215,2.176800028,17.65,19.65,Qal2,8
620,242.0927947,183.884115,2.553047467,0.502319662,1.75,3.75,Qal2,8
620,168.5587031,231.7369602,2.663089999,0.834214497,3.75,5.75,Qal2,8
620,539.3726858,334.6732401,2.404666545,1.047956521,5.75,7.75,Qal2,8
620,479.0535723,263.9838908,2.615713527,1.252247291,7.75,9.75,Qal2,8
620,338.5634948,345.2925484,2.499877311,1.455808126,9.75,11.75,Qal2,8
620,322.351994,265.371593,2.578374421,1.659540246,11.75,13.75,Qal2,8
620,407.3081676,208.1710507,2.60681873,1.866432404,13.75,15.75,Qal2,8
620,352.6687908,241.6549849,2.67115807,2.054517562,15.75,17.5,Qal2,8
621,274.3089961,275.899776,2.448422868,0.485930642,1.75,3.75,Qal2,8
621,286.8170724,271.7056593,2.577977753,0.673089372,3.75,5.75,Qal2,8
621,168.3220745,140.7471324,2.668537203,0.823968819,5.75,7.75,Qal2,8
621,374.4058924,316.8824137,2.51291444,0.995358325,7.75,9.75,Qal2,8
621,388.8332601,612.7555229,2.032807195,1.211997291,9.75,11.75,Qal2,8
621,300.9965838,207.1816306,2.612520972,1.417537681,11.75,13.75,Qal2,8
621,287.880096,170.2618384,2.604535461,1.59490328,13.75,15.75,Qal2,8
621,334.1776677,154.9623687,2.508965999,1.78769883,15.75,17.75,Qal2,8
621,391.1902866,200.8690635,2.747945627,1.987564539,17.75,19.75,Qal2,8
621,321.8614993,243.1730379,2.641776281,2.19632774,19.75,21.7,Qal2,8
622,198.298738,288.5986479,2.556371787,0.482667966,1.75,3.75,Qal1,7
622,350.4331249,302.5873473,2.285886311,0.671075434,3.75,5.75,Qal1,7
622,283.9982092,191.4849882,2.511296046,0.862717304,5.75,7.75,Qal1,7
622,285.4096118,185.0422696,2.451488245,1.039245044,7.75,9.75,Qal1,7
622,388.8540361,266.1918855,2.114853649,1.23411488,9.75,11.75,Qal1,7
622,355.2645367,236.9805243,1.692522676,1.394957886,11.75,12.75,Qal1,7
623,232.4613123,324.5271311,2.087130971,0.2281389,1.75,3.75,Beach_Dune,1
623,213.6379818,402.7061705,2.179334276,0.40366725,3.75,5.75,Beach_Dune,1
623,244.6792531,404.3928964,2.225950066,0.584967229,5.75,7.75,Beach_Dune,1
623,258.3600189,384.0599216,2.225528985,0.772286838,7.75,9.75,Beach_Dune,1
623,260.9337402,366.1048528,2.188966659,0.963346978,9.75,11.75,Beach_Dune,1
623,282.4042872,331.9282095,1.92657009,1.176649114,11.75,13.75,Beach_Dune,1
623,358.6852589,237.8225815,1.909384609,1.403549108,13.75,15.75,Beach_Dune,1
623,345.5106521,325.3573925,2.023824602,1.618444397,15.75,17.75,Beach_Dune,1
623,337.4707204,180.318757,2.444002168,1.74346374,17.75,18.2,Beach_Dune,1
624,190.3320404,220.796164,2.13129103,0.23676839,1.75,3.75,Beach_Dune,1
624,219.5881652,282.7325962,2.084314568,0.394488634,3.75,5.75,Beach_Dune,1
624,207.5900095,226.5062214,1.97818941,0.58212182,5.75,7.75,Beach_Dune,1
624,287.7338779,272.4026476,1.867994187,0.775782517,7.75,9.75,Beach_Dune,1
624,231.4025115,221.9225329,2.071536046,0.981172163,9.75,11.75,Beach_Dune,1
624,272.7265946,285.7105671,2.073683888,1.183121885,11.75,13.75,Beach_Dune,1
624,266.8985133,71.27210892,3.100061648,1.369016736,13.75,15.75,Beach_Dune,1
624,267.1071208,57.93476364,3.111577129,1.532127272,15.75,17.75,Beach_Dune,1
624,287.1758996,85.35403235,2.990673747,1.702612696,17.75,19.75,Beach_Dune,1
625,208.5082598,260.8293305,2.027729206,0.425080837,3.75,5.75,Beach_Dune,1
625,194.8820971,291.9823851,2.424192455,0.605324564,5.75,7.75,Beach_Dune,1
625,211.3693966,362.8316015,1.891175552,0.811162053,7.75,9.75,Beach_Dune,1
625,280.9162814,295.9596963,1.923826362,1.032292371,9.75,11.75,Beach_Dune,1
625,235.2015131,209.2373577,2.370609349,1.242617334,11.75,13.65,Beach_Dune,1
626,271.4387982,320.2540287,1.572800025,0.247367027,1.75,3.75,Beach_Dune,1
626,238.4503823,227.8328605,1.676806718,0.44637812,3.75,5.75,Beach_Dune,1
626,249.5148975,197.6814603,1.83076155,0.644304157,5.75,7.75,Beach_Dune,1
626,238.8382735,242.8077461,2.011555203,0.841395001,7.75,9.75,Beach_Dune,1
626,206.8019798,296.501539,2.361299508,1.030431283,9.75,11.75,Beach_Dune,1
626,263.8925877,157.1104006,2.48211115,1.210270068,11.75,13.75,Beach_Dune,1
626,-38.17648342,212.4601049,2.252474747,1.411759338,13.75,15.75,Beach_Dune,1
626,34.20102515,255.4300112,2.036761011,1.622407441,15.75,18.05,Beach_Dune,1
627,168.9278423,259.0672752,2.786838843,0.254630414,1.75,3.75,Beach_Dune,1
627,196.0840131,131.9578565,3.243430408,0.431117776,3.75,5.75,Beach_Dune,1
627,191.4274217,16.82949014,5.125878022,0.593628033,5.75,7.75,Beach_Dune,1
627,198.0984024,14.05287037,6.086551426,0.748368405,7.75,9.75,Beach_Dune,1
627,257.8148078,40.62786967,3.741937533,0.912657841,9.75,11.75,Beach_Dune,1
627,245.2800139,35.93089984,4.240451588,1.119886617,11.75,14.6,Beach_Dune,1
628,241.9666152,239.1250777,1.712821577,0.231885152,1.75,3.75,Beach_Dune,1
628,221.1034125,227.509323,2.004783819,0.422855507,3.75,5.75,Beach_Dune,1
628,210.5904267,292.4399682,2.046419741,0.617395028,5.75,7.75,Beach_Dune,1
628,245.8242251,194.2448899,2.66574062,0.800259572,7.75,9.75,Beach_Dune,1
628,237.7830393,132.813555,2.903418681,0.975204374,9.75,11.75,Beach_Dune,1
628,253.9838207,84.44001647,3.018001419,1.187985546,11.75,14.75,Beach_Dune,1
629,221.9471723,266.9754393,1.935017216,0.23290165,1.75,3.75,Beach_Dune,1
629,169.1495845,244.1967376,2.233243676,0.412330698,3.75,5.75,Beach_Dune,1
629,233.4575953,381.6229515,2.32061707,0.599069237,5.75,7.75,Beach_Dune,1
629,269.2960558,182.0452446,2.521511973,0.788977391,7.75,9.75,Beach_Dune,1
629,285.7628244,203.2725068,2.535447555,0.967108581,9.75,11.75,Beach_Dune,1
629,255.0099724,59.90922241,3.029167072,1.157221107,11.75,14.55,Beach_Dune,1
630,231.2017089,182.8853745,1.816037537,0.233930696,1.75,3.75,Beach_Dune,1
630,253.4921327,370.3327192,1.488930677,0.430376277,3.75,5.75,Beach_Dune,1
630,226.9988511,239.5990912,2.145618844,0.616066982,5.75,7.75,Beach_Dune,1
630,263.120106,283.5772106,2.036772072,0.816113794,7.75,9.75,Beach_Dune,1
630,267.0436563,337.6139078,1.98194285,1.019653119,9.75,11.75,Beach_Dune,1
630,258.29516,145.5330194,2.701336893,1.272157892,11.75,14.95,Beach_Dune,1
631,241.2065041,242.8285141,1.711523045,0.24232689,1.75,3.75,Beach_Dune,1
631,214.5600361,198.5194014,1.949466014,0.428332283,3.75,5.75,Beach_Dune,1
631,266.1205641,217.563848,2.024850357,0.59804398,5.75,7.75,Beach_Dune,1
631,277.5625983,274.7896987,1.906446484,0.785464914,7.75,9.75,Beach_Dune,1
631,282.8225624,320.8243071,2.176003135,0.977944245,9.75,11.75,Beach_Dune,1
631,259.1816794,330.0168991,2.187809607,1.167837131,11.75,13.75,Beach_Dune,1
631,373.5293793,240.9312205,2.038598847,1.362104836,13.75,15.75,Beach_Dune,1
631,282.2866801,202.5201474,1.826507608,1.572718697,15.75,17.75,Beach_Dune,1
631,310.0476594,219.4878281,1.898458441,1.827966238,17.75,20.35,Beach_Dune,1
632,212.8192233,199.0065181,1.888295586,0.218667675,1.75,3.75,Beach_Dune,1
632,230.4474774,143.1496275,1.844561668,0.380216727,3.75,5.75,Beach_Dune,1
632,135.8026116,149.5175837,2.675430607,0.541086887,5.75,7.75,Beach_Dune,1
632,176.8851362,160.2181979,2.666816066,0.698567702,7.75,9.75,Beach_Dune,1
632,258.4642242,191.1381695,2.841396181,0.880918696,9.75,11.75,Beach_Dune,1
632,212.2242952,36.8803147,3.427844744,1.044149331,11.75,13.75,Beach_Dune,1
632,218.6881931,29.84197111,3.502249614,1.195276948,13.75,15.75,Beach_Dune,1
632,256.3628125,25.83200301,3.544301008,1.344649511,15.75,17.75,Beach_Dune,1
632,298.1574519,105.5696549,3.049399085,1.499610406,17.75,19.75,Beach_Dune,1
632,285.1601036,98.57254506,2.935313699,1.682963686,19.75,21.75,Beach_Dune,1
632,274.815285,30.88370686,3.427900305,1.828918302,21.75,23.25,Beach_Dune,1
633,199.8898582,118.3663049,1.796102092,0.207541778,1.75,3.75,Beach_Dune,1
633,213.5816986,260.9700503,1.681907481,0.372805399,3.75,5.75,Beach_Dune,1
633,213.788602,240.6133531,1.556204822,0.566550445,5.75,7.75,Beach_Dune,1
633,232.5415754,248.2766429,2.430829812,0.75725267,7.75,9.75,Beach_Dune,1
633,346.3114109,315.6197616,2.045862154,0.956981575,9.75,11.75,Beach_Dune,1
633,310.8472318,238.859381,2.253263956,1.16622543,11.75,13.75,Beach_Dune,1
633,351.1576954,352.5414737,1.885503209,1.384684497,13.75,15.75,Beach_Dune,1
633,243.469546,46.59157999,3.098256644,1.566335719,15.75,17.75,Beach_Dune,1
633,234.0016523,40.5220787,3.140635525,1.732548058,17.75,20.25,Beach_Dune,1
634,244.1842103,161.9649375,1.849532886,0.230987373,1.75,3.75,Beach_Dune,1
634,211.6009117,181.7309701,1.994326008,0.39127467,3.75,5.75,Beach_Dune,1
634,215.6920494,220.6505392,2.045929273,0.561022093,5.75,7.75,Beach_Dune,1
634,242.8282535,283.2385514,2.108452325,0.733974494,7.75,9.75,Beach_Dune,1
634,246.5253466,273.5778358,2.100286592,0.918070896,9.75,11.75,Beach_Dune,1
634,282.3965689,227.2106217,1.996544706,1.11172633,11.75,13.75,Beach_Dune,1
634,278.0562743,186.4593725,1.961401333,1.31338944,13.75,15.75,Beach_Dune,1
634,260.8809188,190.7656178,1.986781119,1.513076445,15.75,17.75,Beach_Dune,1
634,276.4967205,256.141887,2.050876818,1.713844783,17.75,19.75,Beach_Dune,1
634,394.268185,270.949248,1.915589039,1.868934376,19.75,20.6,Beach_Dune,1
635,201.2281291,201.3446399,1.935518218,0.228725525,1.75,3.75,Beach_Dune,1
635,184.7627216,307.1938142,1.899719795,0.388785909,3.75,5.75,Beach_Dune,1
635,322.3111284,503.064932,1.558927949,0.604670736,5.75,7.75,Beach_Dune,1
635,331.6275159,494.1644803,1.513603219,0.840459676,7.75,9.75,Beach_Dune,1
635,247.4974326,269.8871859,1.647445131,1.0643646,9.75,11.75,Beach_Dune,1
635,278.521824,340.2626269,1.645769825,1.284080244,11.75,13.75,Beach_Dune,1
635,314.5049033,407.1724531,1.661749074,1.455182819,13.75,14.65,Beach_Dune,1
636,243.3689421,208.3477211,1.636222376,0.215354732,1.75,3.75,Beach_Dune,1
636,223.8411811,140.2229541,1.860776684,0.389928963,3.75,5.75,Beach_Dune,1
636,233.1928315,162.035033,1.934974764,0.561604307,5.75,7.75,Beach_Dune,1
636,266.8407885,282.5898142,1.674916194,0.767509476,7.75,9.85,Beach_Dune,1
636,268.3683188,359.5866241,1.582702346,0.989931258,9.85,11.75,Beach_Dune,1
636,292.7990517,269.2267004,1.652665648,1.207463616,11.75,13.75,Beach_Dune,1
636,257.0232962,331.3282297,1.634671366,1.375252755,13.75,14.75,Beach_Dune,1
637,198.6173199,137.7451111,1.876655058,0.219449367,1.75,3.75,Beach_Dune,1
637,204.5901524,152.2608776,1.828472414,0.391744397,3.75,5.75,Beach_Dune,1
637,222.7938225,149.6347111,1.984741744,0.568862108,5.75,7.75,Beach_Dune,1
637,223.6728251,219.7940465,2.027696705,0.740288748,7.75,9.75,Beach_Dune,1
637,286.8255439,227.2386102,1.918561096,0.929085968,9.75,11.75,Beach_Dune,1
637,281.1109766,201.305286,1.792543494,1.131488838,11.75,13.75,Beach_Dune,1
637,266.8873898,188.9990958,1.953007015,1.32955896,13.75,15.75,Beach_Dune,1
637,302.6066972,211.8407307,2.064648626,1.52383155,15.75,17.75,Beach_Dune,1
637,271.2468405,228.5705628,2.037715517,1.747271959,17.75,20.25,Beach_Dune,1
638,287.2434361,180.1266013,1.756875151,0.227839656,1.75,3.75,Beach_Dune,1
638,190.9619327,166.6159975,1.792984511,0.411083874,3.75,5.75,Beach_Dune,1
638,252.8612721,210.5997074,2.095631757,0.58387764,5.75,7.75,Beach_Dune,1
638,325.144385,386.6611584,2.506230186,0.780619845,7.75,9.75,Beach_Dune,1
638,351.8113567,252.0137743,2.381537175,0.984831378,9.75,11.75,Beach_Dune,1
638,298.6451722,249.5207304,2.407517499,1.185734576,11.75,13.75,Beach_Dune,1
638,277.9689354,406.5755717,2.143854551,1.327308025,13.75,14.55,Beach_Dune,1
639,153.8637615,189.3706575,2.181220527,0.213005663,1.75,3.75,Beach_Dune,1
639,196.4238831,209.6563229,2.906081968,0.339604772,3.75,5.75,Beach_Dune,1
639,251.8118734,211.7307394,2.44883436,0.506129422,5.75,7.75,Beach_Dune,1
639,335.1636006,203.5141485,2.810608978,0.662780529,7.75,9.75,Beach_Dune,1
639,364.0747715,271.8387285,2.565065161,0.833522305,9.75,11.75,Beach_Dune,1
639,384.2213294,323.7179875,2.378089053,1.02322271,11.75,13.75,Beach_Dune,1
639,340.4959738,273.472873,2.188228799,1.204192012,13.75,15.35,Beach_Dune,1
640,256.2234836,246.3044469,1.679364531,0.199288702,1.75,3.75,Beach_Dune,1
640,211.5326046,227.5969301,1.693705794,0.389030054,3.75,5.75,Beach_Dune,1
640,244.026225,262.1305542,1.689722657,0.589275723,5.75,7.75,Beach_Dune,1
640,242.2801077,253.5906546,1.654769773,0.802154881,7.75,9.75,Beach_Dune,1
640,291.2644579,344.5554594,1.648171449,1.021612936,9.75,11.75,Beach_Dune,1
641,244.9632348,455.1898106,1.428615024,0.246773483,1.75,3.75,Beach_Dune,1
641,230.3274464,302.0177728,1.523118041,0.449714043,3.75,5.75,Beach_Dune,1
641,245.2012212,395.8037169,1.626579457,0.663831948,5.75,7.75,Beach_Dune,1
641,237.2613387,364.3634279,1.664374256,0.896544545,7.75,9.75,Beach_Dune,1
641,211.9718018,212.6618397,2.52449264,1.107753229,9.75,11.75,Beach_Dune,1
641,223.5397404,63.61670072,3.023661072,1.27733463,11.75,13.75,Beach_Dune,1
641,312.9484573,156.8340413,2.755721754,1.396868021,13.75,14.85,Beach_Dune,1
642,236.0095601,190.2269578,1.907755034,0.223445293,1.75,3.75,Beach_Dune,1
642,257.0711518,178.8893905,1.923766466,0.395662244,3.75,5.75,Beach_Dune,1
642,198.2378334,210.3966793,1.955939243,0.576245768,5.75,7.75,Beach_Dune,1
642,276.2090744,324.2754021,1.750310515,0.776813024,7.75,9.75,Beach_Dune,1
642,277.2364746,229.1737446,1.752508714,0.99051951,9.75,11.75,Beach_Dune,1
642,283.2757146,297.4991738,2.168211936,1.194152291,11.75,13.75,Beach_Dune,1
642,227.5766172,210.6061633,2.595853815,1.409890448,13.75,15.75,Beach_Dune,1
642,263.9650245,68.40654174,2.978213155,1.562104426,15.75,17.25,Beach_Dune,1
643,257.0844156,426.8707128,1.502993603,0.251714132,1.75,3.75,Beach_Dune,1
643,221.108438,284.110244,1.583338579,0.45982919,3.75,5.75,Beach_Dune,1
643,202.2161956,205.0818113,1.778715338,0.656661729,5.75,7.75,Beach_Dune,1
643,245.8351159,242.4031532,1.717223486,0.851304436,7.75,9.75,Beach_Dune,1
643,242.0904468,230.3953795,2.242384917,1.042774549,9.75,11.75,Beach_Dune,1
643,250.6419515,224.1481121,2.497236366,1.252581496,11.75,13.75,Beach_Dune,1
643,216.8982216,72.61614541,2.959247053,1.360536297,13.75,14.25,Beach_Dune,1
644,184.946119,221.5952582,1.910967479,0.209449251,1.75,3.75,Beach_Dune,1
644,277.0135593,214.1172216,1.738143472,0.391452028,3.75,5.75,Beach_Dune,1
644,256.139234,251.3679033,2.14721955,0.578263964,5.75,7.75,Beach_Dune,1
644,268.2182581,194.2783362,2.81878647,0.765319273,7.75,9.75,Beach_Dune,1
644,252.0328457,101.0478961,2.870537467,0.932403775,9.75,11.75,Beach_Dune,1
644,319.2102156,385.3994094,2.379342303,1.116850423,11.75,13.75,Beach_Dune,1
644,365.2710112,292.4190242,2.40436734,1.326227112,13.75,15.6,Beach_Dune,1
645,193.9287213,215.5815408,1.900988892,0.223978712,1.75,3.75,Beach_Dune,1
645,191.2695066,238.9400162,2.151088873,0.390530372,3.75,5.75,Beach_Dune,1
645,180.2169956,319.695933,2.106300269,0.567778544,5.75,7.75,Beach_Dune,1
645,286.2589199,366.9264534,1.961641213,0.780704549,7.75,9.75,Beach_Dune,1
645,223.4520005,80.73349247,2.937590826,0.956504173,9.75,11.75,Beach_Dune,1
645,235.6889285,72.78394767,3.025063176,1.11204953,11.75,13.75,Beach_Dune,1
645,338.9296817,401.8752434,2.444588451,1.297061123,13.75,15.75,Beach_Dune,1
646,250.4773156,265.0079108,1.664697738,0.250260294,1.75,3.75,Beach_Dune,1
646,238.7366592,185.8377045,1.952004173,0.435000359,3.75,5.75,Beach_Dune,1
646,241.2611815,208.9079282,1.976302934,0.615966552,5.75,7.75,Beach_Dune,1
646,283.6856473,252.6174795,2.015040118,0.801893052,7.75,9.75,Beach_Dune,1
646,161.0488582,199.3183218,2.239751453,0.987234466,9.75,11.75,Beach_Dune,1
646,254.8007024,188.2879324,2.504414105,1.162007219,11.75,13.75,Beach_Dune,1
646,301.0339497,317.4379605,2.215265207,1.363957584,13.75,15.75,Beach_Dune,1
647,265.7953491,225.9564421,1.837875359,0.257164437,1.75,3.75,Beach_Dune,1
647,228.5241064,181.2232586,1.908283251,0.435636226,3.75,5.75,Beach_Dune,1
647,226.5563357,180.1421874,1.847731609,0.625783382,5.75,7.75,Beach_Dune,1
647,288.4568272,296.069124,1.679982596,0.837801493,7.75,9.75,Beach_Dune,1
647,298.9270165,297.8688508,1.773590867,1.051458312,9.75,11.75,Beach_Dune,1
647,226.7085381,179.9927174,1.906088636,1.2685871,11.75,13.75,Beach_Dune,1
647,340.9540006,270.8876136,2.091564732,1.455206535,13.75,15.4,Beach_Dune,1
648,229.225216,361.8262668,1.963391599,0.225406549,1.75,3.75,Valley_Train,5
648,197.7212332,232.0717944,1.496119722,0.415918617,3.75,5.8,Valley_Train,5
648,228.0239009,171.2333773,1.648747783,0.593744952,5.8,7.75,Valley_Train,5
648,239.5710853,229.1913055,1.595070325,0.780653826,7.75,9.75,Valley_Train,5
648,240.2820465,171.0826293,1.60178134,0.977618921,9.75,11.75,Valley_Train,5
648,234.2050517,157.9690757,1.625045431,1.164296594,11.75,13.75,Valley_Train,5
648,220.0071596,196.7886299,1.702278756,1.358335731,13.75,15.75,Valley_Train,5
648,260.8152154,186.8313951,1.648801291,1.56061381,15.75,17.75,Valley_Train,5
648,253.0403423,163.3473616,1.654618555,1.762600533,17.75,19.75,Valley_Train,5
648,236.648561,117.068251,1.738683505,1.886572778,19.75,20.25,Valley_Train,5
649,207.2576188,242.5929507,2.211438379,0.201939262,1.75,3.75,Valley_Train,5
649,177.0441765,304.0365831,1.89216374,0.365276192,3.75,5.75,Valley_Train,5
649,203.8448841,227.1830859,1.623964506,0.56554009,5.75,7.75,Valley_Train,5
649,224.5930744,216.934851,1.573656479,0.75246932,7.75,9.75,Valley_Train,5
649,242.4271269,220.4943235,1.570338287,0.950884651,9.75,11.75,Valley_Train,5
649,236.0366137,223.366135,1.492253028,1.150417129,11.75,13.75,Valley_Train,5
649,227.9590655,154.5951088,1.612214358,1.341717756,13.75,15.75,Valley_Train,5
649,245.7328936,126.0621281,1.686127317,1.52774801,15.75,17.75,Valley_Train,5
649,260.5757382,134.9024385,1.684184515,1.716910082,17.75,19.75,Valley_Train,5
649,239.6465018,125.990449,1.876584649,1.839170493,19.75,20.35,Valley_Train,5
650,225.6107025,232.940109,1.561074334,0.23459991,1.75,3.75,Valley_Train,5
650,203.9596306,202.0616534,1.507291812,0.414462483,3.75,5.75,Valley_Train,5
650,225.782075,227.8045777,1.633291615,0.590127048,5.75,7.75,Valley_Train,5
650,224.907131,223.1845827,1.535006481,0.784228372,7.75,9.75,Valley_Train,5
650,210.7768795,183.6086216,1.711851073,0.975027532,9.75,11.75,Valley_Train,5
650,268.3428577,255.49396,1.68701598,1.18546228,11.75,13.75,Valley_Train,5
650,223.9455795,162.8761213,1.612493834,1.386828676,13.75,15.75,Valley_Train,5
650,248.2175975,135.7074262,1.696662216,1.576693846,15.75,17.75,Valley_Train,5
650,232.2086021,117.0326356,1.828240237,1.76456046,17.75,19.75,Valley_Train,5
650,263.7180839,122.0456303,1.768899658,1.895265421,19.75,20.45,Valley_Train,5
651,191.9979128,240.26964,2.75838236,0.221428469,1.75,3.75,Valley_Train,5
651,176.7690028,177.8582544,2.295995656,0.380894873,3.75,5.75,Valley_Train,5
651,168.6693126,197.7677483,1.701510551,0.54753487,5.75,7.75,Valley_Train,5
651,204.4650832,140.3003322,1.653513446,0.728558396,7.75,9.75,Valley_Train,5
651,206.8770534,164.205493,1.632445861,0.906846004,9.75,11.75,Valley_Train,5
651,216.2107463,145.4001633,1.783958069,1.087833908,11.75,13.75,Valley_Train,5
651,202.478651,173.7858613,1.597988284,1.266047319,13.75,15.75,Valley_Train,5
651,250.1902041,264.5611725,1.550204256,1.473289531,15.75,17.75,Valley_Train,5
651,228.1213034,193.4787908,1.523067139,1.68047398,17.75,19.75,Valley_Train,5
651,220.8842864,189.9176416,1.508122262,1.799306202,19.75,20.25,Valley_Train,5
652,192.255347,267.2036295,2.522392415,0.204877215,1.75,3.75,Valley_Train,5
652,194.5585661,265.6332034,2.261359288,0.360692194,3.75,5.75,Valley_Train,5
652,228.6698484,260.9854648,1.60844752,0.541450647,5.75,7.75,Valley_Train,5
652,234.9879073,210.8376807,1.565055342,0.7304034,7.75,9.75,Valley_Train,5
652,233.36535,184.7010455,1.64968907,0.914060366,9.75,11.75,Valley_Train,5
652,245.238859,260.2134936,1.485581591,1.110936441,11.75,13.75,Valley_Train,5
652,252.6587879,228.7103951,1.577474462,1.31177828,13.75,15.75,Valley_Train,5
652,247.8603704,235.0494197,1.425348215,1.519104814,15.75,17.75,Valley_Train,5
652,280.66176,206.4653856,1.421664795,1.71250174,17.75,19.75,Valley_Train,5
652,283.1312019,237.3382506,1.419877697,1.831058594,19.75,20.15,Valley_Train,5
653,198.2347098,304.5055446,2.548868919,0.234084355,1.75,3.75,Valley_Train,5
653,304.2117746,169.4212251,1.681081189,0.401975563,3.75,5.75,Valley_Train,5
653,268.8838658,315.6942661,1.49634028,0.586411527,5.75,7.75,Valley_Train,5
653,237.7859671,277.3039981,1.329929409,0.789233464,7.75,9.75,Valley_Train,5
653,252.3345879,264.8291811,1.50191316,0.985819753,9.75,11.75,Valley_Train,5
653,247.6783748,228.3988828,1.479963291,1.186643887,11.75,13.75,Valley_Train,5
653,258.0875483,253.1775333,1.460859255,1.386305327,13.75,15.75,Valley_Train,5
653,280.669475,217.6021211,1.427016339,1.590046978,15.75,17.75,Valley_Train,5
653,230.4050746,203.6776999,1.447064835,1.785682886,17.75,19.75,Valley_Train,5
653,239.7247902,170.6292668,1.568538995,1.912365243,19.75,20.35,Valley_Train,5
654,185.4032876,261.2724925,1.973738593,0.219686127,1.75,3.75,Valley_Train,5
654,202.5212487,272.5966411,1.728457739,0.38252806,3.75,5.75,Valley_Train,5
654,219.292873,365.4902934,1.505331778,0.591074063,5.75,7.75,Valley_Train,5
654,220.9085409,218.6352628,1.475401688,0.790349303,7.75,9.75,Valley_Train,5
654,244.7962237,208.4305911,1.491124083,0.979621301,9.75,11.75,Valley_Train,5
654,219.7452701,149.7960444,1.664326237,1.165358085,11.75,13.75,Valley_Train,5
654,252.6679594,216.6598711,1.461698492,1.358817248,13.75,15.75,Valley_Train,5
654,252.8727483,219.349051,1.576557483,1.554807276,15.75,17.75,Valley_Train,5
654,228.2133619,190.603168,1.912183403,1.748953743,17.75,19.75,Valley_Train,5
654,233.1330009,156.9948861,1.909304151,1.871034698,19.75,20.35,Valley_Train,5
655,179.3938289,241.3057019,2.086334024,0.17031783,1.75,3.75,Valley_Train,5
655,192.6479039,338.1665122,1.853292813,0.326269837,3.75,5.75,Valley_Train,5
655,210.1924379,325.6809562,1.497472982,0.537965578,5.75,7.75,Valley_Train,5
655,241.3429643,225.4396315,1.469300412,0.728826211,7.75,9.75,Valley_Train,5
655,233.3068198,201.7053938,1.532882202,0.920395905,9.75,11.75,Valley_Train,5
655,227.662287,122.3991996,1.720052309,1.099266675,11.75,13.75,Valley_Train,5
655,216.3479966,158.1215206,1.714742717,1.278317464,13.75,15.75,Valley_Train,5
655,240.9610198,154.3996169,1.639525301,1.468531939,15.75,17.75,Valley_Train,5
655,252.9696459,131.169515,1.663752332,1.656936621,17.75,19.75,Valley_Train,5
655,220.9351087,103.8417519,1.789167541,1.770561557,19.75,20.25,Valley_Train,5
656,225.5863287,211.516116,1.581665342,0.219284004,1.75,3.75,Valley_Train,5
656,222.9521346,252.6972861,1.587256701,0.399037697,3.75,5.75,Valley_Train,5
656,204.5210957,195.2284117,1.470516132,0.577582693,5.75,7.75,Valley_Train,5
656,228.9509174,177.6334546,1.516517555,0.755746807,7.75,9.75,Valley_Train,5
656,233.5649251,183.6898118,1.800658767,0.939283723,9.75,11.75,Valley_Train,5
656,245.3707667,243.4975338,1.706050452,1.138644762,11.75,13.75,Valley_Train,5
656,280.325942,182.3193094,1.602854258,1.348751387,13.75,15.75,Valley_Train,5
656,293.3078408,172.6129392,1.629043814,1.547236299,15.75,17.75,Valley_Train,5
656,248.0521841,110.1571306,1.700756197,1.729319952,17.75,19.75,Valley_Train,5
656,265.0739658,122.8476354,1.815386676,1.84825019,19.75,20.35,Valley_Train,5
657,217.1432589,228.8748546,1.725567409,0.22387627,1.75,3.75,Valley_Train,5
657,206.0570337,233.6858642,1.496556108,0.492504702,3.75,7.75,Valley_Train,5
657,210.1333922,201.6572719,1.536114303,0.771496161,7.75,9.75,Valley_Train,5
657,233.4375629,228.1099756,1.485751026,0.967621137,9.75,11.75,Valley_Train,5
657,249.8712436,196.5143712,1.527413711,1.159936551,11.75,13.75,Valley_Train,5
657,257.8975467,200.3825403,1.524051646,1.357337705,13.75,15.75,Valley_Train,5
657,232.3589346,152.6333211,1.675095991,1.552547608,15.75,17.75,Valley_Train,5
657,232.1887805,170.4407054,1.753183478,1.74276015,17.75,19.75,Valley_Train,5
657,463.2564368,218.6988003,1.512462948,1.86767665,19.75,20.15,Valley_Train,5
658,154.7361245,246.6573973,2.80689223,0.217706007,1.75,3.75,Valley_Train,5
658,208.5680868,218.113709,1.941752908,0.38079631,3.75,5.75,Valley_Train,5
658,194.1369455,202.7629367,1.571128133,0.565621398,5.75,7.75,Valley_Train,5
658,193.709173,109.7831635,1.808953456,0.735711378,7.75,9.75,Valley_Train,5
658,249.3063015,174.2895288,1.792666491,0.907035575,9.75,11.75,Valley_Train,5
658,233.6530534,207.2124626,1.60875774,1.109087161,11.75,13.75,Valley_Train,5
658,322.42303,208.5510586,1.809638103,1.300883568,13.75,15.75,Valley_Train,5
658,274.2683874,221.7180614,1.663487497,1.516835553,15.75,17.75,Valley_Train,5
658,248.2654014,212.6929716,1.696623528,1.730908029,17.75,19.75,Valley_Train,5
659,146.5370741,237.4995606,2.495738459,0.210762617,1.75,3.75,Valley_Train,5
659,133.0588082,140.5231074,2.565137682,0.348834898,3.75,5.75,Valley_Train,5
659,144.5743621,95.03139864,2.691747998,0.48839437,5.75,7.75,Valley_Train,5
659,194.9339536,126.7215034,1.826334317,0.642430178,7.75,9.75,Valley_Train,5
659,246.1519533,185.0722347,1.662739025,0.813863832,9.75,11.75,Valley_Train,5
659,285.6416018,323.3812002,1.529635119,1.019280502,11.75,13.75,Valley_Train,5
659,279.904686,299.1693332,1.448890894,1.237224783,13.75,15.75,Valley_Train,5
659,280.2842901,252.0104975,1.447386511,1.44385566,15.75,17.75,Valley_Train,5
659,268.8554138,238.804068,1.522688181,1.652770263,17.75,19.75,Valley_Train,5
659,296.9321014,234.7612322,1.544394437,1.865221274,19.75,21.75,Valley_Train,5
659,293.5784588,244.6565508,1.508733483,2.063686268,21.75,23.45,Valley_Train,5
660,142.2917135,200.2086579,2.825295869,0.21615292,1.75,3.75,Valley_Train,5
660,146.3600071,140.5720263,2.680912743,0.366259607,3.75,5.75,Valley_Train,5
660,216.2839922,269.0025722,1.622071867,0.540715976,5.75,7.75,Valley_Train,5
660,225.9577493,193.1731471,1.576080442,0.723314091,7.75,9.75,Valley_Train,5
660,233.0321649,244.3104987,1.482786638,0.915017644,9.75,11.75,Valley_Train,5
660,270.8300442,296.0980587,1.537046287,1.121838756,11.75,13.75,Valley_Train,5
660,255.0948044,248.9084293,1.471756418,1.332355023,13.75,15.75,Valley_Train,5
660,277.2661567,201.1568162,1.501405192,1.532900075,15.75,17.75,Valley_Train,5
660,247.9361439,196.5644618,1.613590187,1.735082454,17.75,19.75,Valley_Train,5
660,274.6475062,219.4441208,1.57434019,1.855737285,19.75,20.05,Valley_Train,5
661,155.5628118,242.8642915,2.742709182,0.209333225,1.75,3.75,Valley_Train,5
661,153.7424952,118.9115601,3.177371669,0.359811364,3.75,5.75,Valley_Train,5
661,176.6263719,157.2515346,2.034330846,0.505708333,5.75,7.75,Valley_Train,5
661,180.0472578,187.2420696,2.046747013,0.665604051,7.75,9.75,Valley_Train,5
661,259.1116923,228.8541326,1.579775691,0.857591888,9.75,11.75,Valley_Train,5
661,254.3099772,225.6323544,1.7215747,1.052241803,11.75,13.75,Valley_Train,5
661,289.7273369,341.3860427,1.572697565,1.269699947,13.75,15.75,Valley_Train,5
661,283.5361816,239.1559919,1.505584448,1.475774636,15.75,17.75,Valley_Train,5
661,283.7677758,272.7398464,1.572630354,1.692533719,17.75,19.75,Valley_Train,5
661,318.3273964,267.1156006,1.626476368,1.83684689,19.75,20.35,Valley_Train,5
662,138.9276971,243.2306187,2.682108008,0.222262194,1.75,3.75,Valley_Train,5
662,139.5866691,96.6817627,3.466065069,0.370547483,3.75,5.75,Valley_Train,5
662,161.079954,172.0286928,2.051875092,0.509263923,5.75,7.75,Valley_Train,5
662,218.1714229,267.5281416,1.683513496,0.687479988,7.75,9.75,Valley_Train,5
662,232.9088906,320.5215032,1.405817883,0.893337536,9.75,11.75,Valley_Train,5
662,207.2228559,350.9079588,1.388784877,1.106074669,11.75,13.75,Valley_Train,5
662,268.3058625,261.0233917,1.466077666,1.314354125,13.75,15.75,Valley_Train,5
662,265.7879938,279.0402611,1.461112902,1.52245695,15.75,17.75,Valley_Train,5
662,298.8484881,256.5742923,1.811628124,1.743113335,17.75,19.95,Valley_Train,5
663,191.825504,218.1166417,2.357272571,0.202382019,1.75,3.75,Floodplain,2
663,137.3555598,111.0426867,2.954467222,0.344362334,3.75,5.75,Floodplain,2
663,149.2014555,163.334782,2.527850945,0.484181296,5.75,7.75,Floodplain,2
663,202.7186738,205.1337984,1.906754892,0.657322322,7.75,9.75,Floodplain,2
663,210.2871364,143.8132246,2.255917381,0.829960459,9.75,11.75,Floodplain,2
663,229.5397233,255.597037,1.901458741,1.007341393,11.75,13.75,Floodplain,2
663,247.4699625,228.8438132,1.474123258,1.215839636,13.75,15.75,Floodplain,2
663,218.3001189,148.4700147,1.807949271,1.406795251,15.75,17.75,Floodplain,2
663,222.294708,141.1544426,1.710229783,1.58839557,17.75,19.75,Floodplain,2
663,262.5978402,213.042774,1.665631518,1.719942473,19.75,20.45,Floodplain,2
664,196.7569291,294.4182003,2.637274037,0.213295076,1.75,3.75,Floodplain,2
664,216.1700136,174.3873632,2.103867959,0.371485705,3.75,5.75,Floodplain,2
664,188.9835246,137.6135211,1.971967851,0.53212455,5.75,7.75,Floodplain,2
664,185.7588522,171.8467197,1.874105933,0.69245121,7.75,9.75,Floodplain,2
664,237.7242668,178.1269313,1.612018259,0.869716593,9.75,11.75,Floodplain,2
664,254.8634066,210.7500096,1.541644639,1.062030812,11.75,13.75,Floodplain,2
664,255.2139561,243.8594477,1.502839542,1.26154391,13.75,15.75,Floodplain,2
664,226.0349055,173.0249973,1.623942662,1.455965481,15.75,17.75,Floodplain,2
664,228.1954822,208.5924065,1.514232922,1.646112306,17.75,19.75,Floodplain,2
664,223.3382239,231.7485603,1.43909834,1.784928025,19.75,20.45,Floodplain,2
665,183.848979,183.5391238,1.647560197,0.227123258,1.75,3.75,Floodplain,2
665,168.6648052,128.1291258,1.791236464,0.395579719,3.75,5.75,Floodplain,2
665,173.646823,123.2151711,1.920816206,0.559291372,5.75,7.75,Floodplain,2
665,200.0168499,123.2485633,1.886606728,0.727399519,7.75,9.75,Floodplain,2
665,210.4717315,184.6129599,1.906358239,0.906111564,9.75,11.75,Floodplain,2
665,216.0609762,141.8896708,1.795749612,1.091586728,11.75,13.75,Floodplain,2
665,273.9547096,163.7568603,1.680944635,1.281275111,13.75,15.75,Floodplain,2
665,277.2968044,201.9722925,1.66624576,1.48071795,15.75,17.75,Floodplain,2
665,222.3498225,208.3232168,1.576049541,1.686514169,17.75,19.75,Floodplain,2
665,288.6206624,222.2183631,1.553085267,1.821981618,19.75,20.45,Floodplain,2
666,132.1455454,148.7831197,2.826409845,0.212768826,1.75,3.75,Floodplain,2
666,133.1899687,103.6860131,2.604353321,0.35150194,3.75,5.75,Floodplain,2
666,150.5671262,197.6693953,1.97717661,0.503716612,5.75,7.75,Floodplain,2
666,221.9161327,188.3432471,1.823268848,0.693220129,7.75,9.75,Floodplain,2
666,219.1239623,303.562723,1.681361232,0.889349724,9.75,11.75,Floodplain,2
666,239.9021599,181.6663475,1.783600248,1.099614701,11.75,13.75,Floodplain,2
666,229.8319348,195.5259387,1.971864453,1.292927742,13.75,15.75,Floodplain,2
666,247.9941359,175.8145448,1.548976164,1.490771257,15.75,17.75,Floodplain,2
666,245.4372922,221.8311359,1.505232219,1.688781352,17.75,19.75,Floodplain,2
666,318.8378337,275.2696358,1.445369428,1.821263644,19.75,20.3,Floodplain,2
667,159.7708463,236.8512577,2.71208609,0.201214097,1.75,3.75,Floodplain,2
667,141.2283481,132.9935891,2.98708036,0.356445556,3.75,5.75,Floodplain,2
667,147.2498641,117.4235303,2.383120971,0.501977448,5.75,7.75,Floodplain,2
667,193.5611931,198.1946242,2.03711488,0.657152527,7.75,9.75,Floodplain,2
667,205.0101419,243.7731401,1.910622066,0.844943895,9.75,11.75,Floodplain,2
667,219.6428636,195.2101482,1.586879121,1.045944676,11.75,13.75,Floodplain,2
667,242.8931447,252.2152504,1.440656083,1.240304519,13.75,15.75,Floodplain,2
667,252.3502887,217.6322031,1.364735543,1.437205429,15.75,17.75,Floodplain,2
667,277.7664021,219.220608,1.4183636,1.628557241,17.75,19.75,Floodplain,2
667,275.9466891,156.4129288,1.537625156,1.757549233,19.75,20.4,Floodplain,2
668,116.2154787,224.3173098,2.609301331,0.193420312,1.75,3.75,Floodplain,2
668,134.8005357,117.0735863,2.903676444,0.33468261,3.75,5.75,Floodplain,2
668,117.4127534,98.11632919,2.658917918,0.472615001,5.75,7.75,Floodplain,2
668,168.8056687,163.1140236,2.125858141,0.61763889,7.75,9.75,Floodplain,2
668,207.9780732,158.2757417,2.070267372,0.784704738,9.75,11.75,Floodplain,2
668,192.7838222,191.4946145,1.876117418,0.971728756,11.75,13.75,Floodplain,2
668,236.0688031,215.3729863,1.974418043,1.177759933,13.75,15.75,Floodplain,2
668,238.3602984,240.3026088,1.767134091,1.385961275,15.75,17.75,Floodplain,2
668,255.3029414,180.1819919,1.547623611,1.589057156,17.75,19.75,Floodplain,2
668,195.1131259,229.8011094,1.754266954,1.717790758,19.75,20.35,Floodplain,2
669,169.0098204,195.1420305,1.806384756,0.220890679,1.75,3.75,Floodplain,2
669,150.6688988,149.2981919,1.759403864,0.383564283,3.75,5.75,Floodplain,2
669,201.5513534,157.5803361,1.684734506,0.547647371,5.75,7.75,Floodplain,2
669,192.4503928,196.3428112,1.564413647,0.729386949,7.75,9.75,Floodplain,2
670,157.7576075,219.0837789,2.637185602,0.202993353,1.75,3.75,Floodplain,2
670,147.3861279,135.8372105,2.255840329,0.327736332,3.75,5.75,Floodplain,2
670,180.0914063,226.4575657,1.994471814,0.482569392,5.75,7.75,Floodplain,2
670,189.3032372,176.812622,1.846833823,0.662289995,7.75,9.75,Floodplain,2
670,224.8279872,232.3107642,1.706517701,0.844577115,9.75,11.75,Floodplain,2
670,237.9566398,250.9613826,1.535771687,1.057698137,11.75,13.75,Floodplain,2
670,228.0281789,178.6598979,1.596714125,1.252565546,13.75,15.75,Floodplain,2
670,280.2883092,178.1695603,1.555140453,1.441167682,15.75,17.75,Floodplain,2
670,252.8998636,237.8167682,1.531581616,1.647244318,17.75,19.75,Floodplain,2
670,241.7752544,169.9658922,1.58466229,1.775970397,19.75,20.45,Floodplain,2
671,187.0131964,173.1895994,1.795441258,0.232709998,1.75,3.75,Floodplain,2
671,197.8038871,162.3860071,1.752772119,0.409827937,3.75,5.75,Floodplain,2
671,173.5369639,165.9842454,1.834411374,0.580847659,5.75,7.75,Floodplain,2
671,188.240636,169.438073,1.984177097,0.748933265,7.75,9.75,Floodplain,2
671,237.620622,212.6295561,1.623046776,0.937890166,9.75,11.75,Floodplain,2
671,240.4337532,236.3746733,1.607511574,1.141607253,11.75,13.75,Floodplain,2
671,229.9763785,208.8291237,1.512585945,1.346570282,13.75,15.75,Floodplain,2
671,236.6763354,157.501023,1.541881423,1.534143119,15.75,17.75,Floodplain,2
671,202.2569586,148.1468046,1.802737531,1.67283238,17.75,18.7,Floodplain,2
672,134.4966596,181.9909989,2.829572008,0.194637569,1.75,3.75,Floodplain,2
672,125.3384615,128.7796738,2.996386845,0.34329512,3.75,5.75,Floodplain,2
672,127.8623233,107.8258833,2.976202119,0.495356454,5.75,7.75,Floodplain,2
672,149.3211997,139.667375,2.444437628,0.635816981,7.75,9.75,Floodplain,2
672,274.5670007,308.542602,1.397736925,0.82979184,9.75,11.75,Floodplain,2
672,249.1323126,288.1574336,1.411928487,1.034961416,11.75,13.75,Floodplain,2
672,268.0619175,239.2034899,1.494099643,1.236871669,13.75,15.75,Floodplain,2
672,227.8567325,196.0244766,1.880103152,1.434409784,15.75,17.75,Floodplain,2
672,245.6488777,195.8396442,1.714582451,1.6308887,17.75,19.75,Floodplain,2
672,247.3693769,184.0184673,1.641342005,1.756465867,19.75,20.35,Floodplain,2
673,150.7967305,152.9895477,2.432369546,0.187676415,1.75,3.75,Floodplain,2
673,127.7465845,92.34469256,2.453739783,0.295601624,3.75,5.75,Floodplain,2
673,207.1668191,124.9633648,1.681963559,0.408207439,5.75,7.75,Floodplain,2
673,222.0663693,200.8976535,1.619469177,0.56784026,7.75,9.75,Floodplain,2
673,224.8504607,163.3942563,1.506727208,0.743055418,9.75,11.75,Floodplain,2
673,186.2510185,133.2295039,1.7239088,0.915247766,11.75,13.75,Floodplain,2
673,252.4082258,229.6117069,1.581647602,1.095263023,13.75,15.75,Floodplain,2
673,314.6066087,235.5727916,1.450795961,1.298316449,15.75,17.75,Floodplain,2
673,265.9993284,271.5072859,1.50440236,1.50153456,17.75,19.75,Floodplain,2
673,196.7946858,273.793667,1.545081,1.634494902,19.75,20.15,Floodplain,2
674,133.3077161,138.4580363,2.267952732,0.181493714,1.75,3.75,Floodplain,2
674,144.93349,145.4366274,2.022139518,0.312562705,3.75,5.75,Floodplain,2
674,158.9094816,165.2966906,1.942496875,0.470202763,5.75,7.75,Floodplain,2
674,144.6796757,98.4031941,2.596682509,0.620902827,7.75,9.75,Floodplain,2
674,218.7429813,241.4495451,1.606439427,0.799296918,9.75,11.75,Floodplain,2
674,254.4025024,317.0414722,1.472563101,1.010468366,11.75,13.75,Floodplain,2
674,265.3800724,270.6342091,1.344484091,1.217391765,13.75,15.75,Floodplain,2
674,260.5459311,237.634786,1.388218832,1.411688356,15.75,17.75,Floodplain,2
674,238.6941058,231.9518049,1.355332709,1.606480627,17.75,19.75,Floodplain,2
674,283.6462692,223.5111943,1.470630769,1.731589427,19.75,20.35,Floodplain,2
675,135.7509498,153.3141739,1.946564947,0.21141518,1.75,3.75,Floodplain,2
675,132.8543166,113.8919203,2.356334087,0.350008023,3.75,5.75,Floodplain,2
675,116.0081273,66.59095283,3.018619856,0.477266979,5.75,7.75,Floodplain,2
675,124.8271396,54.28052759,3.233400376,0.608148236,7.75,9.75,Floodplain,2
675,120.3337151,47.86165597,3.270959486,0.751607936,9.75,11.75,Floodplain,2
675,123.8734087,41.7339229,3.252511895,0.893924036,11.75,13.75,Floodplain,2
675,210.5747577,218.999594,2.052865399,1.051727655,13.75,15.75,Floodplain,2
675,235.9530577,285.6885273,1.414626507,1.262012063,15.75,17.75,Floodplain,2
675,268.5126951,282.2886767,1.469373044,1.46825234,17.75,19.75,Floodplain,2
675,245.6076518,196.6422094,1.56123903,1.599725007,19.75,20.25,Floodplain,2
676,154.9237867,240.2039135,2.608042675,0.211667646,1.75,3.75,Valley_Train,5
676,177.6340139,168.7179127,2.515115619,0.363568681,3.75,5.75,Valley_Train,5
676,240.8268653,187.8283688,1.698234486,0.522976831,5.75,7.75,Valley_Train,5
676,228.3189593,212.2496562,1.469411923,0.698148565,7.75,9.75,Valley_Train,5
676,272.8347166,242.537778,1.41363271,0.889471486,9.75,11.75,Valley_Train,5
676,254.8313497,223.5358425,1.553679434,1.08224658,11.75,13.75,Valley_Train,5
676,238.4900551,183.2778865,1.549964483,1.282555406,13.75,15.75,Valley_Train,5
676,250.6191025,200.4882876,1.544690161,1.474164319,15.75,17.75,Valley_Train,5
676,252.981118,177.4704402,1.557505277,1.658309798,17.75,19.75,Valley_Train,5
676,239.6282513,212.7000781,1.522159402,1.78652787,19.75,20.35,Valley_Train,5
677,157.5119135,336.3199664,2.498435812,0.233573513,1.75,3.75,Valley_Train,5
677,155.5356894,161.0708637,2.788564535,0.391490058,3.75,5.75,Valley_Train,5
677,224.7674201,157.2452794,2.052248406,0.543386837,5.75,7.75,Valley_Train,5
677,236.8741019,185.0508667,1.508519932,0.71631421,7.75,9.75,Valley_Train,5
677,229.3419803,171.8351302,1.490397723,0.896838462,9.75,11.75,Valley_Train,5
677,252.3150621,193.7419188,1.532198692,1.080477151,11.75,13.75,Valley_Train,5
677,223.8624385,199.0059948,1.536202515,1.268326303,13.75,15.75,Valley_Train,5
677,258.0578215,169.2943628,1.627669803,1.461137342,15.75,17.75,Valley_Train,5
677,-31.26829074,192.9683528,1.547665204,1.645620128,17.75,19.75,Valley_Train,5
677,9.217687132,209.5905193,1.546047339,1.783251633,19.75,20.45,Valley_Train,5
678,168.2667487,294.4915063,2.495377512,0.214263897,1.75,3.75,Valley_Train,5
678,176.4227924,197.8468139,1.548801464,0.375887956,3.75,5.75,Valley_Train,5
678,209.5460013,229.5408443,1.294077293,0.545804705,5.75,7.75,Valley_Train,5
678,216.6617837,226.1463798,1.377217896,0.727113948,7.75,9.75,Valley_Train,5
678,242.1343836,180.4215465,1.417833776,0.902219322,9.75,11.75,Valley_Train,5
678,247.2108307,231.3458119,1.398428893,1.081908923,11.75,13.75,Valley_Train,5
678,252.5621292,222.7859094,1.50146645,1.277521164,13.75,15.75,Valley_Train,5
678,250.2736259,191.9100171,1.489680548,1.476418744,15.75,17.75,Valley_Train,5
678,226.3652894,169.0183357,1.610415621,1.666964821,17.75,19.75,Valley_Train,5
678,283.7419127,165.3427048,1.596419791,1.795678864,19.75,20.35,Valley_Train,5
679,172.72078,233.0308256,2.698229056,0.209047708,1.75,3.75,Valley_Train,5
679,186.8305447,179.2539862,1.640702509,0.364034154,3.75,5.75,Valley_Train,5
679,191.28562,194.5448538,1.378026934,0.532549838,5.75,7.75,Valley_Train,5
679,224.2089066,157.1748557,1.535763392,0.6997618,7.75,9.75,Valley_Train,5
679,217.5159472,162.4002383,1.499958012,0.869186089,9.75,11.75,Valley_Train,5
679,252.1897408,154.7592364,1.5152794,1.040589038,11.75,13.75,Valley_Train,5
679,280.4955653,261.3309274,1.481823318,1.231916131,13.75,15.75,Valley_Train,5
679,289.7496586,305.5335821,1.50876792,1.446782862,15.75,17.75,Valley_Train,5
679,263.2896126,276.4336017,1.464269466,1.663352861,17.75,19.75,Valley_Train,5
679,283.7760654,238.6645612,1.465637368,1.801054117,19.75,20.35,Valley_Train,5
680,136.4011786,230.4022029,2.620776984,0.206540367,1.75,3.75,Valley_Train,5
680,169.7462149,265.8748883,1.406642866,0.370437663,3.75,5.75,Valley_Train,5
680,212.6232033,208.8592962,1.405795687,0.552598475,5.75,7.75,Valley_Train,5
680,169.39916,154.1922848,1.500987813,0.724573246,7.75,9.75,Valley_Train,5
680,216.49595,103.1191754,1.747066834,0.904168654,9.75,12.2,Valley_Train,5
680,277.4571404,162.9301043,1.773553376,1.074896924,12.2,13.75,Valley_Train,5
680,268.3269983,277.1873271,1.66865694,1.244964919,13.75,15.75,Valley_Train,5
680,296.4883094,191.0114684,1.491511364,1.463247454,15.75,17.75,Valley_Train,5
680,289.8934475,244.0402886,1.594644081,1.662096991,17.75,19.75,Valley_Train,5
681,173.0542465,224.0225156,2.72318593,0.205407765,1.75,3.75,Floodplain,2
681,164.439303,121.7617662,3.079558968,0.351845131,3.75,5.75,Floodplain,2
681,256.3982569,224.0440048,2.473227667,0.497715066,5.75,7.75,Floodplain,2
681,260.6655362,522.7098541,2.092280123,0.618803182,7.75,8.45,Floodplain,2
682,194.4987049,300.4981967,2.450214715,0.243820424,1.75,3.75,Floodplain,2
682,208.3389222,230.3364248,1.614830388,0.422635109,3.75,5.75,Floodplain,2
682,248.5375508,251.4596181,1.428630473,0.614737377,5.75,7.75,Floodplain,2
682,274.3665077,283.4024567,1.399224175,0.808437797,7.75,9.75,Floodplain,2
682,298.7119374,339.5672589,1.281452225,1.007554409,9.75,11.75,Floodplain,2
682,242.5326717,226.8154228,1.487506918,1.20739055,11.75,13.75,Floodplain,2
682,299.6969025,259.1492527,1.567479591,1.39068736,13.75,15.35,Floodplain,2
683,215.2410282,150.2612808,1.81794874,0.199200042,1.75,3.75,Floodplain,2
683,181.0279196,290.9053641,1.585176189,0.357387543,3.75,5.75,Floodplain,2
683,213.0139376,304.6503165,1.325712745,0.551407269,5.75,7.75,Floodplain,2
683,272.1373383,181.7773123,1.648587337,0.737416461,7.75,9.75,Floodplain,2
683,287.7713972,245.8682915,1.450391786,0.925999117,9.75,11.75,Floodplain,2
683,274.635856,285.7805687,1.50286261,1.126266689,11.75,13.75,Floodplain,2
683,264.2809777,233.1300418,1.757342287,1.264564087,13.75,14.45,Floodplain,2
684,203.8677547,292.8660428,2.193317052,0.211554067,1.75,3.75,Glacial,3
684,144.8735569,233.4268071,2.640224054,0.375347123,3.75,5.75,Glacial,3
684,107.0654169,40.86782583,3.336024436,0.513962853,5.75,7.75,Glacial,3
684,119.4672159,28.51479866,3.442024993,0.636353559,7.75,9.75,Glacial,3
684,121.5590653,29.75262568,3.391242021,0.76122994,9.75,11.75,Glacial,3
684,121.7304865,27.56673005,3.401514751,0.888259052,11.75,13.75,Glacial,3
684,111.0025841,27.90410993,3.391184174,1.018260121,13.75,15.75,Glacial,3
684,170.7376457,125.3148696,2.914919159,1.225458524,15.75,19.75,Glacial,3
685,254.1363574,281.6164062,1.845638149,0.231040853,1.75,3.75,Glacial,3
685,233.4847185,291.1225241,1.617041952,0.431064205,3.75,5.75,Glacial,3
685,229.5798768,280.1266628,1.686527788,0.638537209,5.75,7.75,Glacial,3
685,230.8314598,246.5194943,1.74679209,0.855960818,7.75,9.75,Glacial,3
685,203.5122673,189.8686984,1.92864899,1.057773662,9.75,11.75,Glacial,3
685,210.5235294,237.1308198,2.041434332,1.296804549,11.75,14.6,Glacial,3
686,232.6726255,313.8954744,1.830168075,0.261891171,1.75,4.55,Glacial,3
686,275.5580795,432.187114,1.58628487,0.476348472,4.55,5.75,Glacial,3
686,265.9997156,398.2937774,1.643643151,0.658014158,5.75,7.75,Glacial,3
686,240.0601113,365.9405943,1.74563751,0.887281038,7.75,9.75,Glacial,3
686,251.8541121,251.4759825,1.874937027,1.106945963,9.75,11.75,Glacial,3
686,201.1433095,201.8863878,2.116608342,1.298460818,11.75,13.75,Glacial,3
686,248.0767394,268.8519798,2.321918538,1.500878724,13.75,16.2,Glacial,3
686,185.6470601,182.3288859,2.58434938,1.682702741,16.2,17.75,Glacial,3
686,224.4006947,231.4553187,2.401892519,1.846425658,17.75,19.75,Glacial,3
687,161.5454274,247.7301217,2.099826434,0.232443181,1.75,4.25,Glacial,3
687,181.8026269,184.3762449,1.948642283,0.401051225,4.25,5.75,Glacial,3
687,206.7698564,258.8743079,1.791291777,0.567914376,5.75,7.75,Glacial,3
687,211.7443168,228.7361736,1.853705279,0.769267517,7.75,9.75,Glacial,3
687,252.5556197,337.3967291,1.682120316,0.985052832,9.75,11.75,Glacial,3
687,264.5468224,311.3411859,1.754543247,1.216311115,11.75,13.75,Glacial,3
687,243.9933651,234.3313427,1.832154282,1.444228793,13.75,15.75,Glacial,3
687,265.9148479,230.9296594,1.788641948,1.653536487,15.75,17.75,Glacial,3
687,251.7752312,222.4010076,2.03228111,1.911536645,17.75,20.55,Glacial,3
688,122.4201579,121.7025269,2.921689333,0.376188572,3.8,5.75,Glacial,3
688,116.6417979,89.7791262,3.006809503,0.52022758,5.75,7.75,Glacial,3
688,142.6496552,137.3665963,2.772063761,0.663950719,7.75,9.75,Glacial,3
688,192.7057694,197.7628197,2.494823708,0.820571667,9.75,11.75,Glacial,3
688,199.146246,171.5495777,2.547263846,0.981894722,11.75,13.75,Glacial,3
688,174.9101995,94.73130781,2.784709503,1.132837457,13.75,15.75,Glacial,3
688,187.8430323,41.90459619,3.096634397,1.266748629,15.75,17.75,Glacial,3
688,161.7071768,31.46285009,3.222080396,1.422225566,17.75,20.55,Glacial,3
689,246.5411217,344.8659455,1.833883171,0.227115354,1.75,3.75,Glacial,3
689,230.0609706,378.6137774,1.731200302,0.435576416,3.75,5.75,Glacial,3
689,280.9509823,327.5304875,1.64346696,0.649845633,5.75,7.75,Glacial,3
689,234.0319217,323.7933612,1.902693726,0.899117586,7.75,10.55,Glacial,3
689,208.0217859,282.2593313,1.871808064,1.119442045,10.55,11.75,Glacial,3
689,227.8741663,242.0972569,2.200466451,1.26779281,11.75,13.75,Glacial,3
689,273.4866131,241.869823,2.077927392,1.457938554,13.75,15.75,Glacial,3
689,231.6118073,301.2154465,1.987307033,1.676084084,15.75,17.75,Glacial,3
689,274.2190055,297.22021,2.295961436,1.906887483,17.75,20.25,Glacial,3
690,239.6422052,362.8296461,2.174903771,0.235889259,1.75,3.75,Glacial,3
690,197.1034835,431.8572816,1.98029318,0.429301211,3.75,5.75,Glacial,3
690,180.5995328,163.2782458,2.389393881,0.60191054,5.75,7.75,Glacial,3
690,187.5017309,189.7504467,2.381034402,0.758929248,7.75,9.75,Glacial,3
690,211.3689755,240.5648982,2.025630463,0.944666856,9.75,11.9,Glacial,3
690,216.3393195,267.6747013,1.94057032,1.148264209,11.9,13.75,Glacial,3
690,243.0980284,249.7745489,2.023729657,1.336408623,13.75,15.75,Glacial,3
690,240.5546008,224.9979924,2.080712107,1.507071973,15.75,17.25,Glacial,3
691,217.2690412,225.4429431,1.827850539,0.238681344,1.75,3.75,Glacial,3
691,222.3590486,317.5371583,1.659348765,0.435490646,3.75,5.75,Glacial,3
691,192.2066614,225.9514233,1.817185439,0.634333242,5.75,7.75,Glacial,3
691,202.7004086,166.0903969,1.953215693,0.813449228,7.75,9.75,Glacial,3
691,213.5442973,225.5313225,1.916992207,0.998544633,9.75,11.75,Glacial,3
691,223.3887129,199.6459386,2.101803239,1.181756191,11.75,13.75,Glacial,3
691,254.249684,255.3753248,1.964836547,1.381245014,13.75,15.75,Glacial,3
691,238.1301937,224.9975277,2.138150929,1.572938103,15.75,17.75,Glacial,3
692,187.4085402,261.1291232,1.91101726,0.242721471,1.75,3.75,Glacial,3
692,193.6985937,262.0528937,1.798953144,0.425626361,3.75,5.75,Glacial,3
692,193.8192434,204.197709,1.837658944,0.621133059,5.75,7.75,Glacial,3
692,200.4765661,239.729086,2.085900212,0.804238385,7.75,9.75,Glacial,3
692,292.8063899,251.2119053,1.881840561,0.998282139,9.75,11.75,Glacial,3
692,243.7294074,231.9688659,1.79443242,1.215360669,11.75,13.75,Glacial,3
692,215.620765,257.9935653,2.068985623,1.360004053,13.75,14.55,Glacial,3
693,170.5112087,227.2664132,1.892207668,0.245378236,1.8,3.75,Glacial,3
693,225.3054652,380.5030261,1.642958626,0.43557884,3.75,5.75,Glacial,3
693,199.9011652,249.5202281,1.780943621,0.64314749,5.75,7.75,Glacial,3
693,217.3479144,226.9033389,1.987498339,0.835574653,7.75,9.75,Glacial,3
693,235.608293,194.0775885,1.977175144,1.020932932,9.75,11.75,Glacial,3
693,239.4180947,183.75338,1.940573607,1.213791272,11.75,13.75,Glacial,3
693,239.3982401,253.6076288,2.087291523,1.408635086,13.75,15.75,Glacial,3
693,231.0037183,256.428929,2.061000305,1.603622838,15.75,17.75,Glacial,3
693,267.1813756,221.9236361,2.067489815,1.807412197,17.75,19.75,Glacial,3
694,179.6528062,315.8799768,2.031780345,0.260043572,1.75,3.75,Glacial,3
694,207.9118238,264.7190999,1.934834445,0.449465444,3.75,5.75,Glacial,3
694,199.5173329,245.3914391,1.894229154,0.643289977,5.75,7.75,Glacial,3
694,205.8797747,264.3393748,1.920509747,0.842228138,7.75,9.75,Glacial,3
694,237.6081331,215.3110664,1.966379424,1.030380868,9.75,11.75,Glacial,3
694,204.7342125,239.8129805,2.05480812,1.233252261,11.75,13.75,Glacial,3
694,212.1451629,269.5026616,2.286810906,1.418033035,13.75,15.7,Glacial,3
695,185.2076851,351.3420554,1.946926171,0.249300635,1.75,3.75,Glacial,3
695,236.4071613,362.6627214,1.777748493,0.46627093,3.75,5.75,Glacial,3
695,216.6666616,238.1183078,1.896534231,0.679184998,5.75,7.75,Glacial,3
695,213.5877931,215.4683986,1.974689408,0.882972404,7.75,9.75,Glacial,3
695,235.7070459,223.9765805,1.896631414,1.078432597,9.75,11.75,Glacial,3
695,221.0038922,243.4552749,1.931651349,1.296955095,11.75,13.75,Glacial,3
695,215.7149516,229.6331131,2.19056799,1.488707801,13.75,15.75,Glacial,3
695,221.136692,240.3782407,2.232811124,1.647741253,15.75,17.25,Glacial,3
696,265.8379268,391.3495639,1.660371631,0.234308144,1.75,3.75,Glacial,3
696,249.4182487,387.5354088,1.720398589,0.456186408,3.75,5.75,Glacial,3
696,207.8619409,261.6695226,1.732694452,0.675176117,5.75,7.75,Glacial,3
696,187.4234117,191.954333,1.977256078,0.869629469,7.75,9.75,Glacial,3
696,237.6903024,246.5270481,2.064806576,1.055673645,9.75,11.75,Glacial,3
696,223.4841385,261.6671572,2.125914886,1.24802745,11.75,13.75,Glacial,3
696,252.4074864,315.141719,2.199092557,1.439412461,13.75,15.75,Glacial,3
696,231.0350038,270.8582838,2.073992176,1.641715146,15.75,17.75,Glacial,3
696,251.1268674,294.2419482,2.17550741,1.85021218,17.75,19.75,Glacial,3
696,234.9978383,262.7146643,2.355637013,2.048025417,19.75,21.75,Glacial,3
696,258.0802365,162.4361027,2.638844543,2.242906158,21.75,23.75,Glacial,3
696,231.0208902,208.5880277,2.485688245,2.427982311,23.75,25.75,Glacial,3
696,286.6452404,224.2218115,2.477432262,2.622978859,25.75,27.75,Glacial,3
696,242.2649785,164.8021381,2.597421557,2.816834846,27.75,29.75,Glacial,3
696,275.6638817,161.5896233,2.603226282,3.010073858,29.75,31.75,Glacial,3
696,210.0062661,198.582334,2.433560188,3.200411174,31.75,33.75,Glacial,3
696,243.1999334,111.3953738,2.73224173,3.37873856,33.75,35.75,Glacial,3
696,275.3881834,279.5607502,2.361905922,3.557133069,35.75,37.45,Glacial,3
697,311.0635886,387.3771362,1.715513329,0.250148757,1.75,3.75,Glacial,3
697,262.3167841,459.5163399,1.67309485,0.477278755,3.75,5.75,Glacial,3
697,208.207272,197.7300541,1.842400007,0.685946044,5.75,7.75,Glacial,3
697,197.0259757,166.9642289,1.803604254,0.882448913,7.75,9.75,Glacial,3
697,202.9067702,170.9890282,1.94074053,1.076855907,9.75,11.75,Glacial,3
697,226.769623,194.8097824,1.916312721,1.275089159,11.75,13.75,Glacial,3
697,220.4754913,207.7324633,2.248565291,1.468761143,13.75,15.75,Glacial,3
697,236.9949993,227.4118747,2.223387779,1.686574405,15.75,18.45,Glacial,3
698,177.981585,231.5976775,1.883577915,0.247813157,1.75,3.75,Glacial,3
698,87.25686225,46.53365827,3.099328194,0.375854201,3.75,5.75,Glacial,3
698,80.24431765,40.85462539,3.169858256,0.483774015,5.75,7.75,Glacial,3
698,81.0764322,40.19728721,3.14934053,0.596933874,7.75,9.75,Glacial,3
698,93.61474605,32.53712161,3.198475438,0.711639332,9.75,11.75,Glacial,3
698,144.1487229,40.67688885,2.957009405,0.821041096,11.75,13.75,Glacial,3
698,196.0817684,108.9994819,2.757128388,0.940439442,13.75,15.75,Glacial,3
698,167.2214017,205.5630043,2.381700087,1.096673076,15.75,17.75,Glacial,3
698,129.0662106,51.84886529,3.377124456,1.244788743,17.75,19.75,Glacial,3
698,237.3184505,26.02071575,3.454143393,1.375273652,19.75,22.25,Glacial,3
699,147.834479,203.5578734,2.282876695,0.239848665,1.75,3.75,Glacial,3
699,105.6437638,125.174244,2.913765266,0.392902136,3.75,5.75,Glacial,3
699,109.6118602,85.84472559,3.032785436,0.541079247,5.75,7.75,Glacial,3
699,86.50532351,39.15622642,3.310495864,0.680119659,7.75,9.75,Glacial,3
699,103.1739922,24.87476606,3.483845129,0.806746857,9.75,11.75,Glacial,3
699,132.6299704,57.80283089,3.223666214,0.931028017,11.75,13.75,Glacial,3
699,208.4597145,109.3929637,3.100962492,1.071106715,13.75,15.75,Glacial,3
699,195.3509961,207.5370524,2.504619307,1.231828658,15.75,17.75,Glacial,3
699,192.489107,184.002936,2.686969356,1.434587351,17.75,20.45,Glacial,3
700,170.9108822,267.8064078,2.092163041,0.239940229,1.75,3.75,Glacial,3
700,119.8501089,98.30643268,3.082367192,0.39349872,3.75,5.75,Glacial,3
700,101.2013811,26.59322103,3.638112461,0.527362573,5.75,7.75,Glacial,3
700,93.008017,16.64714636,3.809849604,0.650612565,7.75,9.75,Glacial,3
700,92.62913002,17.16168788,3.791343933,0.773410517,9.75,11.75,Glacial,3
700,83.66367026,17.33238138,3.722595614,0.89879617,11.75,13.75,Glacial,3
700,100.8650862,18.1277107,3.673978014,1.027206561,13.75,15.75,Glacial,3
700,175.2259662,35.81091384,3.551975962,1.154214785,15.75,17.75,Glacial,3
700,180.4432053,182.2062439,2.809670134,1.342862823,17.75,20.45,Glacial,3
701,155.050278,236.0694449,2.534669669,0.224993153,1.75,3.75,Glacial,3
701,162.9490112,187.5926829,2.811773162,0.383966907,3.75,5.75,Glacial,3
701,141.2158408,117.9098982,2.962657839,0.542643183,5.75,7.75,Glacial,3
701,127.5905458,71.31073475,3.150017266,0.699300751,7.75,9.75,Glacial,3
701,125.8095232,32.32664503,3.425317004,0.840374855,9.75,11.75,Glacial,3
701,126.7730475,22.51666677,3.572835199,0.97427513,11.75,13.75,Glacial,3
701,144.0700165,18.70734307,3.655192964,1.106125126,13.75,15.75,Glacial,3
701,171.4029915,30.97152149,3.482105888,1.238200797,15.75,17.75,Glacial,3
701,248.012649,260.4730627,2.275093118,1.42900497,17.75,20.35,Glacial,3
702,198.851362,249.7603554,2.294377788,0.236648747,1.75,3.75,Glacial,3
702,157.0682666,197.9731763,2.804066822,0.402167235,3.75,5.75,Glacial,3
702,101.4795579,25.93104364,3.781036663,0.528053369,5.75,7.75,Glacial,3
702,132.0437869,23.90053074,3.601088639,0.646823894,7.75,9.75,Glacial,3
702,120.8574261,22.15255396,3.559162421,0.768821935,9.75,11.75,Glacial,3
702,116.3105917,25.11852235,3.470565981,0.894956549,11.75,13.75,Glacial,3
702,118.7021087,28.10586908,3.456482568,1.026049524,13.75,15.75,Glacial,3
702,228.9327055,78.75636876,3.032916362,1.16307789,15.75,17.75,Glacial,3
702,255.5299067,239.7971945,2.347197211,1.365670225,17.75,20.55,Glacial,3
703,162.7020205,283.6805665,2.19682808,0.261583817,1.75,3.75,Glacial,3
703,141.979387,163.6002935,2.668229415,0.416128307,3.75,5.75,Glacial,3
703,127.6402825,71.74885661,3.069109063,0.542634956,5.75,7.75,Glacial,3
703,118.7816385,52.54060852,3.175872787,0.671727375,7.75,9.75,Glacial,3
703,137.1901632,34.19790074,3.31913141,0.801548631,9.75,11.75,Glacial,3
703,205.0289802,137.0464136,2.612188504,0.939405959,11.75,13.75,Glacial,3
703,203.9103278,265.5724529,2.345919108,1.108646183,13.75,15.75,Glacial,3
703,243.8808644,179.2292411,2.337490901,1.283383123,15.75,17.75,Glacial,3
703,267.7257834,298.4740121,2.082049268,1.423221995,17.75,18.65,Glacial,3
704,211.6495521,329.3425544,2.167708895,0.252376359,1.75,3.75,Glacial,3
704,128.1639564,122.3271479,2.925651499,0.402328719,3.75,5.75,Glacial,3
704,148.8324323,114.2970357,2.693882677,0.545301984,5.75,7.75,Glacial,3
704,203.8044815,265.2760984,2.335927911,0.711890404,7.75,9.75,Glacial,3
704,199.0592506,110.0393143,2.685655416,0.873322323,9.75,11.75,Glacial,3
704,226.9531901,289.6337878,2.321429596,1.039961823,11.75,13.75,Glacial,3
704,216.0014051,204.7367244,2.441798272,1.218429413,13.75,15.75,Glacial,3
704,279.1261362,495.9546895,2.038184465,1.427779735,15.75,17.75,Glacial,3
704,241.5925173,272.6923644,2.109964532,1.661773547,17.75,20.2,Glacial,3
705,181.0779803,258.2558258,1.892856217,0.232345983,1.75,3.75,Glacial,3
705,225.1851156,395.457785,1.70884052,0.439772611,3.75,5.75,Glacial,3
705,222.3464327,256.3358963,1.753217101,0.657171626,5.75,7.75,Glacial,3
705,260.5011845,286.042955,1.645691398,0.864893995,7.75,9.75,Glacial,3
705,239.9379691,315.4490444,1.642997318,1.088422044,9.75,11.75,Glacial,3
705,239.4860719,210.4209975,2.007583013,1.290657213,11.75,13.75,Glacial,3
705,243.8117122,232.9712023,1.937623104,1.492206257,13.75,15.75,Glacial,3
705,210.309868,207.9922707,2.346317757,1.677562399,15.75,17.45,Glacial,3
706,217.7390936,263.696751,1.875744803,0.225615807,1.75,3.75,Glacial,3
706,210.7546241,249.8610411,1.817076167,0.414808046,3.75,5.75,Glacial,3
706,216.5434347,296.5223971,1.700590651,0.618639938,5.75,7.75,Glacial,3
706,221.2889731,254.1379744,1.645845851,0.830104544,7.75,9.75,Glacial,3
706,214.7563551,209.355419,1.953144492,1.025649639,9.75,11.75,Glacial,3
706,217.3800242,270.2865273,2.132138658,1.216741121,11.75,13.75,Glacial,3
706,321.1030842,263.8933286,1.968692241,1.413358762,13.75,15.75,Glacial,3
706,276.7379261,185.4879649,1.785319504,1.652379827,15.75,18.15,Glacial,3
707,199.9335214,267.8260315,1.956287363,0.239864542,1.75,3.75,Glacial,3
707,259.2517541,431.9061028,1.589355574,0.441710309,3.75,5.75,Glacial,3
707,219.5062185,295.8238336,1.716463397,0.658262777,5.75,7.75,Glacial,3
707,232.509096,301.2744279,1.701527436,0.865402964,7.75,9.75,Glacial,3
707,237.6355166,201.921107,1.91569217,1.061276651,9.75,11.75,Glacial,3
707,225.8689667,215.7961139,2.012471343,1.267500339,11.75,14.15,Glacial,3
708,263.2598781,231.3565553,1.802403828,0.2352631,1.75,3.75,Glacial,3
708,157.5941728,248.6568031,2.122038528,0.410921307,3.75,5.75,Glacial,3
708,192.5993834,219.5409537,2.363127525,0.575213215,5.75,7.75,Glacial,3
708,260.3463696,283.2825046,1.875634167,0.749709286,7.75,9.75,Glacial,3
708,208.4765216,249.8532847,1.846400724,0.96221049,9.75,11.75,Glacial,3
708,271.1317231,299.5752809,1.709814177,1.175009704,11.75,13.75,Glacial,3
708,243.778299,250.4553146,1.856480433,1.398326578,13.75,15.75,Glacial,3
708,240.7294383,227.5237488,2.064749109,1.591275353,15.75,17.75,Glacial,3
708,241.5095186,272.900927,2.215262898,1.759962737,17.75,19.25,Glacial,3
709,212.1596368,439.9549208,2.046038427,0.239219954,1.75,3.75,Glacial,3
709,284.4374233,388.6918396,1.745034184,0.447658024,3.75,5.75,Glacial,3
709,226.6407745,373.4657327,1.712851062,0.675801351,5.75,7.75,Glacial,3
709,252.6579199,300.7485282,1.800894697,0.898644744,7.75,9.75,Glacial,3
709,204.5411214,250.3005544,2.012271687,1.051462742,9.75,10.75,Glacial,3
710,244.3222009,284.5983633,1.608902085,0.237812406,1.75,3.75,Glacial,3
710,233.7082175,325.651508,1.729230109,0.437321286,3.75,5.75,Glacial,3
710,240.809131,369.0438216,1.584159168,0.654866452,5.75,7.75,Glacial,3
710,258.6108724,348.78424,1.658825941,0.87182476,7.75,9.75,Glacial,3
710,239.8573236,313.4301612,1.72310204,1.09413149,9.75,11.75,Glacial,3
710,221.1143239,235.274655,2.075099548,1.28858331,11.75,13.75,Glacial,3
710,233.1809846,194.5189469,1.915510739,1.427350899,13.75,14.65,Glacial,3
711,241.8312719,349.2458891,1.727305691,0.249414754,1.75,3.75,Glacial,3
711,241.9913915,415.5014994,1.620695823,0.467989365,3.75,5.75,Glacial,3
711,219.9166187,320.1396278,1.679196153,0.688900156,5.75,7.75,Glacial,3
711,242.3859391,335.4789067,1.658345364,0.911443556,7.75,9.75,Glacial,3
711,217.2447265,236.1248403,1.897703345,1.127803637,9.75,11.75,Glacial,3
711,258.7307763,179.7538992,1.813704466,1.324695398,11.75,13.75,Glacial,3
711,265.8202011,246.7650409,1.777474763,1.482609291,13.75,14.75,Glacial,3
712,224.4548615,347.9775659,2.065221004,0.23843928,1.75,3.75,Glacial,3
712,189.0098446,283.5782992,1.818544961,0.432659616,3.75,5.75,Glacial,3
712,279.9723676,398.4584789,1.605595499,0.638602259,5.75,7.75,Glacial,3
712,297.0520699,351.9472655,1.59428342,0.865907304,7.75,9.75,Glacial,3
712,212.5340729,252.7242231,2.069597026,1.072822922,9.75,11.75,Glacial,3
712,280.3212254,280.5162335,1.76089243,1.266482852,11.75,13.75,Glacial,3
712,200.9482818,166.4251198,2.034894328,1.451957819,13.75,15.25,Glacial,3
713,169.3989913,315.4434179,1.935886634,0.225610427,1.75,3.75,Glacial,3
713,225.2224093,365.4894898,1.677076609,0.43531352,3.75,5.75,Glacial,3
713,229.1792027,256.6917962,1.757789432,0.6456097,5.75,7.75,Glacial,3
713,196.3118562,241.7004332,2.14880169,0.832262023,7.75,9.75,Glacial,3
713,263.6689114,202.0514755,2.164598852,0.991448424,9.75,11.45,Glacial,3
714,150.8649147,179.3977013,2.115772499,0.223152036,1.75,3.75,Glacial,3
714,205.3395403,346.3871951,1.760137849,0.401271671,3.75,5.75,Glacial,3
714,231.8085719,239.8089105,1.776702395,0.610893166,5.75,7.75,Glacial,3
714,233.7736873,264.522944,1.804842865,0.821129061,7.75,9.75,Glacial,3
714,200.6490829,257.8355844,2.109510581,1.008177555,9.75,11.75,Glacial,3
714,257.9617144,279.8773552,1.858149854,1.184736961,11.75,13.35,Glacial,3
715,191.2388493,215.2334092,2.10703114,0.39608711,3.75,5.75,Glacial,3
715,222.4927515,318.1973996,1.725120619,0.58882696,5.75,7.75,Glacial,3
715,192.499798,240.8081521,2.288521387,0.786277548,7.75,9.75,Glacial,3
715,187.8823582,214.0249074,2.48034629,0.945927928,9.75,11.75,Glacial,3
715,212.6449095,312.1164899,2.236337456,1.124315664,11.75,13.75,Glacial,3
715,206.2883568,269.725901,2.284603615,1.306756769,13.75,15.75,Glacial,3
715,207.0543367,275.5103563,2.237460935,1.49092364,15.75,17.75,Glacial,3
715,293.64384,265.0801431,2.073138738,1.731497942,17.75,20.65,Glacial,3
716,227.1193139,346.0208219,1.950142168,0.251189511,1.75,3.75,Glacial,3
716,194.6466028,316.020997,1.807572894,0.446753753,3.75,5.75,Glacial,3
716,194.1466225,221.4022589,1.970380101,0.637968204,5.75,7.75,Glacial,3
716,209.4139822,197.7893709,1.997217779,0.822672219,7.75,9.75,Glacial,3
716,227.5728846,240.0431762,2.060911282,1.00248805,9.75,11.75,Glacial,3
716,220.9330092,271.1949924,2.065316449,1.195532439,11.75,13.75,Glacial,3
716,183.9900474,190.0813824,2.209316894,1.376452613,13.75,15.75,Glacial,3
716,219.6112172,189.7916493,2.125960237,1.584628402,15.75,18.45,Glacial,3
717,177.2901865,249.538092,2.055680246,0.202318996,1.75,3.75,Glacial,3
717,180.2847139,239.3600259,1.915716624,0.373324342,3.75,5.75,Glacial,3
717,206.1356478,277.9817396,2.096540226,0.566583843,5.75,7.75,Glacial,3
717,187.617007,156.6676977,2.723520706,0.734820207,7.75,9.75,Glacial,3
717,202.4467932,162.930097,2.559917137,0.881194465,9.75,11.75,Glacial,3
717,224.0466557,211.6595564,2.20902051,1.0681905,11.75,13.75,Glacial,3
717,204.6084255,139.2304783,2.638503785,1.236618823,13.75,15.75,Glacial,3
717,271.6352844,229.9676599,2.034358233,1.415128435,15.75,17.75,Glacial,3
717,260.2868232,265.109345,2.266986647,1.610307617,17.75,19.55,Glacial,3
718,187.1579595,254.1579066,1.899136644,0.234740813,1.75,3.75,Glacial,3
718,209.3237442,230.8568768,1.855388121,0.431728555,3.75,5.75,Glacial,3
718,222.8639912,206.200906,1.925259248,0.63191156,5.75,7.75,Glacial,3
718,202.2267637,250.9783107,2.03971481,0.82664475,7.75,9.75,Glacial,3
718,189.1585314,178.5670222,2.292253768,1.013872916,9.75,11.75,Glacial,3
718,207.0104016,186.3849288,2.560551111,1.155735004,11.75,13.25,Glacial,3
719,189.6247031,336.0008192,1.760629187,0.228828057,1.75,3.75,Glacial,3
719,225.4982924,338.1979779,1.7884353,0.444546412,3.75,5.75,Glacial,3
719,233.5291911,281.6443251,1.822297852,0.664608345,5.75,7.75,Glacial,3
719,240.9355027,257.5731803,1.888461767,0.87780088,7.75,9.75,Glacial,3
719,202.8552025,210.0503853,2.266752645,1.089578286,9.75,11.75,Glacial,3
719,228.0010261,289.8152031,2.180461567,1.288595951,11.75,14.15,Glacial,3
720,196.8377032,325.1707742,1.895309334,0.24173022,1.75,3.75,Glacial,3
720,207.2576351,301.1809751,1.808770125,0.446142403,3.75,5.75,Glacial,3
720,226.1275945,268.19192,1.995352414,0.64525404,5.75,7.75,Glacial,3
720,200.3165044,294.2654819,2.183422087,0.836594288,7.75,9.75,Glacial,3
720,217.4978348,276.0413383,2.189439457,1.019911807,9.75,11.75,Glacial,3
720,229.8062128,319.0966371,2.146639833,1.211614677,11.75,13.75,Glacial,3
720,233.8058139,246.6272848,2.304860581,1.443691406,13.75,16.35,Glacial,3
721,155.6809355,288.3701871,2.411570013,0.231894474,1.75,3.75,Glacial,3
721,175.9388052,267.3190457,2.449472955,0.396513977,3.75,5.75,Glacial,3
721,166.0081156,230.0671098,2.444410318,0.559590096,5.75,7.75,Glacial,3
721,162.6646488,130.7131321,2.760448285,0.722050533,7.75,9.75,Glacial,3
721,175.8428081,161.7519142,2.815038658,0.884302427,9.75,11.75,Glacial,3
721,203.215737,183.6974848,2.357966151,1.051981322,11.75,13.75,Glacial,3
721,181.1855297,82.51635615,2.984007009,1.230755594,13.75,16.3,Glacial,3
722,195.4141364,217.1666326,2.428967552,0.226847173,1.75,3.75,Glacial,3
722,176.2477407,220.661751,2.304860389,0.386469463,3.75,5.75,Glacial,3
722,144.3453136,77.69823583,3.235236816,0.537786769,5.75,7.75,Glacial,3
722,131.1296717,39.36106305,3.445370597,0.671999688,7.75,9.75,Glacial,3
722,165.5994412,93.72846331,2.993614799,0.81383722,9.75,11.75,Glacial,3
722,145.3938687,23.57970596,3.65089162,0.95224459,11.75,13.75,Glacial,3
722,161.0297738,31.34996394,3.483702813,1.08426147,13.75,15.75,Glacial,3
722,155.9754631,78.41331515,3.111402991,1.232239868,15.75,17.75,Glacial,3
722,177.1917636,83.63696289,3.152138819,1.36870404,17.75,19.25,Glacial,3
723,179.5976205,245.469966,2.01534989,0.219903312,1.75,3.75,Glacial,3
723,201.4470436,267.4059597,1.958416792,0.407644572,3.75,5.75,Glacial,3
723,213.304957,300.5619826,1.921525807,0.60083855,5.75,7.75,Glacial,3
723,208.5366046,220.7064793,1.962041037,0.785554964,7.75,9.75,Glacial,3
723,254.7104259,287.4398828,1.86261894,0.982604742,9.75,11.75,Glacial,3
723,220.8850978,204.7861111,1.931924613,1.174074463,11.75,13.55,Glacial,3
724,207.3844504,264.39752,1.875857891,0.225652411,1.75,3.75,Glacial,3
724,161.6648731,160.3320596,2.653128428,0.404058099,3.75,5.75,Glacial,3
724,127.5220881,38.44210865,3.604313014,0.536696345,5.75,7.75,Glacial,3
724,144.8011194,75.04113029,3.29695797,0.671105495,7.75,9.75,Glacial,3
724,128.9169996,88.88740993,3.137772954,0.803985085,9.75,11.75,Glacial,3
724,126.7979389,54.97722112,3.25468711,0.941288809,11.75,13.75,Glacial,3
724,136.7181741,32.5138377,3.41799453,1.080769794,13.75,15.75,Glacial,3
724,153.3133495,23.7901772,3.508974238,1.217313973,15.75,17.75,Glacial,3
724,127.66479,23.86472699,3.503985847,1.383409386,17.75,20.55,Glacial,3
725,196.3985574,258.3175286,1.817019715,0.245962292,1.75,3.75,Glacial,3
725,183.4308738,211.6378243,2.104440153,0.431074946,3.75,5.75,Glacial,3
725,132.0586766,78.56013796,2.940826804,0.58733012,5.75,7.75,Glacial,3
725,133.971467,35.19981267,3.391017094,0.713117574,7.75,9.75,Glacial,3
725,145.2654564,50.66312949,3.321620931,0.842243186,9.75,11.75,Glacial,3
725,135.8433162,25.93154178,3.427375478,0.969312521,11.75,13.75,Glacial,3
725,140.8760862,28.05894035,3.37142972,1.098713598,13.75,15.75,Glacial,3
725,168.1375164,29.63654896,3.325564845,1.230621996,15.75,17.75,Glacial,3
725,150.3434035,27.23310471,3.372757869,1.395383616,17.75,20.55,Glacial,3
726,205.9633307,268.8660129,1.90318026,0.253410785,1.75,3.75,Glacial,3
726,226.2000665,238.343668,1.965557222,0.445363033,3.75,5.75,Glacial,3
726,134.6573887,197.4710463,2.575721447,0.621747639,5.75,7.75,Glacial,3
726,118.0606231,16.85776548,3.897002991,0.757335968,7.75,9.75,Glacial,3
726,123.6214548,29.94131084,3.60119132,0.883664919,9.75,11.75,Glacial,3
726,125.223533,20.21040044,3.630773031,1.011033876,11.75,13.75,Glacial,3
726,127.9918178,18.08874219,3.614006201,1.138922073,13.75,15.75,Glacial,3
726,132.5211305,18.63255472,3.612984474,1.270687127,15.75,17.75,Glacial,3
726,144.8567101,19.30837969,3.573541087,1.388498188,17.75,19.25,Glacial,3
727,252.6206859,255.4571493,1.870647152,0.253463647,1.75,3.75,Glacial,3
727,128.2263294,136.6193935,2.79064324,0.430773529,3.75,5.75,Glacial,3
727,115.3209029,15.16711999,4.016714975,0.567331034,5.75,7.75,Glacial,3
727,93.18404218,6.438425782,4.736428107,0.689999378,7.75,9.75,Glacial,3
727,95.18213543,10.73823222,4.168458244,0.814356518,9.75,11.75,Glacial,3
727,120.5741868,18.99243058,3.695746946,0.944357869,11.75,13.75,Glacial,3
727,115.9126368,16.04014199,3.763397768,1.077563159,13.75,15.75,Glacial,3
727,127.391685,17.86326417,3.68340428,1.212514144,15.75,17.75,Glacial,3
727,130.5656827,19.93246682,3.608503336,1.333559956,17.75,19.25,Glacial,3
728,201.7272339,285.8361836,1.826410164,0.244470553,1.75,3.75,Glacial,3
728,265.822838,397.9496703,1.644073496,0.456741248,3.75,5.75,Glacial,3
728,187.5158645,280.6417518,1.74583562,0.673559009,5.75,7.75,Glacial,3
728,205.1232841,229.2801301,2.049855518,0.859453547,7.75,9.75,Glacial,3
728,226.1521887,253.0852059,2.045578728,1.046168401,9.75,11.75,Glacial,3
728,257.9559612,228.6523971,1.980628101,1.240240481,11.75,13.75,Glacial,3
728,233.3114403,223.1548047,2.246336877,1.429938587,13.75,15.75,Glacial,3
728,267.0683449,216.3045728,2.087723248,1.617168239,15.75,17.75,Glacial,3
728,168.6440876,149.2625637,1.902310418,1.732541945,17.75,18.15,Glacial,3
729,213.9387431,298.9229319,1.740125133,0.248086326,1.75,3.75,Glacial,3
729,112.957402,71.05256446,3.591559809,0.415427938,3.75,5.75,Glacial,3
729,86.05277088,6.059078111,4.607523087,0.539060727,5.75,7.75,Glacial,3
729,97.63744828,10.44040668,4.332069634,0.660578151,7.75,9.75,Glacial,3
729,93.92488544,16.48274283,3.895608449,0.787109519,9.75,11.75,Glacial,3
729,106.6712404,17.25385209,3.799083761,0.918177002,11.75,13.75,Glacial,3
729,106.2277874,20.22173236,3.647696057,1.051676158,13.75,15.75,Glacial,3
729,127.7577829,24.39471895,3.522963906,1.188812347,15.75,17.75,Glacial,3
729,125.7639016,21.39280307,3.594965322,1.349630664,17.75,20.35,Glacial,3
730,240.0716251,340.771921,1.692362567,0.249137595,1.75,3.75,Glacial,3
730,188.1561249,203.6223617,2.051956448,0.454269124,3.75,5.75,Glacial,3
730,96.30701651,34.73149073,3.434712679,0.603885824,5.75,7.75,Glacial,3
730,96.61700086,28.19435409,3.431966557,0.729811821,7.75,9.75,Glacial,3
730,93.64910705,27.88936195,3.429290362,0.85626716,9.75,11.75,Glacial,3
730,99.72269607,25.59013491,3.451319067,0.985023348,11.75,13.75,Glacial,3
730,100.4038328,24.91118416,3.451962343,1.115736845,13.75,15.75,Glacial,3
730,104.8999291,24.42222732,3.450034294,1.249603443,15.75,17.75,Glacial,3
730,121.7527034,22.69598008,3.456381896,1.333998271,17.75,18.25,Glacial,3
731,250.5151269,283.9930571,1.768685671,0.247759577,1.75,3.75,Glacial,3
731,266.441103,203.9535784,1.89250978,0.447827312,3.75,5.75,Glacial,3
731,115.1798934,73.08187779,3.583289424,0.610303901,5.75,7.75,Glacial,3
731,86.77502244,8.104419686,4.541480157,0.730394196,7.75,9.75,Glacial,3
731,85.4987928,14.48509194,3.818540868,0.852672028,9.75,11.75,Glacial,3
731,99.88207302,14.63293934,3.77559831,0.978134987,11.75,13.75,Glacial,3
731,98.19665623,18.93548414,3.611159702,1.107250794,13.75,15.75,Glacial,3
731,119.9124436,17.14585441,3.635251719,1.237079497,15.75,17.75,Glacial,3
731,131.1912106,15.05061429,3.688323566,1.367310072,17.75,19.75,Glacial,3
732,158.4609901,181.7441179,2.55317754,0.224598371,1.8,3.75,Glacial,3
732,113.4995418,47.78698382,3.788678594,0.367110328,3.75,5.75,Glacial,3
732,90.0715109,2.940355207,6.406320421,0.493382561,5.75,7.75,Glacial,3
732,86.43814933,0.062350906,8.268526872,0.60959218,7.75,9.75,Glacial,3
732,86.78354601,0.059258402,8.264784537,0.727920108,9.75,11.75,Glacial,3
732,104.194665,0.0071065,8.474894877,0.845848982,11.75,13.75,Glacial,3
732,112.2701051,0.006240898,8.525253908,0.962828667,13.75,15.75,Glacial,3
732,116.6519872,0.415183806,7.862485538,1.082377666,15.75,17.75,Glacial,3
732,134.8537626,0.035728079,8.355589636,1.198987232,17.75,19.55,Glacial,3
733,117.757679,194.4495485,2.941878143,0.209934878,1.75,3.75,Glacial,3
733,119.5174594,146.2825392,2.910999665,0.363326072,3.75,5.75,Glacial,3
733,135.8611158,74.59411192,3.179829763,0.515120874,5.75,7.75,Glacial,3
733,148.025488,83.24789102,3.05172888,0.664528019,7.75,9.75,Glacial,3
733,154.8839776,53.59034295,3.15642465,0.811180691,9.75,11.75,Glacial,3
733,147.4041383,39.80143441,3.2919753,0.953777838,11.75,13.75,Glacial,3
733,150.6489811,34.62201473,3.346493472,1.095806474,13.75,15.75,Glacial,3
733,176.0506792,32.76349943,3.3324776,1.238143023,15.75,17.75,Glacial,3
733,227.7872036,33.11966943,3.28750013,1.36914587,17.75,19.45,Glacial,3
734,369.5231508,281.5007069,2.673961223,0.229397915,1.75,3.75,Glacial,3
734,79.0069349,119.7882055,2.922351433,0.382040559,3.75,5.75,Glacial,3
734,174.3588889,98.93831543,2.965358515,0.523352126,5.75,7.75,Glacial,3
734,143.0321243,41.30094989,3.242830721,0.658267738,7.75,9.75,Glacial,3
734,125.7573004,33.26098083,3.341542353,0.786918748,9.75,11.75,Glacial,3
734,165.6452772,28.37420543,3.395038849,0.916696841,11.75,13.75,Glacial,3
734,262.4283265,23.47311902,3.441569433,1.044226645,13.75,15.75,Glacial,3
734,210.5598604,106.1360831,3.03001041,1.163718136,15.75,17.3,Glacial,3
735,146.9485431,257.5009261,2.683413691,0.232307088,1.75,3.75,Glacial,3
735,115.3482732,140.4629947,2.914547883,0.390697172,3.75,5.75,Glacial,3
735,133.3596204,85.03789969,3.051924352,0.539618373,5.75,7.75,Glacial,3
735,176.0018642,101.6094723,2.967993672,0.685948638,7.75,9.75,Glacial,3
735,200.0970737,185.006437,2.44399167,0.851732752,9.75,11.75,Glacial,3
735,237.7001755,198.8308292,2.207194759,1.035670327,11.75,13.75,Glacial,3
735,330.45918,316.7591115,1.765929823,1.229617973,13.75,15.75,Glacial,3
735,226.5255871,263.5572054,2.269485633,1.33247904,15.75,16,Glacial,3
736,118.3905361,262.6498605,2.683079994,0.209230954,1.75,3.75,Glacial,3
736,134.1873837,173.003796,2.688010295,0.359255213,3.75,5.75,Glacial,3
736,140.4455215,107.1740888,2.870522717,0.503571075,5.75,7.75,Glacial,3
736,150.2771159,86.91841109,2.910579707,0.645043508,7.75,9.75,Glacial,3
736,180.3868185,58.83204318,3.008344348,0.780569082,9.75,11.75,Glacial,3
736,253.8049283,62.64009977,2.936880423,0.913648803,11.75,13.75,Glacial,3
736,334.7262734,198.5139616,2.649186609,1.056073544,13.75,15.75,Glacial,3
737,118.79969,275.5671165,2.710390155,0.206947634,1.75,3.75,Glacial,3
737,142.7801913,180.112371,2.676234981,0.36321027,3.75,5.75,Glacial,3
737,176.1391709,128.3548064,2.707028962,0.520330349,5.75,7.75,Glacial,3
737,196.320421,119.5696115,2.904624771,0.676391852,7.75,9.75,Glacial,3
737,155.4450345,52.57661958,3.148105427,0.824028515,9.75,11.75,Glacial,3
737,164.5844253,45.08066539,3.188658963,0.964836288,11.75,13.75,Glacial,3
737,233.9717208,41.31568232,3.151775825,1.103917673,13.75,15.75,Glacial,3
737,254.914889,49.46166573,3.060748247,1.215762602,15.75,17.05,Glacial,3
738,122.403759,251.312075,2.753334148,0.203356061,1.75,3.75,Glacial,3
738,165.8669941,247.0504088,2.542136582,0.360072979,3.75,5.75,Glacial,3
738,144.922341,87.29071526,3.036010593,0.518379203,5.75,7.95,Glacial,3
738,165.5349914,54.49521428,3.137075638,0.654838675,7.95,9.75,Glacial,3
738,164.2423,43.68985567,3.2451508,0.784937763,9.75,11.75,Glacial,3
738,188.6750768,40.40158958,3.255854169,0.923002847,11.75,13.75,Glacial,3
738,240.3756885,66.78690519,3.072908963,1.063277122,13.75,15.75,Glacial,3
738,354.9687023,132.2637469,2.982981179,1.207994909,15.75,17.45,Glacial,3
739,113.1822922,290.9399109,2.402386049,0.114008067,1.75,3.75,Glacial,3
739,134.3571665,176.3780517,2.504747751,0.248890696,3.75,5.75,Glacial,3
739,144.9502885,131.5387674,2.728642041,0.386027814,5.75,7.75,Glacial,3
739,138.0075623,73.19273214,2.91803437,0.517314464,7.75,9.75,Glacial,3
739,141.5102704,54.93321051,3.025851895,0.643082748,9.75,11.75,Glacial,3
739,143.3572014,38.2527988,3.171204167,0.766907684,11.75,13.75,Glacial,3
739,252.4820846,42.62273218,3.135438982,0.879597685,13.75,15.45,Glacial,3
740,221.9953506,241.0493296,2.740386739,0.209632152,1.75,3.75,Glacial,3
740,88.55308095,167.677481,2.720656644,0.365049404,3.75,5.75,Glacial,3
740,154.8260695,105.7350596,2.943826074,0.516173252,5.75,7.75,Glacial,3
740,141.2567886,62.465945,3.127239991,0.662226616,7.75,9.75,Glacial,3
740,163.1137052,47.19649241,3.20050866,0.803418759,9.75,11.75,Glacial,3
740,213.7591669,51.18600535,3.181193491,0.941749608,11.75,13.75,Glacial,3
740,304.4145869,144.9152026,2.84686202,1.057218389,13.75,14.9,Glacial,3
741,103.0831817,244.4558919,2.731317082,0.204534494,1.75,3.75,Glacial,3
741,153.5448247,211.8671375,2.600286685,0.359230025,3.75,5.75,Glacial,3
741,145.1443788,94.62321321,3.001349186,0.51688136,5.75,7.75,Glacial,3
741,135.2091193,47.5283772,3.242269416,0.657451068,7.75,9.75,Glacial,3
741,149.7900924,40.50620094,3.292769533,0.794292171,9.75,11.75,Glacial,3
741,192.9115146,36.6045456,3.295477226,0.931867166,11.75,13.75,Glacial,3
741,207.2166537,40.19889252,3.239849709,1.067728063,13.75,15.75,Glacial,3
742,122.0597065,238.0885599,2.652893696,0.215238746,1.75,3.75,Glacial,3
742,157.6360082,174.968373,2.661522545,0.361272822,3.75,5.75,Glacial,3
742,175.9641512,99.68009463,2.757015714,0.514903175,5.75,7.75,Glacial,3
742,146.1531446,36.24521291,3.378180727,0.648686871,7.75,9.75,Glacial,3
742,143.2581353,28.41772256,3.504037031,0.781881861,9.75,11.75,Glacial,3
742,144.9946266,21.58781808,3.621701168,0.915727704,11.75,13.75,Glacial,3
742,156.5617376,17.14021842,3.708423172,1.04874194,13.75,15.75,Glacial,3
742,336.9658221,128.3010231,2.919288495,1.16586733,15.75,17.1,Glacial,3
743,143.7022023,284.8769788,2.676109819,0.227184555,1.75,3.75,Glacial,3
743,117.735693,104.0203368,3.113067713,0.383745634,3.75,5.75,Glacial,3
743,152.1927108,74.6987428,3.157604852,0.533553339,5.75,7.75,Glacial,3
743,200.6185064,66.53289593,3.158600635,0.682258299,7.75,9.75,Glacial,3
743,170.8554597,86.15871873,3.038267336,0.835958146,9.75,11.75,Glacial,3
743,227.2027322,53.20885261,3.192885524,0.98737963,11.75,13.75,Glacial,3
743,354.3448478,231.1664799,2.739759556,1.134544043,13.75,15.45,Glacial,3
744,128.2653275,209.0017632,2.945613846,0.210909781,1.75,3.75,Glacial,3
744,126.9647954,120.2517896,2.972125527,0.365511494,3.75,5.75,Glacial,3
744,147.5432735,99.91416909,2.956070371,0.513532385,5.75,7.75,Glacial,3
744,147.6058739,81.92042628,3.069004497,0.661588921,7.75,9.75,Glacial,3
744,177.8057859,43.97701534,3.23479275,0.80068068,9.75,11.75,Glacial,3
744,215.5766094,37.35188571,3.248706608,0.936577198,11.75,13.75,Glacial,3
744,373.2848313,182.5172551,2.683731244,1.086383705,13.75,15.75,Glacial,3
745,128.0009925,228.0421001,2.847336872,0.216018565,1.75,3.75,Glacial,3
745,118.8295291,115.4700405,2.979599289,0.363427546,3.75,5.75,Glacial,3
745,166.4322104,79.73229613,3.094492933,0.50945164,5.75,7.75,Glacial,3
745,138.1783051,74.74289856,3.100896518,0.655443174,7.75,9.75,Glacial,3
745,174.0872063,46.24095796,3.269725007,0.801862676,9.75,11.75,Glacial,3
745,194.4448358,62.82161158,3.141028788,0.943245801,11.75,13.75,Glacial,3
745,515.1942245,144.3518082,2.875578173,1.083889254,13.75,15.75,Glacial,3
746,124.9261593,223.1122013,2.911953148,0.21775632,1.75,3.75,Glacial,3
746,108.9832518,81.93176014,3.130397163,0.360669507,3.75,5.75,Glacial,3
746,148.265309,82.07845711,2.970830439,0.499507912,5.75,7.75,Glacial,3
746,156.500355,53.12086307,3.069527834,0.627550972,7.75,9.75,Glacial,3
746,211.4924386,58.28783198,3.032134584,0.753564548,9.75,11.75,Glacial,3
746,298.3457843,51.05911238,3.125589447,0.885935986,11.75,13.75,Glacial,3
746,330.5631237,54.21351977,3.068816509,0.974180954,13.75,14.35,Glacial,3
747,117.5970126,225.1048957,2.930962951,0.206111468,1.75,3.75,Glacial,3
747,124.0573515,90.88921961,3.132515996,0.353069312,3.75,5.75,Glacial,3
747,144.0206866,86.74377763,3.050403894,0.496370868,5.75,7.75,Glacial,3
747,206.7834254,93.51731365,2.969435546,0.644363712,7.75,9.75,Glacial,3
747,189.5579637,38.5861572,3.297367223,0.784764015,9.75,11.75,Glacial,3
747,291.8285013,85.1577541,3.198895415,0.910360978,11.75,13.5,Glacial,3
748,117.5382879,178.6846149,2.966447405,0.223145057,1.75,3.75,Glacial,3
748,146.020178,101.9438666,3.002930493,0.367751078,3.75,5.75,Glacial,3
748,152.9049998,82.29669111,3.046983362,0.509412565,5.75,7.75,Glacial,3
748,130.5087892,47.53574637,3.203726405,0.647338555,7.75,9.75,Glacial,3
748,184.1704853,32.36938897,3.346719263,0.777352565,9.75,11.75,Glacial,3
748,244.5021522,40.57219618,3.310851137,0.906681354,11.75,13.75,Glacial,3
748,314.8279182,261.4083141,2.293846122,0.986371172,13.75,13.95,Glacial,3
749,139.6852294,211.7310356,2.753025113,0.214596329,1.75,3.75,Glacial,3
749,132.8491529,113.5918883,2.968478134,0.363241017,3.75,5.75,Glacial,3
749,196.2289413,77.01921407,2.9969859,0.505307022,5.75,7.75,Glacial,3
749,171.4504744,85.26534048,2.9265788,0.638084407,7.75,9.75,Glacial,3
749,133.6122797,32.50245221,3.339891469,0.768414265,9.75,11.75,Glacial,3
749,127.7578593,21.45636391,3.538656619,0.89480354,11.75,13.75,Glacial,3
749,163.6104653,16.33682479,3.667345034,1.0190441,13.75,15.75,Glacial,3
749,215.3079779,22.43341823,3.930196785,1.120835196,15.75,17.15,Glacial,3
750,102.2324289,181.2435059,2.933454744,0.201744139,1.75,3.75,Glacial,3
750,121.8100581,99.29906,3.094080327,0.348929182,3.75,5.75,Glacial,3
750,162.1317145,88.54403626,2.995187721,0.49242163,5.75,7.75,Glacial,3
750,134.5160504,35.70183961,3.350730726,0.625528655,7.75,9.75,Glacial,3
750,124.9524394,17.15863601,3.716344558,0.748889876,9.75,11.75,Glacial,3
750,136.4174394,11.84918042,3.984871275,0.866998067,11.75,13.75,Glacial,3
750,172.360682,9.050565015,3.946857032,0.982013869,13.75,15.75,Glacial,3
750,286.1426487,38.81345846,3.655271787,1.098683806,15.75,17.75,Glacial,3
750,248.7220065,153.8163948,2.67200487,1.243176764,17.75,19.35,Glacial,3
751,133.0306873,222.9947751,2.81199437,0.21306125,1.75,3.75,Glacial,3
751,119.6307402,128.7859077,2.995289663,0.368238457,3.75,5.75,Glacial,3
751,154.0879822,95.54514735,3.039143561,0.521933282,5.75,7.75,Glacial,3
751,168.0297197,107.0787122,2.979779493,0.676287981,7.75,9.75,Glacial,3
751,149.9291396,60.65657698,3.155668135,0.828968187,9.75,11.75,Glacial,3
751,165.6245668,38.73282606,3.289502712,0.970748279,11.75,13.75,Glacial,3
751,193.2998993,33.81661294,3.324099371,1.110828714,13.75,15.75,Glacial,3
751,289.325247,44.40209926,3.242757401,1.249972078,15.75,17.75,Glacial,3
751,318.7192333,37.62581564,3.250487652,1.391074477,17.75,19.75,Glacial,3
751,282.2282404,98.98554378,2.947615123,1.497823734,19.75,20.5,Glacial,3
752,117.3589713,155.8477877,2.932862778,0.208984963,1.75,3.75,Glacial,3
752,130.4403502,90.87762116,3.097779788,0.349266777,3.75,5.75,Glacial,3
752,147.8132364,78.06009815,3.11307857,0.489536247,5.75,7.75,Glacial,3
752,120.6500997,25.96488097,3.562971852,0.619945571,7.75,9.75,Glacial,3
752,125.6076627,22.72646371,3.581299551,0.745989327,9.75,11.75,Glacial,3
752,269.9896799,22.45473011,3.651842896,0.871245089,11.75,13.75,Glacial,3
752,317.5514298,15.46932986,3.842699637,0.993583941,13.75,15.75,Glacial,3
752,95.82627088,5.564836829,4.313173565,1.112432863,15.75,17.75,Glacial,3
752,425.2880715,14.7869223,3.751341895,1.181514157,17.75,18.05,Glacial,3
753,133.0663212,226.8376323,2.869136877,0.216620216,1.75,3.75,Glacial,3
753,138.1776439,122.7414984,2.949734357,0.367324084,3.75,5.75,Glacial,3
753,138.1529016,95.93856919,3.026588923,0.516493174,5.75,7.75,Glacial,3
753,112.6765849,42.40620361,3.405747409,0.657270601,7.75,9.75,Glacial,3
753,139.2265858,25.09079347,3.542389385,0.786546303,9.75,11.75,Glacial,3
753,301.554063,16.78994076,4.790145359,0.910567606,11.75,13.75,Glacial,3
753,276.3396033,27.90777829,3.472844505,1.033824387,13.75,15.75,Glacial,3
753,246.083128,31.94068026,3.435554531,1.156549495,15.75,17.45,Glacial,3
754,128.3227225,225.9920828,2.717909034,0.194521518,1.75,3.75,Glacial,3
754,159.9219374,184.2395369,2.556161426,0.34088531,3.75,5.75,Glacial,3
754,149.5886055,141.29754,2.727576152,0.49157459,5.75,7.75,Glacial,3
754,155.7562745,80.86393949,2.89571755,0.631932438,7.75,9.75,Glacial,3
754,144.9168539,55.95531387,3.005620974,0.763274439,9.75,11.75,Glacial,3
754,174.5291899,45.84690278,3.084911433,0.893311573,11.75,13.75,Glacial,3
754,245.0352142,60.41709624,3.018701247,1.023060847,13.75,15.75,Glacial,3
754,224.7245758,76.21077244,2.93123842,1.100240291,15.75,16.05,Glacial,3
755,132.9816512,239.1956928,2.898052817,0.217407052,1.75,3.75,Glacial,3
755,128.2715853,136.0622103,2.955116589,0.375472494,3.75,5.75,Glacial,3
755,162.4222043,123.4701327,2.885068213,0.528043477,5.75,7.75,Glacial,3
755,142.8315335,74.68406533,3.007844113,0.676003265,7.75,9.75,Glacial,3
755,157.0958298,50.35841318,3.124891833,0.814825612,9.75,11.75,Glacial,3
755,183.2592366,40.59790243,3.18811573,0.9497892,11.75,13.75,Glacial,3
755,212.5184373,47.91215468,3.206558853,1.084925354,13.75,15.75,Glacial,3
756,116.9524801,253.128128,2.834606143,0.218441169,1.75,3.75,Glacial,3
756,146.6668824,138.4134859,2.882515446,0.373845651,3.75,5.75,Glacial,3
756,158.4400126,117.9697401,2.856996977,0.522683316,5.75,7.75,Glacial,3
756,149.3918866,76.232301,3.006574916,0.667912052,7.75,9.75,Glacial,3
756,166.2012466,45.05034901,3.173168802,0.804849722,9.75,11.75,Glacial,3
756,219.3567933,42.65695485,3.168689258,0.93917435,11.75,13.75,Glacial,3
756,292.1047571,58.84640359,3.083063326,1.054067238,13.75,15.15,Glacial,3
757,115.2385422,227.4715399,2.896134489,0.2114962,1.75,3.75,Glacial,3
757,123.1475015,118.8292551,2.985421944,0.362325674,3.75,5.75,Glacial,3
757,165.4339746,101.652813,2.942250582,0.50897857,5.75,7.75,Glacial,3
757,156.5607012,99.1796773,2.965127851,0.65849115,7.75,9.75,Glacial,3
757,175.3326005,49.87169442,3.122426963,0.796075753,9.75,11.75,Glacial,3
757,288.4614826,75.82851396,3.068847212,0.935091394,11.75,13.75,Glacial,3
758,125.8409604,287.309663,2.752406674,0.220734892,1.75,3.75,Glacial,3
758,129.5371899,145.0644599,2.881345283,0.380890998,3.75,5.75,Glacial,3
758,154.7277588,104.4721954,2.956439095,0.531999474,5.75,7.75,Glacial,3
758,138.8781493,55.35004392,3.144056476,0.672943029,7.75,9.75,Glacial,3
758,171.8794359,49.65494693,3.12786264,0.808514088,9.75,11.75,Glacial,3
758,155.5462719,35.83500597,3.257777111,0.941980054,11.75,13.75,Glacial,3
758,276.3861181,33.88173297,3.2297668,1.071940062,13.75,15.75,Glacial,3
758,283.1511259,63.90344462,3.066924979,1.211781116,15.75,17.75,Glacial,3
759,184.9196251,372.4754958,2.031713514,0.233785998,1.75,3.75,Glacial,3
759,272.3609529,413.3910738,1.618244909,0.445968278,3.75,5.75,Glacial,3
759,226.0185286,312.3825259,1.631830439,0.667676341,5.75,7.75,Glacial,3
759,181.8044775,184.2445618,1.803515796,0.873217538,7.75,9.75,Glacial,3
759,226.5127193,207.3409541,2.014876801,1.062927435,9.75,11.75,Glacial,3
759,223.374225,199.4699815,2.185363633,1.256195857,11.75,13.75,Glacial,3
759,263.2548665,218.5829068,2.157201204,1.438945492,13.75,15.75,Glacial,3
759,284.0481076,245.8131721,1.880764388,1.662002108,15.75,17.75,Glacial,3
759,258.2950089,215.5751599,2.208106883,1.917569237,17.75,20.55,Glacial,3
760,196.127284,208.6903014,1.681523574,0.213787457,1.75,3.75,Qal2,8
760,228.124674,321.4305685,1.464680651,0.398963925,3.75,5.75,Qal2,8
760,254.5261849,432.575638,1.529629418,0.594452166,5.75,7.55,Qal2,8
761,234.8469629,226.3184744,2.151390939,0.226386426,1.75,3.75,Qal2,8
761,315.0360214,317.3939021,2.390988926,0.387560504,3.75,5.75,Qal2,8
761,278.5935422,316.0574518,2.417962901,0.577460415,5.75,7.75,Qal2,8
761,285.6177303,251.0082687,2.121239119,0.765950912,7.75,9.75,Qal2,8
761,344.3433331,346.8458393,2.256946927,0.969729452,9.75,11.75,Qal2,8
761,333.0492317,277.7274901,1.942934703,1.176757411,11.75,13.75,Qal2,8
761,433.755752,291.4382361,2.268646224,1.383884464,13.75,15.75,Qal2,8
761,339.3741469,296.1067317,1.920069001,1.595025402,15.75,17.75,Qal2,8
761,408.7698438,421.4828309,2.187243569,1.733342271,17.75,18.25,Qal2,8
762,207.7984597,371.1163803,1.48128052,0.264783221,1.75,3.75,Qal2,8
763,182.6354189,256.4204272,1.701018344,0.253017717,1.75,3.75,Qal2,8
763,382.8255902,290.6401829,1.55555859,0.450077087,3.75,5.75,Qal2,8
763,254.1655208,224.5513323,1.704960224,0.649248171,5.75,7.75,Qal2,8
763,361.7791686,238.6488073,1.589560252,0.763103258,7.75,8,Qal2,8
764,395.7199582,390.8624809,2.355226402,0.222184678,1.75,3.75,Qal2,8
764,467.9491004,424.6738371,2.340804678,0.395711263,3.75,5.75,Qal2,8
764,135.4400267,427.4022257,2.185669425,0.5849837,5.75,7.75,Qal2,8
764,239.3752414,330.4116257,2.029947782,0.78604031,7.75,9.75,Qal2,8
764,256.134786,346.4063496,2.05714877,0.996864294,9.75,11.75,Qal2,8
764,333.2482396,371.1572404,2.068888138,1.209186782,11.75,13.75,Qal2,8
764,379.2418262,416.059645,2.111016893,1.428109258,13.75,15.75,Qal2,8
765,238.9896003,318.8021654,2.179859268,0.185691743,1.75,3.75,Qal2,8
765,237.73232,341.2246845,2.253175476,0.35077318,3.75,5.75,Qal2,8
765,269.9186153,313.5168727,1.899383686,0.540506139,5.75,7.75,Qal2,8
765,303.2819319,238.5631941,1.691774746,0.749729152,7.75,9.75,Qal2,8
765,244.5094607,223.879693,2.523266583,0.945121132,9.75,11.75,Qal2,8
765,348.7875339,350.2227945,2.162608257,1.140645652,11.75,13.75,Qal2,8
765,231.535892,332.4839887,2.249907949,1.352134632,13.75,15.75,Qal2,8
765,275.3081455,368.2453142,2.139639815,1.503218341,15.75,16.6,Qal2,8
766,435.3589568,307.7710941,1.715696978,0.23461088,1.75,3.75,Qal3,9
766,256.3764939,460.7887409,1.81743878,0.414339931,3.75,5.75,Qal3,9
766,332.6151063,283.1871449,1.916274067,0.613255048,5.75,7.75,Qal3,9
766,306.8047404,480.1555229,1.550880996,0.816432392,7.75,9.75,Qal3,9
766,394.4183149,366.0221269,2.006074605,1.014676646,9.75,11.3,Qal3,9
767,238.1356033,217.5858464,1.886096291,0.206950874,1.75,3.75,Qal3,9
767,283.2855071,279.5439377,2.013328278,0.383959616,3.75,5.75,Qal3,9
767,289.1492175,271.6236136,2.171731313,0.567600026,5.75,7.75,Qal3,9
767,261.1038593,244.1327963,2.098664915,0.742947606,7.75,9.75,Qal3,9
767,292.3413741,203.8350387,1.853841578,0.932503783,9.75,11.75,Qal3,9
767,266.0901164,245.9269814,1.888230203,1.132515613,11.75,13.75,Qal3,9
767,341.7261678,259.4893829,2.477949598,1.328465332,13.75,15.75,Qal3,9
768,268.1815762,592.9572358,1.459405851,0.263258694,1.75,3.75,Qal3,9
770,314.6548831,498.5604116,1.486160927,0.258077183,1.75,3.75,Qoa,10
770,294.4339308,605.7130276,1.429265751,0.478530927,3.75,5.75,Qoa,10
770,442.7315781,530.1546967,1.599399214,0.709024626,5.75,7.75,Qoa,10
770,545.54045,467.49583,1.599637635,0.869762394,7.75,8.5,Qoa,10
771,268.6371187,535.5176944,1.430947837,0.26211133,1.75,3.75,Qal2,8
771,373.604234,501.9413321,1.547481316,0.48025665,3.75,5.75,Qal2,8
771,410.862162,532.7178372,1.473802373,0.652440474,5.75,6.75,Qal2,8
772,227.9618055,376.1266112,1.52193166,0.260346076,1.75,3.75,Qal3,9
772,284.5711888,361.3716816,1.449891489,0.463849347,3.75,5.75,Qal3,9
772,298.7665085,366.069015,1.440132518,0.669149267,5.75,7.75,Qal3,9
772,213.5930008,285.6714914,1.63358871,0.881461384,7.75,9.75,Qal3,9
772,340.5174898,265.5150436,1.732587875,1.085106229,9.75,11.5,Qal3,9
773,158.8136267,217.3016257,1.632074127,0.232054678,1.75,3.75,Qal2,8
773,219.8068483,247.1565669,1.658550454,0.407408051,3.75,5.75,Qal2,8
773,252.3502094,249.5073442,1.549032002,0.588487413,5.75,7.75,Qal2,8
773,254.0014242,222.8722534,1.684611213,0.781965813,7.75,9.75,Qal2,8
773,293.2575256,230.9067065,1.877497438,0.970137804,9.75,11.75,Qal2,8
773,272.783475,294.0240468,1.839852879,1.170601015,11.75,13.75,Qal2,8
773,345.6034459,417.1841616,1.672565505,1.356230273,13.75,15.25,Qal2,8
774,237.2517792,295.6806664,1.695620508,0.233812554,1.75,3.75,Qal2,8
774,262.1210607,322.9026982,2.017938778,0.426163863,3.75,5.75,Qal2,8
774,201.3071081,312.0658229,1.986237231,0.636930215,5.75,7.75,Qal2,8
774,306.6695328,522.8026249,1.847231449,0.792457385,7.75,8.75,Qal2,8
774,339.000945,653.6623438,1.473148993,0.872726086,8.75,9.1,Qal2,8
775,226.815866,330.4701781,1.842248937,0.230966168,1.75,3.75,Qoa,10
775,361.2373015,544.9969812,1.523905678,0.434536238,3.75,5.75,Qoa,10
776,176.3160533,242.7848514,2.08321563,0.22148449,1.75,3.75,Qal2,8
776,368.7416153,279.845574,1.71488982,0.368710469,3.75,5.75,Qal2,8
776,215.837248,490.1455631,1.444026342,0.573419587,5.75,7.75,Qal2,8
776,240.0125203,215.9912574,2.323538196,0.768977015,7.75,9.75,Qal2,8
776,235.0192507,232.0987136,2.363934056,0.948003118,9.75,11.75,Qal2,8
776,353.4875674,245.2303157,2.089361805,1.103998867,11.75,12.8,Qal2,8
776,287.7949979,261.661521,2.2131755,1.256579132,12.8,14.75,Qal2,8
777,164.7189832,224.9577379,1.83978197,0.222209838,1.75,3.75,Qal2,8
777,183.8766244,251.4880205,1.776948554,0.324554346,3.75,4.2,Qal2,8
778,225.055325,230.5082925,1.955280246,0.242039884,1.75,3.75,Qal2,8
778,239.7604245,282.3972706,2.145033515,0.42818903,3.75,5.75,Qal2,8
778,194.9094761,288.7138286,1.95877421,0.616606858,5.75,7.75,Qal2,8
778,225.2260281,213.589164,2.380198557,0.81370238,7.75,9.75,Qal2,8
778,289.1610378,292.276529,2.048756164,1.004058812,9.75,11.75,Qal2,8
778,258.7638218,281.4095835,2.294833165,1.209451158,11.75,13.75,Qal2,8
778,287.2445869,352.440393,2.126592025,1.42871821,13.75,15.75,Qal2,8
778,360.4109819,517.049261,2.18971625,1.653302623,15.75,17.75,Qal2,8
778,248.4061204,348.6014781,2.173592334,1.892593816,17.75,19.75,Qal2,8
778,356.3894585,324.023496,2.45539602,2.109633185,19.75,21.75,Qal2,8
778,380.2448746,381.311546,2.164905801,2.341701948,21.75,23.75,Qal2,8
778,308.7921828,182.402065,2.157622252,2.521744462,23.75,24.9,Qal2,8
779,170.6765401,206.8556804,1.854939445,0.216242653,1.75,3.75,Qal2,8
779,179.835319,443.9918163,1.369991043,0.393963577,3.75,5.75,Qal2,8
779,237.0387035,521.1988126,1.237188314,0.551958838,5.75,6.7,Qal2,8
780,170.6765401,337.2326869,2.427939832,0.223810415,1.75,3.75,Qal2,8
780,179.835319,286.6034808,1.953282157,0.396739136,3.75,5.75,Qal2,8
780,486.4121601,249.2793928,2.18926133,0.583825134,5.75,7.75,Qal2,8
780,268.5030019,604.1318853,1.432242856,0.780139621,7.75,9.4,Qal2,8
781,212.8388183,189.7658855,1.634018126,0.233635263,1.75,3.75,Qal2,8
781,276.4746018,252.2349582,1.786430109,0.411982518,3.75,5.75,Qal2,8
781,265.1934657,330.2574272,1.934011186,0.597764678,5.75,7.75,Qal2,8
781,270.8874306,316.356956,2.021054399,0.78908165,7.75,9.75,Qal2,8
781,284.0440113,222.4973516,1.732565505,0.993513105,9.75,11.75,Qal2,8
781,332.1854013,241.5381807,1.830818617,1.201139815,11.75,13.75,Qal2,8
781,300.7320604,275.4813176,1.631586101,1.416997039,13.75,15.75,Qal2,8
781,332.9789255,342.2763372,1.709015144,1.645185008,15.75,17.75,Qal2,8
781,560.8973725,398.7246753,2.070428391,1.876515298,17.75,19.75,Qal2,8
781,382.3924387,352.2698859,1.97370365,2.109137999,19.75,21.75,Qal2,8
781,557.1562747,393.8929684,2.034698986,2.346421571,21.75,23.75,Qal2,8
781,233.7278308,317.7823047,1.982911385,2.571442396,23.75,25.45,Qal2,8
782,230.7840096,328.7561809,2.001635037,0.223185119,1.75,3.75,Qal2,8
782,244.1911643,281.9630666,1.943347423,0.409340103,3.75,5.75,Qal2,8
782,223.5492567,298.7897887,2.162265904,0.602259717,5.75,7.75,Qal2,8
782,255.313863,329.8927047,2.00110981,0.800436677,7.75,9.75,Qal2,8
782,295.6675851,318.5164456,1.855649239,1.016928055,9.75,11.75,Qal2,8
782,308.6153995,314.1619569,1.915553631,1.235144601,11.75,13.75,Qal2,8
782,270.6394046,308.1105702,2.256426878,1.453230047,13.75,15.75,Qal2,8
782,304.5777753,377.9174932,2.114822214,1.666450756,15.75,17.75,Qal2,8
782,326.0894459,300.7001249,2.154424415,1.892118805,17.75,19.75,Qal2,8
783,207.3893846,386.7595469,1.411808901,0.251431829,1.75,3.75,Qal3,9
783,259.274611,526.8480813,1.404527322,0.457965421,3.75,5.75,Qal3,9
783,409.6192503,458.8713846,1.471521419,0.678611465,5.75,7.75,Qal3,9
784,226.4910343,357.2062738,2.304685374,0.226912576,1.75,3.75,Qal2,8
784,202.6672926,197.6679583,2.534994266,0.388403237,3.75,5.75,Qal2,8
784,269.4837753,371.5301402,1.779434227,0.567740246,5.75,7.75,Qal2,8
784,284.9515975,165.0481891,2.196534899,0.743216264,7.75,9.75,Qal2,8
784,244.5457085,237.0145848,2.140167348,0.940525663,9.75,11.75,Qal2,8
784,308.5668286,347.1558126,1.909407735,1.098922505,11.75,13,Qal2,8
785,331.7855358,356.5753939,1.575649095,0.272789634,1.75,3.75,Qoa,10
785,290.1792382,608.6776128,1.716010123,0.48408824,3.75,5.75,Qoa,10
785,373.2739897,347.4946146,2.020010965,0.697288944,5.75,7.75,Qoa,10
785,402.7613654,404.556175,2.078817858,0.911143767,7.75,9.75,Qoa,10
785,532.9098562,421.8451849,1.724671613,1.131982384,9.75,11.75,Qoa,10
786,227.0212207,248.5807057,2.379559518,0.218375161,1.75,3.75,Qal2,8
786,361.4479123,262.6747441,1.939772667,0.378018053,3.75,5.75,Qal2,8
786,282.8033799,231.6035013,2.076396781,0.548242728,5.75,7.75,Qal2,8
786,294.1756825,344.5235852,2.273046135,0.728157844,7.75,9.75,Qal2,8
786,333.891744,281.2254108,2.111816921,0.922650571,9.75,11.75,Qal2,8
786,308.8552474,314.2598522,2.146918341,1.124425361,11.75,13.75,Qal2,8
786,383.0669471,311.2237201,1.842726054,1.33603774,13.75,15.75,Qal2,8
786,374.9287985,210.0296754,2.67337454,1.533749119,15.75,17.6,Qal2,8
787,227.7547465,325.3300547,2.111561495,0.258033728,1.75,3.75,Qal2,8
787,291.381301,280.2588017,2.009051078,0.432435729,3.75,5.75,Qal2,8
787,270.6933103,302.220278,1.854159785,0.618410899,5.75,7.75,Qal2,8
787,286.6056394,277.8067494,1.979687661,0.813773009,7.75,9.75,Qal2,8
787,292.5058742,268.4539641,1.762988366,1.017196895,9.75,11.75,Qal2,8
787,315.10805,287.5525871,1.972093832,1.233681452,11.75,13.75,Qal2,8
787,302.1661768,333.721904,2.400323907,1.442961884,13.75,15.75,Qal2,8
787,262.6996989,389.5100463,2.143618655,1.61772997,15.75,17,Qal2,8
788,285.3661453,377.0513894,2.155868393,0.243843647,1.75,3.75,Qal3,9
788,250.4917278,284.672125,1.879848646,0.429088318,3.75,5.75,Qal3,9
788,237.9115243,230.7490251,2.096378242,0.620338744,5.75,7.75,Qal3,9
788,249.863936,375.714297,2.242316729,0.815939058,7.75,9.75,Qal3,9
788,254.5737729,242.0239967,2.327149844,1.015784996,9.75,11.75,Qal3,9
789,245.872457,488.8814229,1.323885241,0.281069978,1.95,3.75,Qal2,8
789,266.1668988,300.9247071,1.553525178,0.465346454,3.75,5.75,Qal2,8
789,167.341634,234.4422785,1.924887839,0.653015308,5.75,7.75,Qal2,8
789,217.8408169,219.0183674,2.154753479,0.852561691,7.75,9.75,Qal2,8
789,202.2711286,278.8185069,2.117200555,1.044596298,9.75,11.75,Qal2,8
789,307.3937958,217.5597488,2.030857918,1.25341918,11.75,13.75,Qal2,8
789,240.332669,197.1230857,2.257272432,1.453782469,13.75,15.75,Qal2,8
789,440.2722086,278.899952,1.785599817,1.665855892,15.75,17.75,Qal2,8
789,316.2803835,242.7571444,2.182832513,1.808859162,17.75,18.4,Qal2,8
790,325.8441174,364.3777684,1.658495989,0.260797564,1.75,3.75,Qal2,8
790,199.9922017,197.4124639,1.891167554,0.444516455,3.75,5.75,Qal2,8
790,201.2180078,212.004222,2.202455243,0.614883051,5.75,7.75,Qal2,8
790,206.0326611,299.5634111,2.098549921,0.807241337,7.75,9.75,Qal2,8
790,223.1804242,187.7287588,2.279983223,1.003568989,9.75,11.75,Qal2,8
790,260.3326689,268.1640655,2.186591022,1.1942828,11.75,13.75,Qal2,8
791,195.22856,259.2560935,1.993545251,0.254478923,1.75,3.75,Qal2,8
791,177.5679241,177.813799,2.114874264,0.425905286,3.75,5.75,Qal2,8
791,184.8725324,219.5808818,2.317122069,0.595987348,5.75,7.75,Qal2,8
791,204.7939697,278.0386273,1.860461324,0.789919482,7.75,9.75,Qal2,8
791,268.9200175,276.6792927,1.798805767,0.996198903,9.75,11.75,Qal2,8
791,212.707289,186.4142627,2.387186014,1.183955357,11.75,13.75,Qal2,8
791,207.7980191,231.3784488,2.324001529,1.335176613,13.75,15,Qal2,8
792,157.8157429,165.847517,1.878645031,0.219494273,1.75,3.75,Qal2,8
792,277.3300371,368.6999829,1.805748666,0.395882285,3.75,5.75,Qal2,8
792,214.6735384,289.4110176,1.764505068,0.595383416,5.75,7.75,Qal2,8
792,183.6114208,338.2031129,1.879766033,0.796057612,7.75,9.75,Qal2,8
792,215.2005477,363.6487538,1.854904663,1.00305914,9.75,11.75,Qal2,8
792,237.9321945,274.2973095,1.843849668,1.161871787,11.75,12.85,Qal2,8
793,244.061892,270.0214453,1.858091541,0.231789992,1.75,3.75,Qal2,8
793,282.1183362,284.1308542,1.535031023,0.419658339,3.75,5.75,Qal2,8
793,233.1036012,599.1176235,1.274916222,0.631619008,5.75,7.75,Qal2,8
793,230.346441,425.0718557,1.557887039,0.850007508,7.75,9.75,Qal2,8
794,199.1798658,354.2027745,1.472787938,0.221165648,1.75,3.75,Qal2,8
794,303.9529512,580.5529494,1.436486901,0.430259076,3.75,5.75,Qal2,8
794,232.2714658,332.4892914,1.721004461,0.640727114,5.75,7.75,Qal2,8
794,202.4936632,358.7884043,1.813245833,0.846697284,7.75,9.75,Qal2,8
794,309.0745741,401.36373,1.539818675,1.067975213,9.75,11.75,Qal2,8
794,417.7077742,437.6877712,1.474213439,1.29774769,11.75,13.75,Qal2,8
794,441.3989756,619.7745242,1.539113688,1.426599413,13.75,13.95,Qal2,8
795,239.532999,483.1152671,1.515998712,0.241269108,1.75,3.75,Qal2,8
795,259.0515583,440.8519702,1.447382126,0.455125569,3.75,5.75,Qal2,8
795,239.7248941,403.049326,1.416199236,0.678095081,5.75,7.85,Qal2,8
796,160.8437485,114.7598386,3.125536959,0.185759825,1.75,3.75,Qal2,8
797,178.1955633,351.7350996,1.807436233,0.265687056,1.75,3.75,Qal2,8
797,322.8790878,660.9099534,1.378599361,0.426031163,3.75,4.85,Qal2,8
798,192.7828729,226.6626724,1.584009465,0.192090416,1.75,3.75,Qal2,8
798,258.3087026,341.2329058,1.525728924,0.382413034,3.75,5.75,Qal2,8
798,336.6762579,389.1597531,1.794098828,0.552706897,5.75,7.45,Qal2,8
799,239.9730889,321.5973435,1.702335556,0.277061748,1.75,3.75,Qal2,8
799,544.7560541,243.4109502,1.848553073,0.445933681,3.75,5.5,Qal2,8
800,208.2752893,287.4306402,1.52981229,0.230893878,1.75,3.75,Qal2,8
800,181.1991014,319.7597183,2.046698113,0.418894502,3.75,5.75,Qal2,8
800,289.6032033,232.8560127,2.200422016,0.604656293,5.75,7.75,Qal2,8
800,284.8297085,526.2802177,1.534871222,0.809348064,7.75,9.75,Qal2,8
800,237.2719542,348.9103551,2.004856473,1.035268848,9.75,11.75,Qal2,8
800,321.8865441,214.1152349,2.418886138,1.232380425,11.75,13.75,Qal2,8
800,301.0317737,345.3215898,1.946718183,1.433459003,13.75,15.65,Qal2,8
801,199.9035271,418.1670371,1.452906596,0.246098832,1.75,3.75,Qal2,8
801,243.2330995,569.7072004,1.37210516,0.458514145,3.75,5.75,Qal2,8
801,281.96042,430.6275228,1.654755561,0.676454543,5.75,7.75,Qal2,8
801,293.329204,543.010577,1.548726052,0.895131426,7.75,9.75,Qal2,8
801,352.9593066,417.3743541,1.521422456,1.120025314,9.75,11.75,Qal2,8
801,292.7394935,315.7341114,1.502426405,1.241190916,11.75,11.95,Qal2,8
802,182.3580112,131.9530205,1.695964676,0.244592938,1.75,3.75,Qal2,8
802,195.4573193,204.839637,1.700107588,0.406581229,3.75,5.75,Qal2,8
802,310.2965763,445.1426762,1.460961633,0.610118355,5.75,7.75,Qal2,8
802,279.2457492,360.1414852,1.532236018,0.826370065,7.75,9.75,Qal2,8
803,212.6727809,258.3502269,1.642574153,0.244488284,1.75,3.75,Qal2,8
803,202.7335679,385.0457947,1.555303435,0.439085888,3.75,5.75,Qal2,8
803,303.1540813,446.3775144,1.588268996,0.650144252,5.75,7.75,Qal2,8
803,315.4931961,534.3451463,1.470601921,0.877255304,7.75,9.75,Qal2,8
804,285.6119245,239.5571397,1.644040213,0.216613738,1.7,3.75,Qal3,9
804,365.4734653,288.9669281,1.945039149,0.403620669,3.75,5.75,Qal3,9
804,234.4131816,369.8714169,2.003684598,0.597662543,5.75,7.75,Qal3,9
804,415.7274975,396.6043939,1.979798513,0.79996034,7.75,9.75,Qal3,9
804,485.5463838,276.8198198,1.983495496,1.006339824,9.75,11.75,Qal3,9
804,391.7879801,469.8264588,1.496919541,1.172210913,11.75,12.75,Qal3,9
805,310.2314573,418.7190347,1.576904887,0.243370846,1.75,3.75,Qal3,9
805,300.833698,316.91569,1.937948987,0.535233854,3.75,7.75,Qal3,9
805,411.8191497,302.8481538,1.824194077,0.821803901,7.75,9.3,Qal3,9
806,270.7939512,367.630668,1.550507554,0.246199515,1.75,3.75,Qal2,8
806,222.8040596,309.2137213,1.830457501,0.453163865,3.75,5.75,Qal2,8
806,442.3785044,598.7840939,2.104943261,0.672191818,5.75,7.75,Qal2,8
806,375.402191,519.5586022,1.864525532,0.895532385,7.75,9.75,Qal2,8
806,337.5619314,469.000943,1.663753016,1.029315447,9.75,10.1,Qal2,8
807,213.0119202,389.3977352,2.522741263,0.235474834,1.75,3.75,Qal2,8
807,224.3671096,251.0361908,2.39105486,0.417870204,3.75,5.85,Qal2,8
807,201.3783669,258.6799753,2.261072012,0.603438735,5.85,7.75,Qal2,8
807,244.3278126,267.2218435,2.171941766,0.79286277,7.75,9.75,Qal2,8
807,272.6635074,250.6146002,2.288292684,0.988521014,9.75,11.75,Qal2,8
807,267.3753626,187.1800754,2.535337815,1.176978036,11.75,13.75,Qal2,8
807,354.3172643,398.9079173,1.831919254,1.336894782,13.75,14.9,Qal2,8
808,233.0236817,244.5422217,1.965232271,0.229853498,1.75,3.75,Qal2,8
808,292.2208599,300.4370407,2.015285085,0.418836611,3.75,5.75,Qal2,8
808,359.706799,246.0930449,1.744314402,0.617072888,5.75,7.75,Qal2,8
808,361.0060303,235.7386901,1.501695385,0.733389591,7.75,8.05,Qal2,8
810,199.9035271,263.1978229,2.112964988,0.200205983,1.75,3.75,Qal3,9
810,228.9672087,390.9770488,1.614542887,0.3796697,3.75,5.75,Qal3,9
810,252.5321349,358.4508906,1.666719749,0.562039004,5.75,7.75,Qal3,9
810,271.3902165,325.3900793,1.733043973,0.762032446,7.75,9.75,Qal3,9
810,292.175679,281.2173263,1.911614605,0.971609912,9.75,11.75,Qal3,9
810,370.0854168,299.5403903,1.926521874,1.185898745,11.75,13.75,Qal3,9
810,269.9172147,325.2658131,2.032195333,1.408922001,13.75,15.75,Qal3,9
810,370.4938485,291.9036544,2.411962063,1.623823864,15.75,17.75,Qal3,9
810,307.1083394,139.7405782,2.801688681,1.826082656,17.75,19.75,Qal3,9
810,418.2635413,143.3272327,2.771095438,2.002667634,19.75,21.75,Qal3,9
811,326.2500066,365.7304032,1.413039709,0.239377898,1.75,3.75,Qal3,9
811,301.8678843,322.4646072,1.537995678,0.428844038,3.75,5.75,Qal3,9
811,400.9607784,702.5926999,1.261134978,0.601705791,5.75,7,Qal3,9
812,197.5866282,301.2995172,2.094530159,0.226041529,1.75,3.75,Qal2,8
812,224.4199049,293.4118136,2.187465782,0.401367848,3.75,5.75,Qal2,8
812,257.1102065,228.3674256,2.085605435,0.584058226,5.75,7.75,Qal2,8
812,281.1392299,300.0989483,2.051301876,0.779030745,7.75,9.75,Qal2,8
812,202.317437,238.2011409,2.074320955,0.977803389,9.75,11.75,Qal2,8
812,322.2818842,246.744488,2.224249518,1.183088202,11.75,13.75,Qal2,8
812,339.2349107,203.876035,2.133203613,1.383909747,13.75,15.75,Qal2,8
812,317.5562391,277.607012,2.333780326,1.588406873,15.75,17.75,Qal2,8
812,323.7067473,393.2655999,1.759937075,1.76077649,17.75,18.85,Qal2,8
813,262.9302048,342.6295947,2.114643043,0.241040082,1.75,3.75,Qal2,8
813,209.5012827,299.2815039,2.182589659,0.426496371,3.75,5.75,Qal2,8
813,228.4122473,228.8010809,2.31705195,0.608920055,5.75,7.75,Qal2,8
813,277.400714,250.2764394,1.811723657,0.798551518,7.75,9.75,Qal2,8
813,238.4051601,228.5816671,2.181788342,1.000407516,9.75,11.75,Qal2,8
813,300.6593842,233.7248655,2.098497037,1.203404238,11.75,13.75,Qal2,8
813,265.2181894,189.5698595,2.390321664,1.399628601,13.75,15.75,Qal2,8
813,279.8557804,179.5123754,2.426525822,1.598897693,15.75,17.75,Qal2,8
813,263.7024749,206.0237469,2.274851935,1.809420756,17.75,19.9,Qal2,8
813,321.1561391,178.001403,2.358543722,2.018950473,19.9,21.75,Qal2,8
813,327.3713,246.7681359,2.143831786,2.217205763,21.75,23.75,Qal2,8
813,263.9742746,311.3799921,1.957753714,2.445044854,23.75,25.75,Qal2,8
813,332.9516152,286.8151122,1.98437754,2.611092237,25.75,26.65,Qal2,8
814,284.8521538,468.8564112,2.022836631,0.241748997,1.75,3.75,Qal2,8
814,316.6450925,334.4547652,2.107181946,0.438530311,3.75,5.75,Qal2,8
814,277.8739435,356.6425745,1.938004303,0.641265786,5.75,7.75,Qal2,8
814,266.1472611,239.2410013,2.341153217,0.835002594,7.75,9.75,Qal2,8
814,280.4456381,232.5099215,2.088420035,1.030186302,9.75,11.75,Qal2,8
814,261.0652625,188.3074462,2.280040468,1.229059024,11.75,13.75,Qal2,8
814,281.8078087,192.399739,2.548669319,1.426066909,13.75,15.75,Qal2,8
814,317.2388696,266.0139269,2.116319689,1.616313317,15.75,17.75,Qal2,8
814,334.31134,329.1891546,1.648980165,1.808324521,17.75,19.1,Qal2,8
815,224.3156187,234.0111366,1.763846157,0.261399851,1.75,3.75,Qal2,8
815,225.9594065,323.246541,1.46234835,0.420950229,3.75,5.4,Qal2,8
816,189.3293904,249.2734716,1.678998007,0.222377223,1.75,3.75,Qal2,8
816,271.1626622,358.9366631,1.466038412,0.409667142,3.75,5.75,Qal2,8
816,343.3202924,451.6149271,1.21086905,0.523391773,5.75,6.35,Qal2,8
817,232.5722764,343.091688,1.954903673,0.248333934,1.75,3.75,Qal2,8
817,199.409779,346.7619167,2.020377875,0.437203396,3.75,5.75,Qal2,8
817,288.9626865,287.949995,1.778365918,0.635348807,5.75,7.75,Qal2,8
817,349.0800217,337.6422193,1.594190666,0.83443178,7.75,9.55,Qal2,8
818,210.3846695,414.1578704,1.897139646,0.183685423,1.75,3.75,Qal2,8
818,224.0057149,324.6557495,1.73470245,0.378528552,3.75,5.75,Qal2,8
818,228.3198682,254.891328,2.135110537,0.572522062,5.75,7.75,Qal2,8
818,331.5581625,215.0637844,2.518094859,0.752276699,7.75,9.75,Qal2,8
818,259.3057171,234.1679947,2.227501643,0.933027156,9.75,11.75,Qal2,8
818,264.5568,277.0825289,2.233528783,1.131844027,11.75,13.75,Qal2,8
818,428.3957271,382.5838536,1.593761851,1.319095011,13.75,15.25,Qal2,8
819,256.5478688,318.6828967,1.910497662,0.248211241,1.75,3.75,Qal2,8
819,250.0875358,297.5554572,1.961972708,0.438491695,3.75,5.75,Qal2,8
819,297.4009089,408.9449589,1.570440404,0.641873397,5.75,7.75,Qal2,8
819,225.561723,377.2323451,1.564283079,0.85905615,7.75,9.75,Qal2,8
819,377.6946048,346.4606207,1.843402424,1.072553565,9.75,11.75,Qal2,8
819,330.7066984,447.2352063,1.424476548,1.294556794,11.75,13.75,Qal2,8
819,426.2670786,426.2439419,1.379785816,1.441477653,13.75,14.35,Qal2,8
820,242.0146915,562.2114754,2.21554892,0.233496946,1.75,3.75,Qal2,8
820,332.7621943,370.1141416,1.724810599,0.430255624,3.75,5.75,Qal2,8
820,217.1066603,241.983744,2.018653363,0.629638663,5.75,7.75,Qal2,8
820,306.2304746,267.4441478,1.750795211,0.822490731,7.75,9.75,Qal2,8
820,356.3735945,441.2506515,1.40367034,0.957634423,9.75,10.3,Qal2,8
821,197.3400771,368.5424384,2.021933968,0.243392951,1.75,3.75,Qal3,9
821,258.8479599,354.6195817,2.048024415,0.432958781,3.75,5.75,Qal3,9
821,296.229383,243.0213587,1.929557395,0.635072305,5.75,7.75,Qal3,9
821,290.6447729,271.1855229,1.696146935,0.748420544,7.75,8,Qal3,9
822,366.7098175,245.4552155,1.701834461,0.240086827,1.75,3.75,Qoa,10
822,345.1605206,231.5142529,1.767110563,0.436188237,3.75,5.75,Qoa,10
822,462.8318207,324.1515461,1.882261013,0.634530299,5.75,7.75,Qoa,10
822,397.2343039,580.2980926,1.350629223,0.766977107,7.75,8.3,Qoa,10
823,200.4637277,139.5224125,1.884799215,0.174582126,1.75,3.75,Qal2,8
823,304.6520241,485.2906318,1.322679212,0.303440616,3.75,4.85,Qal2,8
824,321.4815258,130.2784195,1.683166191,0.158772639,1.75,3.75,Qal2,8
825,240.1845111,169.4436467,1.7499259,0.147478023,1.75,3.75,Qal2,8
825,345.7332554,434.605653,1.443354074,0.329399242,3.75,5.75,Qal2,8
825,320.133737,532.9673509,1.369031672,0.465171224,5.75,6.25,Qal2,8
826,223.714007,219.03219,1.730787878,0.193032877,1.75,3.75,Qal2,8
826,243.514102,330.4451782,1.423814606,0.383137858,3.75,5.75,Qal2,8
826,215.7073243,213.4659904,1.886492644,0.561742849,5.75,7.75,Qal2,8
826,278.1079148,313.2385309,1.483497177,0.757064742,7.75,9.75,Qal2,8
826,243.5894323,327.2226918,1.2745886,0.96304614,9.75,11.75,Qal2,8
826,224.621355,361.9764046,1.310728899,1.099498754,11.75,12.55,Qal2,8
827,286.8539046,284.9909875,1.842496586,0.252893422,1.75,3.75,Qal2,8
827,251.5079469,315.9699971,1.90779954,0.437371696,3.75,5.75,Qal2,8
827,312.894406,305.234421,1.879170505,0.629203668,5.75,7.75,Qal2,8
827,293.2834698,290.0004974,1.968357497,0.842099631,7.75,9.75,Qal2,8
827,285.4741813,389.8498961,1.971369467,1.032207317,9.75,11.7,Qal2,8
827,380.1332821,463.9489381,1.320881027,1.172749629,11.7,12.35,Qal2,8
828,271.0631993,494.1364176,2.126468767,0.234521735,1.75,3.75,Qal2,8
828,230.9330751,279.450088,2.307024198,0.411699419,3.75,5.75,Qal2,8
828,257.9987432,329.3840462,1.846839574,0.59825862,5.75,7.75,Qal2,8
828,278.5034006,342.6228047,1.532243417,0.813061961,7.75,9.75,Qal2,8
828,267.107076,252.8893352,1.749408343,1.028810742,9.75,11.75,Qal2,8
828,245.5669979,161.6456592,2.566300437,1.216068273,11.75,13.75,Qal2,8
828,280.0557886,462.1233198,1.585874901,1.379647919,13.75,15,Qal2,8
829,220.4518828,428.4666856,1.649402029,0.204957635,1.75,3.75,Qal2,8
829,233.0046543,264.7062347,1.756734287,0.40204347,3.75,5.75,Qal2,8
829,241.7978728,360.697004,1.906032339,0.599653506,5.75,7.75,Qal2,8
829,291.3236154,453.6612467,1.495091806,0.818558324,7.75,9.75,Qal2,8
829,287.1250914,372.1884708,1.936868043,1.037489545,9.75,11.75,Qal2,8
829,341.0893937,349.0538086,1.798135218,1.251418935,11.75,13.75,Qal2,8
830,239.532999,325.7957674,2.023465917,0.211618427,1.75,3.75,Qal2,8
830,254.1860439,337.0374479,1.83576391,0.409542307,3.75,5.75,Qal2,8
830,246.6351519,269.7197954,2.00588309,0.60873218,5.75,7.75,Qal2,8
830,260.2716772,255.2155472,1.917641058,0.813497923,7.75,9.75,Qal2,8
830,266.9698967,313.3469873,2.048083195,1.019018838,9.75,11.75,Qal2,8
830,262.5320882,357.1700107,1.917004928,1.229669308,11.75,13.75,Qal2,8
831,256.5478688,456.8474389,2.060067579,0.234526683,1.75,3.75,Qal3,9
831,260.6855001,323.3274348,2.043094753,0.428810951,3.75,5.75,Qal3,9
831,270.3736281,391.8187199,2.027203892,0.626823139,5.75,7.75,Qal3,9
831,259.9441039,383.3408907,1.924766249,0.841460126,7.75,9.75,Qal3,9
831,280.2188719,403.7876488,1.905388675,1.072137996,9.75,11.75,Qal3,9
831,261.6284897,279.1046127,2.011975086,1.295448571,11.75,13.75,Qal3,9
831,314.9229365,270.6053612,2.222146547,1.514613137,13.75,15.75,Qal3,9
831,337.3808094,281.0458571,1.669898201,1.691668743,15.75,17.1,Qal3,9
832,274.0707351,316.6861799,1.515485307,0.171460367,1.75,3.75,Qal2,8
832,291.9375495,400.5493013,2.072272715,0.354302741,3.75,5.75,Qal2,8
832,297.4967643,435.636666,1.809710036,0.554795941,5.75,7.75,Qal2,8
832,249.3704262,275.3419749,2.202597204,0.752212309,7.75,9.75,Qal2,8
832,230.914853,237.5427238,2.138627824,0.950453163,9.75,11.75,Qal2,8
832,227.4655529,279.7773837,2.037178718,1.155993007,11.75,13.75,Qal2,8
832,381.3558165,317.052661,2.230829217,1.369483968,13.75,15.75,Qal2,8
832,295.622572,318.3634648,2.020910034,1.588923563,15.75,17.75,Qal2,8
832,293.5563736,278.5308445,1.905054217,1.728116511,17.75,18.25,Qal2,8
833,271.6765819,127.0135557,1.804668242,0.182714599,1.75,3.75,Qal3,9
833,272.9534826,167.9082675,1.795611624,0.331438572,3.75,5.75,Qal3,9
833,330.2524695,303.7944833,1.491266995,0.512816943,5.75,7.75,Qal3,9
833,324.8392054,305.5661885,1.544626878,0.704262768,7.75,9.75,Qal3,9
833,389.9182457,337.3696557,1.552538701,0.901850306,9.75,11.75,Qal3,9
833,432.2173378,282.2072796,1.705301065,1.114863924,11.75,13.75,Qal3,9
834,275.6581648,258.4902304,1.561076447,0.219933229,1.95,3.75,Qal3,9
834,344.2023404,559.3768069,1.216726762,0.406266258,3.75,5.75,Qal3,9
834,363.1727625,561.4188265,1.339711731,0.622863947,5.75,7.75,Qal3,9
835,229.9357309,164.1697643,1.800247724,0.239279087,1.75,3.75,Qal3,9
835,324.7765584,223.9640251,1.907695127,0.390720402,3.75,5.75,Qal3,9
835,441.3203559,402.1419129,1.45383848,0.580800116,5.75,7.75,Qal3,9
836,257.2071525,443.1087005,1.434366399,0.223925213,1.75,3.75,Qal2,8
836,383.049373,365.4336175,1.587642338,0.39569965,3.75,5.75,Qal2,8
836,138.4093229,218.7438101,2.109152425,0.571272787,5.75,7.75,Qal2,8
836,224.727996,229.8662965,2.183005887,0.732700809,7.75,9.75,Qal2,8
836,224.3507874,343.1395592,1.90598779,0.921798838,9.75,11.75,Qal2,8
837,307.4039308,403.5275319,1.673733939,0.085584892,1.75,3.75,Qal2,8
837,307.8528637,151.5123335,1.618475591,0.225074433,3.75,5.75,Qal2,8
837,332.6151063,247.3675064,1.421379485,0.394674527,5.75,7.75,Qal2,8
837,306.8047404,191.2911759,1.436748778,0.57264816,7.75,9.75,Qal2,8
837,268.5222671,165.9917479,1.905697824,0.743118969,9.75,11.75,Qal2,8
837,376.921867,242.3616156,1.711656236,0.932088394,11.75,13.75,Qal2,8
837,293.8799209,327.6960775,1.631081828,1.139940374,13.75,15.75,Qal2,8
837,351.2595992,276.305575,1.572366523,1.352037048,15.75,17.75,Qal2,8
837,365.6308655,361.6953849,1.448709656,1.555951402,17.75,19.45,Qal2,8
838,166.329832,279.8614548,1.413034175,0.240120818,1.75,3.75,Qal2,8
838,216.3656512,266.9082418,1.449662872,0.429227822,3.75,5.75,Qal2,8
838,328.1992388,315.3503718,1.408904807,0.621798488,5.75,7.75,Qal2,8
838,233.5985125,228.6178086,1.569707044,0.809811636,7.75,9.75,Qal2,8
838,302.2446146,240.618517,1.6524499,1.004113896,9.75,11.75,Qal2,8
838,494.5575833,182.8469415,1.797482413,1.133485311,11.75,12.35,Qal2,8
839,287.1276767,93.22955127,1.689593365,0.132927206,1.75,3.75,Qal2,8
839,329.9382063,138.7610528,1.66894946,0.279029017,3.75,5.75,Qal2,8
839,459.3838413,219.1234736,1.579830485,0.450492145,5.75,7.75,Qal2,8
839,342.4937057,229.4194557,1.392578611,0.633912918,7.75,9.75,Qal2,8
839,176.106443,295.3360436,1.946476933,0.820287921,9.75,11.75,Qal2,8
839,300.8410277,315.3961357,2.088123916,1.01532279,11.75,13.75,Qal2,8
839,306.7287823,276.9832208,1.966809903,1.221373984,13.75,15.75,Qal2,8
839,353.1290809,257.248406,2.408713979,1.389044003,15.75,17.05,Qal2,8
840,252.8295904,138.3243408,1.830974711,0.183515305,1.75,3.75,Qal2,8
840,331.7148434,188.5181619,1.784225763,0.358872405,3.75,5.75,Qal2,8
840,290.362152,288.345907,2.006617837,0.542976069,5.75,7.75,Qal2,8
840,364.1394639,326.2749411,2.090895752,0.734790793,7.75,9.75,Qal2,8
840,240.4495256,266.657152,1.96322887,0.928239648,9.75,11.75,Qal2,8
840,288.8361915,321.3803423,1.444401455,1.13904788,11.75,13.75,Qal2,8
840,282.1852475,252.3495396,2.333144312,1.339171535,13.75,15.75,Qal2,8
840,446.7196396,421.4368599,1.832865061,1.458144431,15.75,16.1,Qal2,8
841,278.2503312,250.2753074,1.928122164,0.211302811,1.75,3.75,Qal2,8
841,272.7139296,281.8828525,2.353823747,0.379857164,3.75,5.75,Qal2,8
841,243.1064086,295.0614083,1.717546823,0.572132689,5.75,7.75,Qal2,8
841,265.7521223,277.4436877,1.941335382,0.775013414,7.75,9.75,Qal2,8
841,255.2648657,234.0400308,2.304748469,0.977911429,9.75,11.75,Qal2,8
841,307.7737794,390.1998792,1.780329939,1.1818353,11.75,13.75,Qal2,8
841,394.2327792,396.3377878,1.51885486,1.403107746,13.75,15.75,Qal2,8
842,207.0606106,236.134249,1.615186241,0.191499782,1.75,3.75,Qal2,8
842,428.8523121,214.0622549,1.81895084,0.369804973,3.75,5.75,Qal2,8
842,195.1441803,272.5803802,2.248419532,0.546539753,5.75,7.75,Qal2,8
842,229.866472,261.7628321,2.26469922,0.727849476,7.75,9.75,Qal2,8
842,230.2977196,210.8081955,2.34679376,0.907795528,9.75,11.75,Qal2,8
842,303.0156419,211.8320409,2.304980017,1.085482672,11.75,13.75,Qal2,8
842,402.4346482,281.5459636,1.701461811,1.281542167,13.75,15.55,Qal2,8
843,235.1962232,275.8274806,1.416448076,0.253226945,1.75,3.75,Qal2,8
843,196.3860635,254.163723,1.378999466,0.432219552,3.75,5.75,Qal2,8
843,232.2714658,273.6186328,1.440006948,0.624178637,5.75,7.75,Qal2,8
843,298.7950338,254.2221487,1.467382664,0.81808426,7.75,9.75,Qal2,8
843,234.5132968,263.167625,1.489301426,1.017699421,9.75,11.75,Qal2,8
844,207.0606106,343.1354956,1.415376953,0.186581294,1.75,3.75,Qal2,8
844,284.5711888,211.5068788,1.644913892,0.364137707,3.75,5.75,Qal2,8
844,265.3504596,231.2143053,1.499901997,0.545163048,5.75,7.75,Qal2,8
844,314.3707123,496.269555,1.308748941,0.749322742,7.75,9.75,Qal2,8
844,320.8143983,453.904919,1.333801062,0.958257188,9.75,11.5,Qal2,8
845,190.9253719,386.2331466,1.265251376,0.218423847,1.75,3.75,Qal2,8
845,348.2781987,549.1814418,1.159027789,0.420533371,3.75,5.75,Qal2,8
845,347.9039673,530.6715038,1.244521312,0.635899829,5.75,7.75,Qal2,8
845,307.0670478,458.9049204,1.316594922,0.853513628,7.75,9.75,Qal2,8
845,4175.821129,502.7800178,1.299256779,0.969707601,9.75,9.85,Qal2,8
846,303.6253817,452.8654588,1.29426182,0.217440323,1.75,3.75,Qal3,9
846,345.1812446,611.3675003,1.228557837,0.431959013,3.75,5.75,Qal3,9
846,356.973756,495.4999682,1.281993525,0.641116411,5.75,7.6,Qal3,9
847,276.366462,480.8777051,1.264044405,0.219687128,1.75,3.75,Qal2,8
847,340.9848686,596.0844294,1.254326591,0.432890083,3.75,5.75,Qal2,8
847,344.8091409,586.3108455,1.291439096,0.56038487,5.75,6.05,Qal2,8
848,432.7480873,629.9281261,1.222712446,0.241960772,1.75,3.35,Qal2,8
849,228.4822032,240.8889227,1.396972521,0.237992636,1.75,3.75,Qal2,8
849,304.9908824,432.6850387,1.206340354,0.423762923,3.75,5.75,Qal2,8
849,409.525626,363.2837492,1.320294902,0.625533601,5.75,7.75,Qal2,8
849,387.0960538,480.5467391,1.224192027,0.832738588,7.75,9.75,Qal2,8
850,249.1262943,139.1311273,1.607992045,0.18640219,1.75,3.75,Qal2,8
850,271.2883019,253.010924,1.476438371,0.357007827,3.75,5.75,Qal2,8
850,224.0179796,256.8876263,1.458219862,0.541105138,5.75,7.75,Qal2,8
850,362.5746597,287.4533195,1.537720019,0.730397577,7.75,9.75,Qal2,8
850,255.2016798,152.5494684,1.737226459,0.919860701,9.75,11.75,Qal2,8
850,344.7512258,264.8935356,1.457980958,1.116728166,11.75,13.75,Qal2,8
850,316.4083726,215.5497123,1.614843404,1.310713592,13.75,15.75,Qal2,8
850,452.6263006,201.614364,1.867302072,1.508428787,15.75,17.75,Qal2,8
850,275.4698894,218.012058,1.754057609,1.713766037,17.75,19.75,Qal2,8
850,314.990892,227.6738961,1.711534348,1.921498507,19.75,21.75,Qal2,8
850,431.1108393,241.2201696,1.995523704,2.133444183,21.75,23.75,Qal2,8
850,270.4400348,184.1757107,1.698860943,2.35302913,23.75,25.75,Qal2,8
851,221.0933303,197.5230101,1.973471709,0.137117011,1.75,3.75,Qal2,8
851,275.859488,153.25596,1.891082531,0.269961544,3.75,5.75,Qal2,8
851,338.3630055,175.2432543,1.87003536,0.428735441,5.75,7.75,Qal2,8
851,307.4402008,179.1502831,1.845265383,0.605715849,7.75,9.75,Qal2,8
851,230.3483162,234.6036209,1.689924776,0.802683004,9.75,11.75,Qal2,8
851,344.7512258,247.2229901,2.025296195,1.001431571,11.75,13.75,Qal2,8
851,285.7314803,196.0891157,2.287008043,1.194395856,13.75,15.75,Qal2,8
851,307.4256913,261.0857451,1.861096392,1.396799443,15.75,17.75,Qal2,8
851,391.0898822,325.3578211,1.793084731,1.61842286,17.75,19.75,Qal2,8
851,340.134616,346.3461718,2.049360629,1.839745942,19.75,21.75,Qal2,8
851,391.4823143,242.9946836,1.786158306,2.068128538,21.75,23.75,Qal2,8
851,432.1966584,248.0207111,1.924077402,2.299133997,23.75,25.75,Qal2,8
853,211.0570408,386.8994086,1.341589219,0.20621231,1.75,3.75,Qal2,8
853,305.3690128,683.7053828,1.145136544,0.400648613,3.75,5.55,Qal2,8
854,222.4946176,180.8767103,2.041381325,0.200723479,1.75,3.75,Qal2,8
854,247.6846637,256.5468356,2.139057158,0.368290231,3.75,5.75,Qal2,8
854,165.009381,237.967326,2.240477181,0.545762513,5.75,7.75,Qal2,8
854,209.0147141,220.9713993,1.961351997,0.731329429,7.75,9.75,Qal2,8
854,229.4159784,251.5080834,1.767260465,0.927283019,9.75,11.75,Qal2,8
854,261.928291,215.3800664,2.128909995,1.140188846,11.75,13.75,Qal2,8
854,244.0727836,232.4995533,1.893853562,1.345088966,13.75,15.75,Qal2,8
854,253.5240325,192.852191,2.459669141,1.549794243,15.75,17.75,Qal2,8
854,252.062647,280.9208219,2.03956156,1.752944615,17.75,19.75,Qal2,8
855,336.7180694,283.2916731,1.436642739,0.204243964,1.75,3.75,Qoa,10
855,326.4683989,440.0579735,1.480333728,0.392110113,3.75,5.75,Qoa,10
855,413.1024951,453.1442438,1.545305528,0.615690322,5.75,7.75,Qoa,10
855,580.3397683,444.5025962,1.532530741,0.843459917,7.75,9.75,Qoa,10
855,305.1580949,488.4957674,1.487476962,1.189378833,9.75,13.75,Qoa,10
856,221.3095232,194.7373385,1.714003923,0.238829461,2.2,3.75,Qoa,10
856,181.4642928,203.1966463,2.068742775,0.374563656,3.75,5.75,Qoa,10
856,421.2067671,231.541422,1.635111822,0.545073446,5.75,7.75,Qoa,10
856,415.4488752,272.2556887,1.495857199,1.038589875,7.75,15.75,Qoa,10
857,332.1747216,244.6965614,1.472508238,0.212517797,1.75,3.75,Qoa,10
857,302.6046081,369.5008213,1.43292338,0.406789186,3.75,5.75,Qoa,10
857,500.1997896,387.6283769,2.103321413,0.606374903,5.75,7.75,Qoa,10
858,350.6444942,270.9702413,1.423028848,0.176493095,1.75,3.75,Qal3,9
858,375.2002952,360.2331009,1.680421728,0.368141967,3.75,5.75,Qal3,9
858,478.9422492,547.3335725,1.749632273,0.585504707,5.75,7.75,Qal3,9
862,434.8846717,258.4340009,1.43143951,0.211866744,1.75,3.75,Qal2,8
862,371.8412301,317.3398173,1.523626408,0.394018895,3.75,5.75,Qal2,8
862,713.3986745,521.7894172,1.821936453,0.61544302,5.75,7.75,Qal2,8
862,721.4120744,667.0809658,2.018595553,0.856229057,7.75,9.75,Qal2,8
862,511.3967799,371.6995091,1.893509859,1.086014882,9.75,11.75,Qal2,8
862,596.6902405,740.0515135,2.162167013,1.218110889,11.75,12.05,Qal2,8
863,371.8448894,191.9130711,1.915782157,0.223281552,1.75,3.75,Qal2,8
863,469.0128919,694.1755958,1.746444026,0.416844033,3.75,5.75,Qal2,8
863,386.8850579,579.2008108,1.988872827,0.64871655,5.75,7.75,Qal2,8
863,344.460692,712.3982287,2.195411166,0.871879323,7.75,9.75,Qal2,8
863,487.7638156,616.3612502,2.136158553,1.100919829,9.75,11.75,Qal2,8
863,533.1830032,455.8281672,1.929112172,1.328767769,11.75,13.75,Qal2,8
863,325.179474,362.5305589,1.831711601,1.507274049,13.75,14.75,Qal2,8
866,219.5810614,211.3973633,1.598561516,0.224841943,1.75,3.75,Qal3,9
866,290.308456,224.0490768,1.516608122,0.40415924,3.75,5.75,Qal3,9
866,416.2143342,317.8628323,1.490846102,0.581315621,5.75,7.75,Qal3,9
866,379.3741106,416.4705848,1.330350443,0.761543138,7.75,9.4,Qal3,9
867,316.2148899,262.1896197,1.537079907,0.212126448,1.75,3.75,Qal2,8
867,440.031086,276.6949302,1.417376705,0.471385003,3.75,7.75,Qal2,8
867,405.5879407,256.1772352,1.361415051,0.747057545,7.75,9.55,Qal2,8
868,268.265251,602.3476535,1.255000889,0.239519547,1.75,3.75,Qal2,8
868,346.359131,326.0478488,1.312037243,0.428635268,3.75,5.75,Qal2,8
868,305.3788854,224.3934851,1.572552789,0.622673255,5.75,7.75,Qal2,8
868,333.1284446,226.7176881,1.521676944,0.78080051,7.75,8.95,Qal2,8
869,329.0956842,284.5535197,1.38489237,0.211809604,1.75,3.75,Qal3,9
869,537.2066476,494.2344008,1.365990109,0.404549129,3.75,5.75,Qal3,9
869,523.035692,563.0610077,1.396964196,0.631294131,5.75,7.75,Qal3,9
869,611.6835517,449.8580913,1.663031505,0.801141373,7.75,8.7,Qal3,9
886,391.308931,206.310982,1.887057482,0.211913902,1.75,3.75,Qal3,9
886,316.8869106,257.6739216,1.761528888,0.395166323,3.75,5.8,Qal3,9
886,464.4913386,261.7372593,1.650500392,0.588402208,5.8,7.75,Qal3,9
886,365.8504514,241.08973,1.880989529,0.781284193,7.75,9.75,Qal3,9
886,308.8376361,260.1586712,1.986970075,0.981336655,9.75,11.75,Qal3,9
886,615.9205531,250.0322801,1.719175763,1.189040606,11.75,13.75,Qal3,9
886,653.4688667,269.0875825,1.564511079,1.345671469,13.75,14.75,Qal3,9
887,146.5262797,357.2892254,1.76981712,0.044656833,0.25,0.75,Qal2,8
887,271.670836,530.6273394,1.808428517,0.092622608,0.75,1.25,Qal2,8
887,288.821754,432.4309154,1.727574254,0.14527701,1.25,1.75,Qal2,8
887,269.5645635,1320.691366,2.101089674,0.286286533,1.75,3.75,Qal2,8
887,419.6970923,668.3618091,1.69938462,0.519903907,3.75,5.75,Qal2,8
887,460.1744087,331.5708373,1.716891576,0.745231317,5.75,7.75,Qal2,8
887,1080.637032,533.7897817,1.956716662,0.886964467,7.75,8.35,Qal2,8
888,168.6721444,176.1263751,2.424526501,0.218956614,1.7,3.65,af/Qi,6
888,104.955821,274.2893374,2.508520733,0.367009353,3.65,5.65,af/Qi,6
888,238.6339447,183.1571442,1.948876773,0.543179896,5.65,7.6,af/Qi,6
888,300.5246463,335.6776607,1.971083379,0.718738828,7.6,9.55,af/Qi,6
888,298.6595154,293.1560782,2.015436654,0.919001387,9.55,11.5,af/Qi,6
888,214.8571468,103.5306475,2.48157121,1.087875494,11.5,13.5,af/Qi,6
888,231.9096378,159.5470561,2.291693781,1.260467912,13.5,15.35,af/Qi,6
889,144.3797925,214.5836107,2.286072967,0.231027538,1.75,3.7,af/Qi,6
889,226.4165681,149.2945989,2.728189088,0.375823621,3.7,5.6,af/Qi,6
889,177.8002876,180.7227564,2.699489928,0.521019153,5.6,7.6,af/Qi,6
889,353.5389153,73.67396544,2.855003471,0.664901309,7.6,9.6,af/Qi,6
889,219.9342991,88.25333771,2.829748836,0.792196106,9.6,11.6,af/Qi,6
890,179.9432009,420.5646799,2.390141743,0.238064424,1.75,3.75,Qal1,7
890,363.6072923,168.6343193,2.682629296,0.394263147,3.75,5.7,Qal1,7
890,188.2934489,126.4841163,2.802624816,0.53966506,5.7,7.65,Qal1,7
890,268.79348,119.2029453,2.765679344,0.676735246,7.65,9.6,Qal1,7
890,229.6806051,157.1296529,2.432804079,0.917818,9.6,13.55,Qal1,7
890,221.4118296,201.7965719,2.299989866,1.145211774,13.55,15.5,Qal1,7
890,390.2538763,251.0823139,1.591414196,1.343406586,15.5,17.45,Qal1,7
890,241.3214197,76.38128904,2.91149287,1.534208454,17.45,19.95,Qal1,7
891,82.54539081,180.4926157,3.168852753,0.206052065,2.55,4.55,af/Qi,6
891,223.3059438,318.930918,2.325982647,0.361783275,4.55,6.55,af/Qi,6
891,196.435964,176.4492873,1.819973375,0.530649403,6.55,8.55,af/Qi,6
891,99.96909443,97.3290036,2.804429476,0.685959316,8.55,10.55,af/Qi,6
891,391.4535611,109.1528734,2.809379148,0.911118137,10.55,14.55,af/Qi,6
891,137.930531,126.0303256,2.634671584,1.146957587,14.55,16.55,af/Qi,6
891,358.6252823,77.39808261,3.014292326,1.388246625,16.55,20.55,af/Qi,6
891,264.5895237,67.21487984,3.036723827,1.644946203,20.55,22.55,af/Qi,6
891,260.9279357,97.41226143,2.926754983,1.798167659,22.55,24.55,af/Qi,6
891,266.8272946,95.94049841,3.012859522,2.072833661,24.55,28.7,af/Qi,6
891,161.1120553,43.50308022,3.200154325,2.361068917,28.7,31.2,af/Qi,6
892,238.9811541,370.8212852,2.399178118,0.21427657,1.75,3.75,Qal1,7
892,180.5467087,254.075641,2.517904424,0.374269411,3.75,5.7,Qal1,7
892,189.3888665,128.4478338,2.724643516,0.52009963,5.7,7.7,Qal1,7
892,197.5330905,290.6983496,2.161794027,0.664506019,7.7,9.65,Qal1,7
892,244.6419706,241.9902142,1.918112293,0.848725177,9.65,11.65,Qal1,7
892,217.549381,162.6696409,2.397379,1.026757219,11.65,13.6,Qal1,7
892,263.5597665,241.0436073,2.565522221,1.195341692,13.6,15.6,Qal1,7
892,257.2483178,163.2841027,2.719262996,1.370884723,15.6,17.55,Qal1,7
892,342.7716115,107.0286888,2.803559617,1.503937817,17.55,18.85,Qal1,7
893,165.6641041,310.9121019,2.463645791,0.195056607,1.75,3.75,Qal1,7
893,161.3676303,185.4330401,2.616708933,0.345114456,3.75,5.75,Qal1,7
893,201.3489583,210.0780391,2.02798758,0.505663258,5.75,7.75,Qal1,7
893,287.1945337,232.6020729,1.561487622,0.677002532,7.75,9.75,Qal1,7
893,239.7563325,286.6343912,1.817040261,0.85133727,9.75,11.75,Qal1,7
893,236.0828581,98.50223818,2.837797289,1.015813387,11.75,13.7,Qal1,7
893,245.4060526,126.506314,2.7357526,1.17121229,13.7,15.7,Qal1,7
893,222.8504631,80.56021214,2.910577748,1.330346171,15.7,17.65,Qal1,7
894,239.837352,409.2589616,2.481843236,0.233518725,1.7,3.7,Qal2,8
894,341.0541291,266.2612003,2.63743332,0.404714099,3.7,5.7,Qal2,8
894,248.4247048,163.7727438,2.77975647,0.571404002,5.7,7.7,Qal2,8
894,347.8069034,275.8573496,2.56530428,0.742232619,7.7,9.7,Qal2,8
894,263.3090428,193.8753074,2.713977603,0.926665017,9.7,11.7,Qal2,8
894,309.2141443,126.8099991,2.741682944,1.085973293,11.7,13.7,Qal2,8
894,295.0946385,137.4506191,2.710515926,1.243362941,13.7,15.6,Qal2,8
894,308.2982362,144.4347493,2.705075214,1.407354277,15.6,17.55,Qal2,8
895,251.5382914,470.2848578,2.588075587,0.246847335,1.75,3.75,Qal2,8
895,294.1661524,197.553183,2.827438908,0.420703276,3.75,5.75,Qal2,8
895,242.2228745,96.33574878,3.029633439,0.575530599,5.75,7.7,Qal2,8
895,306.0748549,131.3888678,2.825130563,0.724819659,7.7,9.7,Qal2,8
895,270.391151,167.1721726,2.699160408,0.887195943,9.7,11.7,Qal2,8
895,280.0253305,109.906883,2.77170311,1.046021944,11.7,13.6,Qal2,8
895,287.6366671,204.0360301,2.5043775,1.213067163,13.6,15.55,Qal2,8
896,167.8548313,304.9569544,2.580233998,0.190024362,1.75,3.75,Qal1,7
896,195.4763498,174.8922354,2.578085393,0.342437912,3.75,5.75,Qal1,7
896,227.9746459,137.3642361,2.594403566,0.445825135,5.75,7.85,Qal1,7
896,261.5632401,162.0353824,2.610086292,0.586120294,7.85,9.7,Qal1,7
896,218.3435625,111.7387068,2.729182034,0.71849087,9.7,11.7,Qal1,7
896,233.757436,167.0637828,2.750098688,0.8788656,11.7,13.7,Qal1,7
897,217.8534182,503.8589993,2.226570224,0.256284314,1.75,3.65,Qal1,7
897,238.629972,241.8687387,2.717889162,0.436548268,3.65,5.65,Qal1,7
897,148.2556978,73.70542049,2.941572063,0.591344402,5.65,7.65,Qal1,7
897,158.9375219,15.79367024,3.269467462,0.671158121,7.65,9.65,Qal1,7
897,202.9653801,88.98582105,2.794937112,0.766424058,9.65,11.7,Qal1,7
897,259.2800101,57.71205817,2.932556116,0.887553972,11.7,13.6,Qal1,7
897,223.0686654,85.59504234,2.910256736,1.014654958,13.6,15.6,Qal1,7
897,336.5613955,119.07836,2.182615502,1.161167794,15.6,17.55,Qal1,7
898,279.7668594,420.7017373,2.290820539,0.259266755,1.75,3.7,Qal1,7
898,203.5307487,143.9919265,2.620761605,0.415499542,3.7,5.7,Qal1,7
898,195.8717836,202.7774055,2.680092364,0.580173724,5.7,7.7,Qal1,7
898,168.4985617,84.46937648,2.73416582,0.711739335,7.7,9.65,Qal1,7
898,234.0342975,184.6695969,1.903431351,0.852938306,9.65,11.65,Qal1,7
898,354.001211,369.9649924,1.270633335,1.03467562,11.65,13.6,Qal1,7
898,432.0017324,326.3645043,1.504020716,1.219170584,13.6,15.5,Qal1,7
898,360.7278606,105.117279,2.848532734,1.380112865,15.5,17.35,Qal1,7
898,227.7486405,70.82724815,2.970690165,1.532001554,17.35,19.4,Qal1,7
898,258.0399758,67.05104897,2.978087962,1.68594321,19.4,21.25,Qal1,7
898,358.4913038,98.34553923,2.74767918,1.84122885,21.25,23.15,Qal1,7
898,297.6774792,176.021762,2.556154756,2.036866223,23.15,25.4,Qal1,7
899,195.0815386,532.233367,2.336685199,0.253417015,1.7,3.7,Qal1,7
899,202.0927504,159.5653876,2.806723795,0.416072802,3.7,5.65,Qal1,7
899,184.6544534,89.793202,3.013731588,0.559200599,5.65,7.65,Qal1,7
899,181.5023322,84.74994527,2.920286447,0.690375217,7.65,9.6,Qal1,7
899,385.3705364,273.2281325,1.851507699,0.845135714,9.6,11.55,Qal1,7
899,210.0020866,107.6033126,2.689795175,1.014501488,11.55,13.55,Qal1,7
899,204.5383397,84.38731812,2.923257945,1.157484184,13.55,15.5,Qal1,7
899,247.1173338,102.5698704,2.793140157,1.291843522,15.5,17.45,Qal1,7
899,271.6945664,56.10119023,2.993789571,1.433106409,17.45,19.4,Qal1,7
899,240.8246911,138.9770951,2.483559563,1.586847548,19.4,21.25,Qal1,7
899,398.4453681,119.6306543,2.750738301,1.744540594,21.25,23,Qal1,7
900,-921.6779622,393.0543126,2.553810216,0.228326117,1.75,3.75,Qal1,7
900,297.5385951,137.8056477,2.550202851,0.375083638,3.75,5.75,Qal1,7
900,301.4159218,176.0188614,1.850398321,0.502149885,5.75,7.75,Qal1,7
900,302.6212687,431.246482,1.212849883,0.677773796,7.75,9.7,Qal1,7
900,303.5041397,380.3295048,1.192340567,0.871733942,9.7,11.7,Qal1,7
900,303.9055253,191.5754902,1.753102608,1.055265463,11.7,13.7,Qal1,7
900,303.9624235,157.464104,2.70142294,1.224561094,13.7,15.65,Qal1,7
900,304.3148098,134.8763571,2.722285089,1.39454493,15.65,17.65,Qal1,7
900,304.430004,130.5314392,2.352464415,1.555835159,17.65,19.65,Qal1,7
901,208.6341613,295.8946452,2.786422803,0.242043215,1.75,3.75,Qal1,7
901,195.662643,173.5256716,2.916835543,0.386764301,3.75,5.75,Qal1,7
901,181.4779001,141.647665,2.67856127,0.537954438,5.75,7.75,Qal1,7
901,232.9765346,348.3920692,1.53918965,0.722133412,7.75,9.75,Qal1,7
901,278.7893587,322.7502629,1.521042344,0.918709554,9.75,11.65,Qal1,7
901,271.564956,276.5009814,1.551930589,1.110806698,11.65,13.55,Qal1,7
901,274.5039935,206.3761965,2.100403976,1.272250749,13.55,14.95,Qal1,7
902,233.974878,312.7580429,2.564970161,0.237296877,1.7,3.7,Qal1,7
902,214.5444088,215.2172918,2.500954132,0.38893461,3.7,5.7,Qal1,7
902,254.2500022,182.8212206,2.666239446,0.55237208,5.7,7.7,Qal1,7
902,197.8543134,275.6866726,2.498225995,0.720360514,7.7,9.7,Qal1,7
902,270.4809336,162.3645677,1.589716524,0.900391355,9.7,11.7,Qal1,7
902,264.9816784,131.5022291,2.76174797,1.07546534,11.7,13.65,Qal1,7
902,248.8041599,89.89263822,2.994779792,1.207622031,13.65,14.85,Qal1,7
903,192.7341638,312.0444321,2.569964016,0.235573515,1.75,3.75,Qal1,7
903,223.5466145,189.9448421,2.418497296,0.394611628,3.75,5.85,Qal1,7
903,217.6799459,226.5688088,2.57981266,0.552238164,5.85,8.05,Qal1,7
903,238.1339698,199.9590535,2.203040308,0.718279589,8.05,9.7,Qal1,7
903,271.0888875,201.4983918,2.268970673,0.881418391,9.7,11.6,Qal1,7
903,207.4775946,128.5208471,3.080083892,1.009761496,11.6,13.45,Qal1,7
903,311.7546972,243.6048715,2.127723585,1.153929444,13.45,14.8,Qal1,7
904,249.5043218,515.6188208,1.738028259,0.258499956,1.7,3.65,Qal1,7
904,312.800053,295.330222,1.799806934,0.452191561,3.65,5.65,Qal1,7
904,231.3057486,175.8676949,2.718384404,0.61184848,5.65,7.5,Qal1,7
904,215.1903287,186.0630189,2.126499976,0.770572547,7.5,9.5,Qal1,7
904,259.411248,127.8686937,2.830351524,0.928007369,9.5,11.45,Qal1,7
904,256.6596818,93.89590979,2.809972131,1.086141148,11.45,13.45,Qal1,7
904,248.4961347,176.371186,2.439606507,1.23101613,13.45,15.05,Qal1,7
905,288.6088814,225.5377156,2.005618905,0.225501587,1.65,3.6,Qal2,8
905,179.8074276,70.48503338,3.027055493,0.354110061,3.6,5.6,Qal2,8
905,218.2149877,147.3711954,2.706365567,0.479714341,5.6,7.55,Qal2,8
905,197.9258765,127.0296111,2.577512817,0.617897315,7.55,9.5,Qal2,8
905,227.3320873,112.2419712,2.888005867,0.768339522,9.5,11.5,Qal2,8
905,185.2436012,288.7341574,2.060317251,0.922272416,11.5,13.45,Qal2,8
905,296.3977716,485.9885976,1.527947397,1.12860427,13.45,15.4,Qal2,8
905,251.1342879,152.6286332,2.220386005,1.279242396,15.4,16.45,Qal2,8
906,323.168698,437.0516589,1.84657953,0.266918353,1.75,3.7,Qal2,8
906,266.9488712,393.6396793,2.502798966,0.452457158,3.7,5.7,Qal2,8
906,243.6597785,381.5945484,2.589389627,0.646206363,5.7,7.7,Qal2,8
906,457.5649794,457.6475266,2.007692565,0.849896998,7.7,9.65,Qal2,8
906,303.2597358,285.7987142,2.206866779,1.058363489,9.65,11.65,Qal2,8
906,312.7606967,240.9231806,2.300195524,1.251039273,11.65,13.65,Qal2,8
907,373.3224901,646.7024488,2.174308727,0.227830234,1.65,3.6,Qal2,8
907,212.928243,582.7734535,2.256798574,0.424943756,3.6,5.6,Qal2,8
907,203.1043237,345.8172288,2.185482256,0.611368436,5.6,7.5,Qal2,8
907,388.6412285,470.389647,1.467650165,0.821410767,7.5,9.65,Qal2,8
908,202.1174166,331.1308064,2.294397052,0.232676609,1.75,3.75,Qal1,7
908,247.636164,172.471572,2.569944336,0.386172808,3.75,5.75,Qal1,7
908,266.0169516,192.6460149,2.471585328,0.52859231,5.75,7.7,Qal1,7
908,198.0119604,168.3999811,2.282164422,0.680904124,7.7,9.65,Qal1,7
908,285.2362825,193.8696312,2.200570515,0.850418049,9.65,11.65,Qal1,7
908,258.9876771,147.1870032,2.571079116,1.031102343,11.65,13.65,Qal1,7
908,344.1213827,142.5716929,2.735121972,1.191326733,13.65,15.6,Qal1,7
908,335.6718937,123.0921598,2.866132114,1.36185347,15.6,17.55,Qal1,7
908,280.5311319,72.15795917,2.977635058,1.528113453,17.55,19.45,Qal1,7
908,291.0069709,68.87692415,2.892700362,1.677704224,19.45,21.4,Qal1,7
908,293.3460115,109.0669041,2.600811575,1.855696199,21.4,23.65,Qal1,7
909,192.6363313,402.2890585,2.369222748,0.225455219,1.75,3.75,Qal1,7
909,240.7141732,240.6901501,2.365901322,0.403103379,3.75,5.75,Qal1,7
909,228.9260787,170.8380947,2.429408031,0.534478862,5.75,7.75,Qal1,7
909,282.3611906,208.7169882,2.501038329,0.684820797,7.75,9.75,Qal1,7
909,277.5734336,191.0485461,2.419581604,0.85118649,9.75,11.75,Qal1,7
909,374.4277351,213.2066553,2.611444878,1.026424318,11.75,13.75,Qal1,7
909,200.4826583,247.4979948,2.434996028,1.158773031,13.75,14.65,Qal1,7
910,283.4298918,366.0010798,1.378936422,0.416500384,3.75,5.7,Qal2,8
910,227.1979579,156.0679166,2.640252646,0.582444416,5.7,7.7,Qal2,8
910,199.7621298,104.8815908,2.848605387,0.737244714,7.7,9.7,Qal2,8
910,243.2111469,99.37276041,2.672705361,0.883404037,9.7,11.7,Qal2,8
910,235.6328723,80.44164446,2.947766278,1.048481646,11.7,13.95,Qal2,8
910,331.2444508,272.4784281,1.770381001,1.251714244,13.95,16.15,Qal2,8
911,321.1117797,391.5879473,1.866728882,0.202061601,1.75,3.7,Qal2,8
911,226.3998912,149.4930253,2.662151681,0.35031302,3.7,5.7,Qal2,8
911,253.0119453,126.5325434,2.648671778,0.489592444,5.7,7.75,Qal2,8
911,194.5017528,140.0423216,2.612545852,0.622694422,7.75,9.65,Qal2,8
911,415.8106429,384.1608688,1.927182824,0.795064486,9.65,11.6,Qal2,8
911,352.4659105,319.5127508,1.879271625,1.004316393,11.6,13.85,Qal2,8
911,822.7609399,521.263242,1.535675834,1.157647735,13.85,14.4,Qal2,8
912,208.8701431,368.765747,2.117319509,0.221147774,1.7,3.7,Qal2,8
912,231.7826501,306.44451,2.012750926,0.386474897,3.7,5.7,Qal2,8
912,343.0801379,473.6012913,1.2862785,0.575601244,5.7,7.6,Qal2,8
912,236.8416596,196.9192265,2.185416001,0.718031329,7.6,8.55,Qal2,8
913,458.3093989,221.9323974,2.505573557,0.306551873,2.7,4.75,Qal1,7
913,196.7963364,159.4225684,2.284548075,0.458015573,4.75,6.7,Qal1,7
913,248.2230939,244.7982457,2.040674946,0.608765586,6.7,8.55,Qal1,7
913,281.2619254,301.3097369,1.86636189,0.788069089,8.55,10.5,Qal1,7
913,238.4580295,130.9489968,2.669508598,0.96684102,10.5,12.5,Qal1,7
913,302.8551928,295.1482591,1.976611472,1.140930691,12.5,14.8,Qal1,7
914,208.5577238,314.570627,2.380805731,0.189403072,1.75,3.75,Qal1,7
914,171.5945603,214.9843163,2.557026295,0.326752701,3.75,5.7,Qal1,7
914,213.8865108,177.0499148,2.653486287,0.473349656,5.7,7.65,Qal1,7
914,185.1940678,179.3657529,2.484079827,0.589523669,7.65,8.7,Qal1,7
914,326.5185702,261.0976617,1.976368676,0.737797572,8.7,10.75,Qal1,7
914,180.4868078,129.4216024,2.336755058,0.871308456,10.75,11.5,Qal1,7
915,208.5577238,390.3720808,2.121368842,0.269767445,1.75,3.75,Qal2,8
915,175.8497579,234.5533698,2.732758431,0.44252075,3.75,5.75,Qal2,8
915,213.9903898,77.31009741,3.096428813,0.5957583,5.75,7.7,Qal2,8
915,340.4873669,286.450903,2.155409747,0.751933526,7.7,9.65,Qal2,8
915,633.9638509,213.7330269,2.553934818,1.018939645,9.65,13.65,Qal2,8
915,180.9156549,57.11333755,3.018374735,1.217930174,13.65,14.4,Qal2,8
916,253.4121748,401.0642422,2.216794952,0.237754655,1.75,3.75,Qal1,7
916,246.0873411,167.992571,2.622402055,0.409160979,3.75,5.7,Qal1,7
916,237.9808207,224.6182319,2.532801904,0.561939413,5.7,7.6,Qal1,7
916,231.8201452,221.9731588,2.522153462,0.729623848,7.6,9.6,Qal1,7
916,312.2018826,170.3802016,2.762719101,0.898917637,9.6,11.6,Qal1,7
916,239.3676311,199.4312685,2.555169138,1.071394474,11.6,13.6,Qal1,7
916,227.290802,188.7209901,2.490400774,1.268372457,13.6,15.75,Qal1,7
917,188.6833604,330.5831226,2.516316387,0.218952463,1.75,3.75,Qal1,7
917,166.5145098,159.0385258,2.515020727,0.362615062,3.75,5.75,Qal1,7
917,348.1235529,275.1712826,2.608146248,0.515103495,5.75,7.75,Qal1,7
917,294.5913638,332.0202905,2.517275819,0.697587374,7.75,9.65,Qal1,7
917,337.7668857,182.6066493,2.709331463,0.867482351,9.65,11.6,Qal1,7
917,198.2952146,145.0518329,2.679045062,1.040835208,11.6,13.55,Qal1,7
917,243.7923814,158.9553224,2.719101867,1.212327029,13.55,15.65,Qal1,7
917,219.9331408,239.1989901,1.97883389,1.396523542,15.65,17.45,Qal1,7
917,237.9771433,216.7442286,2.010710846,1.586945819,17.45,19.55,Qal1,7
917,264.574167,200.6497955,2.054444901,1.777456659,19.55,21.45,Qal1,7
917,235.3859578,51.6376915,3.081638209,1.946053705,21.45,23.5,Qal1,7
917,263.8259738,77.42672227,2.948701475,2.08195718,23.5,24.95,Qal1,7
918,369.3661618,330.4607816,2.276954137,0.235596678,1.6,3.6,Qal1,7
918,266.1768964,279.9341983,2.266073649,0.393212063,3.6,5.6,Qal1,7
918,176.3905894,188.4941874,2.334190554,0.548867654,5.6,7.6,Qal1,7
918,237.5173314,168.8504746,2.269885771,0.702589437,7.6,9.6,Qal1,7
918,235.3210873,277.9489698,2.022341469,0.880133239,9.6,11.6,Qal1,7
918,271.8453623,250.5829182,1.411545492,1.078934834,11.6,13.5,Qal1,7
918,218.8512999,265.8287557,1.567112512,1.26642009,13.5,15.5,Qal1,7
918,234.8555456,302.8163689,1.690488622,1.460923426,15.5,17.3,Qal1,7
918,244.4032328,98.24327994,2.730368057,1.623957882,17.3,19.3,Qal1,7
918,276.6510891,103.676386,2.708728343,1.804862403,19.3,21.55,Qal1,7
918,293.7011982,85.49482875,2.77503073,1.970402274,21.55,23.5,Qal1,7
918,286.2542527,132.903035,2.679144118,2.13183842,23.5,25.4,Qal1,7
918,213.8205078,219.3793693,2.497089249,2.30295956,25.4,27.15,Qal1,7
918,438.0644815,142.856849,2.029836067,2.513600893,27.15,29.55,Qal1,7
919,213.8079782,340.0961932,2.545430245,0.344567437,2.75,4.75,Qal1,7
919,196.0752772,166.8319308,2.573409026,0.499006796,4.75,6.7,Qal1,7
919,188.3873288,262.9668076,2.080914326,0.667445664,6.7,8.7,Qal1,7
919,292.9799283,210.8352841,1.616665927,0.856318394,8.7,10.7,Qal1,7
919,207.1701949,246.0667301,1.676543909,1.032358876,10.7,12.65,Qal1,7
919,292.7683977,236.6893217,1.807778724,1.227730432,12.65,14.6,Qal1,7
919,260.8968435,205.1515688,1.672230933,1.41493172,14.6,16.4,Qal1,7
919,352.5944432,217.2322652,1.945297321,1.608250698,16.4,18.3,Qal1,7
919,247.4607099,112.955665,2.700783367,1.799457204,18.3,20.3,Qal1,7
919,232.5898897,208.8526654,2.707038619,1.979743603,20.3,22.2,Qal1,7
919,407.8844027,252.3317093,1.879300841,2.180656885,22.2,24.15,Qal1,7
919,295.5265859,195.8618201,2.097845516,2.387942032,24.15,26.15,Qal1,7
919,347.4031233,51.21170308,3.068269976,2.562475954,26.15,28.15,Qal1,7
920,190.651109,420.6124767,2.597809562,0.243759303,1.7,3.7,Qal1,7
920,190.9391849,247.4216201,2.60460975,0.418457693,3.7,5.7,Qal1,7
920,206.9858843,333.7667714,2.460094434,0.589178929,5.7,7.7,Qal1,7
920,242.9375909,382.7929682,2.098845399,0.780192873,7.7,9.7,Qal1,7
920,234.743472,326.5091932,1.757612795,0.988822661,9.7,11.7,Qal1,7
920,271.186867,124.1900227,2.79239618,1.218147809,11.7,14.95,Qal1,7
921,231.4358964,396.0124837,2.53275713,0.24304944,1.7,3.7,af/Qi,6
921,162.7803067,160.3747828,3.093546455,0.402508072,3.7,5.7,af/Qi,6
921,147.8666915,65.80154837,3.156302907,0.526089468,5.7,7.7,af/Qi,6
921,255.0972958,167.7442597,2.655649982,0.680617424,7.7,9.7,af/Qi,6
921,229.3185888,69.07965862,3.085630207,0.833226833,9.7,11.7,af/Qi,6
921,173.0482564,60.70349188,3.089778244,0.972493712,11.7,13.7,af/Qi,6
921,253.2038334,157.5028286,2.842703266,1.115454964,13.7,15.7,af/Qi,6
921,257.0200118,240.2949418,1.766523214,1.303664236,15.7,17.7,af/Qi,6
921,286.6344615,193.4500156,1.66321099,1.49667389,17.7,19.7,af/Qi,6
921,292.1627198,196.7942437,1.648500925,1.683194733,19.7,21.6,af/Qi,6
922,272.662912,380.1151651,2.545377879,0.201125489,1.75,3.65,Qal1,7
922,170.5561673,224.4098121,2.616783441,0.366375972,3.65,5.6,Qal1,7
922,203.9309156,207.3065556,2.494819477,0.523715592,5.6,7.65,Qal1,7
922,236.7761385,81.54281806,2.879784653,0.633090405,7.65,9.45,Qal1,7
922,224.0324931,106.8557009,2.906387727,0.770087534,9.45,11.4,Qal1,7
922,209.296498,81.54670202,2.953769408,0.920326889,11.4,13.4,Qal1,7
922,233.6014276,136.676796,2.295852594,1.077989049,13.4,15.35,Qal1,7
922,234.307041,217.0061418,1.60119786,1.254057713,15.35,17.1,Qal1,7
922,284.079626,131.7457732,2.283085918,1.3984239,17.1,18.55,Qal1,7
923,243.6697293,430.6367122,2.289593509,0.251007337,1.7,4.2,Qal2,8
923,235.2296667,271.872136,1.81020746,0.414348169,4.2,5.35,Qal2,8
923,241.7970994,122.7325544,2.61764355,0.53015519,5.35,7.35,Qal2,8
923,223.8072516,364.3530433,1.82154032,0.698860213,7.35,9.25,Qal2,8
923,313.6269005,239.6364681,1.795271687,0.906992811,9.25,11.25,Qal2,8
923,242.8140587,192.9308371,2.113498037,1.091894666,11.25,13.2,Qal2,8
923,307.2711324,271.6317965,2.260958409,1.284573679,13.2,15.15,Qal2,8
923,270.7024684,79.59083684,2.988546045,1.460005178,15.15,17.15,Qal2,8
923,215.554247,80.43973464,3.022947121,1.606034025,17.15,18.65,Qal2,8
924,152.7240771,149.1590137,2.720712716,0.483325491,1.75,3.7,Qal1,7
924,200.85678,144.1699898,2.7720984,0.68140822,3.7,5.65,Qal1,7
924,179.427719,84.28406792,2.941812015,0.835821295,5.65,7.65,Qal1,7
924,167.6374738,63.63991906,3.034997862,0.980370428,7.65,9.6,Qal1,7
924,154.8775118,64.90127356,2.924962444,1.121531657,9.6,11.55,Qal1,7
924,234.7566054,240.1908428,1.839620792,1.279625024,11.55,13.55,Qal1,7
924,166.2882563,50.72896182,3.045928221,1.445702058,13.55,15.5,Qal1,7
924,201.9539257,81.34666819,2.944676494,1.62915758,15.5,18.5,Qal1,7
924,408.9250296,226.3534316,2.496451154,1.807371895,18.5,19.7,Qal1,7
925,190.0303766,252.5744034,2.51271943,0.239912766,1.75,3.7,Qal2,8
925,150.6447098,76.83143816,3.010788858,0.370882535,3.7,5.7,Qal2,8
925,134.1155664,85.86072396,2.982224166,0.505341314,5.7,7.7,Qal2,8
925,321.879553,396.398791,1.854826458,0.669022652,7.7,9.65,Qal2,8
926,216.4769111,664.8432411,2.523023483,0.260544667,1.75,3.75,Qal2,8
926,693.1377255,428.9769365,2.204248292,0.454145194,3.75,5.65,Qal2,8
926,542.3111385,451.6121917,2.120917002,0.668994261,5.65,7.65,Qal2,8
926,335.943806,262.702681,2.45250675,0.862720042,7.65,9.6,Qal2,8
926,551.2250741,363.4497866,2.264371386,1.004843105,9.6,10.55,Qal2,8
927,218.5004738,228.3682488,2.577526936,0.423275658,1.75,3.7,Qal2,8
927,324.9127335,205.2823928,2.604395516,0.58594027,3.7,5.7,Qal2,8
927,224.6085069,162.4721615,2.462889107,0.746665739,5.7,7.65,Qal2,8
927,216.8507191,155.2871899,2.457145519,0.908015799,7.65,9.6,Qal2,8
927,321.0941755,340.7795805,1.571667604,1.092569939,9.6,11.6,Qal2,8
927,261.6096665,165.6093623,2.26160568,1.286817481,11.6,13.5,Qal2,8
927,310.2419016,322.2865747,1.964948592,1.418541811,13.5,14.65,Qal2,8
928,228.5869803,311.6049091,2.409563475,0.490894568,1.75,3.75,Qal1,7
928,248.1804322,257.9269758,1.873439709,0.780336621,3.75,5.75,Qal1,7
928,237.9339926,158.6664483,2.329291527,0.960674964,5.75,7.75,Qal1,7
928,196.145338,64.42012047,3.107615999,1.074458434,7.75,8.75,Qal1,7
928,291.2000682,117.8989827,2.909557227,1.133549902,8.75,9.25,Qal1,7
928,265.3768669,102.6114048,2.953354788,1.175210523,9.25,9.75,Qal1,7
928,209.1898699,180.3195541,2.674800037,1.219802902,9.75,10.25,Qal1,7
928,280.5941832,73.58474611,2.879843604,1.259215018,10.25,10.75,Qal1,7
928,238.7698758,42.44103738,3.291013134,1.307674397,10.75,11.75,Qal1,7
928,440.0548675,135.3015535,2.853629387,1.362760374,11.75,12.15,Qal1,7
928,247.9098024,117.3813273,2.878367972,1.444559771,12.15,13.65,Qal1,7
929,200.8187637,220.5199783,2.572056604,0.491033862,1.75,3.75,Qal1,7
929,150.4650862,79.76560611,2.80739303,0.653285394,3.75,5.75,Qal1,7
929,209.374465,133.2749816,2.697157742,0.77881221,5.75,7.75,Qal1,7
929,211.0988122,90.40776878,2.862509418,0.933782839,7.75,9.75,Qal1,7
929,274.3165072,135.8242728,2.796326735,1.091923783,9.75,11.75,Qal1,7
929,219.1763452,88.61653981,2.815682696,1.250660469,11.75,13.75,Qal1,7
929,251.6402982,108.6961494,2.710293281,1.405404277,13.75,15.75,Qal1,7
929,293.1483834,345.7478745,1.623473989,1.598765205,15.75,17.75,Qal1,7
930,234.4140633,206.4825786,2.439469328,0.279793047,1.75,3.75,Qal1,7
930,196.2063052,189.0492531,2.483360687,0.418439731,3.75,5.75,Qal1,7
930,221.7973508,140.7067183,2.316622829,0.571133199,5.75,7.75,Qal1,7
930,346.969588,204.2098518,2.646615549,0.71929205,7.75,9.75,Qal1,7
930,212.614427,113.0918729,2.724786863,0.881073083,9.75,11.75,Qal1,7
930,248.1360936,137.0388566,2.203427823,1.049543561,11.75,13.75,Qal1,7
930,239.7687426,100.3818559,2.874177848,1.20319226,13.75,15.75,Qal1,7
930,271.2348572,61.10791255,2.925525248,1.349629871,15.75,17.55,Qal1,7
931,216.8362937,163.9229581,2.563005569,0.463471461,1.75,3.75,Qal1,7
931,179.3128747,175.0425207,2.544028939,0.648000848,3.75,5.75,Qal1,7
931,219.2646001,253.6859984,1.983638397,0.836172237,5.75,7.75,Qal1,7
931,229.230403,186.2768609,2.675368608,1.015444844,7.75,9.75,Qal1,7
931,257.8594076,77.44042462,3.023964732,1.172054095,9.75,11.75,Qal1,7
931,291.9246719,84.12356342,2.953038791,1.321495878,11.75,13.6,Qal1,7
932,288.6186522,269.6900524,2.409949282,0.200802528,1.75,3.75,Qal1,7
932,227.9783573,216.0956579,2.469160726,0.354883086,3.75,5.7,Qal1,7
932,125.037456,159.7438838,2.48895623,0.518356648,5.7,7.7,Qal1,7
932,298.5320618,92.79579943,2.840713535,0.65949765,7.7,9.7,Qal1,7
932,202.0802779,103.322862,2.925819449,0.805772617,9.7,11.7,Qal1,7
932,222.2323653,319.3347512,2.460283158,0.97973454,11.7,13.65,Qal1,7
932,280.0237057,335.1861804,1.416732654,1.148918931,13.65,15,Qal1,7
933,139.724532,157.7561494,2.932979794,0.20623112,1.7,3.7,Qal1,7
933,246.1092261,320.4014505,1.962719102,0.356447179,3.7,5.65,Qal1,7
933,202.0234515,331.2606833,1.535161919,0.546003717,5.65,7.55,Qal1,7
933,327.2126233,310.0372376,1.433371218,0.738436465,7.55,9.4,Qal1,7
933,327.7116351,273.2309364,1.537917138,0.930068338,9.4,11.35,Qal1,7
933,252.2658565,186.9458536,2.235742925,1.114715981,11.35,13.3,Qal1,7
933,149.6190288,47.08848219,3.540187022,1.246347353,13.3,15.3,Qal1,7
933,293.0106399,173.9164094,2.258535814,1.401574253,15.3,17.3,Qal1,7
933,159.818297,33.0182098,3.372916984,1.555119591,17.3,19.25,Qal1,7
934,125.9428177,176.1761219,2.921544996,0.224808109,1.75,3.75,Qal2,8
934,132.0325341,154.6306393,3.533064837,0.360013256,3.75,5.75,Qal2,8
934,420.4364211,457.748531,1.460185668,0.501857074,5.75,6.85,Qal2,8
935,163.0073272,285.3683006,2.665862977,0.211864796,1.7,3.7,Qal2,8
935,230.6627822,228.5210505,2.70001566,0.368962098,3.7,5.7,Qal2,8
935,150.3113722,119.2235779,2.964538681,0.533624724,5.7,7.7,Qal2,8
935,167.3587891,48.44256438,3.193453193,0.67729134,7.7,9.7,Qal2,8
935,209.169134,170.8592409,2.710049886,0.822212856,9.7,11.7,Qal2,8
935,-84.92414518,82.0194226,2.996632366,0.979900558,11.7,13.7,Qal2,8
935,44.34437111,61.33757104,3.097342367,1.120875236,13.7,15.5,Qal2,8
936,245.3980093,325.993115,2.619605989,0.217276225,1.75,3.75,Qal1,7
936,228.5678808,210.530588,2.685273777,0.376746155,3.75,5.75,Qal1,7
936,190.6459608,185.7377448,2.727332158,0.534081126,5.75,7.75,Qal1,7
936,204.6094622,131.6973676,2.959046925,0.692269364,7.75,9.75,Qal1,7
936,262.9522012,167.9548577,2.783600293,0.867763241,9.75,11.75,Qal1,7
936,497.9306361,157.4337878,2.245875145,1.038717593,11.75,13.75,Qal1,7
936,241.1233222,85.03646192,2.940652915,1.221085293,13.75,16.1,Qal1,7
937,178.5394878,432.5062006,2.565957768,0.228252941,1.75,3.75,Qal1,7
937,468.7052041,153.4302764,2.923772674,0.396560748,3.75,5.75,Qal1,7
937,158.7344111,183.1224545,2.831920783,0.553985277,5.75,7.75,Qal1,7
937,382.0746724,153.294841,2.883722312,0.801147862,7.75,11.75,Qal1,7
937,201.959128,139.3524318,2.885003638,1.060067299,11.75,13.75,Qal1,7
937,276.1172293,76.22175739,3.139162033,1.231666795,13.75,15.75,Qal1,7
937,208.2442076,159.3728475,2.707758657,1.405832532,15.75,17.85,Qal1,7
938,154.9197572,178.5342601,2.973481477,0.238144003,1.75,3.75,af/Qi,6
938,173.3229198,104.9907091,3.015306227,0.388142036,3.75,5.75,af/Qi,6
938,177.988992,94.11197751,3.375571217,0.528575631,5.75,7.75,af/Qi,6
938,262.8349075,84.79029901,4.172595762,0.676510228,7.75,9.75,af/Qi,6
938,197.761401,100.0507648,3.817747514,0.824769002,9.75,11.8,af/Qi,6
939,171.0787901,402.8724059,2.595375843,0.22770872,1.7,3.65,Qal2,8
939,204.1042843,288.1653866,2.57458713,0.472227645,3.65,7.15,Qal2,8
939,141.146744,72.62576815,3.127432398,0.683766934,7.15,8.95,Qal2,8
939,207.8862501,253.3134097,2.611304267,0.833085007,8.95,10.75,Qal2,8
939,224.518489,277.9779823,2.154115162,0.996782333,10.75,12.7,Qal2,8
940,208.4484308,346.603128,2.436832479,0.257163651,1.75,3.75,Qal1,7
940,124.7708905,184.0538974,2.546038547,0.409492837,3.75,5.75,Qal1,7
940,212.4099899,255.8266974,1.621114066,0.569875863,5.75,7.6,Qal1,7
940,265.2042391,161.68386,1.795937513,0.7383351,7.6,9.7,Qal1,7
940,244.4965172,374.5949107,1.405488918,0.931869158,9.7,11.6,Qal1,7
940,359.4856554,319.8291673,1.438859746,1.138525245,11.6,13.6,Qal1,7
941,184.0127232,347.8296587,2.585275055,0.230367061,1.75,3.75,Qal1,7
941,138.1815709,180.0090654,2.588884333,0.380957066,3.75,5.75,Qal1,7
941,317.1026837,296.6403203,2.197053453,0.546036373,5.75,7.75,Qal1,7
941,231.2964756,266.1019243,1.637269243,0.74104871,7.75,9.8,Qal1,7
941,240.9814424,225.3985109,1.783705313,0.928735704,9.8,11.7,Qal1,7
941,338.1220266,132.92002,2.626947494,1.089697876,11.7,13.7,Qal1,7
941,215.1491409,82.69029001,2.673721333,1.221264006,13.7,15.65,Qal1,7
941,244.9533989,170.5870438,2.694573336,1.401683888,15.65,18.4,Qal1,7
942,186.3873251,367.9021826,2.677129783,0.238865919,1.75,3.65,Qal1,7
942,182.9770366,173.3957355,2.903670908,0.402158523,3.65,5.55,Qal1,7
942,208.4952547,82.09066971,3.137628253,0.551309625,5.55,7.5,Qal1,7
942,161.7161399,205.536068,2.293194022,0.704411126,7.5,9.4,Qal1,7
942,263.9560208,271.3243536,1.48083367,0.884549714,9.4,11.25,Qal1,7
942,275.6822851,255.610234,1.633417148,1.113398832,11.25,14,Qal1,7
943,218.3008419,380.753431,2.559967128,0.232586046,1.7,3.65,Qal2,8
943,232.4100823,243.0832159,2.726318921,0.39761232,3.65,5.6,Qal2,8
943,252.206129,138.0079804,2.875050702,0.565444167,5.6,7.6,Qal2,8
943,340.5945709,174.4676346,2.550738703,0.717232387,7.6,9.6,Qal2,8
943,405.979077,411.8282396,1.493206179,0.908815591,9.6,11.5,Qal2,8
943,378.1668151,301.560862,1.643741707,1.03500743,11.5,11.9,Qal2,8
944,256.3533229,292.9015498,2.651699346,0.222090895,1.6,3.6,Qal2,8
944,188.8817723,120.7844409,3.072845759,0.368295674,3.6,5.55,Qal2,8
944,177.2116226,164.2138354,2.734764758,0.508414492,5.55,7.55,Qal2,8
944,227.8236259,129.6381911,2.704048863,0.670588288,7.55,9.5,Qal2,8
944,395.243421,258.5449344,2.282092704,0.832749292,9.5,11.4,Qal2,8
944,260.1494984,286.5912485,1.499345774,1.001899227,11.4,12.85,Qal2,8
945,192.482171,371.2304005,1.812915487,0.236874737,1.75,3.65,Qal2,8
945,191.9738402,262.3361478,2.303440902,0.4171887,3.65,5.65,Qal2,8
945,178.547894,126.8722603,2.768823342,0.569165478,5.65,7.6,Qal2,8
945,310.5184549,152.1873698,2.722056231,0.723681985,7.6,9.6,Qal2,8
945,274.3264839,160.1953554,2.680112938,0.886493423,9.6,11.6,Qal2,8
945,201.4789124,91.31206357,2.874314002,1.046036634,11.6,13.6,Qal2,8
945,308.7673876,136.4084548,2.813935824,1.207896752,13.6,15.6,Qal2,8
945,242.1906247,87.46368507,2.920582971,1.346902702,15.6,16.85,Qal2,8
946,242.9018882,302.9991019,2.583348884,0.230895009,1.6,3.7,Qal1,7
946,216.6677144,158.9334409,2.41028377,0.39780397,3.7,5.55,Qal1,7
946,223.5915705,165.9824609,2.890221402,0.5402926,5.55,7.55,Qal1,7
946,306.1164386,182.9495692,2.800296285,0.708484307,7.55,9.55,Qal1,7
946,242.7618973,115.7178827,2.911780455,0.872127589,9.55,11.5,Qal1,7
946,259.9049171,113.3790138,2.704180355,1.015366673,11.5,13.4,Qal1,7
946,302.3227992,120.7705031,2.586994434,1.181764106,13.4,15.4,Qal1,7
946,272.5915469,91.68515584,2.997038773,1.370834716,15.4,17.9,Qal1,7
947,231.0853318,234.90699,1.846725361,0.23933512,1.75,3.75,Qal1,7
947,233.4528244,196.7072886,2.524093398,0.412966084,3.75,5.75,Qal1,7
947,329.9953405,272.1415737,2.665065966,0.589048385,5.75,7.75,Qal1,7
947,261.9549819,105.4632843,3.095580265,0.75812214,7.75,9.75,Qal1,7
947,239.2785054,160.9758007,2.873694244,0.92731281,9.75,11.75,Qal1,7
947,269.1961554,133.6137182,2.899943552,1.108123539,11.75,13.75,Qal1,7
947,263.4682386,140.1588657,3.075334176,1.280864278,13.75,15.75,Qal1,7
948,272.9853848,329.2909748,2.649974892,0.238852735,1.75,3.75,Qal1,7
948,275.1651711,310.7571966,2.308983514,0.40823756,3.75,5.6,Qal1,7
948,283.6672255,245.2600486,2.52807136,0.58112722,5.6,7.6,Qal1,7
948,314.9165559,170.1584244,2.391377583,0.754574642,7.6,9.55,Qal1,7
948,286.0179346,197.5014413,2.777547684,0.929076488,9.55,11.55,Qal1,7
948,219.9474521,87.4208266,3.028583595,1.105794486,11.55,13.55,Qal1,7
948,336.2070248,92.30271911,3.029357519,1.243036851,13.55,14.85,Qal1,7
949,126.788121,163.2107291,2.907654159,0.221032398,1.7,3.7,Qal1,7
949,163.0149201,96.98383974,3.056165726,0.355264904,3.7,5.75,Qal1,7
949,178.2437075,157.9469694,2.832577112,0.497349226,5.75,7.7,Qal1,7
949,212.5408546,138.5074538,2.83526831,0.633417285,7.7,9.65,Qal1,7
949,261.358094,131.5119028,2.368337492,0.801207315,9.65,11.8,Qal1,7
949,266.8439219,94.68969069,2.892726847,0.949027619,11.8,13.65,Qal1,7
949,237.2195919,94.28727245,2.810391991,1.082614451,13.65,15.55,Qal1,7
949,293.4912057,165.5068014,2.378550439,1.238617144,15.55,17.25,Qal1,7
949,307.039927,442.9540286,1.528543861,1.382723295,17.25,18.55,Qal1,7
950,180.8205072,287.975654,2.633328197,0.239688131,1.75,3.75,Qal1,7
950,180.2862462,177.0282637,2.716507083,0.39504333,3.75,5.7,Qal1,7
950,151.5752011,89.31802878,3.04355718,0.546900316,5.7,7.7,Qal1,7
950,245.5836196,92.41344592,3.010572526,0.68677364,7.7,9.7,Qal1,7
950,230.4060237,322.7365122,2.027608179,0.855525138,9.7,11.7,Qal1,7
950,305.5329867,155.3815246,2.767216292,1.045060069,11.7,13.7,Qal1,7
950,221.0054721,101.5249292,3.00117796,1.20731627,13.7,15.85,Qal1,7
951,152.0475443,251.3434825,2.824824369,0.241093649,1.75,3.75,Qal1,7
951,268.0214716,342.9018852,2.023732127,0.417196032,3.75,5.6,Qal1,7
951,184.541312,151.0835546,2.908323916,0.57151621,5.6,7.6,Qal1,7
951,284.4796307,182.1011503,2.38637708,0.731223973,7.6,9.5,Qal1,7
951,196.1608251,85.68248805,2.926589781,0.89036538,9.5,11.5,Qal1,7
951,264.0127817,61.76688743,3.098449778,1.040385069,11.5,13.5,Qal1,7
951,221.142013,63.02688217,3.114697825,1.191628628,13.5,15.45,Qal1,7
951,219.3775497,41.72641575,3.28180581,1.361913769,15.45,17.95,Qal1,7
952,169.6529889,263.9397986,2.518982814,0.216792386,1.7,3.7,Qal2,8
952,361.0897438,432.2563673,1.736191675,0.380861017,3.7,5.7,Qal2,8
952,175.9443514,199.890126,2.216364133,0.56168152,5.7,7.7,Qal2,8
952,423.1903494,264.2387015,1.628276308,0.743927728,7.7,9.7,Qal2,8
952,273.8710726,308.6831943,1.500749167,0.935547663,9.7,11.65,Qal2,8
952,363.1008101,291.7510216,1.763551623,1.236377317,11.65,15.65,Qal2,8
952,252.7428424,101.2600844,2.628603171,1.511599733,15.65,17.6,Qal2,8
952,266.3771259,77.33338978,2.858570742,1.664554864,17.6,19.7,Qal2,8
952,213.1251615,64.27275902,2.903998169,1.835197788,19.7,22.2,Qal2,8
953,247.3903788,333.9479298,2.407112899,0.222070182,1.75,3.75,Qal2,8
953,186.870576,179.8050419,2.679918323,0.377153412,3.75,5.75,Qal2,8
953,172.245043,105.7791692,2.575426302,0.510647882,5.75,7.75,Qal2,8
953,233.2262349,190.5148457,2.671412927,0.646681607,7.75,9.75,Qal2,8
953,190.2865492,112.3177427,2.725359469,0.803948859,9.75,11.75,Qal2,8
953,274.3755132,189.6261012,2.164880838,0.952750652,11.75,13.7,Qal2,8
953,292.4595681,109.6270984,2.696887686,1.098017899,13.7,15.6,Qal2,8
954,278.9915577,279.266357,2.251241091,0.20139042,1.7,3.6,Qal1,7
954,213.7791534,195.8380278,2.540794298,0.348306558,3.6,5.6,Qal1,7
954,259.1925302,273.3465221,2.632844609,0.514998972,5.6,7.6,Qal1,7
954,291.5830723,249.0072592,2.671817588,0.686348714,7.6,9.6,Qal1,7
954,427.2911701,220.8673001,2.650282761,0.870850186,9.6,11.6,Qal1,7
954,199.8393059,291.5542744,2.128850448,1.057543713,11.6,13.6,Qal1,7
954,259.0832669,134.2216127,2.63047524,1.244357487,13.6,15.6,Qal1,7
954,225.6328255,122.9292125,2.692141349,1.428205431,15.6,17.95,Qal1,7
955,223.3716795,346.4919165,1.591563296,0.214130523,1.75,3.75,Qal1,7
955,347.4277115,315.8448771,2.46047029,0.390454519,3.75,5.7,Qal1,7
955,288.6545909,287.7830529,2.683301745,0.560136548,5.7,7.6,Qal1,7
955,252.0038405,194.06812,2.656650275,0.735476618,7.6,9.55,Qal1,7
955,262.6302326,161.0901836,2.805650967,0.90062849,9.55,11.55,Qal1,7
955,231.8045405,167.6142558,2.656302811,1.078178194,11.55,13.55,Qal1,7
955,271.5156264,134.7790446,2.734118597,1.229609925,13.55,15.1,Qal1,7
956,128.8325316,221.0179043,2.689215514,0.208848866,1.7,3.7,Qal2,8
956,162.8564565,114.412868,2.884218445,0.348713721,3.7,5.65,Qal2,8
956,125.3150893,83.45183451,2.96932342,0.485655508,5.65,7.65,Qal2,8
956,189.0253876,93.95323996,2.847898469,0.621177813,7.65,9.65,Qal2,8
956,260.7842379,355.8681673,1.822358511,0.777291831,9.65,11.6,Qal2,8
956,113.852465,735.8587527,1.275421069,0.8990694,11.6,11.9,Qal2,8
957,231.4269707,290.2663755,2.56791362,0.230190249,1.7,3.7,Qal2,8
957,129.6468517,130.9053375,2.705801733,0.376120041,3.7,5.7,Qal2,8
957,181.9448417,132.3380834,2.732016476,0.503455204,5.7,7.5,Qal2,8
957,319.605266,107.4402667,2.683908034,0.640104365,7.5,9.5,Qal2,8
957,208.6592082,122.526137,2.64926617,0.787384466,9.5,11.5,Qal2,8
957,246.5033004,111.8662445,2.470606697,0.940284754,11.5,13.45,Qal2,8
957,263.1393368,89.84700776,2.680096526,1.075647366,13.45,15.45,Qal2,8
957,337.6855599,132.6744615,2.688688968,1.226157624,15.45,17.4,Qal2,8
957,228.7926889,75.92264145,2.834886071,1.378496527,17.4,19.3,Qal2,8
957,221.9271542,66.27586799,2.839234604,1.523600146,19.3,21.3,Qal2,8
957,285.2334637,199.335585,2.533533532,1.672244155,21.3,23.1,Qal2,8
958,287.7173361,247.3882768,2.509055944,0.181312874,1.7,3.7,Qal2,8
958,165.6709256,235.8034523,2.535483988,0.319417276,3.7,5.65,Qal2,8
958,187.51589,121.9018592,2.65898762,0.459559084,5.65,7.6,Qal2,8
958,245.1624219,161.9041611,2.431479255,0.679807848,7.6,11.6,Qal2,8
958,219.6769634,96.8594398,2.803454336,0.914332781,11.6,13.6,Qal2,8
958,237.3484123,55.56885811,3.024226358,1.047238909,13.6,15.55,Qal2,8
958,382.0140574,84.67736556,2.825901699,1.178467037,15.55,17.5,Qal2,8
958,245.251348,93.67155791,2.60986527,1.332878897,17.5,19.5,Qal2,8
958,220.936125,72.22427681,2.860423284,1.508013346,19.5,21.9,Qal2,8
959,191.7055537,547.3956957,2.477507602,0.217449442,1.75,3.75,Qal2,8
959,225.6479569,170.2278351,2.610871509,0.373652226,3.75,5.75,Qal2,8
959,173.7886345,171.5911979,2.515244865,0.52533699,5.75,7.75,Qal2,8
959,174.3571652,80.82469866,2.99514585,0.66673513,7.75,9.75,Qal2,8
959,158.0700098,223.2972941,2.097925995,0.779505815,9.75,10.75,Qal2,8
959,356.5239069,308.5396619,1.343126945,0.875969295,10.75,11.75,Qal2,8
959,341.8152329,124.3209003,2.512253154,0.988060401,11.75,13.45,Qal2,8
960,146.8359998,165.726868,2.727123232,0.295773291,1.75,5.75,Qal2,8
960,220.2162451,166.0226411,2.417662216,0.527278174,5.75,7.75,Qal2,8
960,167.7618323,87.11297223,2.77712519,0.668940594,7.75,9.75,Qal2,8
960,218.9698529,131.8250087,2.66813074,0.814838088,9.75,11.75,Qal2,8
960,227.7733992,82.25146597,2.757962251,0.95431484,11.75,13.3,Qal2,8
961,239.3780413,356.1730613,1.831713264,0.222340527,1.6,3.6,Qal1,7
961,176.0289718,113.9567672,2.951905009,0.358913461,3.6,5.6,Qal1,7
961,232.317226,122.9336505,2.794215337,0.49762218,5.6,7.6,Qal1,7
961,208.6314498,109.6943967,2.832140773,0.638896815,7.6,9.6,Qal1,7
961,175.0302405,77.61955818,2.998034059,0.786884811,9.6,11.6,Qal1,7
961,198.0337434,66.80230448,3.078709335,0.939435372,11.6,13.65,Qal1,7
961,245.391816,107.4192593,2.914495251,1.096702114,13.65,15.6,Qal1,7
961,388.5738399,250.2626425,1.820355922,1.264182222,15.6,17.65,Qal1,7
961,341.7195303,353.9592216,1.34219955,1.449301275,17.65,19.1,Qal1,7
962,182.1839614,238.5422708,1.753688568,0.198009775,1.75,3.7,Qal2,8
962,206.5696262,177.2874549,2.389647999,0.355385085,3.7,5.65,Qal2,8
962,194.1783144,85.65599073,3.103999735,0.502129293,5.65,7.65,Qal2,8
962,172.2985613,63.98364617,3.225070788,0.645198165,7.65,9.65,Qal2,8
962,159.8388813,42.34487778,3.32675125,0.78615506,9.65,11.65,Qal2,8
962,264.4441339,54.89862061,3.198616426,0.929324473,11.65,13.6,Qal2,8
962,244.8921709,94.44551715,2.911702582,1.112157166,13.6,16.35,Qal2,8
963,294.7130556,278.2941309,1.931918789,0.227765066,1.65,3.55,Qal2,8
963,221.3140922,311.8256494,1.979579454,0.382275079,3.55,5.5,Qal2,8
963,170.0002708,108.2738892,2.985667636,0.536701998,5.5,7.5,Qal2,8
963,186.147946,110.5874739,3.063290866,0.697449415,7.5,9.5,Qal2,8
963,294.9089104,117.5815483,2.93965907,0.891224962,9.5,12.15,Qal2,8
964,311.7677897,478.9947629,2.133565174,0.245222291,1.7,3.65,Qal2,8
964,183.7092197,185.6760985,2.515515607,0.405540039,3.65,5.55,Qal2,8
964,238.5852817,73.46926672,3.091385872,0.536450907,5.55,7.55,Qal2,8
964,223.1943344,83.83618702,3.003012777,0.675508781,7.55,9.55,Qal2,8
964,230.9175655,108.4267017,2.936688971,0.81650402,9.55,11.55,Qal2,8
964,240.1050957,96.22424771,2.906604278,0.969527759,11.55,13.55,Qal2,8
964,192.177991,68.89068326,3.050634933,1.105533212,13.55,15.45,Qal2,8
964,218.9932756,50.74421565,3.18188712,1.263990708,15.45,17.85,Qal2,8
965,196.2681052,406.7354878,1.649197946,0.229986104,1.7,3.6,Qal2,8
965,214.2914048,223.2343593,1.741889918,0.395588225,3.6,5.5,Qal2,8
965,231.5855025,211.4616478,1.991443327,0.552390592,5.5,7.25,Qal2,8
965,468.2416035,161.4889451,2.657984137,0.703710423,7.25,9.2,Qal2,8
965,161.3907243,127.2562348,2.631861807,0.84788588,9.2,11.2,Qal2,8
965,212.7997049,81.23464302,2.944333694,1.00576152,11.2,13.2,Qal2,8
965,219.2510995,134.6760573,2.796793681,1.15740369,13.2,15.2,Qal2,8
965,301.3596273,101.8658853,2.930621261,1.310194748,15.2,17.15,Qal2,8
965,173.4668458,56.47448969,3.159141074,1.451506001,17.15,18.65,Qal2,8
965,637.3853435,45.20312505,3.114286444,1.605263909,18.65,21.15,Qal2,8
966,231.8181411,276.2714535,2.166182559,0.245114389,1.75,3.7,Qal2,8
966,209.5977818,239.5945768,2.181514095,0.417851401,3.7,5.7,Qal2,8
966,188.3392446,123.6708279,3.03318906,0.586460992,5.7,7.7,Qal2,8
966,174.5653229,52.22516319,3.360814358,0.742624204,7.7,9.7,Qal2,8
966,187.9165729,54.16041636,3.293074863,0.893521247,9.7,11.7,Qal2,8
966,239.3201697,56.11258242,3.278731726,1.049413617,11.7,13.7,Qal2,8
966,273.2771251,38.49772203,3.325064734,1.198567016,13.7,15.7,Qal2,8
966,266.3827249,53.81579746,3.117384283,1.345174755,15.7,17.65,Qal2,8
966,421.289519,54.3864889,3.169273339,1.484631941,17.65,19.3,Qal2,8
967,232.9876242,333.033133,2.588492418,0.225309277,1.75,3.75,af/Qi,6
967,263.2466344,288.0553152,2.540805603,0.39525714,3.75,5.75,af/Qi,6
967,211.8284894,115.8394595,2.833893955,0.555115768,5.75,7.75,af/Qi,6
967,209.5633167,194.3756213,1.929209442,0.718567742,7.75,9.65,af/Qi,6
967,199.7178411,215.4576374,1.53841128,0.901988628,9.65,11.65,af/Qi,6
967,252.9430442,148.620792,1.848362101,1.07397874,11.65,13.65,af/Qi,6
967,274.3151671,183.6807122,1.463542795,1.245172018,13.65,15.55,af/Qi,6
967,234.6935263,182.7659886,1.423294049,1.411944364,15.55,17.3,af/Qi,6
967,383.9491726,138.994008,1.853974808,1.564757452,17.3,19.2,af/Qi,6
967,254.9802652,142.9277224,2.030778105,1.730053446,19.2,21.1,af/Qi,6
967,246.7649273,158.9228674,2.634006974,1.91094494,21.1,23.2,af/Qi,6
968,272.7772573,590.9032284,2.37763238,0.273824662,1.7,3.6,Qoa,10
968,171.027344,355.0072487,1.85431439,0.549341795,3.6,7.5,Qoa,10
968,343.9922489,327.4296994,1.940662467,0.844588686,7.5,9.4,Qoa,10
968,621.7477336,336.8739159,1.913808341,1.056073551,9.4,11.35,Qoa,10
968,531.8593619,317.2889139,2.050685959,1.265129756,11.35,13.35,Qoa,10
968,361.5169876,188.1164385,2.328586476,1.431281033,13.35,14.65,Qoa,10
969,285.2452379,128.2784522,2.920606043,0.204542688,1.7,3.65,Qal2,8
969,258.9536171,135.0076469,2.968154152,0.338995928,3.65,5.65,Qal2,8
969,192.199342,160.4572494,2.530917282,0.490014298,5.65,7.55,Qal2,8
969,231.0158814,111.213638,2.665108106,0.642684304,7.55,9.55,Qal2,8
969,185.0965276,70.69578146,2.905638031,0.794463613,9.55,11.55,Qal2,8
969,182.2170931,42.66749993,3.315117598,0.937351759,11.55,13.55,Qal2,8
969,192.4666156,34.10987438,3.235610586,1.072887482,13.55,15.55,Qal2,8
969,189.814407,36.88577634,3.157341933,1.191682534,15.55,17.55,Qal2,8
969,168.3262582,31.84313948,3.419877931,1.332777237,17.55,19.55,Qal2,8
969,358.2969252,114.7566142,2.9235512,1.432947999,19.55,20.1,Qal2,8
970,153.6511444,307.8402289,2.530934712,0.198512843,1.75,3.75,Qal2,8
970,181.2068864,143.060176,2.691630807,0.34313518,3.75,5.75,Qal2,8
970,198.996176,135.5858118,2.909295847,0.499661684,5.75,7.75,Qal2,8
970,167.7428146,75.12664542,3.139733577,0.65079723,7.75,9.75,Qal2,8
970,178.4612809,59.92702925,3.182026789,0.802485078,9.75,11.75,Qal2,8
970,221.3558171,65.61692414,3.13434886,0.954955355,11.75,13.75,Qal2,8
970,243.2875334,112.0679219,2.740691114,1.128119559,13.75,16.4,Qal2,8
971,249.6754156,230.7510726,2.825858656,0.219564118,1.75,3.75,Qal2,8
971,182.1503505,157.3212958,2.922731415,0.380699082,3.75,5.75,Qal2,8
971,195.5243003,103.5239037,3.125712843,0.537638181,5.75,7.75,Qal2,8
971,210.9094548,109.5326605,3.009985212,0.700450868,7.75,9.75,Qal2,8
971,231.0761985,79.88474638,3.009319336,0.844211759,9.75,11.75,Qal2,8
971,293.5971749,297.5056268,1.382076131,1.022164913,11.75,13.75,Qal2,8
971,362.5655749,335.5391506,1.2857556,1.149689581,13.75,14.25,Qal2,8
972,345.7366583,467.6827845,2.280755319,0.264691986,1.75,3.75,Qal2,8
972,173.9908147,134.8420497,2.624917824,0.428168947,3.75,5.75,Qal2,8
972,182.8683898,68.35736285,3.103368217,0.566302613,5.75,7.75,Qal2,8
972,301.7076831,201.1141158,2.556614892,0.704505588,7.75,9.75,Qal2,8
972,244.4345828,107.7330728,2.765284357,0.854621788,9.75,11.75,Qal2,8
972,219.6174022,64.53313309,2.976582378,1.001714972,11.75,13.75,Qal2,8
972,205.3632973,84.60691626,2.941795953,1.145972888,13.75,15.75,Qal2,8
972,247.7375589,86.87870115,2.825603524,1.316556419,15.75,18.25,Qal2,8
973,132.8790036,296.335822,2.45916668,0.217387556,1.75,3.75,Qal2,8
973,159.553331,169.6214351,2.59119297,0.364198772,3.75,5.75,Qal2,8
973,170.1671809,133.5829451,2.750438276,0.505870858,5.75,7.75,Qal2,8
973,167.4874664,102.6398746,2.798950278,0.649953782,7.75,9.75,Qal2,8
973,226.7572907,218.7204015,2.527607704,0.799858468,9.75,11.75,Qal2,8
973,265.9726751,232.1979652,2.055067922,0.982481218,11.75,13.75,Qal2,8
974,318.1923819,359.095836,2.517730446,0.2265296,1.75,3.75,Qal2,8
974,164.6341002,133.5694037,2.893068259,0.372138182,3.75,5.75,Qal2,8
974,210.2329252,86.67783472,3.046670455,0.505478623,5.75,7.7,Qal2,8
974,244.1643314,134.2574314,2.554779613,0.639136807,7.7,9.7,Qal2,8
974,340.5220012,221.8326322,2.69020769,0.781386505,9.7,11.7,Qal2,8
974,370.3551126,204.8727189,2.135230271,0.952021994,11.7,13.65,Qal2,8
974,206.6930982,83.30565602,2.633582862,1.090014224,13.65,15,Qal2,8
975,504.3825852,148.9016605,2.395940272,0.232123274,1.75,3.75,Qal2,8
975,302.7850001,289.8859013,2.497317188,0.382073209,3.75,5.75,Qal2,8
975,215.9348986,182.7903408,2.710747494,0.54954454,5.75,8,Qal2,8
977,316.6900471,590.8221941,1.648734742,0.261379259,1.75,3.25,Qal2,8
978,398.1106758,406.8701722,2.20514046,0.19686148,1.75,3.25,Qal2,8
979,418.4794301,348.3952725,2.364925071,0.251546165,1.75,3.75,Qal2,8
979,259.6163626,91.05421439,2.893148794,0.394813037,3.75,5.7,Qal2,8
979,158.6093095,80.170065,3.055063092,0.52694295,5.7,7.7,Qal2,8
979,235.0579622,83.4111914,3.031715998,0.667026278,7.7,9.7,Qal2,8
979,191.4415071,68.79172151,3.1076154,0.815709843,9.7,11.65,Qal2,8
979,235.2265707,90.13448103,2.96857082,0.966046944,11.65,13.65,Qal2,8
979,216.8701117,76.55881262,2.975967792,1.120327193,13.65,15.65,Qal2,8
979,261.7940034,85.76643797,2.921061123,1.260932581,15.65,17.65,Qal2,8
979,256.2492548,138.1366629,2.772441331,1.422692956,17.65,19.65,Qal2,8
979,280.0113812,108.8463158,2.783942146,1.58880383,19.65,21.65,Qal2,8
979,261.4487593,116.4137456,2.847537078,1.755943192,21.65,23.65,Qal2,8
979,278.2964525,65.86046329,2.974061703,1.875691184,23.65,24.55,Qal2,8
980,323.795982,286.6557494,1.696073414,0.206216711,1.75,2.75,Qal2,8
980,375.8807412,306.837939,1.462490296,0.259791145,2.75,2.9,Qal2,8
981,207.4394202,326.217799,2.270400483,0.270986338,1.75,3.75,Qal2,8
981,213.6831034,258.0686627,2.616048138,0.440941466,3.75,5.75,Qal2,8
981,208.8814605,155.3457969,2.378662633,0.599979441,5.75,7.75,Qal2,8
981,197.1445085,190.1189749,2.54338331,0.757946163,7.75,9.75,Qal2,8
981,175.3891566,66.99626022,3.032400157,0.909213549,9.75,11.75,Qal2,8
981,199.0245292,63.95966905,2.997038822,1.057239022,11.75,13.75,Qal2,8
981,238.7991406,65.16215968,2.979393827,1.205696078,13.75,15.75,Qal2,8
981,222.517986,66.67482399,2.974571121,1.353838411,15.75,17.75,Qal2,8
981,294.6792823,169.7669834,2.271158437,1.515444192,17.75,19.75,Qal2,8
981,345.1622859,353.8511822,1.396682219,1.722878984,19.75,21.75,Qal2,8
981,342.9729527,232.2165504,2.0026084,1.932531468,21.75,23.75,Qal2,8
981,223.2927393,152.1619508,2.725275163,2.116083615,23.75,25.75,Qal2,8
981,265.3044404,116.9717542,2.834002285,2.297785575,25.75,27.8,Qal2,8
981,384.0900853,324.9687993,1.940368135,2.481143891,27.8,29.75,Qal2,8
981,305.0949813,63.95320203,2.976834688,2.661609148,29.75,31.75,Qal2,8
981,319.757762,58.06390588,3.077559009,2.834113632,31.75,33.75,Qal2,8
981,237.4376486,53.77269156,3.03493618,3.008317285,33.75,35.75,Qal2,8
981,326.5980134,178.216787,2.637314542,3.181325951,35.75,37.75,Qal2,8
981,243.8211025,434.5789257,1.32156074,3.309871347,37.75,38.25,Qal2,8
982,454.6110082,531.6696843,1.495333156,0.261241924,1.75,3.75,Qal2,8
982,245.825223,345.1863113,1.642896498,0.42791951,3.75,4.9,Qal2,8
983,175.974832,284.184882,2.588368447,0.212118261,1.75,3.75,Qal2,8
983,197.7392481,145.3580319,2.770526857,0.359453987,3.75,5.75,Qal2,8
983,210.0938513,285.814886,2.492305564,0.518380934,5.75,7.75,Qal2,8
983,221.3591524,91.88698254,2.816005545,0.676224438,7.75,9.75,Qal2,8
983,226.6593602,88.15366458,2.918085745,0.825256278,9.75,11.75,Qal2,8
983,211.9799233,104.1931138,2.851366575,0.974077126,11.75,13.75,Qal2,8
983,229.439729,195.2931983,2.535850323,1.14118555,13.75,15.75,Qal2,8
983,263.7824698,104.0447464,2.841017501,1.313441639,15.75,17.75,Qal2,8
983,245.2153827,206.6176367,2.416654009,1.480539943,17.75,19.75,Qal2,8
983,314.7282738,254.2468518,1.622925248,1.68755131,19.75,21.75,Qal2,8
983,319.1097109,51.29350058,3.016119321,1.853638291,21.75,23.55,Qal2,8
984,274.9748915,346.4935172,2.139884251,0.188651481,1.75,3.75,Qal2,8
984,360.5966592,297.1781909,2.17874908,0.334991469,3.75,5.75,Qal2,8
984,253.3871503,162.9898509,2.213289812,0.470010405,5.75,7.75,Qal2,8
984,244.115168,193.7890779,2.335443075,0.603537899,7.75,9.75,Qal2,8
984,270.7094741,243.1979587,2.371102168,0.758001373,9.75,11.75,Qal2,8
984,299.4822399,353.9978771,2.280703484,0.952312369,11.75,13.75,Qal2,8
984,260.1374883,224.5857539,2.005081527,1.149327583,13.75,15.75,Qal2,8
984,378.2221963,348.6233255,1.717072351,1.345651544,15.75,17.75,Qal2,8
984,346.395591,385.657389,1.533561173,1.516171803,17.75,18.75,Qal2,8
985,193.9521837,285.3567846,2.370963752,0.414200717,1.75,2.75,Qal1,7
985,222.8270662,260.7991996,2.466546142,0.601316014,2.75,3.75,Qal1,7
985,179.7586545,149.3897449,2.611753376,0.77764677,3.75,4.75,Qal1,7
985,181.8005166,181.8453156,2.373837044,0.951167541,4.75,5.75,Qal1,7
985,207.6139731,194.7165933,1.515569324,1.139852128,5.75,6.75,Qal1,7
985,321.2130221,183.4643787,1.600733771,1.326469715,6.75,7.75,Qal1,7
985,136.8292731,68.7623932,2.849978497,1.501313614,7.75,8.75,Qal1,7
985,243.0464003,99.62286717,2.41792566,1.668699632,8.75,9.75,Qal1,7
985,244.062788,60.49670278,2.944982836,1.845129219,9.75,10.75,Qal1,7
985,258.2038484,58.78307165,3.056432481,2.023442466,10.75,11.75,Qal1,7
985,209.8169806,35.36055769,3.167883553,2.195230019,11.75,12.75,Qal1,7
985,227.0316531,40.05079535,3.06147393,2.34046644,12.75,13.75,Qal1,7
985,154.1360198,40.91041423,3.055892939,2.416457973,13.75,14.75,Qal1,7
985,302.6934132,231.3657235,2.501239133,2.505497263,14.75,15.75,Qal1,7
985,334.1976799,130.4495629,1.934796344,2.606721715,15.75,16.75,Qal1,7
985,335.5092561,247.72759,1.671501122,2.70555955,16.75,17.75,Qal1,7
985,414.94461,358.8440699,1.341807036,2.814217558,17.75,18.75,Qal1,7
986,330.7438818,853.0664481,2.424618317,0.509151396,1.75,3.75,Qal2,8
986,420.4253941,542.9056256,2.415868421,0.929364321,3.75,5.75,Qal2,8
986,399.3937814,177.2272926,2.482509844,1.290784371,5.75,7.75,Qal2,8
986,530.5843656,211.3948346,1.887467613,1.499545174,7.75,9.75,Qal2,8
986,410.2062833,124.7851913,2.455777954,1.685911328,9.75,11.75,Qal2,8
986,564.7796617,274.9586819,1.974532801,1.881807889,11.75,13.75,Qal2,8
986,385.9901677,189.7713917,2.677770364,2.083565963,13.75,15.75,Qal2,8
986,330.1664099,143.8618799,2.835533327,2.281869471,15.75,17.75,Qal2,8
986,373.3292496,99.24204827,3.016091189,2.466308137,17.75,19.75,Qal2,8
986,323.8840745,69.24522143,3.040038341,2.647739393,19.75,21.75,Qal2,8
986,420.5556023,152.8860582,2.856830481,2.841649768,21.75,23.75,Qal2,8
986,446.938896,184.3898386,2.79920845,3.041151864,23.75,25.75,Qal2,8
986,215.9610192,73.53620523,2.951489299,3.197190615,25.75,26.75,Qal2,8
987,117.584314,170.4689856,2.717258117,0.221932901,1.75,3.75,af/Qi,6
987,83.63113907,66.50473706,2.654086346,0.324933945,3.75,5.75,af/Qi,6
987,82.34157063,55.53857851,2.664448498,0.390546579,5.75,7.75,af/Qi,6
987,135.2624021,139.6997646,2.635029263,0.477553299,7.75,9.75,af/Qi,6
987,190.3684043,244.4960465,2.499533607,0.641233297,9.75,11.75,af/Qi,6
987,163.0818212,103.5475152,2.707916276,0.802442837,11.75,13.75,af/Qi,6
987,205.7592874,124.5325213,2.657871627,0.935396516,13.75,15.75,af/Qi,6
987,222.0402541,142.2293807,2.321945639,1.092688485,15.75,17.75,af/Qi,6
987,250.9622929,214.7295012,1.797560162,1.279298837,17.75,19.75,af/Qi,6
987,273.1046561,84.87832339,2.959425848,1.457931177,19.75,21.75,af/Qi,6
987,276.3082114,74.57728877,3.124205663,1.62905077,21.75,23.75,af/Qi,6
987,239.1248276,76.66094773,3.052860267,1.808628941,23.75,25.75,af/Qi,6
987,302.4562025,52.30470031,3.130648784,1.973427756,25.75,27.75,af/Qi,6
987,306.2593159,115.7600982,2.99071171,2.14434335,27.75,29.75,af/Qi,6
987,259.4656211,65.74244136,3.155880643,2.337469419,29.75,31.75,af/Qi,6
987,259.1303556,47.54749276,3.21020917,2.509607107,31.75,33.55,af/Qi,6
988,284.5852929,232.9692244,2.548376399,0.162773972,1.75,2.75,Qal2,8
988,215.571862,237.9236623,2.122301695,0.23873574,2.75,3.75,Qal2,8
988,391.4196503,294.4640863,1.760231549,0.325130597,3.75,4.75,Qal2,8
988,286.7173063,422.0824983,2.231553633,0.417880453,4.75,5.75,Qal2,8
988,277.9275311,261.9315565,2.569342607,0.50772013,5.75,6.75,Qal2,8
988,201.5855549,122.2040127,2.865918558,0.587370019,6.75,7.75,Qal2,8
988,239.2144359,152.761273,2.776637146,0.669080475,7.75,8.75,Qal2,8
988,307.7798219,326.0727879,2.598240535,0.755033606,8.75,9.75,Qal2,8
989,237.2990316,199.022555,2.595995063,0.364033062,1.75,2.75,Qal2,8
989,237.0352908,220.129739,2.162848167,0.540921057,2.75,3.75,Qal2,8
989,524.0456754,265.2032681,1.804450246,0.653002497,3.75,4.75,Qal2,8
989,336.5579596,252.9654177,2.223523463,0.739186543,4.75,5.75,Qal2,8
989,215.1512404,196.2891081,2.661380933,0.828966467,5.75,6.75,Qal2,8
989,217.0522522,100.3207782,2.89642351,0.911830581,6.75,7.75,Qal2,8
989,224.6992345,125.0485755,2.834932108,0.994357192,7.75,8.75,Qal2,8
989,287.398727,262.0786868,2.717017014,1.08063119,8.75,9.75,Qal2,8
989,353.8425462,246.7871147,2.050728503,1.183312105,9.75,10.75,Qal2,8
989,350.7959221,263.0841233,1.697026177,1.287757427,10.75,11.75,Qal2,8
989,220.6717177,86.42191699,2.843360832,1.374090859,11.75,12.75,Qal2,8
989,314.0981389,276.4626405,1.899905439,1.467469485,12.75,13.75,Qal2,8
989,297.5152353,244.2035654,2.031049269,1.569572438,13.75,14.75,Qal2,8
989,235.9700883,184.3336111,2.222172889,1.670558063,14.75,15.75,Qal2,8
989,231.1174694,88.53189437,2.908384381,1.755881089,15.75,16.75,Qal2,8
989,271.9504526,101.0779164,2.912810028,1.835726484,16.75,17.75,Qal2,8
989,358.7319146,111.8128094,2.800177902,1.918501688,17.75,18.75,Qal2,8
989,403.703261,89.62873431,2.868535329,2.001774598,18.75,19.75,Qal2,8
989,45.8635869,66.20156625,3.04954078,2.086065485,19.75,20.75,Qal2,8
989,-71.04801479,132.4701041,2.836137592,2.175054747,20.75,21.75,Qal2,8
989,317.0062473,53.79990202,3.026065288,2.258145502,21.75,22.75,Qal2,8
989,360.4361036,69.2480987,3.027405304,2.342106523,22.75,23.75,Qal2,8
989,270.0343775,96.52139324,2.921832433,2.434202426,23.75,24.75,Qal2,8
989,264.3461849,129.533335,2.845795981,2.526333675,24.75,25.75,Qal2,8
989,384.0823451,229.9557733,1.908042688,2.607245786,25.75,26.25,Qal2,8
990,311.7465273,465.4341855,2.118723615,0.24947937,1.75,3.75,Qoa,10
990,292.6353471,291.0053279,2.460357863,0.426015098,3.75,5.75,Qoa,10
990,459.4178631,393.6439435,2.047461917,0.611110038,5.75,7.75,Qoa,10
990,483.1811836,305.4194981,2.612708309,0.814984332,7.75,9.75,Qoa,10
990,418.1627888,764.5548362,2.337781107,1.029393428,9.75,11.75,Qoa,10
990,450.1615308,802.7142123,2.165565856,1.27151143,11.75,13.75,Qoa,10
990,432.6427886,620.9988965,2.055143269,1.490127528,13.75,15.3,Qoa,10
991,574.370351,458.5655945,1.564954364,0.279059305,1.75,3.75,Qoa,10
991,520.2546648,463.4596317,1.644845485,0.499197258,3.75,5.75,Qoa,10
991,718.395161,418.1664141,1.877774619,0.725854284,5.75,7.75,Qoa,10
991,454.5140486,391.2409868,1.915505788,0.935426121,7.75,9.75,Qoa,10
991,578.3824126,417.4105853,1.875233169,1.156917877,9.75,11.75,Qoa,10
991,642.049908,521.0026075,2.047881097,1.306416972,11.75,12.35,Qoa,10
992,447.1302158,290.069113,1.841481334,0.233733164,1.75,3.75,Qoa,10
992,472.1823485,570.2886429,1.719515411,0.4381434,3.75,5.75,Qoa,10
992,434.6915825,524.9688762,1.559325889,0.6657022,5.75,7.75,Qoa,10
993,416.5823703,471.2599999,1.481635187,0.286591677,1.8,3.75,Qoa,10
993,337.7229845,570.6099109,1.580700362,0.411028284,3.75,4.1,Qoa,10
994,381.4441509,683.1876982,1.597236775,0.27284998,1.75,3.9,Qoa,10
994,616.0130856,490.1121494,1.911129894,0.499363415,3.9,5.75,Qoa,10
995,220.8896192,432.3574373,2.249964519,0.232873641,1.75,3.75,Qal2,8
995,374.4559817,488.7237526,1.672689076,0.42763891,3.75,5.75,Qal2,8
996,354.455693,439.935188,2.003567884,0.239314518,1.75,3.75,Qal2,8
996,371.106912,494.0703259,1.975975091,0.436265952,3.75,5.75,Qal2,8
996,449.747392,353.7837199,2.395557508,0.630299563,5.75,7.75,Qal2,8
996,330.3960425,251.1404372,2.727014214,0.82227301,7.75,9.75,Qal2,8
996,296.5400573,263.2191778,2.493981158,0.978612842,9.75,11.05,Qal2,8
997,377.5135562,544.0148109,1.905555586,0.265350584,1.75,3.75,Qoa,10
997,473.817018,532.6027133,2.106685337,0.422391805,3.75,4.8,Qoa,10
998,278.0370688,492.58923,2.310602591,0.255390763,1.75,3.75,Qal2,8
998,326.0635422,375.1394664,2.467246157,0.447622785,3.75,5.75,Qal2,8
998,551.3436129,420.7694649,1.766651261,0.665340054,5.75,7.75,Qal2,8
998,444.4677345,464.5997302,1.938202999,0.884748646,7.75,9.75,Qal2,8
998,287.4973664,403.1038959,2.360356096,1.036034627,9.75,10.65,Qal2,8
999,178.3969249,234.4187428,2.428844001,0.228971542,1.75,3.75,Qal2,8
999,196.8752022,122.6815085,2.758393427,0.376445616,3.75,5.75,Qal2,8
999,169.1742498,104.5051513,3.047387795,0.527598201,5.75,7.75,Qal2,8
999,209.9366272,130.9655126,2.866969816,0.680554611,7.75,9.75,Qal2,8
999,240.0019068,157.3660656,2.433312588,0.839591903,9.75,11.75,Qal2,8
999,321.4669367,260.8618707,2.106210842,1.022722874,11.75,13.75,Qal2,8
999,230.0512304,146.3071054,2.739971209,1.189569646,13.75,15.75,Qal2,8
999,293.6415933,271.3374504,2.034880639,1.373683155,15.75,17.75,Qal2,8
999,274.5214005,61.57750893,2.966329569,1.55621935,17.75,19.75,Qal2,8
999,440.9126873,346.6333416,2.155260044,1.689205253,19.75,20.75,Qal2,8
1000,360.8343294,414.9049164,1.681460509,0.251591104,1.75,3.75,Qal2,8
1000,275.8245998,158.5146754,2.662332955,0.423049273,3.75,5.75,Qal2,8
1000,332.607679,387.9403106,2.236592417,0.595657019,5.75,7.75,Qal2,8
1000,262.516587,291.4258962,2.410130519,0.783037136,7.75,9.75,Qal2,8
1000,356.9837667,449.1767054,1.625653613,0.942244966,9.75,10.9,Qal2,8
1001,356.362554,247.5721873,2.4182495,0.191613558,1.75,3.75,Qal2,8
1001,203.9106339,272.7287233,2.653169284,0.348970754,3.75,5.75,Qal2,8
1001,216.8655218,182.9990843,2.770729782,0.516594272,5.75,7.75,Qal2,8
1001,332.8628844,98.94256763,3.02305769,0.673181912,7.75,9.75,Qal2,8
1001,460.018144,299.6868309,2.315798441,0.847935981,9.75,11.75,Qal2,8
1001,530.5474077,505.9745064,1.532492265,0.999469039,11.75,12.5,Qal2,8
1002,253.8028154,268.9794989,2.431302357,0.215504398,1.75,3.75,Qal2,8
1002,365.7747124,314.1633643,2.133885071,0.381607643,3.75,5.75,Qal2,8
1002,418.2721712,524.802118,1.597973772,0.595013944,5.75,7.75,Qal2,8
1002,278.1177112,317.7034142,2.052930882,0.72362709,7.75,8.1,Qal2,8
1003,215.6620894,220.0277344,2.307413778,0.201879512,1.75,3.75,Qal2,8
1003,235.7865888,153.8134573,2.689145829,0.344947344,3.75,5.75,Qal2,8
1003,379.1922362,178.0002907,2.699051255,0.493593423,5.75,7.75,Qal2,8
1003,388.710389,151.7983965,2.512714725,0.660366204,7.75,9.75,Qal2,8
1003,289.3183466,370.9711508,1.863092613,0.852211712,9.75,11.75,Qal2,8
1004,230.6014833,206.6848437,2.422914392,0.201121342,1.75,3.75,Qal2,8
1004,261.4458905,176.2029663,2.679499251,0.341294872,3.75,5.75,Qal2,8
1004,402.7067398,310.8898611,1.88997762,0.512108979,5.75,7.75,Qal2,8
1005,247.5271489,239.1736191,1.914676662,0.21203933,1.75,3.75,Qal2,8
1005,227.4395569,179.7893466,2.691813059,0.353053405,3.75,5.75,Qal2,8
1005,329.9271056,165.253637,2.818740795,0.500498335,5.75,7.75,Qal2,8
1005,491.7701895,564.6338444,1.914761983,0.648037541,7.75,8.85,Qal2,8
1006,183.8204867,546.3263395,2.512634751,0.252425406,1.75,3.75,Qal2,8
1006,254.6200048,208.1618968,2.703277816,0.428569041,3.75,5.75,Qal2,8
1006,218.1224503,181.0199333,2.541476321,0.596255137,5.75,7.75,Qal2,8
1006,345.9323946,170.5699268,2.80160841,0.756249449,7.75,9.75,Qal2,8
1006,317.633578,180.4611287,2.569484987,0.934363346,9.75,11.75,Qal2,8
1006,363.4384984,142.1923014,2.745633611,1.104830556,11.75,13.75,Qal2,8
1006,398.0920503,324.2721665,2.017622136,1.310055002,13.75,15.75,Qal2,8
1006,359.2884273,317.1099966,1.926404549,1.532981527,15.75,17.75,Qal2,8
1006,356.2643751,377.7485083,1.965527976,1.673755541,17.75,18.25,Qal2,8
1007,210.2677999,326.9145763,2.375404535,0.222809325,1.75,3.75,Qal2,8
1007,213.0789956,108.5892265,3.029169906,0.368367433,3.75,5.75,Qal2,8
1007,149.5236223,176.0511896,2.765425396,0.521837658,5.75,7.75,Qal2,8
1007,327.9344756,355.2439004,2.137246033,0.696602406,7.75,9.75,Qal2,8
1008,234.9971501,370.0099786,2.469660397,0.238667147,1.75,3.75,Qal1,7
1008,241.1161944,156.7691598,2.659542537,0.383852929,3.75,5.75,Qal1,7
1008,173.9393047,106.7628419,2.619738604,0.512247146,5.75,7.75,Qal1,7
1008,241.6986308,175.7995057,2.236240625,0.662307509,7.75,9.75,Qal1,7
1008,227.4016506,176.5208149,2.331516084,0.821447837,9.75,11.75,Qal1,7
1008,310.2025942,116.826376,2.814347622,0.977710697,11.75,13.75,Qal1,7
1008,303.6810502,118.4677287,2.709465908,1.138827381,13.75,15.75,Qal1,7
1008,250.4124296,75.77072011,3.005965587,1.307175807,15.75,17.75,Qal1,7
1008,359.9507031,195.8177904,2.346519714,1.478510935,17.75,19.75,Qal1,7
1008,336.0081269,264.8809535,2.238212789,1.687834672,19.75,21.75,Qal1,7
1008,284.1383249,60.39908016,2.980943408,1.860568442,21.75,23.75,Qal1,7
1008,304.5218835,74.78719605,2.992662588,2.021866039,23.75,25.75,Qal1,7
1008,319.6613498,82.11951054,2.955833435,2.197889244,25.75,27.75,Qal1,7
1008,362.9831716,166.3970894,2.77836669,2.40445745,27.75,30.25,Qal1,7
1009,234.7363698,407.8266707,2.588511259,0.251422562,1.75,3.75,Qal1,7
1009,331.6939636,259.0557604,1.737410723,0.419103524,3.75,5.75,Qal1,7
1009,243.6900739,233.777015,1.741819036,0.60175845,5.75,7.75,Qal1,7
1009,229.3696927,117.1489047,2.503536059,0.760466923,7.75,9.75,Qal1,7
1009,157.7357559,105.3537172,2.876203185,0.910388797,9.75,11.75,Qal1,7
1009,343.8812085,190.6488951,2.056874143,1.076885218,11.75,13.75,Qal1,7
1009,307.5207817,122.8137457,2.665028052,1.264104275,13.75,15.75,Qal1,7
1009,293.3837815,258.8597688,2.017565757,1.452917077,15.75,17.75,Qal1,7
1009,447.811241,121.8935824,2.911903584,1.642885252,17.75,19.75,Qal1,7
1009,245.7442277,80.76455393,2.98638303,1.822302744,19.75,21.75,Qal1,7
1009,304.4805262,103.5833389,2.979072753,1.988262042,21.75,23.75,Qal1,7
1009,393.0663287,175.9653508,2.485371303,2.185244109,23.75,25.75,Qal1,7
1009,408.7451543,296.3526443,2.571765009,2.325539996,25.75,26.45,Qal1,7
1010,254.7539122,468.0832405,2.640901324,0.267784709,1.75,3.75,Qal1,7
1010,222.1980961,152.4539455,2.922475996,0.440864267,3.75,5.75,Qal1,7
1010,164.2563017,134.091495,2.843035476,0.594609721,5.75,7.75,Qal1,7
1010,235.0698687,249.4080691,1.472995123,0.766367806,7.75,9.75,Qal1,7
1010,202.4585985,192.1920571,1.905580592,0.953693508,9.75,11.75,Qal1,7
1010,254.9961196,210.5852247,1.854615259,1.140084972,11.75,13.75,Qal1,7
1010,286.3018511,245.6195917,1.488869072,1.335136937,13.75,15.75,Qal1,7
1010,340.0937394,221.7851212,1.509258445,1.536034853,15.75,17.75,Qal1,7
1010,273.021375,184.9551701,1.717811769,1.759005763,17.75,20.25,Qal1,7
1011,146.9217623,193.1986457,2.623569635,0.211213469,1.75,3.75,Qal1,7
1011,210.4754306,203.9143913,2.722700627,0.354929219,3.75,5.75,Qal1,7
1011,212.0380162,189.9093261,2.698406332,0.517529763,5.75,7.75,Qal1,7
1011,179.3728942,93.17340601,2.935524763,0.744127104,7.75,11.75,Qal1,7
1011,216.0537477,83.79997348,2.957651448,0.977751087,11.75,13.75,Qal1,7
1011,263.1553389,115.7823504,2.826334229,1.13534876,13.75,15.75,Qal1,7
1011,240.9340414,71.88089814,2.946441096,1.291675348,15.75,17.75,Qal1,7
1011,296.8131416,120.6358829,2.612180769,1.452275706,17.75,19.75,Qal1,7
1011,277.6343584,74.57019652,2.919223751,1.617202131,19.75,21.75,Qal1,7
1011,287.3053914,189.5814315,2.676146893,1.791363422,21.75,23.75,Qal1,7
1011,241.9603887,158.3299091,2.487004432,1.924536258,23.75,24.45,Qal1,7
1012,196.2900755,223.4287993,2.393446334,0.209447075,1.75,3.75,Qal1,7
1012,134.950563,106.9918827,2.780731715,0.348559371,3.75,5.75,Qal1,7
1012,213.5788673,172.6222999,2.620456048,0.491650564,5.75,7.75,Qal1,7
1012,211.4300675,108.5188018,2.887606959,0.639178234,7.75,9.75,Qal1,7
1012,200.6318374,143.6413215,2.835433219,0.797215313,9.75,11.75,Qal1,7
1012,178.5617127,80.29774023,3.077583414,0.954789205,11.75,13.75,Qal1,7
1012,238.409612,90.35276946,3.04284822,1.120658702,13.75,15.75,Qal1,7
1012,212.9939836,61.34373826,3.187417357,1.285829483,15.75,17.75,Qal1,7
1012,255.5049996,102.7632975,2.903186501,1.455443543,17.75,19.75,Qal1,7
1012,303.7115314,79.43437112,2.998136139,1.627390087,19.75,21.75,Qal1,7
1012,290.6206609,92.7081001,2.95780181,1.799165992,21.75,23.75,Qal1,7
1012,371.5444839,260.6721508,2.111375817,1.924699057,23.75,24.45,Qal1,7
1013,244.9236397,418.5943425,2.465122145,0.256725072,1.75,3.75,Qal1,7
1013,184.3552303,149.6212331,2.799891688,0.408441424,3.75,5.75,Qal1,7
1013,196.5881668,99.07188069,2.843986187,0.550669757,5.75,7.75,Qal1,7
1013,232.9232375,161.7035062,2.73682147,0.698282054,7.75,9.75,Qal1,7
1013,229.5611362,146.696735,2.721958548,0.867540416,9.75,11.75,Qal1,7
1013,263.0728649,94.87072431,2.918040723,1.026705768,11.75,13.75,Qal1,7
1013,268.3261627,231.9268243,2.66118151,1.201963722,13.75,15.75,Qal1,7
1013,238.7705995,101.4581853,3.000776644,1.382571098,15.75,17.75,Qal1,7
1013,313.3348008,144.826287,2.844097818,1.573846141,17.75,20.25,Qal1,7
1014,204.0094804,266.2175011,2.671656454,0.226046413,1.75,3.75,Qal1,7
1014,208.2685887,253.8193743,2.704717373,0.396038965,3.75,5.75,Qal1,7
1014,195.0594263,141.3740226,2.865628295,0.56420354,5.75,7.75,Qal1,7
1014,253.6413102,102.2892225,2.933880746,0.723810314,7.75,9.75,Qal1,7
1014,227.4409471,117.5399666,2.717923141,0.872897243,9.75,11.75,Qal1,7
1014,294.9653476,281.7384317,1.867883855,1.063255113,11.75,13.95,Qal1,7
1014,267.0264551,261.8688808,1.711750426,1.253561096,13.95,15.75,Qal1,7
1014,392.0417448,275.8757034,1.596398887,1.447293121,15.75,17.75,Qal1,7
1014,370.9722087,223.4320056,1.679905581,1.670888676,17.75,20.25,Qal1,7
1015,221.5912572,402.793658,2.592822908,0.239631291,1.75,3.75,Qal1,7
1015,291.6588203,179.4515003,2.724659767,0.401277435,3.75,5.75,Qal1,7
1015,254.5864323,208.7492324,2.667491266,0.561777622,5.75,7.75,Qal1,7
1015,229.0919155,153.3485967,2.492162534,0.735952486,7.75,9.75,Qal1,7
1015,212.6082156,109.5705872,2.814458865,0.895996171,9.75,11.75,Qal1,7
1015,339.2145365,307.4951235,1.532327553,1.08235604,11.75,13.75,Qal1,7
1015,330.865981,351.5227401,1.379784867,1.291817677,13.75,15.75,Qal1,7
1015,331.7742044,297.8837457,1.80502655,1.50150673,15.75,17.75,Qal1,7
1015,319.11576,189.2373578,1.925387697,1.677377444,17.75,19.25,Qal1,7
1016,141.8138555,233.5762673,2.57794196,0.181350012,1.75,2.75,Floodplain,2
1016,210.1359479,158.6698662,1.746847388,0.257745839,2.75,3.75,Floodplain,2
1016,251.96454,180.9908339,1.569107296,0.343034616,3.75,4.75,Floodplain,2
1016,177.1497582,206.5281548,1.478477377,0.431287271,4.75,5.75,Floodplain,2
1016,209.4922754,149.2602713,1.628147931,0.517534832,5.75,6.75,Floodplain,2
1016,247.168432,287.4037802,1.343150582,0.608232755,6.75,7.75,Floodplain,2
1016,234.3640518,218.8457229,1.413347826,0.699960788,7.75,8.75,Floodplain,2
1016,294.0736852,207.8516256,1.495747745,0.789119606,8.75,9.75,Floodplain,2
1016,202.2370783,201.6478412,1.458210108,0.873196572,9.75,10.75,Floodplain,2
1016,235.6847511,152.9144895,1.489300942,0.957517529,10.75,11.75,Floodplain,2
1016,227.352241,160.6684837,1.517698626,1.042026691,11.75,12.75,Floodplain,2
1016,260.6189202,156.5895689,1.627370853,1.131897069,12.75,13.75,Floodplain,2
1016,249.7525005,147.5687731,1.571301364,1.223447801,13.75,14.75,Floodplain,2
1016,224.1630494,239.2239102,1.798850535,1.317213613,14.75,15.75,Floodplain,2
1016,250.596282,245.4737593,1.605097308,1.421882247,15.75,16.75,Floodplain,2
1016,255.1498701,115.3322229,1.673139623,1.515900611,16.75,17.75,Floodplain,2
1016,271.8507399,161.547676,1.42308198,1.599576338,17.75,18.75,Floodplain,2
1016,283.472014,184.2622412,1.513203859,1.690737744,18.75,19.75,Floodplain,2
1016,250.8603063,246.3901816,1.472055412,1.790658479,19.75,20.75,Floodplain,2
1016,255.3809423,239.6597616,1.465529758,1.892480549,20.75,21.75,Floodplain,2
1016,328.299437,325.3414622,1.455737807,1.99559997,21.75,22.75,Floodplain,2
1016,399.0648663,304.438249,1.347820205,2.099607366,22.75,23.75,Floodplain,2
1016,359.3313102,136.3597451,1.588627042,2.168408946,23.75,24.2,Floodplain,2
1017,180.150173,337.2438821,1.763084942,0.19895889,1.75,3.75,Floodplain,2
1017,214.6904258,247.9956957,1.53675399,0.392267767,3.75,5.75,Floodplain,2
1017,217.2357339,173.3195565,1.489607987,0.563549011,5.75,7.75,Floodplain,2
1017,218.7929475,185.844856,1.465494887,0.72672939,7.75,9.75,Floodplain,2
1017,223.1737276,163.5254986,1.715816879,0.900085964,9.75,11.75,Floodplain,2
1017,235.9460631,147.7122988,1.689567989,1.06594737,11.75,13.75,Floodplain,2
1017,234.2994184,261.8401475,1.568142048,1.270139513,13.75,15.75,Floodplain,2
1017,280.4322356,180.0780954,1.439142985,1.465443872,15.75,17.75,Floodplain,2
1017,247.9711687,144.1508063,1.685699574,1.634870499,17.75,19.75,Floodplain,2
1017,245.9349581,179.5682192,1.502967163,1.81272442,19.75,21.75,Floodplain,2
1017,370.2066117,150.8566588,1.619274536,2.004969108,21.75,23.75,Floodplain,2
1017,232.3380503,100.0425786,1.717783772,2.107948051,23.75,23.95,Floodplain,2
1018,176.1383951,295.7613913,1.693578493,0.229046626,1.75,3.75,Beach_Dune,1
1018,235.5560253,542.4578963,1.574365101,0.442639547,3.75,5.75,Beach_Dune,1
1018,296.4979421,517.8998854,1.53696545,0.677909003,5.75,7.75,Beach_Dune,1
1018,223.8420037,333.3085368,1.921143334,0.898097772,7.75,9.75,Beach_Dune,1
1018,217.5992078,237.0019886,1.857343877,1.106885445,9.75,11.75,Beach_Dune,1
1018,224.2192513,217.4874438,1.81790031,1.326802763,11.75,13.75,Beach_Dune,1
1018,226.6997258,213.8102933,1.908846675,1.544449671,13.75,15.75,Beach_Dune,1
1018,222.4119159,79.4926421,3.22176864,1.724034883,15.75,18.25,Beach_Dune,1
1019,234.248881,292.4507947,2.139013933,0.229701163,1.75,3.75,Beach_Dune,1
1019,248.8000028,473.4685713,1.656895185,0.433791565,3.75,5.75,Beach_Dune,1
1019,222.6177439,320.8391982,1.61515038,0.655502155,5.75,7.75,Beach_Dune,1
1019,218.5741875,251.9932618,1.844448891,0.862570069,7.75,9.75,Beach_Dune,1
1019,292.0501521,314.6865692,1.669818642,1.084031858,9.75,11.75,Beach_Dune,1
1019,238.7184817,227.9900103,1.751498697,1.306698466,11.75,13.75,Beach_Dune,1
1019,174.6032747,129.0864168,2.617574027,1.508824952,13.75,15.75,Beach_Dune,1
1020,229.4685398,232.0818553,1.853892236,0.236195061,1.75,3.75,Beach_Dune,1
1020,223.532587,413.6700236,1.686949334,0.43499084,3.75,5.75,Beach_Dune,1
1020,229.626607,360.3604999,1.630091311,0.660246105,5.75,7.75,Beach_Dune,1
1020,203.1011681,218.0120571,1.830847108,0.877784255,7.75,9.75,Beach_Dune,1
1020,294.1239311,319.1186879,1.766296286,1.086369551,9.75,11.75,Beach_Dune,1
1020,296.1544003,370.4397319,1.596827555,1.317046263,11.75,13.75,Beach_Dune,1
1020,262.405221,224.4561391,1.926527006,1.545499445,13.75,15.75,Beach_Dune,1
1020,205.4832421,155.2924079,2.515330826,1.73290676,15.75,17.75,Beach_Dune,1
1020,217.6868941,205.3697055,2.430954402,1.897122961,17.75,19.4,Beach_Dune,1
1021,248.9743432,238.5138763,1.801972772,0.233433496,1.75,3.75,Beach_Dune,1
1021,279.4688302,591.7467554,1.69416121,0.437116962,3.75,5.75,Beach_Dune,1
1021,245.3039066,424.0480437,1.656918824,0.668050467,5.75,7.75,Beach_Dune,1
1021,274.5758096,378.6129697,1.69963323,0.895080742,7.75,9.75,Beach_Dune,1
1021,194.1863738,216.6950234,1.911482218,1.114683768,9.75,11.75,Beach_Dune,1
1021,272.8346156,299.3362754,1.77360791,1.331599251,11.75,13.75,Beach_Dune,1
1021,230.170797,222.7712989,2.15203349,1.536855961,13.75,15.75,Beach_Dune,1
1021,268.9276518,184.5336462,2.423163954,1.732316438,15.75,17.75,Beach_Dune,1
1021,256.9781937,195.7078431,1.927980561,1.939083724,17.75,19.75,Beach_Dune,1
1021,267.3580727,100.1789015,2.899338349,2.124863673,19.75,21.75,Beach_Dune,1
1021,276.2852742,61.85194741,3.237997328,2.284305929,21.75,23.75,Beach_Dune,1
1021,277.8775123,155.9375745,2.671969089,2.459654767,23.75,25.75,Beach_Dune,1
1021,184.7763631,22.20096941,3.38067226,2.612577038,25.75,27.75,Beach_Dune,1
1021,194.5368565,17.42544432,3.490696953,2.753685844,27.75,29.7,Beach_Dune,1
1022,145.8961681,203.5476426,1.801615096,0.231573103,1.75,3.75,Beach_Dune,1
1022,211.324767,489.6838805,1.640899167,0.440477015,3.75,5.75,Beach_Dune,1
1022,238.719727,327.449248,1.606586242,0.664738741,5.75,7.75,Beach_Dune,1
1022,171.85802,203.7937193,2.291132367,0.859499317,7.75,9.75,Beach_Dune,1
1022,245.747551,266.8368337,2.153008751,1.043613517,9.75,11.75,Beach_Dune,1
1022,289.3464114,296.452441,1.746366353,1.265138589,11.75,13.75,Beach_Dune,1
1022,226.8731623,197.9778664,2.105756888,1.482967391,13.75,15.75,Beach_Dune,1
1022,206.8695446,89.03655781,2.752805449,1.647887029,15.75,17.75,Beach_Dune,1
1022,193.5472466,43.32417413,3.304536354,1.785197663,17.75,19.75,Beach_Dune,1
1023,275.7542324,818.3972376,1.538186347,0.277548193,1.75,3.75,Beach_Dune,1
1023,237.6063694,404.415478,1.663538924,0.514867203,3.75,5.75,Beach_Dune,1
1023,197.2707763,191.0152504,2.336378488,0.698260176,5.75,7.75,Beach_Dune,1
1023,231.1184471,218.4485187,2.063512613,0.895238518,7.75,9.75,Beach_Dune,1
1023,157.5225975,96.77171622,2.789298674,1.070475257,9.75,11.75,Beach_Dune,1
1023,145.1425109,27.7429541,3.356659683,1.186754071,11.75,13.25,Beach_Dune,1
1024,239.7305794,329.36977,1.624568214,0.241277184,1.75,3.75,Beach_Dune,1
1024,321.3608166,681.0838245,1.616909591,0.45928942,3.75,5.75,Beach_Dune,1
1024,336.1589468,628.5763121,1.417033094,0.697602418,5.75,7.75,Beach_Dune,1
1024,333.4092038,805.0475518,1.258990007,0.860727987,7.75,8.55,Beach_Dune,1
1025,241.8312719,530.3157715,1.615500062,0.275433988,1.75,3.75,Beach_Dune,1
1025,162.5471133,201.5393559,2.626306118,0.469173637,3.75,5.75,Beach_Dune,1
1025,199.9492406,64.79738884,3.027094195,0.558319569,5.75,6.5,Beach_Dune,1
1026,209.1513205,277.8950064,1.681468599,0.24772314,1.75,3.75,Beach_Dune,1
1026,223.3431056,412.9177628,1.717438905,0.451608501,3.75,5.75,Beach_Dune,1
1026,256.7372641,398.5014043,1.629892705,0.683779693,5.75,7.75,Beach_Dune,1
1026,143.5310311,86.72359706,3.113020363,0.868448931,7.75,9.75,Beach_Dune,1
1026,189.0003591,61.34582656,3.296839669,1.008397174,9.75,11.75,Beach_Dune,1
1026,217.2796538,70.62291366,3.1779308,1.101361483,11.75,12.35,Beach_Dune,1
1027,198.3358912,234.9484053,1.777020622,0.238199382,1.75,3.75,Beach_Dune,1
1027,274.6958952,462.58801,1.730349641,0.446378521,3.75,5.75,Beach_Dune,1
1027,210.4158539,340.8479398,1.688654741,0.679183958,5.75,7.75,Beach_Dune,1
1027,173.584654,157.9590006,2.436289388,0.879283259,7.75,9.75,Beach_Dune,1
1027,153.4708842,33.17034671,3.331540286,1.017698103,9.75,11.75,Beach_Dune,1
1027,209.3239438,36.08396782,3.36738983,1.156905817,11.75,13.75,Beach_Dune,1
1028,208.1971981,264.4275711,1.650462102,0.238207464,1.75,3.75,Beach_Dune,1
1028,223.2153871,386.0833195,1.62837091,0.441190497,3.75,5.75,Beach_Dune,1
1028,261.3357981,394.6529908,1.668547751,0.670553209,5.75,7.75,Beach_Dune,1
1028,234.3842581,233.0181501,1.84787149,0.880796065,7.75,9.75,Beach_Dune,1
1028,238.6251265,329.0914523,1.784275171,1.101773946,9.75,11.75,Beach_Dune,1
1028,176.6621564,139.9857117,2.591266036,1.31356866,11.75,13.75,Beach_Dune,1
1028,199.6056534,31.47288792,3.478241192,1.460236236,13.75,15.75,Beach_Dune,1
1028,268.1946833,94.21533013,3.164255447,1.56221869,15.75,16.85,Beach_Dune,1
1029,144.5700229,150.3750922,2.825537613,0.476098964,1.75,3.75,Floodplain,2
1029,196.3192978,96.52434637,2.910222875,0.827187048,3.75,5.75,Floodplain,2
1029,151.5796173,81.17377757,3.000331889,1.131915709,5.75,7.75,Floodplain,2
1029,228.5669289,135.1199093,2.12737118,1.303700103,7.75,9.75,Floodplain,2
1029,205.6055974,117.6473623,2.489912213,1.48216603,9.75,11.75,Floodplain,2
1029,167.7037099,127.9727877,2.241506936,1.647272897,11.75,13.8,Floodplain,2
1029,268.474811,245.4102775,2.066483133,1.834970419,13.8,15.75,Floodplain,2
1029,306.9160312,252.2229245,2.030730383,2.048547279,15.75,17.75,Floodplain,2
1029,317.4551083,220.8859363,2.059665387,2.259480067,17.75,19.75,Floodplain,2
1029,237.1557205,186.0095633,2.266248887,2.460996563,19.75,21.75,Floodplain,2
1029,279.645022,215.4436787,2.267942176,2.663100016,21.75,23.75,Floodplain,2
1029,247.2486117,190.7303108,2.265546325,2.86402108,23.75,25.75,Floodplain,2
1029,331.7351113,289.671746,1.957115977,3.075017883,25.75,27.75,Floodplain,2
1029,275.6061069,280.0190479,1.547263452,3.289938461,27.75,29.75,Floodplain,2
1029,294.2915997,279.4537978,1.568686634,3.498621086,29.75,31.75,Floodplain,2
1029,293.8891121,341.3519233,1.582035475,3.674132019,31.75,32.95,Floodplain,2
1030,171.4021871,173.946602,2.819450083,0.29339195,1.75,3.75,Floodplain,2
1030,157.8863321,141.622045,2.920830184,0.451435876,3.75,5.75,Floodplain,2
1030,181.4661528,176.344023,2.817243929,0.609294277,5.75,7.75,Floodplain,2
1030,257.9700564,247.5294781,2.041087353,0.789408517,7.75,9.75,Floodplain,2
1030,202.5556305,202.7755346,1.883526721,0.987621468,9.75,11.75,Floodplain,2
1030,230.9415227,210.376242,1.953293978,1.173371281,11.75,13.75,Floodplain,2
1030,231.7845298,219.060833,1.952136459,1.378767017,13.75,15.75,Floodplain,2
1030,234.149164,327.5438259,2.198377541,1.573931221,15.75,17.75,Floodplain,2
1030,244.8836832,240.3486702,2.017587992,1.77561516,17.75,19.75,Floodplain,2
1030,257.5232722,202.2801605,1.982440474,1.995479006,19.75,21.85,Floodplain,2
1031,277.6798823,257.3491648,2.329455052,0.229198003,2.3,3,af/Qi,6
1031,298.1983767,215.5781754,2.408947437,0.287023287,3,4,af/Qi,6
1031,194.31584,208.0623398,2.460478766,0.358191382,4,5,af/Qi,6
1031,264.5535276,158.6157062,2.500380569,0.430231069,5,6,af/Qi,6
1031,276.6272122,99.50615771,2.505127299,0.494235226,6,7,af/Qi,6
1031,265.7838222,342.2938245,1.664947983,0.582232801,7,8,af/Qi,6
1031,225.1640617,250.4729464,2.286085359,0.689174788,8,9,af/Qi,6
1031,278.3940458,221.4785037,2.695207564,0.775792923,9,10,af/Qi,6
1031,498.896728,378.047786,2.540897025,0.873434825,10,11,af/Qi,6
1031,358.8679421,416.9937199,2.430282343,0.979975372,11,12,af/Qi,6
1031,337.4873431,494.2517733,2.545545764,1.089305819,12,13,af/Qi,6
1031,391.0269019,802.9309727,2.36114951,1.210876285,13,14.1,af/Qi,6
1031,394.4521038,729.0696429,2.270583128,1.325299053,14.1,14.9,af/Qi,6
1031,446.5511674,212.4176571,2.426115311,1.426553147,14.9,15.9,af/Qi,6
1031,763.5619889,223.7842723,2.81264124,1.526685172,15.9,16.9,af/Qi,6
1031,827.5654818,256.2413606,2.814810165,1.634241416,16.9,17.9,af/Qi,6
1031,814.9005525,246.9365758,2.783597275,1.742424684,17.9,18.9,af/Qi,6
1032,423.4513552,626.9998021,2.400903104,0.366000095,3.5,4.5,af/Qi,6
1032,430.473207,748.2225684,2.245083107,0.470008387,4.5,5.5,af/Qi,6
1032,385.545996,666.2870615,2.079734178,0.555866139,5.5,6.1,af/Qi,6
1032,658.9842461,675.2573302,1.82203169,0.679401387,6.1,7.6,af/Qi,6
1032,523.6816645,419.8703773,2.254767554,0.816237572,7.6,8.6,af/Qi,6
1032,955.3029959,355.9275771,2.124464842,0.923085792,8.6,9.6,af/Qi,6
1033,186.3687217,596.3628454,2.15640212,0.063973863,0.5,1,Qal2,8
1033,206.7167253,931.1893687,2.208366998,0.109117158,1,1.5,Qal2,8
1033,394.7267624,366.5415985,2.441615697,0.15394024,1.5,2,Qal2,8
1033,191.9977877,403.1337791,2.459380376,0.260576543,2,4,Qal2,8
1033,322.370838,280.6701801,2.535920767,0.436072833,4,6,Qal2,8
1033,329.822835,223.5035022,2.045704605,0.624466917,6,8,Qal2,8
1033,295.9407271,140.3849689,2.806006443,0.795378244,8,10,Qal2,8
1033,485.9089644,182.9623624,1.67211345,0.981094194,10,12,Qal2,8
1033,206.9207472,173.9510121,2.869482656,1.154742599,12,14,Qal2,8
1033,306.7893048,305.0682261,2.017580185,1.356604888,14,16,Qal2,8
1033,376.1685368,232.833633,1.927307654,1.545171129,16,17.6,Qal2,8
1033,295.7574754,82.85336661,2.983583931,1.643058127,17.6,18,Qal2,8
1033,293.656606,105.9051391,2.859924062,1.738596427,18,20,Qal2,8
1033,561.483004,170.5915371,2.204826669,1.926241735,20,22,Qal2,8
1033,346.1706451,163.7012733,2.43648838,2.10222083,22,24,Qal2,8
1033,364.5362873,128.9283896,1.96914309,2.300270895,24,26,Qal2,8
1033,384.9439403,62.07724091,3.105743657,2.481662068,26,28,Qal2,8
1035,159.2437326,154.0568015,2.889442682,0.219337722,2,3.5,af/Qi,6
1035,113.091422,38.75739686,3.401306892,0.280055234,3.5,4,af/Qi,6
1035,88.48187773,21.33315237,3.669877713,0.301086417,4,4.3,af/Qi,6
1035,123.0980716,23.46662319,3.584713291,0.31389743,4.3,4.5,af/Qi,6
1035,64.13500367,25.29979656,3.577610401,0.325906333,4.5,4.75,af/Qi,6
1035,49.30283588,22.36416758,3.645668673,0.339177295,4.75,5,af/Qi,6
1035,148.777071,13.92830493,4.017264458,0.352258415,5,5.25,af/Qi,6
1035,66.10371232,32.62305853,3.377155389,0.365381892,5.25,5.5,af/Qi,6
1035,64.55003412,19.24970655,3.750817773,0.378708906,5.5,5.75,af/Qi,6
1035,163.6839048,28.51207852,3.540663491,0.392028475,5.75,6,af/Qi,6
1035,69.49313696,8.591810648,5.546867347,0.40531121,6,6.25,af/Qi,6
1035,62.90991651,25.97954152,3.536133431,0.418606643,6.25,6.5,af/Qi,6
1035,67.41975113,23.61028679,3.555662962,0.432183044,6.5,6.75,af/Qi,6
1035,57.18278325,10.37310099,4.21776015,0.445042168,6.75,7,af/Qi,6
1035,67.39406644,11.42530274,3.957623071,0.458188007,7,7.25,af/Qi,6
1035,88.10685608,31.35062612,3.364061227,0.471988555,7.25,7.5,af/Qi,6
1035,55.27748532,20.22440524,3.604695433,0.485868798,7.5,7.75,af/Qi,6
1035,82.63910469,27.70540584,3.580092625,0.499490727,7.75,8,af/Qi,6
1035,78.41615338,16.25085163,3.974187571,0.519592348,8,8.5,af/Qi,6
1035,80.83347332,19.71209341,3.583326708,0.546269108,8.5,9,af/Qi,6
1036,256.8694112,898.1380497,2.293379597,0.312699054,2,4,af/Qi,6
1036,222.4068014,821.0761045,2.365295328,0.472757955,4,5,af/Qi,6
1036,242.4130033,624.5816269,2.449912812,0.580342873,5,6,af/Qi,6
1036,244.5722607,602.6857739,2.280646252,0.690640259,6,7.05,af/Qi,6
1036,291.861681,284.4430185,2.625479127,0.793981498,7.05,8,af/Qi,6
1036,266.2221573,278.4665133,2.671739306,0.888931454,8,9,af/Qi,6
1036,255.7383426,288.624258,2.671889424,0.988719444,9,10,af/Qi,6
1036,416.1623244,353.6271008,2.571178494,1.091392018,10,11,af/Qi,6
1036,337.1228769,419.1227808,2.53071614,1.196645861,11,12,af/Qi,6
1036,335.1895522,339.9217945,2.6506415,1.305589656,12,13,af/Qi,6
1036,382.8219372,213.7294353,2.847422528,1.410685243,13,14,af/Qi,6
1036,216.179291,172.8833027,2.928777544,1.512144134,14,15,af/Qi,6
1036,478.3979751,174.346973,2.893867687,1.616149189,15,16,af/Qi,6
1036,343.9537787,146.7235573,2.972009693,1.717930081,16,17,af/Qi,6
1036,585.3786776,138.2612719,3.020656162,1.820805372,17,18,af/Qi,6
1037,293.8735897,313.3421156,1.888213658,0.250568233,2,4,Qal2,8
1037,297.4821019,234.2694644,1.914867713,0.417859991,4,6,Qal2,8
1037,304.6124383,235.7704469,1.770738568,0.596662185,6,8,Qal2,8
1037,301.2257114,172.6675568,2.337954976,0.739158076,8,10,Qal2,8
1037,301.8101197,218.8744899,1.683071648,0.897169701,10,12,Qal2,8
1037,306.7742764,256.6684039,2.268648645,1.050370211,12,14,Qal2,8
1037,302.3703089,298.0797731,1.963834439,1.235087654,14,16,Qal2,8
1038,226.5851573,403.5774237,2.603027675,0.23760356,1.75,3.75,Qal2,8
1038,320.27262,245.7809419,2.44577739,0.49349954,3.75,7.75,Qal2,8
1038,329.4172932,142.8228477,2.674858263,0.762908491,7.75,9.75,Qal2,8
1038,249.9720343,123.9562014,2.835873088,0.925653631,9.75,11.75,Qal2,8
1038,277.221148,170.7818822,2.527573677,1.103281123,11.75,13.75,Qal2,8
1038,241.0840855,106.2369087,2.933901593,1.26890129,13.75,15.75,Qal2,8
1038,250.5294434,153.0232496,2.624729102,1.433591374,15.75,17.75,Qal2,8
1038,355.0155829,119.6585776,2.777568506,1.607430689,17.75,19.75,Qal2,8
1038,304.4307014,76.34796138,3.006729021,1.776894602,19.75,21.75,Qal2,8
1038,392.9904055,247.6979105,2.398130518,1.966023955,21.75,23.75,Qal2,8
1038,315.630388,130.0945295,2.22216273,2.178897884,23.75,25.75,Qal2,8
1038,370.6374017,94.88781549,2.805376101,2.364200159,25.75,27.75,Qal2,8
1038,297.4244207,149.3080921,2.631177891,2.554363731,27.75,29.75,Qal2,8
1038,426.89144,150.2424786,2.759587452,2.691095464,29.75,30.75,Qal2,8
1039,220.2202258,951.8712086,2.201296309,0.28017279,1.75,3.75,Qal2,8
1039,419.8169081,973.3550761,2.370321019,0.501160443,3.75,5.75,Qal2,8
1039,304.8499991,375.2015578,1.826065345,0.719940902,5.75,7.75,Qal2,8
1039,389.5449496,236.7572554,2.322117829,0.915861822,7.75,9.75,Qal2,8
1039,385.1291555,251.2893209,1.892859037,1.105308203,9.75,11.75,Qal2,8
1039,311.572262,147.7695917,2.404558155,1.297742,11.75,13.75,Qal2,8
1039,364.5520073,369.8988624,2.013343899,1.484244854,13.75,15.75,Qal2,8
1040,518.4738602,499.7613487,2.521333914,0.257159123,1.75,3.75,Qal2,8
1040,198.0244097,384.3703558,2.532570328,0.433359338,3.75,5.75,Qal2,8
1040,308.2876369,360.417881,1.850344887,0.640468602,5.75,7.9,Qal2,8
1040,371.8557223,174.851956,2.430946983,0.838982609,7.9,9.75,Qal2,8
1040,260.1209828,89.73052753,3.087027197,0.985323492,9.75,11.75,Qal2,8
1040,248.1404022,266.3058231,2.588299164,1.159573966,11.75,13.75,Qal2,8
1040,380.1530416,274.3393641,1.954451258,1.367096453,13.75,15.75,Qal2,8
1040,319.2906391,244.8196851,1.776898559,1.578474857,15.75,17.75,Qal2,8
1040,287.3581801,74.50075749,2.975539072,1.761800656,17.75,19.75,Qal2,8
1040,579.4029072,85.10495326,2.986795363,1.929270701,19.75,21.75,Qal2,8
1040,246.15007,194.8817,2.629511476,2.124026946,21.75,23.75,Qal2,8
1040,230.5713964,99.11143265,2.943754666,2.308262265,23.75,25.75,Qal2,8
1040,359.9888535,76.03391894,3.061094118,2.48074401,25.75,27.75,Qal2,8
1040,244.280253,140.4824526,2.788880916,2.690722337,27.75,30.25,Qal2,8
1042,306.1545601,283.9202979,2.755078727,0.218767855,1.75,3.75,Qal2,8
1042,254.2310105,369.3930669,2.500328619,0.383593504,3.75,5.75,Qal2,8
1042,4268.78069,454.0272219,1.997266797,0.586667985,5.75,7.75,Qal2,8
1042,245.0325223,169.3891666,2.2975804,0.782674119,7.75,9.75,Qal2,8
1042,385.7468094,115.186591,2.797745772,0.945872844,9.75,11.75,Qal2,8
1042,260.5281013,161.7769389,2.722309764,1.096698184,11.75,13.75,Qal2,8
1042,-1001.339393,407.4926615,2.330728937,1.290323912,13.75,15.75,Qal2,8
1042,261.2145872,204.0510378,2.280633661,1.490971196,15.75,17.75,Qal2,8
1042,223.5381068,168.5117205,2.086981694,1.620626726,17.75,18.45,Qal2,8
1043,164.7805561,96.15506293,1.938822585,0.124669803,1.75,2.75,Qoa,10
1043,199.6182869,142.4410308,2.189252026,0.17832416,2.75,3.75,Qoa,10
1043,346.3009591,172.0987019,2.065141324,0.248735302,3.75,4.75,Qoa,10
1043,314.7978834,124.662471,1.863155077,0.323464146,4.75,5.75,Qoa,10
1043,186.2977514,212.1976974,1.989894616,0.398544567,5.75,6.75,Qoa,10
1043,285.7464507,543.6817891,2.155640078,0.490425505,6.75,7.75,Qoa,10
1043,258.9841324,511.1529286,2.047037606,0.597879629,7.75,8.75,Qoa,10
1043,405.0193552,499.2680754,2.050249986,0.708431026,8.75,9.75,Qoa,10
1043,309.9278186,603.4447357,2.004748789,0.819221659,9.75,10.75,Qoa,10
1043,396.2333882,394.9220342,1.827219349,0.93102433,10.75,11.75,Qoa,10
1043,528.8097334,454.1655257,1.587387052,1.0415608,11.75,12.75,Qoa,10
1043,202.8804894,456.5162285,1.956738476,1.149617074,12.75,13.75,Qoa,10
1043,626.3680541,337.4448599,2.238597045,1.227702986,13.75,14.25,Qoa,10
1044,174.2331924,136.6181086,1.740088166,0.181622256,1.75,2.75,Qal3,9
1044,162.4251329,139.7599413,1.844406462,0.25847591,2.75,3.75,Qal3,9
1044,199.853731,163.7765965,1.894028228,0.335535857,3.75,4.75,Qal3,9
1044,132.1697098,170.5780516,1.838360965,0.412734342,4.75,5.75,Qal3,9
1044,206.7049913,178.6148517,2.026705344,0.490246676,5.75,6.85,Qal3,9
1044,289.0202458,265.4774437,1.808908524,0.566352553,6.85,7.75,Qal3,9
1044,245.0801959,265.4877926,1.995900631,0.647838389,7.75,8.95,Qal3,9
1044,241.0809195,138.7087419,2.203967732,0.722915378,8.95,9.75,Qal3,9
1044,205.5238628,95.13258933,2.543302488,0.783820713,9.75,10.75,Qal3,9
1044,196.0691508,146.3167545,2.390812388,0.832495334,10.75,11.75,Qal3,9
1044,245.0858573,188.6879018,2.483540294,0.907813081,11.75,12.75,Qal3,9
1044,259.9117656,202.4459636,2.142891968,0.997943353,12.75,13.75,Qal3,9
1044,353.726273,361.6658426,2.080905437,1.100211881,13.75,14.75,Qal3,9
1044,245.5916428,264.2790313,2.006414699,1.204336344,14.75,15.75,Qal3,9
1044,199.643121,261.4823507,2.254988116,1.269382237,15.75,16,Qal3,9
1045,336.0724898,1160.651466,2.102028537,0.205649367,1.75,2.75,Qoa,10
1045,379.3978456,591.2077339,1.805447788,0.32251826,2.75,3.75,Qoa,10
1045,309.4820889,507.507964,1.65043641,0.438101501,3.75,4.75,Qoa,10
1045,337.931104,531.4151986,1.522513231,0.55309002,4.75,5.75,Qoa,10
1045,359.6003897,547.4794885,1.930085291,0.677810866,5.75,6.95,Qoa,10
1046,141.2229948,129.8872209,1.728918026,0.187700891,1.75,2.75,Qal3,9
1046,264.2385328,248.4364272,1.621646858,0.273146069,2.75,3.75,Qal3,9
1046,276.0068157,279.83412,1.971415602,0.366616907,3.75,4.75,Qal3,9
1046,190.9954652,267.5534811,2.562181849,0.45111656,4.75,5.75,Qal3,9
1046,237.3685444,328.209107,2.520019401,0.53830459,5.75,6.75,Qal3,9
1046,211.0634196,152.273561,2.706678789,0.623573325,6.75,7.75,Qal3,9
1046,222.7968218,218.289932,2.628783515,0.701583055,7.75,8.75,Qal3,9
1046,278.858451,361.8621563,1.887152593,0.840968639,8.75,10.75,Qal3,9
1046,249.9754935,376.6179308,1.835699948,1.013519785,10.75,11.75,Qal3,9
1046,263.8448884,305.0540721,1.962450659,1.122558014,11.75,12.85,Qal3,9
1046,364.5457388,428.9923252,1.860992547,1.20298099,12.85,13.25,Qal3,9
1047,179.6063802,169.1987771,3.127159409,0.194402453,1.75,3.75,Qal2,8
1047,169.5407344,173.1646406,2.989815382,0.3527885,3.75,5.75,Qal2,8
1047,193.3639908,74.42023399,3.322735726,0.503951194,5.75,7.75,Qal2,8
1047,272.0655077,215.5042033,2.697296965,0.662536619,7.75,9.75,Qal2,8
1047,258.7687802,67.39251496,3.247983262,0.831842828,9.75,11.75,Qal2,8
1047,296.6663192,101.7548262,3.066887009,0.999043517,11.75,13.75,Qal2,8
1047,264.9953949,67.01006125,3.242168837,1.168931069,13.75,15.75,Qal2,8
1047,270.6182205,239.6386326,2.889164138,1.339041,15.75,17.75,Qal2,8
1047,314.1181904,129.7233979,2.593051052,1.534839047,17.75,19.75,Qal2,8
1048,128.8179017,137.3414612,2.389842162,0.18863909,1.75,3.75,Qal3,9
1048,122.5092974,188.6170858,1.859338407,0.346955171,3.75,5.75,Qal3,9
1048,160.1482288,168.1439255,1.941797301,0.516372844,5.75,7.75,Qal3,9
1048,161.8125669,135.5345585,2.751158072,0.672577978,7.75,9.75,Qal3,9
1048,197.6824055,235.9360787,2.041239342,0.842111354,9.75,11.75,Qal3,9
1048,237.3729306,238.4318032,1.86500503,1.03919455,11.75,13.75,Qal3,9
1048,234.2404056,182.2226269,2.393654166,1.213531379,13.75,15.75,Qal3,9
1048,233.158851,173.8818455,2.588003178,1.390164057,15.75,17.75,Qal3,9
1048,339.2948716,238.0982629,1.843944847,1.5910634,17.75,19.75,Qal3,9
1048,331.2008543,142.4139435,2.570137096,1.784858962,19.75,21.75,Qal3,9
1048,291.9096876,112.651488,2.795609569,1.904401601,21.75,22.3,Qal3,9
1049,166.3802238,198.2755075,2.173634757,0.196822563,1.75,3.75,Qal3,9
1049,120.4156497,179.3199739,1.91303996,0.352283762,3.75,5.75,Qal3,9
1049,164.7597446,186.8072626,1.776076529,0.537128525,5.75,7.75,Qal3,9
1049,184.4647339,184.3555672,2.482923328,0.719780073,7.75,9.75,Qal3,9
1049,211.2230395,245.1997702,2.256894538,0.884428146,9.75,11.75,Qal3,9
1049,258.0580997,286.0113611,1.917031459,1.095023283,11.75,13.75,Qal3,9
1049,231.1344223,123.0346294,2.514575933,1.276558017,13.75,15.75,Qal3,9
1049,226.6527651,185.9677241,2.60071944,1.45549871,15.75,17.75,Qal3,9
1049,374.324974,304.3072804,2.151878923,1.664512825,17.75,19.75,Qal3,9
1050,164.9130489,158.0494822,1.920947847,0.218097525,1.75,3.75,Qal3,9
1050,136.6502342,161.8517203,2.356866958,0.367893098,3.75,5.8,Qal3,9
1050,121.2003472,195.2752294,1.959424202,0.533457231,5.8,7.75,Qal3,9
1050,196.5587179,167.1761711,2.538107237,0.690741854,7.75,9.75,Qal3,9
1050,171.9773072,186.0100939,2.233760048,0.851750714,9.75,11.75,Qal3,9
1050,232.0411973,159.4163373,2.418127763,1.037215016,11.75,13.75,Qal3,9
1050,261.9042499,111.7061656,2.717191324,1.19527153,13.75,15.75,Qal3,9
1050,251.7004218,177.5889216,2.257383957,1.368305787,15.75,17.75,Qal3,9
1050,382.9080142,242.1871458,2.091326142,1.562949202,17.75,19.75,Qal3,9
1051,183.0208071,235.6477544,1.801615377,0.237398996,1.75,3.75,Qal3,9
1051,175.7166025,154.7854208,1.955521395,0.401993913,3.75,5.75,Qal3,9
1051,194.0440771,249.9214475,1.730068689,0.58824004,5.75,7.75,Qal3,9
1051,222.1016274,213.2029655,2.043920877,0.784773903,7.75,9.75,Qal3,9
1051,252.9441053,293.8701833,1.960008613,0.988453147,9.75,11.75,Qal3,9
1051,329.8847325,339.5679842,1.690192714,1.212795555,11.75,13.75,Qal3,9
1051,279.8274546,200.6838522,2.083993221,1.427471487,13.75,15.75,Qal3,9
1051,237.5830605,103.3788378,2.685995547,1.589109816,15.75,17.75,Qal3,9
1051,242.8829534,156.0784222,2.422493304,1.761535774,17.75,19.75,Qal3,9
1051,383.5276366,312.5233735,2.311661295,1.972112085,19.75,21.75,Qal3,9
1051,303.932007,42.91566979,3.33057019,2.167301752,21.75,23.75,Qal3,9
1051,243.0936207,277.2732784,2.339183028,2.363821316,23.75,25.75,Qal3,9
1052,207.3844504,167.883344,1.756526127,0.240198151,1.75,3.75,Qal2,8
1052,189.598089,211.2644269,1.753713024,0.416410636,3.75,5.75,Qal2,8
1052,180.5139088,230.4359982,1.838455968,0.607748062,5.75,7.75,Qal2,8
1052,217.469439,239.2122441,1.777165047,0.810850209,7.75,9.75,Qal2,8
1052,188.2613826,218.4640486,1.905903486,1.012154299,9.75,11.75,Qal2,8
1052,228.0357007,244.0589039,1.812999345,1.222483144,11.75,13.9,Qal2,8
1052,282.1726304,447.1908799,1.499548694,1.43091765,13.9,15.45,Qal2,8
1053,146.5911679,156.6682231,1.826418282,0.223614183,1.75,3.75,Qal2,8
1053,143.8316057,145.8152415,1.970011444,0.379391891,3.75,5.75,Qal2,8
1053,189.7079271,218.983945,1.782100561,0.552248431,5.75,7.75,Qal2,8
1053,256.1185323,329.2260315,1.601421949,0.759661399,7.75,9.75,Qal2,8
1053,299.0058347,390.879642,1.436830441,0.96733612,9.75,11.75,Qal2,8
1053,262.7447401,400.3146645,1.352175195,1.178847732,11.75,13.75,Qal2,8
1053,246.8772571,309.5958469,1.722029409,1.363360844,13.75,15.15,Qal2,8
1054,140.8421142,139.0661959,1.948766359,0.194525554,1.75,3.75,Qal2,8
1054,177.5601921,153.7684528,1.799264878,0.355296191,3.75,5.75,Qal2,8
1054,145.1595032,186.058996,1.876195105,0.524896682,5.75,7.75,Qal2,8
1054,254.9687611,356.0284458,1.505230232,0.726525596,7.75,9.75,Qal2,8
1054,228.0601211,490.0328051,1.382121452,0.948871158,9.75,11.75,Qal2,8
1054,275.1091857,293.5353806,1.444209295,1.164265686,11.75,13.75,Qal2,8
1054,214.6964905,218.5543707,1.744154511,1.32402608,13.75,14.95,Qal2,8
1055,136.1990407,140.5143693,2.034137028,0.195245678,1.75,3.75,Qal2,8
1055,153.5649619,234.3873856,1.752867247,0.35540035,3.75,5.75,Qal2,8
1055,292.9981583,277.1006431,1.707473335,0.555345547,5.75,7.75,Qal2,8
1055,218.7758384,273.242923,1.966458523,0.765769328,7.75,9.75,Qal2,8
1055,224.0270071,351.0303221,1.625358741,0.960475384,9.75,11.75,Qal2,8
1055,215.3370082,189.752357,2.165279199,1.157595315,11.75,13.75,Qal2,8
1055,247.8399899,93.13540374,2.661307211,1.316876538,13.75,15.75,Qal2,8
1055,242.6675733,129.6988513,2.530465139,1.471277719,15.75,17.75,Qal2,8
1055,325.2342328,206.4857089,2.050153252,1.651867781,17.75,19.75,Qal2,8
1055,320.7741932,245.7538183,1.829779028,1.864807096,19.75,21.75,Qal2,8
1055,330.235131,205.4366373,1.828024058,2.095059942,21.75,24,Qal2,8
1056,312.9715685,217.2377993,1.737582351,0.214265873,1.75,3.75,Qal3,9
1056,316.6411255,370.7491454,1.603736871,0.41808105,3.75,5.75,Qal3,9
1056,205.898327,145.3052749,2.597750398,0.592783545,5.75,7.75,Qal3,9
1056,258.7716744,230.6027837,1.957181361,0.770027269,7.75,9.75,Qal3,9
1056,201.4110734,154.9064716,2.141670145,0.958604917,9.75,11.75,Qal3,9
1056,224.0793217,172.46935,2.476150372,1.123534954,11.75,13.75,Qal3,9
1056,264.4824339,178.4928162,2.290409195,1.311602464,13.75,15.75,Qal3,9
1056,251.0688216,228.0995712,2.126697228,1.491396051,15.75,17.75,Qal3,9
1056,301.4645874,298.0013303,1.822174858,1.707823566,17.75,19.75,Qal3,9
1057,163.0693422,227.0483195,2.05112918,0.243002933,1.75,3.75,Qal3,9
1057,161.404908,157.2642148,1.826007962,0.409670599,3.75,5.75,Qal3,9
1057,186.8842881,273.6838635,1.525303836,0.598536363,5.75,7.75,Qal3,9
1057,271.596771,390.3610317,1.419881522,0.805970306,7.75,9.75,Qal3,9
1057,237.1775084,324.4217118,1.493412899,1.01378253,9.75,11.75,Qal3,9
1057,241.233082,284.4865336,1.85577962,1.189359102,11.75,13.25,Qal3,9
1058,171.622405,147.3490937,2.193975921,0.192986726,1.75,3.75,Qal3,9
1058,98.77904599,177.8063112,2.365639082,0.329938521,3.75,5.75,Qal3,9
1058,202.8446463,385.9750222,1.502083939,0.526703464,5.75,7.75,Qal3,9
1058,254.1041669,348.0030149,1.69682595,0.730190807,7.75,9.75,Qal3,9
1058,207.5801043,366.1731603,1.51599375,0.943177762,9.75,11.75,Qal3,9
1058,-33.55497381,419.5687224,1.641536006,1.163253858,11.75,13.75,Qal3,9
1059,306.5043475,328.8907707,1.733643351,0.268248639,1.75,3.75,Qal3,9
1059,325.4719594,425.7470548,1.767090244,0.491177082,3.75,5.75,Qal3,9
1059,246.4850163,267.6334882,2.384795822,0.700748037,5.75,7.75,Qal3,9
1059,307.6871053,262.9056159,2.065880754,0.888297489,7.75,9.75,Qal3,9
1059,201.2116726,160.8742413,2.266667261,1.060915809,9.75,11.75,Qal3,9
1059,217.1876409,202.7330473,2.275513596,1.245654862,11.75,13.75,Qal3,9
1059,218.2215087,224.4194063,1.775594756,1.445240222,13.75,15.75,Qal3,9
1059,247.4049819,177.5839014,1.657266285,1.636682897,15.75,17.75,Qal3,9
1060,291.9252533,367.1736602,1.806697044,0.28810645,1.75,3.75,Qal3,9
1060,193.9882773,286.8732281,2.061921615,0.49905701,3.75,5.75,Qal3,9
1060,211.6368226,152.3930056,2.703264611,0.66548221,5.75,7.75,Qal3,9
1060,254.4741582,247.50433,1.7653644,0.85077276,7.75,9.75,Qal3,9
1060,228.9607981,230.9860777,2.458430946,1.038273568,9.75,11.75,Qal3,9
1060,236.7977336,311.651754,1.643588426,1.240348637,11.75,13.75,Qal3,9
1060,236.4230529,198.7151661,2.364920391,1.443666412,13.75,15.75,Qal3,9
1060,314.8808714,246.2391014,1.989551484,1.640543827,15.75,17.85,Qal3,9
1061,162.3450185,170.7224844,2.497295938,0.216043043,1.75,3.75,Qal3,9
1061,84.86149233,213.8838216,2.264913943,0.363245722,3.75,5.75,Qal3,9
1061,198.7277738,304.3816275,1.662603367,0.554075654,5.75,7.75,Qal3,9
1061,263.8791998,258.9815047,2.143184597,0.739000564,7.75,9.75,Qal3,9
1061,270.9453302,209.6067799,2.202664224,0.926310588,9.75,11.75,Qal3,9
1061,322.2980079,307.3912931,1.554836235,1.119983848,11.75,13.75,Qal3,9
1061,225.9286359,415.387297,1.74714322,1.329853115,13.75,15.75,Qal3,9
1061,288.4878051,368.0363339,1.92411824,1.600944213,15.75,18.55,Qal3,9
1062,266.9327983,271.260163,1.752341327,0.245504828,1.75,3.75,Qal3,9
1062,188.8340288,270.5953995,1.981658021,0.442907615,3.75,5.75,Qal3,9
1062,229.8778915,221.9165013,1.927240528,0.612698875,5.75,7.75,Qal3,9
1062,261.2864357,483.5156354,1.499071785,0.81341214,7.75,9.75,Qal3,9
1062,251.2644914,462.4464524,1.692575319,1.033796037,9.75,11.75,Qal3,9
1062,245.1845824,283.9412638,2.39494517,1.238599633,11.75,13.75,Qal3,9
1062,295.7328959,417.7235764,1.784465861,1.441535301,13.75,15.75,Qal3,9
1063,121.3062381,154.7684044,2.099176156,0.200046435,1.75,3.75,Qal3,9
1063,147.8938775,166.7588686,1.826664689,0.365311043,3.75,5.75,Qal3,9
1063,158.2629437,183.3800323,1.873534817,0.531163549,5.75,7.75,Qal3,9
1063,135.612478,228.9405002,2.348899066,0.692834617,7.75,9.75,Qal3,9
1063,242.1865692,322.749058,1.859103522,0.881949476,9.75,11.75,Qal3,9
1063,228.6922899,249.3370741,1.774196587,1.093304493,11.75,13.75,Qal3,9
1063,275.0496919,324.0464507,1.771140337,1.307245438,13.75,15.75,Qal3,9
1063,349.2337243,319.5907171,2.278601308,1.489054045,15.75,17.25,Qal3,9
1064,191.0828676,215.5083437,2.066355757,0.189155317,1.75,3.75,Qal3,9
1064,159.1145211,214.5550007,2.058229603,0.347427269,3.75,5.75,Qal3,9
1064,221.3848794,333.85325,1.702880649,0.528912888,5.75,7.75,Qal3,9
1064,162.4541572,153.5815628,2.505889944,0.715776447,7.75,9.75,Qal3,9
1064,280.2297242,303.9763363,2.06525997,0.892005304,9.75,11.75,Qal3,9
1064,257.3393538,271.0191499,1.589734678,1.109368655,11.75,13.75,Qal3,9
1064,252.5533638,324.5107077,1.912181333,1.320968909,13.75,15.75,Qal3,9
1065,191.492787,208.5376455,1.848032375,0.22487868,1.75,3.75,Qal3,9
1065,395.5496042,299.6105661,1.791703341,0.42761592,3.75,5.75,Qal3,9
1065,329.8947852,321.6871898,1.866845603,0.646103521,5.75,7.75,Qal3,9
1065,326.261484,397.7310608,1.931923225,0.875625343,7.75,9.75,Qal3,9
1065,315.6321549,441.1064325,1.959566602,1.111221755,9.75,11.75,Qal3,9
1065,299.6698508,396.798212,1.912164965,1.35072937,11.75,13.75,Qal3,9
1065,229.2229426,229.5258976,2.320586957,1.594808416,13.75,16.25,Qal3,9
1066,261.2741738,448.7397876,1.861843195,0.232861819,1.75,3.8,Qal2,8
1066,267.8364216,498.0850912,2.154812672,0.441907824,3.8,5.75,Qal2,8
1066,297.453447,285.9230406,2.548329566,0.636888217,5.75,7.75,Qal2,8
1066,231.0437076,305.9319298,2.389738404,0.828750157,7.75,9.75,Qal2,8
1066,322.7761454,218.2351551,2.22961569,1.029825687,9.75,11.75,Qal2,8
1066,316.4391207,220.2793809,1.753866891,1.22633189,11.75,13.75,Qal2,8
1066,226.847008,230.0375709,1.980920464,1.4266283,13.75,15.75,Qal2,8
1066,280.2761022,204.1214184,2.554542891,1.617498409,15.75,17.75,Qal2,8
1066,268.0267986,202.0790499,2.544940956,1.818296911,17.75,19.75,Qal2,8
1066,286.5266814,170.845078,2.431567134,2.011866142,19.75,21.75,Qal2,8
1066,312.0316222,189.6307869,1.957681442,2.128330721,21.75,22,Qal2,8
1067,267.7413457,198.1283987,1.918593272,0.224026264,1.75,3.75,Qal3,9
1067,270.8995468,354.3481592,1.821231766,0.418928934,3.75,5.75,Qal3,9
1067,271.2117333,396.2887876,1.843519559,0.641923215,5.75,7.75,Qal3,9
1067,364.3909425,469.1577109,1.784327132,0.869791172,7.75,9.75,Qal3,9
1067,284.264603,476.5867747,1.946237613,1.107038572,9.75,11.75,Qal3,9
1067,323.779595,424.2720708,1.90225498,1.353261221,11.75,13.75,Qal3,9
1067,319.020451,210.2345562,2.114594929,1.580337347,13.75,15.75,Qal3,9
1067,193.6484094,58.14422992,3.013613519,1.737808017,15.75,17.75,Qal3,9
1067,237.2131519,100.9213879,2.841034846,1.851949418,17.75,18.7,Qal3,9
1068,149.486787,164.0006091,1.830012978,0.227778738,1.75,3.75,Qal2,8
1068,147.8876533,231.4659852,1.83750841,0.412511195,3.75,5.75,Qal2,8
1068,188.2594426,240.391326,1.884782407,0.60815407,5.75,7.75,Qal2,8
1068,244.5584301,389.8240107,1.570172332,0.82187911,7.75,9.75,Qal2,8
1068,288.2219768,272.6941431,1.833982901,1.031296231,9.75,11.75,Qal2,8
1068,263.4025081,327.0189255,1.73066162,1.240206837,11.75,13.75,Qal2,8
1068,290.6342271,282.3425064,1.532409756,1.447360798,13.75,15.75,Qal2,8
1068,234.1830609,218.8083743,2.301234797,1.646752907,15.75,17.75,Qal2,8
1068,266.0602888,106.2507356,2.730342433,1.822837165,17.75,19.75,Qal2,8
1069,269.0975649,520.3229529,1.26522273,0.263850306,1.75,3.75,Qs,11
1069,162.6474546,316.420441,1.735361232,0.46509498,3.75,5.75,Qs,11
1069,251.6244675,364.1759816,1.765820021,0.684871397,5.75,7.75,Qs,11
1069,307.7818215,434.036374,1.652366218,0.91249204,7.75,9.75,Qs,11
1069,256.6559019,462.8099263,2.085068019,1.140660192,9.75,11.75,Qs,11
1069,231.2948657,247.3475107,1.988980334,1.363743395,11.75,13.75,Qs,11
1069,195.3710156,55.99857926,2.92277416,1.533924229,13.75,16.2,Qs,11
1070,286.5652691,594.6853564,1.357543398,0.289318043,1.75,3.75,Qs,11
1070,188.210167,310.7357321,1.721271999,0.502991431,3.75,5.75,Qs,11
1070,216.7283276,423.7164439,1.758158114,0.726747857,5.75,7.75,Qs,11
1070,255.7309842,482.9387361,1.548682931,0.963117873,7.75,9.75,Qs,11
1070,273.367034,303.6561087,1.809795458,1.195058479,9.75,11.75,Qs,11
1070,205.2386997,110.2514468,2.885206053,1.384091008,11.75,13.75,Qs,11
1070,253.8442953,264.495564,2.227163876,1.519818054,13.75,14.85,Qs,11
1071,170.1203725,211.9498557,1.845309173,0.238026897,1.75,3.75,Qal2,8
1071,129.5370584,168.2282077,1.886433357,0.414479045,3.75,5.75,Qal2,8
1071,184.7359919,232.1527926,1.839151615,0.60614902,5.75,7.75,Qal2,8
1071,238.6773249,295.8740489,1.710854939,0.811992649,7.75,9.75,Qal2,8
1071,313.8314964,329.218651,1.66211873,1.017824953,9.75,11.75,Qal2,8
1071,240.6301604,328.6513833,1.612136877,1.230170372,11.75,13.75,Qal2,8
1071,226.0323056,136.9805994,2.478170777,1.411733284,13.75,15.75,Qal2,8
1071,230.1114308,195.1789179,2.402980936,1.606889173,15.75,17.75,Qal2,8
1071,277.066418,140.9010845,2.723440803,1.775232694,17.75,19.75,Qal2,8
1072,143.497313,176.505111,1.89793678,0.229043702,1.75,3.75,Qal2,8
1072,141.9644046,240.3466238,2.019437435,0.395668088,3.75,5.75,Qal2,8
1072,194.967482,337.5755218,1.77203099,0.604842437,5.75,7.75,Qal2,8
1072,225.7715788,384.3990296,2.026067466,0.82763135,7.75,9.75,Qal2,8
1072,321.8017186,551.5766389,1.710108413,1.04934984,9.75,11.75,Qal2,8
1072,182.0624093,180.3882876,2.430536426,1.266346038,11.75,13.75,Qal2,8
1072,212.780135,101.563607,2.670870127,1.418075796,13.75,15.75,Qal2,8
1072,225.8217902,120.6626203,2.690705992,1.57380969,15.75,17.55,Qal2,8
1073,146.0082525,192.7349133,1.916157467,0.242858359,1.75,3.75,Qal2,8
1073,159.3067285,251.6213868,1.919332567,0.417934513,3.75,5.75,Qal2,8
1073,268.9682479,286.8673291,1.862794905,0.623362445,5.75,7.75,Qal2,8
1073,284.4362306,536.4726136,1.508195688,0.84813777,7.75,9.75,Qal2,8
1073,255.9936685,368.7829918,1.310229016,1.06976284,9.75,11.75,Qal2,8
1073,218.8716572,200.9562308,1.871453411,1.238492048,11.75,13.75,Qal2,8
1073,171.7890585,299.3082519,1.90564197,1.433835413,13.75,15.75,Qal2,8
1073,245.3416093,365.6447588,1.908235092,1.610046532,15.75,16.85,Qal2,8
1074,100.9962869,178.1946026,2.331768741,0.177221913,1.75,3.75,Qal2,8
1074,124.2858187,164.9353067,2.123040796,0.307945098,3.75,5.75,Qal2,8
1074,268.684284,278.211196,1.733168926,0.485277503,5.75,7.75,Qal2,8
1074,155.8078079,332.6147589,1.785975638,0.703242467,7.75,9.75,Qal2,8
1074,273.4896039,280.4710243,2.254826923,0.866831144,9.75,11.75,Qal2,8
1074,205.7042309,340.4919669,2.096721276,1.090801004,11.75,13.75,Qal2,8
1074,187.7026486,118.277726,2.732610265,1.267311478,13.75,15.75,Qal2,8
1074,186.9824359,80.73266337,2.870344007,1.426213199,15.75,17.75,Qal2,8
1074,215.2778648,115.6561413,2.58903382,1.543568746,17.75,18.65,Qal2,8
1075,133.3277239,226.7111953,2.08800261,0.208794144,1.75,3.75,Qal2,8
1075,139.061141,179.467662,2.160990588,0.369487771,3.75,5.75,Qal2,8
1075,206.5850578,295.9489781,1.926564201,0.546225099,5.75,7.75,Qal2,8
1075,285.5190152,436.674801,1.962074858,0.756764188,7.75,9.75,Qal2,8
1075,237.0381683,263.2283917,2.188212716,0.978828355,9.75,11.75,Qal2,8
1075,217.8065457,287.1476665,2.144289014,1.17836606,11.75,13.75,Qal2,8
1075,215.9802782,102.7521416,2.738064043,1.35565134,13.75,15.75,Qal2,8
1075,230.5149214,94.0748689,2.832151333,1.515947497,15.75,17.65,Qal2,8
1076,166.561142,207.1271168,1.973383262,0.243860707,1.75,3.75,Qal2,8
1076,148.2160875,207.8719991,1.840284245,0.422118256,3.75,5.75,Qal2,8
1076,176.5117347,221.9996927,2.182518655,0.592465418,5.75,7.75,Qal2,8
1076,286.4010033,328.6547184,1.86643447,0.802896498,7.75,9.75,Qal2,8
1076,289.1568017,358.8909799,1.744016551,1.02756777,9.75,11.75,Qal2,8
1076,167.0863513,374.6749751,1.816697656,1.255388698,11.75,13.75,Qal2,8
1076,251.2217823,163.8622447,2.401234363,1.430966266,13.75,15.75,Qal2,8
1076,242.645859,106.1705932,2.606079074,1.598865964,15.75,17.75,Qal2,8
1076,251.0162607,172.6233265,2.547950373,1.775261481,17.75,19.75,Qal2,8
1077,205.195215,252.1526814,1.835520851,0.228905931,1.75,3.75,Qal3,9
1077,156.4298744,200.5195769,2.175602131,0.399732037,3.75,5.75,Qal3,9
1077,174.5218107,327.935969,1.963896727,0.577976218,5.75,7.85,Qal3,9
1077,219.5798137,446.6279841,1.823608342,0.80946318,7.85,9.75,Qal3,9
1077,224.073668,325.4205466,1.900318506,1.035198585,9.75,11.75,Qal3,9
1077,225.7900331,282.6770413,1.775931256,1.253481025,11.75,13.75,Qal3,9
1077,273.1980827,237.2192848,1.566825371,1.468271525,13.75,15.95,Qal3,9
1078,171.5174194,195.0264841,1.824270955,0.239156228,1.75,3.75,Qal3,9
1078,162.1948097,191.4344303,1.844847978,0.426456857,3.75,5.75,Qal3,9
1078,191.5094269,299.0340334,1.801839147,0.627181726,5.75,7.75,Qal3,9
1078,217.5741779,402.2354995,1.889957552,0.854042375,7.75,9.75,Qal3,9
1078,212.1750491,320.899201,1.565740422,1.081149935,9.75,11.75,Qal3,9
1078,339.5545726,384.9633474,1.709147247,1.291704618,11.75,13.65,Qal3,9
1079,166.8724579,170.2095742,1.633525376,0.215468086,1.75,3.75,Qal3,9
1079,132.64934,136.3753635,1.864787973,0.376398908,3.75,5.75,Qal3,9
1079,189.6287968,263.3705586,1.776564516,0.547491879,5.75,7.75,Qal3,9
1079,205.1130467,310.4499277,1.529769507,0.751529316,7.75,9.75,Qal3,9
1079,278.1151044,355.9172009,1.704249512,0.958313032,9.75,11.75,Qal3,9
1079,280.6520845,295.875346,2.074559969,1.170681548,11.75,13.75,Qal3,9
1079,263.2468889,344.4881039,1.935596314,1.371747527,13.75,15.5,Qal3,9
1080,126.4325346,249.8840929,2.015963666,0.22441617,1.75,3.75,Qal3,9
1080,133.6684476,153.3156757,2.377811174,0.378396953,3.75,5.75,Qal3,9
1080,203.3905627,292.4217861,1.789264829,0.54918727,5.75,7.75,Qal3,9
1080,204.4338214,284.145411,1.675091663,0.760923454,7.75,9.75,Qal3,9
1080,237.0177332,277.5877773,1.777564401,0.974909595,9.75,11.75,Qal3,9
1080,235.7173015,229.6258028,2.210597616,1.186717031,11.75,13.75,Qal3,9
1080,284.0048815,395.6080149,2.298543468,1.348362088,13.75,15.3,Qal3,9
1081,174.628556,253.1363901,1.925853347,0.238097348,1.75,3.75,Qal2,8
1081,133.1588374,120.8222608,1.795226066,0.383607331,3.75,5.75,Qal2,8
1081,137.3296607,127.3926016,2.144417296,0.502553425,5.75,7.75,Qal2,8
1081,188.6903094,317.0806578,1.834244038,0.670722889,7.75,9.75,Qal2,8
1081,281.9019069,295.6156818,1.723962784,0.878970082,9.75,11.75,Qal2,8
1081,257.52296,270.2466738,2.010702195,1.086268273,11.75,13.75,Qal2,8
1081,281.5465579,328.442652,1.886070348,1.300977796,13.75,15.75,Qal2,8
1081,286.7525453,126.9726286,2.377550712,1.487753079,15.75,17.75,Qal2,8
1081,207.57188,81.9147851,2.809209055,1.650881752,17.75,19.75,Qal2,8
1081,206.9905823,70.95884495,2.857426098,1.80948059,19.75,21.75,Qal2,8
1081,240.9249674,79.55617415,2.643780971,1.970389775,21.75,23.75,Qal2,8
1081,252.218476,64.79682041,2.958432213,2.134885707,23.75,25.75,Qal2,8
1081,281.3502946,114.2386636,2.820132146,2.301417556,25.75,27.75,Qal2,8
1081,302.6868357,59.16311252,2.944377567,2.465945886,27.75,29.75,Qal2,8
1082,185.8085361,228.1923038,1.899466555,0.33618893,1.75,5.75,Qal2,8
1082,133.7642297,217.631285,2.353595609,0.571551088,5.75,7.75,Qal2,8
1082,217.1467598,409.0619423,1.950052241,0.769455572,7.75,9.75,Qal2,8
1082,224.0383662,293.613709,1.984145292,0.983502532,9.75,11.75,Qal2,8
1082,226.2780914,183.7956384,2.337179667,1.173757182,11.75,13.75,Qal2,8
1082,209.9443764,155.9769395,2.405151514,1.36085633,13.75,15.75,Qal2,8
1082,234.9731388,90.50353879,2.809929731,1.520075017,15.75,17.75,Qal2,8
1082,218.3658659,72.06092129,2.927849912,1.670223992,17.75,19.5,Qal2,8
1083,158.6643076,235.8908922,2.280374659,0.239740081,1.75,3.75,Qal2,8
1083,109.5330626,115.5313659,2.832716804,0.370393147,3.75,5.75,Qal2,8
1083,134.0618078,155.4822986,2.497559052,0.500924117,5.75,7.75,Qal2,8
1083,230.8596277,220.3223356,1.955155523,0.682683667,7.75,9.75,Qal2,8
1083,226.6899817,304.8942136,1.80207678,0.886759753,9.75,11.75,Qal2,8
1083,371.9684027,395.6611919,1.781645593,1.107963576,11.75,13.75,Qal2,8
1083,354.3528516,487.5184732,1.748691156,1.244163108,13.75,14,Qal2,8
1084,183.3216699,284.2081297,2.092891195,0.220245821,1.75,3.75,Valley_Train,5
1084,222.8876925,424.7856155,1.235649127,0.413711142,3.75,5.75,Valley_Train,5
1084,226.890937,336.6822835,1.34894539,0.614712378,5.75,7.75,Valley_Train,5
1084,226.6360666,282.6184015,1.370768944,0.813010718,7.75,9.75,Valley_Train,5
1084,259.6936565,282.0547967,1.475758822,1.016607016,9.75,11.75,Valley_Train,5
1084,259.9264598,214.6480357,1.49866575,1.216863789,11.75,13.75,Valley_Train,5
1084,260.5968078,199.9886262,1.555874625,1.415485531,13.75,15.75,Valley_Train,5
1084,289.867105,246.4592367,1.534233425,1.623152573,15.75,17.75,Valley_Train,5
1084,260.9564117,153.9453542,1.635086889,1.82411494,17.75,19.75,Valley_Train,5
1084,290.1438557,138.8082233,1.755101026,1.949711401,19.75,20.25,Valley_Train,5
1085,145.1431185,225.6171944,2.430856552,0.216613907,1.75,3.75,Valley_Train,5
1085,145.6775631,171.543233,2.392669616,0.346184543,3.75,5.75,Valley_Train,5
1085,50.47871344,243.5856893,1.717601772,0.50778576,5.75,7.75,Valley_Train,5
1085,-94.96000251,237.8141423,1.39278778,0.701191452,7.75,9.75,Valley_Train,5
1085,235.2270766,217.93523,1.450599193,0.886911429,9.75,11.75,Valley_Train,5
1085,225.7207316,188.0972382,1.558282908,1.078090643,11.75,13.75,Valley_Train,5
1085,240.6736338,182.8649483,1.594721994,1.272261677,13.75,15.75,Valley_Train,5
1085,252.7525826,208.115141,1.546067169,1.469611576,15.75,17.75,Valley_Train,5
1085,222.0716701,206.939485,1.650487733,1.675204585,17.75,19.75,Valley_Train,5
1085,248.6478905,149.3984777,1.889825522,1.804220805,19.75,20.45,Valley_Train,5
1086,229.8742559,218.3347209,2.505372878,0.497765624,1.75,3.75,Floodplain,2
1086,175.9118879,226.1657187,2.310477956,0.706811539,3.75,5.75,Floodplain,2
1086,188.2125456,226.6661027,1.57095379,0.891458994,5.75,7.75,Floodplain,2
1086,232.4157681,193.3081771,1.445600889,1.070580697,7.75,9.75,Floodplain,2
1086,230.7547933,279.7255279,1.390338504,1.261488274,9.75,11.75,Floodplain,2
1086,288.7234161,258.7403159,1.659947021,1.462803457,11.75,13.75,Floodplain,2
1086,301.8110003,240.6446078,1.948072788,1.670291385,13.75,15.75,Floodplain,2
1086,282.1323604,194.2735351,1.92878543,1.882430178,15.75,17.75,Floodplain,2
1086,313.1175892,187.6480578,1.983989425,2.108357895,17.75,19.9,Floodplain,2
1087,265.1095522,297.6801402,1.513840366,0.538485569,1.95,3.75,Floodplain,2
1087,161.5841126,259.3140013,1.899152895,0.87242,3.75,5.75,Floodplain,2
1087,219.4587725,291.2023657,2.052005908,1.084368938,5.75,7.75,Floodplain,2
1087,194.2908879,166.7394966,2.153314495,1.281696318,7.75,9.75,Floodplain,2
1087,238.3906282,199.3571319,1.924612637,1.472158454,9.75,11.75,Floodplain,2
1087,248.3047091,236.1510281,1.782782615,1.682657246,11.75,13.75,Floodplain,2
1087,288.7201631,186.463649,1.706656445,1.899912864,13.75,15.75,Floodplain,2
1087,218.1874302,118.6833597,2.353518486,2.091745643,15.75,17.75,Floodplain,2
1087,220.1864768,76.7261999,2.92144758,2.256213051,17.75,19.75,Floodplain,2
1088,132.8584708,214.3796027,2.048954391,0.25507253,1.75,3.75,Floodplain,2
1088,172.8763212,252.3167765,2.563221925,0.413179782,3.75,5.75,Floodplain,2
1088,244.0191078,322.5964803,1.608905045,0.600985108,5.75,7.75,Floodplain,2
1088,196.6861314,319.3052239,1.477238456,0.808172115,7.75,9.6,Floodplain,2
1088,244.9021048,232.0953131,1.547223773,1.00063279,9.6,11.6,Floodplain,2
1088,245.1312562,203.6981364,1.479568003,1.186039952,11.6,13.35,Floodplain,2
1089,224.1807384,146.6319689,2.001839527,0.527634935,1.75,4.15,Floodplain,2
1089,165.9488422,142.3498618,2.392985502,0.732297753,4.15,5.55,Floodplain,2
1089,167.0003325,174.4402413,2.005186227,0.870134466,5.55,7.55,Floodplain,2
1089,201.6488681,182.8784899,1.643120062,1.054791177,7.55,9.55,Floodplain,2
1089,233.7779111,215.7901859,1.610434471,1.235841365,9.55,11.55,Floodplain,2
1089,250.754708,210.7976902,1.573375413,1.38262964,11.55,12.45,Floodplain,2
1090,174.628556,190.6957119,2.005107684,0.477792199,1.75,3.75,Floodplain,2
1090,223.9378882,210.9238342,1.624494893,0.73146163,3.75,5.75,Floodplain,2
1090,197.2530634,151.9542945,2.11042342,0.904756695,5.75,7.75,Floodplain,2
1090,273.4255536,218.0398045,2.197960766,1.058460525,7.75,9.75,Floodplain,2
1091,224.3746069,183.8083204,2.322961325,0.242280354,1.75,3.75,Floodplain,2
1091,195.51594,310.420038,2.474978236,0.391961634,3.75,5.75,Floodplain,2
1091,232.5642431,218.7303163,2.570687319,0.560722151,5.75,7.75,Floodplain,2
1091,234.2482087,106.4907479,2.533437767,0.708889499,7.75,9.75,Floodplain,2
1091,200.4359241,150.5341926,2.44014997,0.844756278,9.75,11.75,Floodplain,2
1091,199.0532851,247.6317513,2.055063992,1.029667516,11.75,13.75,Floodplain,2
1091,223.3853892,172.3738127,2.532497749,1.194928058,13.75,15.75,Floodplain,2
1091,271.7307898,219.7189733,2.477071862,1.371923744,15.75,17.75,Floodplain,2
1091,251.1062709,260.9861552,2.218779606,1.575705228,17.75,19.75,Floodplain,2
1091,-490.1257646,199.3527239,2.428400043,1.751643744,19.75,21.65,Floodplain,2
1092,173.1378972,140.0048459,1.90872607,0.47465548,1.75,3.75,Floodplain,2
1092,160.6604101,190.6664604,1.822386927,0.725357477,3.75,5.75,Floodplain,2
1092,171.4238867,168.8359495,2.207229662,0.898499113,5.75,7.75,Floodplain,2
1092,228.286866,223.9402848,1.762351228,1.089728098,7.75,9.75,Floodplain,2
1092,252.8758604,264.2295186,2.041469699,1.284741172,9.75,11.75,Floodplain,2
1092,271.7178355,258.5276322,2.340445202,1.455619381,11.75,13.75,Floodplain,2
1092,295.0008447,460.9936898,2.265383409,1.669665094,13.75,15.75,Floodplain,2
1092,298.8729446,210.5089905,2.585668959,1.879685172,15.75,17.75,Floodplain,2
1093,107.9135339,113.0491105,2.013699239,0.412975339,1.75,3.75,Floodplain,2
1093,122.7211369,112.7919917,2.357019989,0.548833613,3.75,5.75,Floodplain,2
1093,183.1197918,157.8768188,2.192864891,0.68250838,5.75,7.75,Floodplain,2
1093,244.7414392,332.819809,1.340927393,0.875549364,7.75,9.75,Floodplain,2
1093,234.5730852,209.8893718,2.128968019,1.067128955,9.75,11.75,Floodplain,2
1093,226.7863163,157.4246517,2.537864706,1.238550577,11.75,13.75,Floodplain,2
1093,231.658884,137.6516277,2.636642313,1.423916437,13.75,16.25,Floodplain,2
1094,198.6002559,157.1006806,2.753021669,0.448723023,1.75,3.75,Floodplain,2
1094,212.3698269,192.0893071,1.937657628,0.62360175,3.75,5.75,Floodplain,2
1094,227.4925899,241.9058519,1.625215033,0.821741364,5.75,7.75,Floodplain,2
1094,224.2644849,208.6566129,1.524809022,1.023613362,7.75,9.75,Floodplain,2
1094,251.0274254,291.1965257,1.484269165,1.220814108,9.75,11.75,Floodplain,2
1094,286.3389791,339.5141959,1.410777563,1.435485257,11.75,13.75,Floodplain,2
1094,258.9634455,299.5473118,1.521708856,1.651174417,13.75,15.75,Floodplain,2
1094,231.398854,143.5559504,1.714727536,1.823178268,15.75,17.25,Floodplain,2
1095,403.0010877,269.3072865,2.629237996,0.513190518,1.75,3.75,Floodplain,2
1095,182.8458508,385.4639831,2.366821913,0.880626035,3.75,5.75,Floodplain,2
1095,198.5739077,154.9834008,2.579631454,1.259286693,5.75,7.75,Floodplain,2
1095,253.6720383,174.1590272,2.131170506,1.63820287,7.75,9.75,Floodplain,2
1095,244.2061909,158.2488194,2.594845536,2.021031144,9.75,11.75,Floodplain,2
1095,345.7728578,231.3492438,2.326675473,2.409631754,11.75,13.75,Floodplain,2
1095,324.5138196,245.9757847,2.307364101,2.804062697,13.75,15.75,Floodplain,2
1095,275.2809937,188.5473909,2.103939612,3.177057973,15.75,17.75,Floodplain,2
1095,272.1776696,216.1130997,2.138672596,3.390361747,17.75,19.95,Floodplain,2
1096,191.3069916,249.2108421,2.24744483,0.494818169,1.75,3.75,Floodplain,2
1096,211.5683432,279.7285987,1.825698917,0.876732585,3.75,5.75,Floodplain,2
1096,191.2026061,173.5170238,1.828839498,1.14726009,5.75,7.75,Floodplain,2
1096,211.0632152,156.9557782,1.689693084,1.333016586,7.75,9.75,Floodplain,2
1096,186.1526386,159.1099604,2.075102626,1.524674797,9.75,11.75,Floodplain,2
1096,283.2378746,153.6273921,2.606465189,1.700370353,11.75,13.75,Floodplain,2
1096,315.9431723,156.7366283,2.619217112,1.882018244,13.75,15.75,Floodplain,2
1096,357.579864,151.2854884,2.605025759,2.066627069,15.75,17.75,Floodplain,2
1096,348.6044333,152.7725412,2.605713348,2.253341681,17.75,19.75,Floodplain,2
1096,338.2313227,175.1137895,2.586627893,2.443730918,19.75,21.75,Floodplain,2
1096,243.6411282,143.8566394,2.582864044,2.58982044,21.75,22.75,Floodplain,2
1097,244.8675218,287.4335808,2.257279858,0.502053807,1.75,3.75,Floodplain,2
1097,248.1804322,205.6870591,1.710884909,0.894770404,3.75,5.75,Floodplain,2
1097,177.4318939,169.1411304,1.68467013,1.269461937,5.75,7.75,Floodplain,2
1097,201.7802718,141.187426,1.814086245,1.488184956,7.75,9.75,Floodplain,2
1097,236.2249349,233.3297862,1.726554281,1.681134483,9.75,11.75,Floodplain,2
1097,245.3157151,224.1922236,1.583210488,1.887749568,11.75,13.75,Floodplain,2
1097,275.6532804,169.0225273,1.794030344,2.092465615,13.75,15.75,Floodplain,2
1097,283.3161617,126.1427342,1.956178402,2.291303529,15.75,17.75,Floodplain,2
1097,227.1911764,200.8751159,2.222849137,2.487373917,17.75,19.9,Floodplain,2
1098,189.3293904,269.9207853,2.433557152,0.540144348,1.75,3.75,Floodplain,2
1098,216.9669759,269.792608,1.82475914,0.919846256,3.75,5.75,Floodplain,2
1098,242.6265656,201.1022506,1.718083476,1.326829708,5.75,7.8,Floodplain,2
1098,219.6106679,301.3558819,1.632550921,1.724195263,7.8,9.75,Floodplain,2
1098,274.4641639,338.553821,1.389605754,1.999793953,9.75,11.75,Floodplain,2
1098,254.4500911,165.6705809,2.285142617,2.20015286,11.75,13.75,Floodplain,2
1098,340.9544582,215.9680359,1.953239352,2.418078471,13.75,15.75,Floodplain,2
1098,325.3387216,275.9218373,2.079723952,2.601322254,15.75,17,Floodplain,2
1099,144.7090011,274.1696044,1.895430814,0.529920571,1.75,3.75,Floodplain,2
1099,176.5087253,156.8270923,1.811071539,0.89988179,3.75,5.75,Floodplain,2
1099,245.6765847,187.6333108,1.617026065,1.134962165,5.75,7.75,Floodplain,2
1099,355.6674365,231.8888359,1.508518301,1.336174521,7.75,9.75,Floodplain,2
1099,186.1946621,98.86755488,2.515745024,1.519819157,9.75,11.75,Floodplain,2
1099,174.3966874,42.91020774,3.173957858,1.670222349,11.75,13.75,Floodplain,2
1099,187.9099665,89.7099708,3.050516335,1.819708421,13.75,15.75,Floodplain,2
1099,215.7400376,89.25894018,2.94653139,1.984423654,15.75,17.75,Floodplain,2
1099,207.6607444,72.5485874,3.102072512,2.172471381,17.75,20.25,Floodplain,2
1100,240.0400847,332.0821789,2.377739839,0.492241537,1.75,3.75,Floodplain,2
1100,238.4643184,255.4818552,2.625495614,0.870011087,3.75,5.75,Floodplain,2
1100,232.36006,173.0031099,2.466305272,1.239595116,5.75,7.75,Floodplain,2
1100,197.1620206,139.4589098,2.692550725,1.531381584,7.75,9.75,Floodplain,2
1100,234.1079818,216.4919016,1.759506653,1.714240108,9.75,11.75,Floodplain,2
1100,349.9401231,263.3255352,1.779501263,1.930825259,11.75,13.8,Floodplain,2
1100,190.0158397,107.0959461,2.770155956,2.148221105,13.8,16.35,Floodplain,2
1101,323.2826642,550.8615549,1.892955799,0.780811676,1.85,5.75,Floodplain,2
1101,212.5110788,193.3438967,1.912394988,1.390247222,5.75,7.75,Floodplain,2
1101,168.0766303,131.1234255,2.428048369,1.648602159,7.75,9.75,Floodplain,2
1101,333.1836573,186.2071796,1.681372873,1.85549922,9.75,12.1,Floodplain,2
1102,214.9185061,84.47481813,3.08005876,0.503712019,1.75,3.75,Floodplain,2
1102,168.8796696,71.53198173,3.229706083,0.827612297,3.75,5.75,Floodplain,2
1102,191.0070065,204.5683377,2.137620691,1.186758367,5.75,7.75,Floodplain,2
1102,224.965791,174.0346767,1.779740003,1.50353485,7.75,9.75,Floodplain,2
1102,241.9190824,180.4580872,1.643459974,1.707458434,9.75,11.75,Floodplain,2
1102,269.0174328,136.936251,1.869672776,1.905597052,11.75,13.75,Floodplain,2
1102,249.2718345,198.1464758,2.506552282,2.092698106,13.75,15.75,Floodplain,2
1102,309.5909412,93.49025718,3.047883773,2.273322374,15.75,17.75,Floodplain,2
1102,346.8478019,91.54092493,3.038953117,2.45655366,17.75,19.75,Floodplain,2
1102,189.0504821,113.893284,2.942338732,2.602457284,19.75,20.8,Floodplain,2
1103,184.9941404,232.8229187,2.192017459,0.36671638,1.75,3.75,Floodplain,2
1103,233.7116713,319.2283229,1.962438579,0.53267961,3.75,5.75,Floodplain,2
1103,246.2961207,257.1675633,1.634913765,0.739753212,5.75,7.75,Floodplain,2
1103,215.0322533,186.3602783,1.548818711,0.936212094,7.75,9.75,Floodplain,2
1103,224.4232276,154.6536093,1.566649045,1.121649916,9.75,11.75,Floodplain,2
1103,233.0954795,214.3515451,1.513541552,1.30533002,11.75,13.75,Floodplain,2
1103,244.7089569,116.5204102,2.634416403,1.478357976,13.75,15.75,Floodplain,2
1103,257.7957713,72.95227527,2.830292269,1.59584435,15.75,17.75,Floodplain,2
1103,256.6071295,61.0129775,2.910482666,1.715709866,17.75,19.75,Floodplain,2
1103,245.9765803,72.50407565,2.960636083,1.869124574,19.75,21.75,Floodplain,2
1103,305.9440996,110.3655649,2.845135927,2.004313325,21.75,23.8,Floodplain,2
1103,375.6273097,272.1505557,2.146138745,2.109900668,23.8,24.15,Floodplain,2
1104,169.3473284,168.6818718,1.828055477,0.4971348,1.75,3.75,Floodplain,2
1104,160.0383013,145.3868866,1.819343775,0.85457454,3.75,5.75,Floodplain,2
1104,203.4773367,150.2085191,1.669217591,1.086171042,5.75,7.75,Floodplain,2
1104,213.2261196,125.7047158,1.680151534,1.264001741,7.75,9.75,Floodplain,2
1104,213.3145464,176.4577115,1.665929198,1.447271616,9.75,11.75,Floodplain,2
1104,343.2112807,247.3564022,1.938577625,1.641147554,11.75,13.75,Floodplain,2
1104,405.7661312,430.7878655,1.920728102,1.849510956,13.75,15.25,Floodplain,2
1105,272.9187004,289.3284691,2.099511267,0.501642478,1.75,3.8,Floodplain,2
1105,199.083514,229.2500753,2.500651884,0.722164122,3.8,5.75,Floodplain,2
1105,172.1835698,252.4318432,2.105643058,0.91085398,5.75,7.75,Floodplain,2
1105,259.4629799,240.2735536,1.784314573,1.10377435,7.75,9.75,Floodplain,2
1105,255.0228229,157.6756244,1.726846371,1.305833564,9.75,11.75,Floodplain,2
1105,235.3643691,224.9557819,1.656342028,1.506286039,11.75,13.75,Floodplain,2
1105,274.9954934,168.2349293,1.842280093,1.701322923,13.75,15.75,Floodplain,2
1106,211.4807275,210.4439283,2.768797889,0.303906608,1.75,3.75,Floodplain,2
1106,233.3554747,161.4732849,2.865371596,0.456838173,3.75,5.75,Floodplain,2
1106,188.3696802,236.8505233,1.694214258,0.63257166,5.75,7.75,Floodplain,2
1106,205.2289893,168.0336198,1.642208037,0.824754744,7.75,9.75,Floodplain,2
1106,267.9371599,209.1492306,1.660527388,1.017436772,9.75,11.9,Floodplain,2
1106,251.0178446,252.0700403,2.243998362,1.205959364,11.9,13.75,Floodplain,2
1106,255.6236439,293.1680981,2.155449448,1.396305378,13.75,15.75,Floodplain,2
1106,370.9264948,274.5686056,2.148886282,1.60833918,15.75,17.75,Floodplain,2
1106,371.756224,365.2392041,2.205355902,1.837150586,17.75,19.95,Floodplain,2
1107,351.8761471,414.1512323,1.877941623,0.267063009,1.75,3.75,Floodplain,2
1107,463.7332645,610.5901717,1.452722203,0.486459068,3.75,5.75,Floodplain,2
1107,330.4490434,448.0782253,1.919657486,0.704903035,5.75,7.75,Floodplain,2
1107,266.8578433,623.6895787,1.697253023,0.893925602,7.75,9.75,Floodplain,2
1107,306.8297652,212.4912575,1.97955303,1.093779834,9.75,11.75,Floodplain,2
1107,319.4497642,190.7614688,2.401458395,1.266903535,11.75,13.75,Floodplain,2
1107,305.5867502,269.4477127,1.897566458,1.456957071,13.75,15.75,Floodplain,2
1107,347.6601409,276.121343,1.880965202,1.681073002,15.75,17.75,Floodplain,2
1107,359.699119,227.1586824,2.491860603,1.879182067,17.75,19.75,Floodplain,2
1107,259.8788985,142.4225195,2.440792773,2.048561345,19.75,21.75,Floodplain,2
1107,362.5121803,197.4754046,2.271215576,2.227753206,21.75,23.75,Floodplain,2
1107,258.2548356,151.5607655,2.441861055,2.367224146,23.75,24.75,Floodplain,2
1108,234.7627611,259.0316032,2.610171577,0.23402548,1.75,3.75,Floodplain,2
1108,177.7908391,144.2413587,2.576569484,0.378756074,3.75,5.75,Floodplain,2
1108,221.6955756,163.5480653,2.496535269,0.51609053,5.75,7.75,Floodplain,2
1108,166.6824951,110.956453,2.358839712,0.649829978,7.75,9.75,Floodplain,2
1108,188.836398,137.5861415,2.415096745,0.77263306,9.75,11.75,Floodplain,2
1108,199.3765121,96.7604969,2.613203732,0.916413574,11.75,13.75,Floodplain,2
1108,220.1376551,127.0086618,2.354394352,1.060839444,13.75,15.75,Floodplain,2
1108,228.0592208,193.5843652,2.172295222,1.233506068,15.75,17.75,Floodplain,2
1108,253.4504866,279.4818045,1.694497425,1.455111517,17.75,20.15,Floodplain,2
1109,206.6232421,299.1574668,2.565227536,0.239105511,1.75,3.75,Floodplain,2
1109,212.582938,227.4470628,2.699760697,0.407021989,3.75,5.75,Floodplain,2
1109,227.3177196,239.7491194,2.53250613,0.574639774,5.75,7.75,Floodplain,2
1109,188.4612046,103.3265824,2.896904593,0.734256299,7.75,9.75,Floodplain,2
1109,159.5510481,70.03926074,3.065395135,0.886837839,9.75,11.75,Floodplain,2
1109,240.4337532,147.4777758,2.392688837,1.038733801,11.75,13.75,Floodplain,2
1109,289.8482457,222.4873517,1.747015207,1.23565558,13.75,15.75,Floodplain,2
1109,265.9198221,215.5170401,1.719144216,1.446563206,15.75,17.75,Floodplain,2
1109,269.3716118,189.0665444,1.813964485,1.672815327,17.75,20.05,Floodplain,2
1110,165.4537012,228.2881659,2.584570339,0.226910146,1.75,3.75,Floodplain,2
1110,154.4114909,143.9235823,2.576721057,0.363672102,3.75,5.75,Floodplain,2
1110,147.5451607,129.2535176,2.575056905,0.487406316,5.75,7.75,Floodplain,2
1110,146.3841591,64.65377364,2.632826429,0.586339121,7.75,9.75,Floodplain,2
1110,184.4945635,133.1761456,2.593335596,0.700456139,9.75,11.75,Floodplain,2
1110,191.7088355,91.9369604,2.587919659,0.833684374,11.75,13.75,Floodplain,2
1110,187.6134825,77.14228529,2.351794511,0.916427145,13.75,15.75,Floodplain,2
1110,224.0734883,151.2796886,1.998512544,1.062330809,15.75,17.75,Floodplain,2
1110,263.1120736,182.342273,1.811756463,1.250673868,17.75,19.75,Floodplain,2
1111,151.0448598,259.7648062,2.613379384,0.218477909,1.75,3.75,Floodplain,2
1111,131.9102472,153.7927861,2.65266907,0.365768203,3.75,5.75,Floodplain,2
1111,140.723205,117.2765374,2.636947193,0.499882974,5.75,7.75,Floodplain,2
1111,125.5685398,87.24320482,2.915204771,0.637706469,7.75,9.75,Floodplain,2
1111,167.376748,85.65836936,2.902301145,0.786257618,9.75,11.75,Floodplain,2
1111,215.6521977,159.0576334,1.991935301,0.934451557,11.75,13.75,Floodplain,2
1111,292.7072278,214.9239286,1.724003601,1.129047931,13.75,15.75,Floodplain,2
1111,219.8518117,221.3654066,1.657341452,1.337312628,15.75,17.75,Floodplain,2
1111,276.5329174,180.8006234,1.651123778,1.54802096,17.75,19.85,Floodplain,2
1112,155.8570134,315.4352578,2.573834985,0.221429131,1.75,3.75,Floodplain,2
1112,168.374685,193.7870751,2.480676251,0.375810668,3.75,5.75,Floodplain,2
1112,162.1408979,105.765143,2.363023033,0.48266358,5.75,7.75,Floodplain,2
1112,192.2159544,165.533185,1.936240239,0.609943364,7.75,9.75,Floodplain,2
1112,272.4591861,252.9610173,1.554559398,0.798823586,9.75,11.75,Floodplain,2
1112,236.0510487,222.5769245,1.704655322,1.003327941,11.75,13.75,Floodplain,2
1112,272.83873,194.1604741,1.673185903,1.161623587,13.75,14.8,Floodplain,2
1113,183.148024,177.7178401,2.091045132,0.532450835,5.75,7.75,Floodplain,2
1113,201.2959408,177.3430379,1.99845739,0.693102293,7.75,9.75,Floodplain,2
1113,225.2784629,174.1202941,2.084810261,0.86601552,9.75,11.75,Floodplain,2
1113,165.8301741,185.0092198,2.197052615,1.034077912,11.75,13.75,Floodplain,2
1113,242.6838756,168.8705972,2.060396832,1.207198385,13.75,15.75,Floodplain,2
1113,224.1663196,176.4406616,1.939460008,1.398495064,15.75,17.75,Floodplain,2
1113,256.4682671,179.0568555,1.958945244,1.614929287,17.75,20.3,Floodplain,2
1115,154.726876,300.4285846,2.561512049,0.223249873,1.75,3.75,Floodplain,2
1115,198.3598389,224.5566537,2.30521952,0.381280587,3.75,5.75,Floodplain,2
1115,195.6411512,135.3749678,1.877734374,0.547556147,5.75,7.75,Floodplain,2
1115,211.5369983,168.8787213,1.892215427,0.727736003,7.75,9.75,Floodplain,2
1115,235.3881925,174.744722,1.954867722,0.922802522,9.75,11.75,Floodplain,2
1115,209.092337,228.9183221,2.0645285,1.111352344,11.75,13.75,Floodplain,2
1115,260.0966441,244.6585927,1.948212185,1.305238641,13.75,15.75,Floodplain,2
1115,260.6963662,211.3969103,1.650164142,1.51899363,15.75,17.75,Floodplain,2
1115,251.3320111,144.4440363,1.660950875,1.733224255,17.75,20.15,Floodplain,2
1116,206.1248665,226.9272827,2.176612398,0.214629618,1.75,3.75,Floodplain,2
1116,141.8577174,146.0298916,2.412911049,0.354576921,3.75,5.75,Floodplain,2
1116,141.9161073,95.39594992,2.918929241,0.486509183,5.75,7.75,Floodplain,2
1116,170.5692951,88.86616318,2.674714477,0.619892008,7.75,9.75,Floodplain,2
1116,141.176785,99.91517814,2.659436856,0.744541858,9.75,11.75,Floodplain,2
1116,219.1032702,183.3620679,1.855263893,0.912802498,11.75,13.75,Floodplain,2
1116,271.0977321,221.5365737,1.770902484,1.108659352,13.75,15.75,Floodplain,2
1116,230.0171075,207.9531843,1.772213541,1.313652706,15.75,17.75,Floodplain,2
1116,255.1615389,176.0615521,1.718211454,1.529426758,17.75,19.95,Floodplain,2
1117,163.5125292,233.8725272,2.67018168,0.208974981,1.75,3.75,Floodplain,2
1117,143.9568502,119.6360489,2.846223828,0.345609807,3.75,5.75,Floodplain,2
1117,156.9834691,133.7393873,2.740934029,0.482562712,5.75,7.75,Floodplain,2
1117,221.6832617,255.855794,1.609865035,0.658213445,7.75,9.75,Floodplain,2
1117,233.1276126,238.6064054,1.589688202,0.85548018,9.75,11.75,Floodplain,2
1117,240.2090544,188.4935415,1.55266998,1.05096648,11.75,13.75,Floodplain,2
1117,229.8436486,144.9828898,1.649586618,1.237453037,13.75,15.75,Floodplain,2
1117,240.8470835,111.6771104,1.845526651,1.410498525,15.75,17.75,Floodplain,2
1117,278.0756553,201.3045602,1.627460157,1.609945391,17.75,19.95,Floodplain,2
1118,159.9613252,177.0941953,2.568163594,0.214109271,1.75,3.75,Floodplain,2
1118,130.8690391,120.2079142,2.65146746,0.342350678,3.75,5.75,Floodplain,2
1118,152.5600943,98.8402194,2.732575146,0.459765822,5.75,7.75,Floodplain,2
1118,174.0326163,143.1891598,2.493485445,0.591187366,7.75,9.75,Floodplain,2
1118,179.3710551,139.0013119,2.485584992,0.738838907,9.75,11.75,Floodplain,2
1118,212.181268,221.0192673,2.196126891,0.906335053,11.75,13.75,Floodplain,2
1118,227.6906182,245.9805243,2.10128917,1.091879113,13.75,15.75,Floodplain,2
1118,196.6033896,252.3785234,2.178422661,1.274738578,15.75,17.75,Floodplain,2
1118,259.6135748,213.7926507,1.91696267,1.488899467,17.75,20.15,Floodplain,2
1119,233.5240151,226.8897772,2.139915344,0.228432663,1.75,3.75,Floodplain,2
1119,187.6076673,216.3666399,1.762582505,0.399228521,3.75,5.75,Floodplain,2
1119,233.6760998,206.988375,1.578985158,0.586457291,5.75,7.75,Floodplain,2
1119,256.3733427,271.6392852,1.497967612,0.779279172,7.75,9.75,Floodplain,2
1119,238.027959,243.5695349,1.534594643,0.969506379,9.75,11.75,Floodplain,2
1119,199.4983485,153.5384588,1.794915456,1.163368166,11.75,13.75,Floodplain,2
1119,278.3200883,292.1987803,1.641480099,1.35726512,13.75,15.8,Floodplain,2
1119,228.452503,179.767713,1.741519972,1.565715261,15.8,17.75,Floodplain,2
1119,281.1055412,174.9568681,1.72626041,1.768388968,17.75,19.95,Floodplain,2
1120,225.6327239,246.8103579,2.246007269,0.238506998,1.75,3.75,Floodplain,2
1120,165.8983293,147.699346,2.221453452,0.386947503,3.75,5.75,Floodplain,2
1120,202.4435725,239.767636,1.994853745,0.547227205,5.75,7.75,Floodplain,2
1120,211.6034148,187.6512106,1.91425862,0.728498832,7.75,9.75,Floodplain,2
1120,207.136827,230.8851202,1.775773509,0.927365176,9.75,11.75,Floodplain,2
1120,260.1766548,206.5622742,1.753524141,1.135439455,11.75,13.75,Floodplain,2
1120,236.273713,262.1063843,1.670368446,1.339928299,13.75,15.75,Floodplain,2
1120,265.9504249,241.485986,1.727554151,1.559776099,15.75,17.75,Floodplain,2
1120,294.8653657,203.1030341,1.598126708,1.792777277,17.75,20.15,Floodplain,2
1121,216.2837806,211.0548918,2.821091201,0.197437431,1.75,3.75,Floodplain,2
1121,152.3828133,193.6739053,2.659095653,0.355329846,3.75,5.75,Floodplain,2
1121,176.8345317,169.0714775,2.353424753,0.511315571,5.75,7.75,Floodplain,2
1121,105.1493877,70.32748179,2.835853053,0.64562229,7.75,9.75,Floodplain,2
1121,168.7319602,163.2114516,2.433157475,0.787009787,9.75,11.95,Floodplain,2
1121,254.3070118,306.1218478,1.668091531,0.98392359,11.95,13.75,Floodplain,2
1121,265.3114642,223.1664524,1.573354774,1.180491215,13.75,15.75,Floodplain,2
1121,225.8444747,235.7577169,1.624607042,1.390554966,15.75,17.75,Floodplain,2
1122,177.6670443,287.331152,2.653204244,0.235158951,1.75,3.75,Floodplain,2
1122,160.3459067,151.2765941,2.473024849,0.387720469,3.75,5.75,Floodplain,2
1122,210.0879899,156.4502268,2.23737824,0.524083546,5.75,7.75,Floodplain,2
1122,211.6735059,241.4843679,1.920665266,0.699105425,7.75,9.75,Floodplain,2
1122,183.4087619,167.9870746,2.254433129,0.87384402,9.75,11.75,Floodplain,2
1122,127.7999287,69.32130679,2.94475807,1.017869782,11.75,13.75,Floodplain,2
1122,162.8099774,90.44706459,2.750576789,1.152028093,13.75,15.75,Floodplain,2
1122,230.0206038,194.5011979,1.632661443,1.336387161,15.75,17.75,Floodplain,2
1122,288.984432,250.4104218,1.774726491,1.556403853,17.75,20.15,Floodplain,2
1123,180.0389335,301.7383498,2.631128434,0.21519429,1.75,3.75,Floodplain,2
1123,174.1472585,232.4063703,2.651995379,0.378716633,3.75,5.75,Floodplain,2
1123,200.0984431,178.5028274,2.40787607,0.544139766,5.75,7.75,Floodplain,2
1123,260.486305,218.7193805,1.651868421,0.73116816,7.75,9.75,Floodplain,2
1123,219.45162,232.4245422,1.793676659,0.931698352,9.75,11.75,Floodplain,2
1123,169.2139906,174.6568893,1.874335233,1.126730651,11.75,13.75,Floodplain,2
1123,249.9894342,229.6588222,1.674540846,1.321658659,13.75,15.75,Floodplain,2
1123,242.4414227,266.9438465,1.582066513,1.507665036,15.75,17.25,Floodplain,2
1124,183.2925981,197.7708499,2.584156164,0.215308361,1.75,3.75,Floodplain,2
1124,145.8258842,126.3859912,2.545903213,0.338379387,3.75,5.75,Floodplain,2
1124,141.1117902,147.8330368,2.309801509,0.459221505,5.75,7.75,Floodplain,2
1124,170.5592463,179.4702687,2.2332904,0.605692289,7.75,9.75,Floodplain,2
1124,124.5317362,73.3770966,2.806059604,0.744980759,9.75,11.75,Floodplain,2
1124,129.0044205,39.23609457,3.076246627,0.865440448,11.75,13.75,Floodplain,2
1124,197.8777791,131.0847058,1.772510765,1.012182037,13.75,15.75,Floodplain,2
1124,280.022961,232.661567,1.560109668,1.2065023,15.75,17.75,Floodplain,2
1124,224.6339057,206.2202928,1.638335299,1.419023687,17.75,19.95,Floodplain,2
1125,184.6003343,203.5814253,2.571270474,0.205783752,1.75,3.75,Floodplain,2
1125,138.1031081,158.6717545,2.778829197,0.346696494,3.75,5.75,Floodplain,2
1125,206.2935955,169.3949089,2.398686698,0.495880775,5.75,7.75,Floodplain,2
1125,243.5155965,236.1203848,2.107132013,0.666259775,7.75,9.75,Floodplain,2
1125,237.6457258,269.5240072,1.961376326,0.860262655,9.75,11.75,Floodplain,2
1125,238.1645157,266.2956651,1.977649768,1.06506434,11.75,13.75,Floodplain,2
1125,271.4100292,231.3544465,1.986936431,1.271721551,13.75,15.75,Floodplain,2
1125,222.2538111,249.2969735,1.934536898,1.470011303,15.75,17.75,Floodplain,2
1125,271.4883349,183.2133923,1.592857893,1.669724546,17.75,19.75,Floodplain,2
1126,165.8470424,214.0876584,2.32520227,0.224500235,1.75,3.75,Floodplain,2
1126,156.5669832,90.68577443,2.640219214,0.327710143,3.75,5.75,Floodplain,2
1126,226.8555264,287.1282643,1.754856447,0.471815511,5.75,7.75,Floodplain,2
1126,315.3130226,390.8507684,1.316722566,0.673263257,7.75,9.75,Floodplain,2
1126,246.9543151,359.3905703,1.415345205,0.870534747,9.75,11.75,Floodplain,2
1126,279.894268,268.5327744,1.480781151,1.078588266,11.75,13.75,Floodplain,2
1126,243.2202748,203.5160329,1.53498498,1.277254327,13.75,15.75,Floodplain,2
1126,228.1389634,242.2733261,1.591271755,1.483281494,15.75,17.75,Floodplain,2
1126,291.1677367,214.0244857,1.609834685,1.727190104,17.75,20.35,Floodplain,2
1127,161.1361034,311.7917528,2.342219792,0.222452845,1.75,3.75,Floodplain,2
1127,157.0509066,171.0737858,2.469345144,0.365192322,3.75,5.75,Floodplain,2
1127,173.4075859,134.685663,2.767563354,0.514164763,5.75,7.75,Floodplain,2
1127,198.2944942,101.9632025,2.62749705,0.646270725,7.75,9.75,Floodplain,2
1127,195.8106745,116.1588318,2.551315002,0.776066176,9.75,11.75,Floodplain,2
1127,200.8453808,91.70234603,2.397425726,0.917279762,11.75,13.75,Floodplain,2
1127,193.4832876,110.6973827,2.442561596,1.059010569,13.75,15.75,Floodplain,2
1127,283.4585729,149.9761184,1.999555746,1.197019345,15.75,17.75,Floodplain,2
1127,276.4776664,187.884051,1.726247932,1.418508509,17.75,20.35,Floodplain,2
1128,183.9530278,354.2447274,2.412672754,0.221389244,1.75,3.75,Floodplain,2
1128,163.4318528,322.1285415,2.269509258,0.388399913,3.75,5.75,Floodplain,2
1128,210.1894718,204.6586647,2.120004269,0.55054407,5.75,7.75,Floodplain,2
1128,188.4959883,222.2847878,2.099456552,0.714556702,7.75,9.75,Floodplain,2
1128,203.6807058,166.6853061,2.10057956,0.889615017,9.75,11.75,Floodplain,2
1128,223.7990354,175.6314472,1.994576625,1.061517296,11.75,13.75,Floodplain,2
1128,220.116468,164.3062239,2.025979636,1.242647985,13.75,15.75,Floodplain,2
1128,-32.2023034,150.5564141,2.11915079,1.422295894,15.75,17.75,Floodplain,2
1128,29.13312188,125.0986311,2.237362998,1.607881771,17.75,20.05,Floodplain,2
1129,204.9862498,245.5105519,1.67987282,0.231842145,1.75,3.75,Floodplain,2
1129,261.9093539,320.080553,1.444411926,0.424899887,3.75,5.75,Floodplain,2
1129,190.6064843,150.0603617,1.678250429,0.60810136,5.75,7.75,Floodplain,2
1129,253.5959089,218.1573608,1.592155331,0.793907288,7.75,9.75,Floodplain,2
1129,288.5591966,243.7392615,1.484483521,0.992859302,9.75,11.75,Floodplain,2
1129,226.0196977,165.5303919,1.603578685,1.18586702,11.75,13.75,Floodplain,2
1129,242.9370584,175.2219705,1.620228314,1.378116815,13.75,15.75,Floodplain,2
1129,238.7506706,178.1159698,1.546524036,1.574996783,15.75,17.75,Floodplain,2
1129,281.440493,133.3062632,1.741942947,1.780255701,17.75,20.15,Floodplain,2
1130,145.630849,361.8641287,2.489236408,0.228032557,1.75,3.75,Floodplain,2
1130,171.0160026,157.905547,2.18863077,0.377338504,3.75,5.75,Floodplain,2
1130,215.1301205,189.5080477,1.942246522,0.519934698,5.75,7.75,Floodplain,2
1130,214.9291129,209.0007927,1.451926749,0.698561277,7.75,9.75,Floodplain,2
1130,203.840232,144.3609196,1.774372988,0.873534494,9.75,11.75,Floodplain,2
1130,242.43125,197.2005954,1.578462067,1.054622258,11.75,13.75,Floodplain,2
1130,245.4460138,215.8357159,1.611492073,1.253501485,13.75,15.75,Floodplain,2
1130,322.8808462,203.5256307,1.556922489,1.456725244,15.75,17.75,Floodplain,2
1130,287.0586804,195.5518816,1.617930682,1.657372288,17.75,19.75,Floodplain,2
1130,216.6592237,143.9739698,1.718310019,1.858083868,19.75,21.75,Floodplain,2
1130,319.3956387,200.7053659,1.74232045,2.061570418,21.75,23.75,Floodplain,2
1130,277.8206391,157.0751399,1.823988198,2.28191311,23.75,25.75,Floodplain,2
1130,323.7252525,163.8799834,1.814645267,2.503159947,25.75,27.75,Floodplain,2
1130,262.3544181,177.0745091,2.183752789,2.716030221,27.75,30.05,Floodplain,2
1131,156.6865406,332.6909613,2.489568697,0.232775034,1.75,3.75,Floodplain,2
1131,181.0852021,269.2337088,2.095963543,0.400570519,3.75,5.75,Floodplain,2
1131,184.5118779,230.0008452,1.830174244,0.566792733,5.75,7.75,Floodplain,2
1131,208.0751106,168.3397436,1.66443888,0.737402921,7.75,9.75,Floodplain,2
1131,237.9200989,210.3637835,1.514352238,0.917643969,9.75,11.75,Floodplain,2
1131,242.4801775,170.3540428,1.560962176,1.107191707,11.75,13.75,Floodplain,2
1131,234.286046,193.7315206,1.504325236,1.299736697,13.75,15.75,Floodplain,2
1131,271.3041486,167.6998305,1.566384262,1.48983826,15.75,17.75,Floodplain,2
1131,276.1886816,204.7129896,1.593356912,1.708252496,17.75,20.15,Floodplain,2
1132,179.0210017,317.0681974,2.551420868,0.226143593,1.75,3.75,Floodplain,2
1132,207.6285169,194.283362,2.148482097,0.386748568,3.75,5.75,Floodplain,2
1132,227.383901,187.3884675,1.892999232,0.562200688,5.75,7.75,Floodplain,2
1132,160.3677734,169.0160696,1.80071068,0.750157401,7.75,9.75,Floodplain,2
1132,231.4373002,167.216457,1.906938984,0.937165425,9.75,11.75,Floodplain,2
1132,254.544913,248.0788794,1.635223113,1.133917317,11.75,13.75,Floodplain,2
1132,247.9541874,159.2864697,1.72144576,1.329242587,13.75,15.75,Floodplain,2
1132,265.9457511,160.027914,1.637069485,1.523289924,15.75,17.75,Floodplain,2
1132,262.6281455,227.1243918,1.599604011,1.739597812,17.75,19.95,Floodplain,2
1133,173.9522917,305.2892767,2.438860889,0.231880629,1.75,3.75,Floodplain,2
1133,190.36836,162.4519864,1.964826188,0.385147121,3.75,5.75,Floodplain,2
1133,185.180494,147.7084979,2.07670147,0.54807768,5.75,7.75,Floodplain,2
1133,194.0840737,199.0580504,2.071515715,0.71244929,7.75,9.75,Floodplain,2
1133,267.6132618,235.4067711,1.682273699,0.897203805,9.75,11.75,Floodplain,2
1133,205.9796872,185.1559103,1.747066796,1.097578509,11.75,13.75,Floodplain,2
1133,247.6629107,219.3187902,1.624046788,1.299834647,13.75,15.75,Floodplain,2
1133,238.7023204,214.7190617,1.551787764,1.505824453,15.75,17.75,Floodplain,2
1133,267.734685,187.7514847,1.676183855,1.716841413,17.75,19.95,Floodplain,2
1134,150.0013687,144.6675287,2.595409277,0.207826262,1.75,3.75,Floodplain,2
1134,151.7487214,171.8894614,2.741184385,0.345442804,3.75,5.75,Floodplain,2
1134,132.2096092,86.81010034,2.945453981,0.490001909,5.75,7.75,Floodplain,2
1134,122.5115725,67.93180425,2.932044725,0.615767552,7.75,9.75,Floodplain,2
1134,137.0808145,107.4729201,2.533244614,0.741719281,9.75,11.75,Floodplain,2
1134,208.6338335,184.41014,1.653274703,0.919112053,11.75,13.75,Floodplain,2
1134,217.8639171,181.9947015,1.726766892,1.113957519,13.75,15.75,Floodplain,2
1134,247.4935797,127.5182674,1.773938951,1.300129664,15.75,17.75,Floodplain,2
1134,228.1599298,174.102131,1.742518125,1.521105509,17.75,20.25,Floodplain,2
1135,138.56817,187.6318687,2.870817342,0.210330235,1.75,3.75,Floodplain,2
1135,137.8708048,145.627357,2.619112135,0.351818062,3.75,5.75,Floodplain,2
1135,124.5002353,66.16922695,2.852145105,0.467535128,5.75,7.75,Floodplain,2
1135,111.755778,35.79765107,3.145834934,0.568871323,7.75,9.75,Floodplain,2
1135,111.0176059,34.57809766,3.173280875,0.677772906,9.75,11.75,Floodplain,2
1135,218.9323205,195.4990692,1.734062936,0.834004496,11.75,13.75,Floodplain,2
1135,254.5338905,166.7095598,1.597752994,1.02410605,13.75,15.75,Floodplain,2
1135,223.9047262,178.8411513,1.699505149,1.216352596,15.75,17.75,Floodplain,2
1135,231.2665393,172.1730272,1.755612878,1.442807075,17.75,20.25,Floodplain,2
1136,164.0149246,186.2971797,2.509215402,0.202242518,1.75,3.75,Floodplain,2
1136,173.1077434,148.3224412,2.829891687,0.343807529,3.75,5.75,Floodplain,2
1136,133.0338169,96.6749208,2.970938895,0.48939348,5.75,7.75,Floodplain,2
1136,108.5943812,50.6555263,3.180986725,0.629847168,7.75,9.75,Floodplain,2
1136,113.4514313,38.90729326,3.267109942,0.761545784,9.75,11.75,Floodplain,2
1136,107.8439493,32.97070784,3.305146607,0.891517601,11.75,13.75,Floodplain,2
1136,123.965889,42.37351405,3.169083935,1.023028484,13.75,15.75,Floodplain,2
1136,145.9838267,66.06068179,2.870203457,1.165833836,15.75,17.75,Floodplain,2
1136,194.6450831,115.515804,2.211353951,1.344123239,17.75,20.25,Floodplain,2
1137,198.2628195,248.1846861,2.572247892,0.21309615,1.75,3.75,Floodplain,2
1137,158.9066013,179.0306347,2.452483689,0.350986864,3.75,5.75,Floodplain,2
1137,158.3968721,134.0071529,2.450690124,0.484354345,5.75,7.75,Floodplain,2
1137,139.9754342,85.94598813,2.742503336,0.607238287,7.75,9.75,Floodplain,2
1137,132.3157086,72.39612695,3.005816335,0.74020038,9.75,11.75,Floodplain,2
1137,215.7508121,126.0472505,2.398968216,0.88802321,11.75,13.75,Floodplain,2
1137,265.3011321,217.2358932,1.645191402,1.082642023,13.75,15.75,Floodplain,2
1137,265.6763058,204.339696,1.656585554,1.2870021,15.75,17.75,Floodplain,2
1137,260.1661354,209.5258614,1.6433808,1.499390748,17.75,19.85,Floodplain,2
1138,151.8413812,267.9807095,2.579228056,0.211510253,1.75,3.75,Floodplain,2
1138,170.8856758,181.827928,2.550343873,0.359604211,3.75,5.75,Floodplain,2
1138,155.5177577,147.5441545,2.736556879,0.505694796,5.75,7.75,Floodplain,2
1138,159.9886249,58.84338404,2.785538322,0.633624139,7.75,9.75,Floodplain,2
1138,169.8328871,67.21322503,2.866599307,0.737570072,9.75,11.75,Floodplain,2
1138,240.1392709,61.86749381,2.943789709,0.869010438,11.75,13.75,Floodplain,2
1138,236.0274359,205.6059738,2.028404713,1.028567686,13.75,15.75,Floodplain,2
1138,280.2359024,293.6507789,1.646454093,1.242908211,15.75,17.75,Floodplain,2
1138,285.2774251,185.9528911,1.627456484,1.458422726,17.75,19.85,Floodplain,2
1139,218.027431,259.0769136,2.449140716,0.207564003,1.75,3.75,Floodplain,2
1139,177.2526092,210.4944265,2.376986607,0.351055687,3.75,5.75,Floodplain,2
1139,191.9074938,180.2600761,2.386578844,0.476009091,5.75,7.75,Floodplain,2
1139,201.8268752,139.331188,2.379670844,0.627671225,7.75,9.75,Floodplain,2
1139,217.6747695,113.5802511,2.554411101,0.758357914,9.75,11.75,Floodplain,2
1139,249.8029811,202.7462018,1.613011408,0.926827851,11.75,13.75,Floodplain,2
1139,242.8521143,165.5668617,1.820336639,1.113470193,13.75,15.75,Floodplain,2
1139,255.4351502,193.8051374,1.804321935,1.309112798,15.75,17.75,Floodplain,2
1139,330.3763432,232.248471,1.654252514,1.533506741,17.75,19.95,Floodplain,2
1140,173.7401159,315.7355627,2.642549973,0.224645771,1.75,3.75,Floodplain,2
1140,135.8844819,208.6888003,2.714256392,0.388946852,3.75,5.75,Floodplain,2
1140,156.4831906,156.9696042,2.786437923,0.550255635,5.75,7.75,Floodplain,2
1140,181.3504308,145.8082839,2.844186703,0.718847602,7.75,9.75,Floodplain,2
1140,172.2009669,93.0644781,2.953069108,0.883948025,9.75,11.75,Floodplain,2
1140,264.9396005,148.7872873,1.974985074,1.041212873,11.75,13.75,Floodplain,2
1140,265.4661026,230.8068167,1.588446896,1.243529787,13.75,15.75,Floodplain,2
1140,252.7121443,176.4708569,1.712671304,1.448095834,15.75,17.75,Floodplain,2
1140,299.0747209,261.6137631,1.649600959,1.637611538,17.75,19.25,Floodplain,2
1141,121.9835659,231.6920807,2.586377068,0.203834353,1.75,3.75,Floodplain,2
1141,128.8108908,145.5853307,2.814969658,0.350682685,3.75,5.75,Floodplain,2
1141,141.2874163,122.0683687,2.890779907,0.501931047,5.75,7.75,Floodplain,2
1141,163.8374934,108.4074991,2.972410995,0.657113479,7.75,9.75,Floodplain,2
1141,176.667055,102.9071535,2.946524638,0.820922851,9.75,11.75,Floodplain,2
1141,148.3449623,43.47858012,3.128982833,0.969184534,11.75,13.75,Floodplain,2
1141,210.761049,88.89553507,2.492721238,1.092461946,13.75,15.75,Floodplain,2
1141,289.3099021,200.3499645,1.696819635,1.272854077,15.75,17.75,Floodplain,2
1141,276.8662665,279.3975765,1.509956146,1.4925769,17.75,20.05,Floodplain,2
1142,178.5079718,196.2076387,2.437423394,0.212917987,1.75,3.75,Floodplain,2
1142,134.7402199,138.4876553,2.288858284,0.340141081,3.75,5.75,Floodplain,2
1142,153.7431572,74.16125378,2.152029621,0.430194165,5.75,7.75,Floodplain,2
1142,156.1881838,86.58608255,2.410961431,0.507198442,7.75,9.75,Floodplain,2
1142,166.6154095,73.48389632,2.420432129,0.597815056,9.75,11.75,Floodplain,2
1142,157.5283139,74.68349129,2.546836237,0.683674504,11.75,13.75,Floodplain,2
1142,160.6710664,120.3640663,2.404848284,0.826361685,13.75,15.75,Floodplain,2
1142,232.0805235,120.4628296,2.211676765,0.973711683,15.75,17.75,Floodplain,2
1142,236.3718579,139.5243209,2.000079765,1.111204738,17.75,19.75,Floodplain,2
1142,232.3835253,222.2502778,1.602404691,1.302086696,19.75,21.75,Floodplain,2
1143,136.1111574,207.1139269,2.33956023,0.193073342,1.75,3.75,Floodplain,2
1143,121.9844134,120.0947042,2.638638945,0.303768223,3.75,5.75,Floodplain,2
1143,126.0933398,99.25756079,2.911592051,0.436580145,5.75,7.75,Floodplain,2
1143,129.7851976,80.3923142,2.958590483,0.575762133,7.75,9.75,Floodplain,2
1143,146.3843429,86.89515417,2.883234941,0.711021045,9.75,11.75,Floodplain,2
1143,206.811409,117.2057542,2.389356445,0.856934873,11.75,13.75,Floodplain,2
1143,267.8605372,223.9538199,1.580628428,1.037609731,13.75,15.75,Floodplain,2
1143,270.8746057,222.2140327,1.564955365,1.237075095,15.75,17.75,Floodplain,2
1143,295.4669082,259.9572183,1.734153579,1.459876314,17.75,20.25,Floodplain,2
1144,218.5465122,184.5062841,1.716332235,0.230010478,1.75,3.75,Floodplain,2
1144,305.2153795,183.0226487,1.646928434,0.406331748,3.75,5.75,Floodplain,2
1144,186.968868,189.3496631,1.611625951,0.583959964,5.75,7.75,Floodplain,2
1144,202.2001131,175.501119,1.623587414,0.772089962,7.75,9.75,Floodplain,2
1144,252.1216998,167.6890473,1.621576844,0.953926685,9.75,11.75,Floodplain,2
1144,196.3973462,199.442578,1.629266635,1.141691855,11.75,13.75,Floodplain,2
1144,265.8275538,244.7295701,1.566568977,1.341988257,13.75,15.75,Floodplain,2
1144,243.4078987,184.1818644,1.529037118,1.542612423,15.75,17.75,Floodplain,2
1144,275.4957746,244.9452968,1.496134821,1.741426407,17.75,19.95,Floodplain,2
1145,259.3468622,222.7842346,1.619877929,0.231279952,1.75,3.75,Floodplain,2
1145,282.6378585,276.8263951,1.455277916,0.418758094,3.75,5.75,Floodplain,2
1145,161.4621798,144.4431537,1.694664878,0.59946841,5.75,7.75,Floodplain,2
1145,235.2708653,129.2718614,1.934109154,0.755161873,7.75,9.75,Floodplain,2
1145,257.3257088,219.4025176,1.505567288,0.928563305,9.75,11.75,Floodplain,2
1145,273.9615358,184.7092963,1.555023454,1.112167082,11.75,13.75,Floodplain,2
1145,258.0338871,178.729058,1.556690104,1.303531596,13.75,15.75,Floodplain,2
1145,304.0534829,176.9916672,1.582772731,1.496318943,15.75,17.75,Floodplain,2
1145,263.4221599,183.93543,1.663417133,1.691914319,17.75,19.75,Floodplain,2
1146,161.3722037,301.9739949,2.698742691,0.216616507,1.75,3.75,Floodplain,2
1146,264.7765693,166.657944,2.177641467,0.381545036,3.75,5.75,Floodplain,2
1146,151.1506647,163.2387378,2.811950379,0.543995959,5.75,7.75,Floodplain,2
1146,177.8234635,94.19905486,3.011924427,0.706620769,7.75,9.75,Floodplain,2
1146,182.1234505,131.0432167,2.724064735,0.854372043,9.75,11.75,Floodplain,2
1146,259.5771099,245.942972,2.0594149,1.01763002,11.75,13.75,Floodplain,2
1146,299.6971109,342.1428917,1.572325504,1.224018706,13.75,15.75,Floodplain,2
1146,292.9958408,312.7506195,1.389406761,1.368691714,15.75,16.6,Floodplain,2
1147,234.4859258,202.9131598,1.87003372,0.240663857,1.8,3.75,Floodplain,2
1147,211.2083092,204.9506604,1.556326827,0.411391022,3.75,5.75,Floodplain,2
1147,206.2233215,141.4491075,1.815528839,0.587113266,5.75,7.75,Floodplain,2
1147,217.4464305,139.0397433,1.783771378,0.747606221,7.75,9.75,Floodplain,2
1147,236.0962933,158.2539619,1.625532912,0.923455876,9.75,11.75,Floodplain,2
1147,273.9048892,187.7286845,1.590423227,1.110099169,11.75,13.75,Floodplain,2
1147,220.2831997,145.7273912,1.655243294,1.298066854,13.75,15.75,Floodplain,2
1147,252.9431023,150.7067182,1.670256034,1.47044007,15.75,17.75,Floodplain,2
1147,288.2582417,198.8140922,1.636911378,1.676137831,17.75,19.85,Floodplain,2
1148,176.5775032,96.98377843,2.310297431,0.191483342,1.75,3.75,Floodplain,2
1148,158.8403417,109.2649816,2.430712421,0.264586679,3.75,5.75,Floodplain,2
1148,180.7046775,136.2860155,2.333479982,0.348361631,5.75,7.75,Floodplain,2
1148,170.190971,144.044363,1.913046471,0.442998673,7.75,9.75,Floodplain,2
1148,351.4982351,453.7136043,1.261027279,0.605842017,9.75,11.75,Floodplain,2
1148,323.9770922,407.0720906,1.539676824,0.8181067,11.75,13.75,Floodplain,2
1148,358.3568769,366.4656194,1.440122205,1.036071362,13.75,15.75,Floodplain,2
1148,291.5312985,263.460293,1.481332703,1.247472819,15.75,17.75,Floodplain,2
1148,293.8314143,246.8039215,1.534518251,1.46798462,17.75,20.05,Floodplain,2
1150,289.6772382,249.1136333,1.799227071,0.248573265,1.75,3.75,Floodplain,2
1150,243.572199,183.9545367,2.08051923,0.512252296,3.75,7.75,Floodplain,2
1150,191.7611588,390.788621,2.156175093,0.760435267,7.75,9.75,Floodplain,2
1150,222.5474231,388.5543751,2.203946432,0.955980918,9.75,11.6,Floodplain,2
1151,185.928466,311.182605,2.635002318,0.226289397,1.75,3.75,Floodplain,2
1151,279.5343059,176.5286661,2.604566198,0.382074387,3.75,5.75,Floodplain,2
1151,262.681594,163.6571281,2.605691695,0.537888729,5.75,7.75,Floodplain,2
1151,217.5075153,197.8745897,2.507330887,0.698586544,7.75,9.75,Floodplain,2
1151,257.3257088,239.6991907,1.78405017,0.875039981,9.75,11.75,Floodplain,2
1151,368.6467996,205.4521976,1.595844617,1.078344216,11.75,13.75,Floodplain,2
1151,245.4306398,310.4566553,2.106477136,1.276149815,13.75,15.75,Floodplain,2
1152,248.9922193,311.7993608,1.834871921,0.25939941,1.75,3.8,Floodplain,2
1152,208.9252476,286.1379927,2.041921722,0.444916859,3.8,5.75,Floodplain,2
1152,209.1785273,305.9050448,2.285702943,0.626338765,5.75,7.75,Floodplain,2
1152,253.8221105,316.3048531,2.174440069,0.804867862,7.75,9.75,Floodplain,2
1152,270.799164,373.551244,2.167249541,0.999943088,9.75,11.75,Floodplain,2
1152,305.9249646,386.8824249,2.321628466,1.13167591,11.75,12.35,Floodplain,2
1153,194.8303116,148.2901668,2.053516496,0.204757908,1.75,3.75,Floodplain,2
1153,274.9921524,107.4576678,1.994794373,0.322383184,3.75,5.75,Floodplain,2
1153,174.1800122,146.0449139,2.009084079,0.461731157,5.75,7.75,Floodplain,2
1153,223.1185149,168.2577531,1.943180037,0.620708265,7.75,9.75,Floodplain,2
1153,194.6119075,170.4384688,1.857185608,0.787832775,9.75,11.75,Floodplain,2
1153,223.5253555,144.7578217,2.105993773,0.946867794,11.75,13.8,Floodplain,2
1153,256.7764149,314.5843533,2.339034243,1.110675978,13.8,15.75,Floodplain,2
1153,176.3201852,389.1358439,2.355619294,1.311013858,15.75,17.75,Floodplain,2
1153,419.2177649,282.9332898,2.387478455,1.532380072,17.75,20.25,Floodplain,2
1154,175.0346644,151.1893968,2.427553606,0.223356593,1.75,3.75,Floodplain,2
1154,308.6906817,259.3549606,2.550541842,0.362306715,3.75,5.75,Floodplain,2
1154,130.0408042,187.1843667,2.65310005,0.52967977,5.75,7.8,Floodplain,2
1154,346.0089448,165.5986903,2.419599295,0.67909103,7.8,9.75,Floodplain,2
1154,208.897078,231.2006987,2.272721527,0.843563284,9.75,11.75,Floodplain,2
1154,202.4245404,230.3970175,2.194173549,1.025029747,11.75,13.75,Floodplain,2
1154,202.7856139,366.6480475,2.397562231,1.222209114,13.75,15.75,Floodplain,2
1155,242.4947136,345.3500529,2.433594325,0.22756723,1.75,3.75,Floodplain,2
1155,206.2577952,190.4095573,2.586386925,0.376996183,3.75,5.75,Floodplain,2
1155,181.2822594,247.4051881,1.887421637,0.54499477,5.75,7.75,Floodplain,2
1155,223.0684353,357.0186457,2.315477511,0.83074062,7.75,11.75,Floodplain,2
1156,200.2141046,242.7869018,2.340615467,0.193727076,1.75,3.75,Floodplain,2
1156,158.8100247,139.1863749,2.188124012,0.317306828,3.75,5.75,Floodplain,2
1156,143.6628979,252.9865208,1.821645364,0.476106005,5.75,7.75,Floodplain,2
1156,274.8033463,156.0199253,2.370446136,0.641676798,7.75,9.75,Floodplain,2
1156,221.187557,211.9218931,1.921818623,0.822510704,9.75,11.75,Floodplain,2
1156,229.7150161,180.5824996,1.853097935,1.002431316,11.75,13.75,Floodplain,2
1156,424.1100517,218.9448025,2.294949067,1.163420264,13.75,15.25,Floodplain,2
1157,150.4153203,164.2551921,2.471295227,0.198030919,1.75,3.75,Floodplain,2
1157,157.198485,204.2955049,2.123424052,0.337152793,3.75,5.75,Floodplain,2
1157,195.690171,210.1091011,2.011190194,0.501905105,5.75,7.75,Floodplain,2
1157,201.5928509,155.5219146,1.676320706,0.688176171,7.75,9.75,Floodplain,2
1157,187.2861918,183.8214091,1.687521394,0.871107743,9.75,11.75,Floodplain,2
1157,479.7968861,261.0898651,1.647642947,1.079307326,11.75,13.8,Floodplain,2
1158,141.5143891,124.6342796,2.843815109,0.190493703,1.75,3.75,Floodplain,2
1158,157.2931109,195.1160616,2.214820417,0.316838877,3.75,5.75,Floodplain,2
1158,212.9606569,180.8977271,1.745818757,0.504126579,5.75,7.75,Floodplain,2
1158,206.1722393,182.2729393,1.664793556,0.680131635,7.75,9.75,Floodplain,2
1158,247.9047743,262.4218942,1.715038924,0.835328815,9.75,11,Floodplain,2
1159,190.4018624,171.7080195,2.024410427,0.205494286,1.75,3.75,Floodplain,2
1159,222.8814101,149.765897,2.159155382,0.348272862,3.75,5.75,Floodplain,2
1159,126.3442058,138.3047046,2.378922754,0.479290194,5.75,7.75,Floodplain,2
1159,229.9192947,144.1676326,2.034974979,0.63618296,7.75,9.8,Floodplain,2
1159,195.674863,151.1506216,1.778409867,0.820366091,9.8,11.75,Floodplain,2
1159,176.0926317,220.9520738,1.87990117,0.950095573,11.75,12.55,Floodplain,2
1160,176.6862959,210.2405236,2.113435405,0.209569175,1.75,3.75,Floodplain,2
1160,211.3452523,238.7707459,2.045102661,0.359302583,3.75,5.75,Floodplain,2
1160,153.3618036,161.6956461,1.92864901,0.539371588,5.75,7.8,Floodplain,2
1160,208.2274409,175.715322,2.214949222,0.658500339,7.8,9.75,Floodplain,2
1160,388.6948897,253.2967297,1.711839031,0.859748038,9.75,11.75,Floodplain,2
1161,213.0263443,346.9773337,2.46166093,0.225949167,1.75,3.75,Floodplain,2
1161,204.8927703,257.3863788,2.074378063,0.400773297,3.75,5.75,Floodplain,2
1161,219.8405735,181.1701991,1.716241502,0.576513358,5.75,7.75,Floodplain,2
1161,278.2650434,272.644996,1.619978813,0.769006105,7.75,9.75,Floodplain,2
1161,226.0843403,176.2297303,1.732569093,0.908804299,9.75,10.55,Floodplain,2
1162,203.5570863,272.2996981,2.408507182,0.199920111,1.75,3.75,Floodplain,2
1162,238.0218015,339.0518546,2.268280904,0.364672784,3.75,5.75,Floodplain,2
1162,207.4485636,258.2686434,1.776388603,0.564007353,5.75,7.75,Floodplain,2
1162,244.115525,243.0293377,1.609671453,0.773195724,7.75,9.75,Floodplain,2
1162,223.9089238,237.0078145,1.600422887,0.951464113,9.75,11.35,Floodplain,2
1163,222.1320376,534.356595,2.327986597,0.256042285,1.75,3.75,Floodplain,2
1163,229.707046,209.7592531,2.52132798,0.42009463,3.75,5.75,Floodplain,2
1163,307.1474215,247.9962213,1.784575545,0.595631761,5.75,7.75,Floodplain,2
1163,236.6161732,228.3224767,1.656234575,0.769833086,7.75,9.35,Floodplain,2
1164,316.1612765,452.448018,1.928569286,0.26356988,1.75,3.75,Floodplain,2
1164,218.886598,183.9723943,2.530785038,0.435115635,3.75,5.75,Floodplain,2
1164,168.7905269,149.4166323,2.574611515,0.573216897,5.75,7.75,Floodplain,2
1164,215.5490206,203.9522564,1.977119034,0.730137223,7.75,9.75,Floodplain,2
1164,234.1022585,210.4354159,1.603643766,0.894815912,9.75,11.35,Floodplain,2
1165,214.4186252,414.2872994,2.375039184,0.258184297,1.75,3.75,Floodplain,2
1165,198.1187118,217.7964034,2.351415169,0.418532027,3.75,5.75,Floodplain,2
1165,203.7013462,85.96228498,2.853968724,0.534037845,5.75,7.15,Floodplain,2
1166,218.027431,312.2748848,2.475767109,0.219099512,1.75,3.75,Floodplain,2
1166,322.5994217,247.1361923,2.675239553,0.384941537,3.75,5.75,Floodplain,2
1166,201.3776463,174.9429478,2.552585966,0.54067846,5.75,7.75,Floodplain,2
1166,193.0473932,271.2124184,2.140977174,0.702619513,7.75,9.75,Floodplain,2
1166,288.3461938,288.4566839,1.644630311,0.825640601,9.75,10.25,Floodplain,2
1167,284.3416281,232.9157375,2.039508223,0.206919558,1.75,3.75,Floodplain,2
1167,277.8876141,244.5275284,2.485238863,0.369793949,3.75,5.75,Floodplain,2
1167,188.1472842,234.0697455,2.255201004,0.531940762,5.75,7.75,Floodplain,2
1167,239.6719747,306.9917129,2.068224066,0.716035625,7.75,9.75,Floodplain,2
1167,291.4914014,254.7867311,1.745736164,0.953878869,9.75,12.2,Floodplain,2
1168,239.6763013,221.984792,1.964200312,0.228167204,1.75,3.75,Floodplain,2
1168,259.9332575,177.2727935,1.82035009,0.406561824,3.75,5.75,Floodplain,2
1168,191.2131931,178.9461645,1.806241037,0.590428639,5.75,7.75,Floodplain,2
1168,237.165847,152.9663526,1.564370631,0.769615406,7.75,9.75,Floodplain,2
1168,224.4932704,146.8288672,1.60043345,0.94316938,9.75,11.75,Floodplain,2
1168,236.7185286,194.8621392,1.618426443,1.121025881,11.75,13.75,Floodplain,2
1168,342.0849551,160.6109736,1.592435275,1.30661097,13.75,15.75,Floodplain,2
1168,281.0050282,193.7791346,1.811835273,1.498685385,15.75,17.75,Floodplain,2
1169,309.7364837,658.145493,2.378077653,0.265984915,1.75,3.75,Floodplain,2
1169,286.5441383,281.2363477,1.968256187,0.452441601,3.75,5.75,Floodplain,2
1169,220.806264,213.1006979,1.580472302,0.644973084,5.75,7.75,Floodplain,2
1169,232.6346801,170.3990629,1.604420277,0.830410893,7.75,9.75,Floodplain,2
1169,242.9045263,141.2178782,1.712319217,1.011036907,9.75,11.75,Floodplain,2
1169,255.0807859,161.7559514,1.637107705,1.167321663,11.75,13.15,Floodplain,2
1170,228.4561608,325.0460389,2.2034382,0.245976339,1.75,3.75,Floodplain,2
1170,222.5687982,265.7090143,2.237743711,0.414078402,3.75,5.75,Floodplain,2
1170,220.1073193,195.9005723,2.320879212,0.580074121,5.75,7.75,Floodplain,2
1170,203.6773103,202.3752932,2.352009105,0.740477559,7.75,9.75,Floodplain,2
1170,205.0264162,211.4541266,2.315394613,0.897750736,9.75,11.75,Floodplain,2
1170,222.2815579,164.9936627,2.006196086,1.07092024,11.75,13.75,Floodplain,2
1170,254.0363195,208.1904716,1.920695841,1.259709568,13.75,15.75,Floodplain,2
1170,269.5696036,193.6468629,1.953386243,1.407829878,15.75,16.75,Floodplain,2
1171,145.7067634,201.8269417,2.557492039,0.21071469,1.75,3.75,Floodplain,2
1171,146.2816278,102.0957728,2.79359832,0.330287565,3.75,5.75,Floodplain,2
1171,166.2547408,98.41810486,2.815130214,0.452316284,5.75,7.75,Floodplain,2
1171,210.0906943,213.2131084,2.055584474,0.599907615,7.75,9.75,Floodplain,2
1171,186.9679591,202.6869634,1.739056007,0.785963661,9.75,11.75,Floodplain,2
1171,208.0695665,146.5411008,1.779381799,0.972313767,11.75,13.75,Floodplain,2
1171,253.6883125,153.3903703,1.628105164,1.158049777,13.75,15.75,Floodplain,2
1171,231.3888112,143.7133842,1.629408849,1.337421256,15.75,17.75,Floodplain,2
1171,249.4147084,139.1457042,1.81243778,1.525740988,17.75,19.8,Floodplain,2
1172,216.9774025,294.736721,2.446117106,0.23488688,1.75,3.75,Floodplain,2
1172,168.0078599,240.0748223,2.459067626,0.390141103,3.75,5.75,Floodplain,2
1172,144.5336711,200.126815,2.198800017,0.545355859,5.75,7.75,Floodplain,2
1172,180.7380863,196.1134435,2.155587444,0.713538896,7.75,9.75,Floodplain,2
1172,197.5674668,180.9295856,1.908372591,0.890139048,9.75,11.75,Floodplain,2
1172,213.0234867,134.5161306,1.823375812,1.077745309,11.75,13.75,Floodplain,2
1172,310.8577157,309.5564234,1.269474431,1.270838259,13.75,15.75,Floodplain,2
1172,239.7675774,190.7067703,1.486435811,1.459345448,15.75,17.75,Floodplain,2
1172,291.1881666,166.2232917,1.619534654,1.649574893,17.75,19.75,Floodplain,2
1172,263.727276,153.1681786,1.572818877,1.834264671,19.75,21.75,Floodplain,2
1172,241.8962715,205.116248,2.209878593,2.03235529,21.75,24,Floodplain,2
1172,277.4202108,243.8549024,2.518749747,2.222492131,24,25.75,Floodplain,2
1172,235.9326535,166.4819989,2.404708809,2.400198538,25.75,27.75,Floodplain,2
1172,263.6263891,167.5226274,2.047312999,2.591832084,27.75,29.75,Floodplain,2
1172,265.0555452,212.6458093,2.198003135,2.790419875,29.75,31.75,Floodplain,2
1172,384.1692356,253.8919322,2.165423231,2.958466184,31.75,33,Floodplain,2
1173,177.4837369,174.8372474,2.838508506,0.216040972,1.75,3.75,Floodplain,2
1173,148.0230103,118.3215045,2.939813387,0.352111065,3.75,5.75,Floodplain,2
1173,161.706083,234.8451253,2.334016034,0.496434566,5.75,7.75,Floodplain,2
1173,182.7519196,214.8562734,2.397841695,0.652932636,7.75,9.75,Floodplain,2
1173,176.245134,206.4385126,2.342462003,0.815025743,9.75,11.75,Floodplain,2
1173,204.2022383,135.6252009,1.765839382,0.995144208,11.75,13.75,Floodplain,2
1173,222.885032,203.6263638,1.601192375,1.179701651,13.75,15.75,Floodplain,2
1173,271.8443028,194.5540027,1.492869389,1.368597787,15.75,17.75,Floodplain,2
1173,279.2472954,160.788742,1.504335341,1.548873243,17.75,19.8,Floodplain,2
1174,277.9666233,181.5227531,1.63844646,0.248354729,1.75,3.75,Floodplain,2
1174,227.2115547,197.3777472,1.61572424,0.427938518,3.75,5.75,Floodplain,2
1174,237.9431191,159.7817178,1.591059666,0.609795121,5.75,7.75,Floodplain,2
1174,198.7470314,116.1033137,1.711078038,0.778480827,7.75,9.75,Floodplain,2
1174,220.8720088,122.1913693,1.619368089,0.948287989,9.75,11.75,Floodplain,2
1174,257.1113641,185.1729436,1.50339359,1.123716805,11.75,13.75,Floodplain,2
1174,264.5010051,136.8983081,1.627803423,1.306162849,13.75,15.75,Floodplain,2
1174,281.8108697,156.0701243,1.617171448,1.48914602,15.75,17.75,Floodplain,2
1174,350.4407755,207.5955413,1.534710512,1.723118971,17.75,20.55,Floodplain,2
1175,169.8405562,210.3178704,2.534768726,0.218778957,1.75,3.75,Floodplain,2
1175,164.6694672,111.8470455,2.770867685,0.345271101,3.75,5.75,Floodplain,2
1175,206.7025041,223.4368183,2.326324268,0.495521994,5.75,7.75,Floodplain,2
1175,195.6425494,262.2226406,2.25593948,0.665889463,7.75,9.75,Floodplain,2
1175,194.1280946,179.8782227,2.307670268,0.842570927,9.75,11.75,Floodplain,2
1175,241.2048301,229.5231717,1.763779416,1.021070634,11.75,13.75,Floodplain,2
1175,259.0457247,271.2831834,1.365302408,1.219790205,13.75,15.75,Floodplain,2
1175,307.9529741,169.3444527,1.734386156,1.409300645,15.75,17.75,Floodplain,2
1175,323.2415236,208.3905867,1.731017882,1.531974368,17.75,18.35,Floodplain,2
1176,204.4162028,182.7210672,2.689588491,0.224589589,1.75,3.75,Floodplain,2
1176,152.531127,100.9763061,2.917256873,0.355086839,3.75,5.75,Floodplain,2
1176,162.1148926,117.9330644,2.911578528,0.4925963,5.75,7.75,Floodplain,2
1176,166.7507832,171.4590906,2.594190345,0.645349362,7.75,9.75,Floodplain,2
1176,199.4686816,137.4998349,2.717249149,0.803747492,9.75,11.75,Floodplain,2
1176,216.4309698,153.2672583,1.950417921,0.971868515,11.75,13.75,Floodplain,2
1176,287.6113459,214.9943348,1.583236626,1.167246254,13.75,15.75,Floodplain,2
1176,348.0394985,243.0169134,1.517064446,1.3670187,15.75,17.75,Floodplain,2
1176,362.317351,169.7273739,1.581130357,1.562135529,17.75,19.75,Floodplain,2
1176,207.4474362,156.905685,2.049667603,1.72350287,19.75,21.1,Floodplain,2
1177,163.9496999,279.5347369,2.579447868,0.231425099,1.75,3.75,Floodplain,2
1177,191.5406472,113.9586596,3.160604258,0.376920695,3.75,5.75,Floodplain,2
1177,168.9696629,187.2503684,2.570450723,0.516831424,5.75,7.75,Floodplain,2
1177,171.0584798,123.6609657,3.02055976,0.661822504,7.75,9.75,Floodplain,2
1177,262.0250977,162.013418,1.978008823,0.824649107,9.75,11.75,Floodplain,2
1177,234.7708868,172.0090949,1.750435096,1.013384756,11.75,13.75,Floodplain,2
1177,227.3444154,266.0511345,1.43361522,1.213099224,13.75,15.75,Floodplain,2
1177,224.9641317,185.6517488,1.743766474,1.399207091,15.75,17.75,Floodplain,2
1177,286.9214332,156.2479694,2.237400403,1.569010916,17.75,19.85,Floodplain,2
1178,138.304155,149.3450103,3.06601723,0.205317344,1.75,3.75,Floodplain,2
1178,175.8636955,241.0275936,2.747075892,0.356998686,3.75,5.75,Floodplain,2
1178,213.784505,61.70198221,3.038171352,0.495874585,5.75,7.75,Floodplain,2
1178,209.1431226,132.7167727,2.951413081,0.637115943,7.75,9.75,Floodplain,2
1178,267.195971,164.7923695,2.851703755,0.810937201,9.75,11.75,Floodplain,2
1178,190.3927462,107.3927788,3.016578686,0.98286471,11.75,13.75,Floodplain,2
1178,241.5431512,168.6508585,2.288134165,1.145890968,13.75,15.75,Floodplain,2
1178,269.7718308,193.5860852,1.884611677,1.359674777,15.75,17.75,Floodplain,2
1178,343.2846478,273.2649497,1.802748267,1.554107132,17.75,19.5,Floodplain,2
1179,158.5745729,198.326862,2.188123406,0.21104434,1.75,3.75,Floodplain,2
1179,223.3683488,242.2395507,2.364228083,0.369079141,3.75,5.75,Floodplain,2
1179,231.4912209,186.1038124,2.315718039,0.519654217,5.75,7.75,Floodplain,2
1179,229.1939511,114.7376733,2.577178236,0.616931675,7.75,9.75,Floodplain,2
1179,230.7268211,153.082688,2.627851124,0.76412617,9.75,11.75,Floodplain,2
1179,246.1686094,240.1068672,2.588701622,0.932393908,11.75,13.75,Floodplain,2
1179,240.2574682,125.7113612,2.655337079,1.102699171,13.75,15.75,Floodplain,2
1179,276.2374734,71.58016731,2.672600836,1.206455157,15.75,17.75,Floodplain,2
1179,299.1251323,187.5603964,2.669869408,1.357163644,17.75,19.75,Floodplain,2
1179,326.6091966,150.6521408,2.947233503,1.477737065,19.75,20.3,Floodplain,2
1180,185.195952,215.6544286,2.700090203,0.220494759,1.75,3.75,Floodplain,2
1180,169.9382679,195.9701394,2.642621155,0.375120126,3.75,5.75,Floodplain,2
1180,197.07694,96.97029048,2.905786355,0.512405995,5.75,7.75,Floodplain,2
1180,205.2120384,166.3454392,3.024609907,0.660722784,7.75,9.75,Floodplain,2
1180,246.1648186,204.3180157,2.754078114,0.847421256,9.75,11.75,Floodplain,2
1180,256.1653948,227.5657487,2.388170374,1.03509113,11.75,13.75,Floodplain,2
1180,253.9210837,100.2319359,2.970867945,1.21303925,13.75,15.75,Floodplain,2
1180,242.7431642,62.01665442,3.104947954,1.37877593,15.75,17.75,Floodplain,2
1180,250.462384,222.1895378,2.549174561,1.538313767,17.75,19.75,Floodplain,2
1180,256.4871716,222.0108743,2.522436065,1.734000314,19.75,21.8,Floodplain,2
1181,172.233684,296.2073158,2.811539516,0.217464918,1.75,3.75,Floodplain,2
1181,213.9763019,268.5659639,2.802666119,0.391643134,3.75,5.75,Floodplain,2
1181,214.5979157,180.7039627,2.904959845,0.570443872,5.75,7.75,Floodplain,2
1181,255.4231581,174.53045,2.910407308,0.7511015,7.75,9.75,Floodplain,2
1181,252.0674379,102.9117848,3.025703719,0.926412123,9.75,11.75,Floodplain,2
1181,246.7332413,59.15826588,3.109921683,1.086716898,11.75,13.75,Floodplain,2
1181,231.3577162,178.3649393,2.515867001,1.241590688,13.75,15.75,Floodplain,2
1181,251.8966617,270.1756137,2.318224633,1.432979686,15.75,17.75,Floodplain,2
1181,276.3885197,203.0890275,2.507471496,1.613578943,17.75,19.75,Floodplain,2
1182,139.584362,157.5038775,2.949823965,0.214791842,1.75,3.75,Floodplain,2
1182,183.3885791,206.1903192,2.652298588,0.361144414,3.75,5.75,Floodplain,2
1182,193.3112768,113.3761107,2.841609044,0.506712821,5.75,7.75,Floodplain,2
1182,187.6235616,161.7060766,2.869496811,0.651176056,7.75,9.75,Floodplain,2
1182,239.9452899,280.0524912,2.42937161,0.830809207,9.75,11.75,Floodplain,2
1182,215.9686233,85.91960411,2.910341854,1.001050717,11.75,13.75,Floodplain,2
1182,205.58897,28.19433588,3.386587551,1.139455141,13.75,15.75,Floodplain,2
1182,220.693572,30.65600104,3.374921121,1.271129016,15.75,17.75,Floodplain,2
1182,231.1759211,26.53850902,3.345336423,1.434979593,17.75,20.65,Floodplain,2
1183,204.2353351,329.1225833,2.321658178,0.198033788,1.75,3.75,Floodplain,2
1183,187.7176574,240.3946515,2.29789041,0.353249069,3.75,5.75,Floodplain,2
1183,134.4256731,124.1075331,2.383150406,0.47532782,5.75,7.75,Floodplain,2
1183,248.2042401,139.9920734,2.402256207,0.595276276,7.75,9.75,Floodplain,2
1183,245.8761772,176.1138809,2.55616201,0.735906375,9.75,11.75,Floodplain,2
1183,262.6846226,262.4596736,2.448911073,0.90637785,11.75,13.75,Floodplain,2
1183,294.0227965,136.6833377,2.634691059,1.077473249,13.75,15.75,Floodplain,2
1183,226.7519111,154.6181828,2.543873421,1.232782764,15.75,17.75,Floodplain,2
1183,229.4662945,161.2195102,2.594901705,1.385163265,17.75,19.75,Floodplain,2
1184,190.8099164,282.3250234,2.443278369,0.217001405,1.75,3.75,Floodplain,2
1184,182.3165656,165.3371956,2.335500711,0.362217544,3.75,5.75,Floodplain,2
1184,256.2257105,181.378639,2.544652634,0.486789218,5.75,7.75,Floodplain,2
1184,237.1391559,230.4688941,2.530727432,0.6488306,7.75,9.75,Floodplain,2
1184,224.7137555,184.8172617,2.62212777,0.812616774,9.75,11.75,Floodplain,2
1184,205.7150678,237.6720178,2.440946387,0.988431075,11.75,13.75,Floodplain,2
1184,253.8868555,208.9176546,2.502983135,1.172462754,13.75,15.75,Floodplain,2
1184,243.3114481,228.0683291,2.481190703,1.353890192,15.75,17.75,Floodplain,2
1184,287.3150965,246.7138034,2.531967591,1.586534688,17.75,20.65,Floodplain,2
1185,175.4559178,254.7353974,2.836114323,0.21796487,1.75,3.75,Floodplain,2
1185,190.715716,259.1357871,2.615956995,0.386780525,3.75,5.75,Floodplain,2
1185,240.0597211,103.0779645,3.033397621,0.537103946,5.75,7.75,Floodplain,2
1185,260.43618,118.838807,3.035503517,0.69866222,7.75,9.75,Floodplain,2
1185,238.6147096,277.8325731,2.336128969,0.863796339,9.75,11.75,Floodplain,2
1185,254.5699984,191.4115659,2.367425486,1.047441923,11.75,13.75,Floodplain,2
1185,244.6397777,130.8648598,2.695376764,1.199358409,13.75,15.75,Floodplain,2
1185,270.627119,88.42227685,2.819129638,1.351403935,15.75,17.75,Floodplain,2
1185,303.9504252,208.9420315,2.323590765,1.532505455,17.75,19.95,Floodplain,2
1186,209.6343863,438.2904704,2.482839383,0.228931162,1.75,3.75,Floodplain,2
1186,180.1958368,204.3999355,2.383616106,0.39631383,3.75,5.75,Floodplain,2
1186,251.8222826,83.19808563,2.818431542,0.521817618,5.75,7.75,Floodplain,2
1186,299.2521292,215.5311901,2.650456592,0.675683757,7.75,9.75,Floodplain,2
1186,309.0745741,365.0148173,1.998251019,0.871324125,9.75,11.75,Floodplain,2
1186,264.8747134,360.5614037,1.959002255,1.099070969,11.75,13.75,Floodplain,2
1186,244.7697547,316.4269575,2.109923806,1.31263958,13.75,15.75,Floodplain,2
1186,280.9893751,216.3886263,1.94274174,1.516349423,15.75,17.75,Floodplain,2
1186,245.3273352,77.12381687,2.978040078,1.6859927,17.75,19.75,Floodplain,2
1187,249.6023763,228.0574382,2.363933109,0.231579494,1.75,3.75,Floodplain,2
1187,212.3698269,295.6286025,2.166158579,0.403861402,3.75,5.75,Floodplain,2
1187,251.3067404,133.1842592,2.612381466,0.557124756,5.75,7.75,Floodplain,2
1187,156.6744563,64.68341414,2.945133112,0.681018117,7.75,9.75,Floodplain,2
1187,278.7442169,230.9770367,2.822233739,0.839187296,9.75,11.75,Floodplain,2
1188,170.4453476,92.92780761,1.985176386,0.161108101,1.75,3.8,Floodplain,2
1188,176.1260171,138.953049,1.871747524,0.277965181,3.8,6.55,Floodplain,2
1188,216.837615,161.6027843,1.968826172,0.406471215,6.55,7.75,Floodplain,2
1188,246.478468,155.8879502,1.969320859,0.53407356,7.75,9.75,Floodplain,2
1188,195.7021524,113.1653377,2.283882174,0.659705096,9.75,11.75,Floodplain,2
1188,245.6960685,128.7610773,2.543178225,0.758632012,11.75,13.75,Floodplain,2
1188,287.7354075,145.8639577,2.353378743,0.896916157,13.75,15.75,Floodplain,2
1188,224.7336241,90.22274216,2.444607299,1.009222044,15.75,17.75,Floodplain,2
1188,251.3698808,110.2496343,2.345856081,1.120963945,17.75,19.75,Floodplain,2
1189,189.7541523,253.3427923,2.631116879,0.219530488,1.75,3.75,Floodplain,2
1189,164.018539,222.6838478,2.720986107,0.383987665,3.75,5.75,Floodplain,2
1189,202.6149597,164.5261619,2.851456059,0.54121613,5.75,7.75,Floodplain,2
1189,232.0360885,188.2073852,2.81313604,0.715297003,7.75,9.75,Floodplain,2
1189,271.5590779,154.2548959,2.858419385,0.893138106,9.75,11.75,Floodplain,2
1189,261.0428634,125.1267944,2.898307576,1.073371473,11.75,13.75,Floodplain,2
1189,240.1574538,72.75203591,3.051256489,1.242847924,13.75,15.75,Floodplain,2
1189,219.5497453,45.15656826,3.216696451,1.396411646,15.75,17.75,Floodplain,2
1189,234.8498868,39.39367472,3.234504882,1.54776913,17.75,19.75,Floodplain,2
1190,180.6351714,367.4622786,2.262006525,0.225848879,1.75,3.75,Floodplain,2
1190,251.8289678,214.7053545,2.371433037,0.400091828,3.75,5.8,Floodplain,2
1190,230.6821099,170.1859543,2.697706546,0.548367735,5.8,7.75,Floodplain,2
1190,205.1215145,129.2907054,2.904042685,0.702232277,7.75,9.75,Floodplain,2
1190,187.2245856,44.39196459,3.353726891,0.845290888,9.75,11.75,Floodplain,2
1190,239.9020098,66.44163141,3.220173201,0.997650997,11.75,13.75,Floodplain,2
1190,235.4053037,64.16626121,3.206947155,1.161190978,13.75,15.75,Floodplain,2
1190,247.8247552,131.2764253,2.699863834,1.325676254,15.75,17.75,Floodplain,2
1190,280.4647249,166.2856693,2.609336512,1.496665012,17.75,19.85,Floodplain,2
1191,216.672042,423.721775,2.165233747,0.24251942,1.75,3.75,Floodplain,2
1191,199.9861913,255.8881134,2.34397607,0.422655884,3.75,5.75,Floodplain,2
1191,252.2122068,300.2162892,2.238704896,0.588832118,5.75,7.75,Floodplain,2
1191,199.3993231,112.6593999,2.77841269,0.770476382,7.75,9.75,Floodplain,2
1191,200.7881317,80.17751706,3.078928161,0.919375398,9.75,11.75,Floodplain,2
1191,184.0462591,44.91845402,3.323218188,1.067761903,11.75,13.75,Floodplain,2
1191,281.7571494,51.59464284,3.163853894,1.211354716,13.75,15.75,Floodplain,2
1191,261.4394682,159.6671026,2.283525061,1.375109164,15.75,17.75,Floodplain,2
1191,262.9697444,226.2067059,2.177279892,1.56961004,17.75,19.75,Floodplain,2
1192,185.8469431,352.4683619,2.372987925,0.204055811,1.75,3.75,Floodplain,2
1192,201.4855558,196.1541686,2.032922741,0.35707365,3.75,5.75,Floodplain,2
1192,219.1145427,223.4122357,1.925776627,0.532997479,5.75,7.75,Floodplain,2
1192,212.3034455,228.6754472,1.831327734,0.718118462,7.75,9.75,Floodplain,2
1192,305.5332722,208.4718415,1.862847665,0.916329505,9.75,11.75,Floodplain,2
1192,247.4464559,187.191466,1.942591206,1.112272894,11.75,13.75,Floodplain,2
1192,249.2631019,198.9418109,2.003461611,1.307590127,13.75,15.75,Floodplain,2
1192,232.3710195,190.0913658,2.039463091,1.499534826,15.75,17.75,Floodplain,2
1192,256.8495231,182.2864543,1.86993668,1.641474609,17.75,18.8,Floodplain,2
1193,190.7132995,351.7464651,2.479153177,0.19375273,1.75,3.75,Floodplain,2
1193,206.7071665,277.6173828,2.31429173,0.362392902,3.75,5.75,Floodplain,2
1193,214.6735384,160.8908728,2.369570898,0.529450678,5.75,7.75,Floodplain,2
1193,203.0859291,101.505259,2.792137477,0.676011017,7.75,9.75,Floodplain,2
1193,242.2567088,88.43152946,3.046461943,0.806563891,9.75,11.75,Floodplain,2
1193,251.3160821,99.7474517,2.882227492,0.969221513,11.75,13.75,Floodplain,2
1193,239.6275211,112.9956369,2.886336456,1.114722194,13.75,15.75,Floodplain,2
1193,218.8552362,94.65805125,2.796479695,1.266938783,15.75,17.75,Floodplain,2
1193,291.2287475,232.9283327,2.574123313,1.430886097,17.75,19.75,Floodplain,2
1194,195.5910254,528.414515,2.352194696,0.255282661,1.75,3.75,Floodplain,2
1194,253.7647605,380.2806725,2.08340374,0.444633593,3.75,5.75,Floodplain,2
1194,252.8885639,461.1261068,2.16691941,0.641522216,5.75,7.75,Floodplain,2
1194,254.3963809,258.0117343,2.070946213,0.837411158,7.75,9.75,Floodplain,2
1194,236.478692,287.7062595,2.075752675,1.021764277,9.75,11.75,Floodplain,2
1194,210.002743,38.3646313,3.366486943,1.189288678,11.75,13.75,Floodplain,2
1194,242.1069127,52.67315154,3.272728066,1.348224066,13.75,15.75,Floodplain,2
1194,282.1739371,59.7353032,3.058325733,1.490834998,15.75,17.75,Floodplain,2
1194,253.7556817,143.0474185,2.437111374,1.688268803,17.75,20.35,Floodplain,2
1195,223.2291615,296.2147769,2.580808687,0.211177506,1.75,3.75,Floodplain,2
1195,382.1315618,447.2474728,2.085408831,0.394897431,3.75,5.75,Floodplain,2
1195,304.7375626,389.6129318,2.034607117,0.601449026,5.75,7.75,Floodplain,2
1195,259.8933752,465.8126312,2.128962669,0.806713849,7.75,9.75,Floodplain,2
1195,257.5389019,348.8448676,2.175383369,1.013794273,9.75,11.75,Floodplain,2
1195,259.2239446,121.1530715,2.858971964,1.194848658,11.75,13.75,Floodplain,2
1195,280.9003658,103.5792215,2.920847845,1.364526161,13.75,15.75,Floodplain,2
1195,276.435572,66.83001175,3.084669137,1.53265775,15.75,17.75,Floodplain,2
1195,241.726348,54.70735522,3.08993298,1.692842302,17.75,19.8,Floodplain,2
1196,174.3395643,262.591553,2.82658026,0.233219438,1.75,3.75,Floodplain,2
1196,214.8658696,272.0035663,2.77045666,0.403994439,3.75,5.75,Floodplain,2
1196,196.9915442,127.7057404,2.928851344,0.574947889,5.75,7.75,Floodplain,2
1196,235.1681637,90.6471262,3.129460402,0.728569229,7.75,9.75,Floodplain,2
1196,258.5614543,160.7923897,2.762205106,0.896772831,9.75,11.75,Floodplain,2
1196,249.8129463,102.6318506,2.838459147,1.073625755,11.75,13.75,Floodplain,2
1196,190.6447398,96.59259728,2.998455193,1.218606417,13.75,15.75,Floodplain,2
1196,370.846757,176.1755967,2.208018608,1.368370092,15.75,17.65,Floodplain,2
1197,164.4254318,226.1923735,2.887526932,0.223507474,1.75,3.75,Floodplain,2
1197,170.923551,267.1664407,2.783412129,0.391379135,3.75,5.75,Floodplain,2
1197,234.50078,285.3601328,2.763133461,0.577747391,5.75,7.75,Floodplain,2
1197,247.9340129,193.0611813,2.875111963,0.770687637,7.75,9.75,Floodplain,2
1197,181.0336022,61.28266469,3.208536696,0.938585421,9.75,11.75,Floodplain,2
1197,218.8438431,52.03251517,3.148896413,1.082304975,11.75,13.75,Floodplain,2
1197,244.8002053,100.978597,2.927444072,1.229832802,13.75,15.75,Floodplain,2
1197,292.2155088,98.39972176,2.884100843,1.39654521,15.75,17.75,Floodplain,2
1197,414.6892349,163.0725113,2.650433692,1.512089065,17.75,18.45,Floodplain,2
1198,181.9772364,299.411929,2.85823283,0.251377752,1.75,3.75,Floodplain,2
1198,194.9012741,271.5481777,2.833844886,0.434359233,3.75,5.75,Floodplain,2
1198,207.8451114,71.62457698,3.222733563,0.595548558,5.75,7.75,Floodplain,2
1198,215.6959267,98.53643532,3.210960452,0.737259212,7.75,9.75,Floodplain,2
1198,249.3478218,171.4195338,2.942696342,0.909741544,9.75,11.75,Floodplain,2
1198,290.8088437,169.6335371,2.619994553,1.090545301,11.75,13.75,Floodplain,2
1198,264.7292539,90.57700986,3.041688836,1.268211527,13.75,15.75,Floodplain,2
1198,260.1327619,56.09095087,3.270999555,1.439942409,15.75,17.75,Floodplain,2
1198,275.6281868,25.35731168,3.826734106,1.604705262,17.75,20.15,Floodplain,2
1199,239.6763013,541.591859,2.093750288,0.254566173,1.75,3.75,Floodplain,2
1199,259.9332575,368.1807922,2.079668606,0.450366828,3.75,5.75,Floodplain,2
1199,211.909345,154.6578545,2.56581927,0.621036981,5.75,7.75,Floodplain,2
1199,238.6610734,194.6208792,2.308317104,0.79686072,7.75,9.75,Floodplain,2
1199,236.4393736,149.1746038,2.644551567,0.970276293,9.75,11.75,Floodplain,2
1199,310.911771,166.9748541,2.2487617,1.134718013,11.75,13.75,Floodplain,2
1199,254.1230167,58.82181589,3.047326949,1.300471226,13.75,15.75,Floodplain,2
1199,244.350366,84.19008365,2.8011349,1.458750107,15.75,17.75,Floodplain,2
1199,266.3843774,31.0147914,3.356712961,1.619041121,17.75,19.85,Floodplain,2
1200,217.2835258,454.5590479,2.316144272,0.231368925,1.75,3.75,Floodplain,2
1200,257.3436804,410.0142039,2.013355782,0.428745653,3.75,5.75,Floodplain,2
1200,255.4815359,329.8843428,2.009459171,0.633639399,5.75,7.75,Floodplain,2
1200,261.0559516,306.5602814,1.999587687,0.839466736,7.75,9.75,Floodplain,2
1200,254.9781479,238.5013739,2.245353101,1.038185824,9.75,11.75,Floodplain,2
1200,258.0558188,62.40660725,2.717915751,1.178346202,11.75,13.75,Floodplain,2
1200,229.3579276,39.02554009,2.759011808,1.264140509,13.75,15.75,Floodplain,2
1200,235.6856635,45.24066708,2.726184869,1.338482578,15.75,17.75,Floodplain,2
1200,249.5900163,108.1434424,2.499232215,1.469485082,17.75,19.85,Floodplain,2
1201,170.6569347,201.9185809,2.717656513,0.205966827,1.75,3.75,Floodplain,2
1201,168.7816268,242.9263627,2.282474093,0.358481278,3.75,5.75,Floodplain,2
1201,203.4773367,200.0955542,2.036448451,0.512284575,5.75,7.75,Floodplain,2
1201,229.0135956,163.3447878,1.905965194,0.685148196,7.75,9.75,Floodplain,2
1201,211.0948341,125.3414396,2.151103433,0.837070263,9.75,11.75,Floodplain,2
1201,218.8653984,119.5517827,2.357497449,0.976523834,11.75,13.75,Floodplain,2
1201,270.2376143,157.3403856,2.356066242,1.117792491,13.75,15.75,Floodplain,2
1201,219.299948,91.76849229,2.387740076,1.254469482,15.75,17.75,Floodplain,2
1201,277.0820366,121.671602,2.178439917,1.398250795,17.75,19.7,Floodplain,2
1202,279.0509583,272.6648012,2.409294056,0.236115475,1.75,3.75,Floodplain,2
1202,221.7726123,209.5498034,2.160233024,0.393565405,3.75,5.75,Floodplain,2
1202,182.6106527,150.821009,1.983686479,0.543416528,5.75,7.75,Floodplain,2
1202,201.416867,86.70259726,2.419179512,0.68598727,7.75,9.75,Floodplain,2
1202,256.4803186,204.5677251,1.937551324,0.840449137,9.75,11.75,Floodplain,2
1202,291.7618283,194.777238,1.988979548,1.016758353,11.75,13.75,Floodplain,2
1202,295.2108207,200.4980964,1.955764734,1.210375525,13.75,15.75,Floodplain,2
1202,268.9137776,215.4984563,1.912663112,1.406945474,15.75,17.75,Floodplain,2
1202,243.3968409,170.6262568,1.950219102,1.600967601,17.75,19.9,Floodplain,2
1203,162.8867939,361.7931705,2.52404917,0.236081352,1.75,3.75,Floodplain,2
1203,190.7674976,211.5414128,2.68830744,0.398754846,3.75,5.75,Floodplain,2
1203,161.0772837,71.3545727,3.26715824,0.553652524,5.75,7.75,Floodplain,2
1203,218.7291265,140.1676035,3.00362202,0.701243922,7.75,9.75,Floodplain,2
1203,170.3811429,96.57800646,3.281808611,0.865044599,9.75,11.75,Floodplain,2
1203,187.1355949,33.45416691,3.605710445,1.015224329,11.75,13.75,Floodplain,2
1203,171.0063804,14.5298809,3.963504296,1.16288374,13.75,15.75,Floodplain,2
1203,221.843372,76.40842902,3.384191946,1.327725081,15.75,18.25,Floodplain,2
1204,181.272492,161.6180599,2.746303279,0.229976923,1.75,3.75,Floodplain,2
1204,216.2594678,246.5220242,2.646221719,0.386367681,3.75,5.75,Floodplain,2
1204,180.3321312,151.6107353,3.05061471,0.565350091,5.75,7.75,Floodplain,2
1204,210.0604733,72.21362083,3.268953059,0.730719808,7.75,9.75,Floodplain,2
1204,264.793563,131.7169823,3.036214122,0.904783321,9.75,11.75,Floodplain,2
1204,208.9850164,66.88169817,3.265107603,1.080689772,11.75,13.75,Floodplain,2
1204,262.9382158,132.2904229,2.793851195,1.248573016,13.75,15.75,Floodplain,2
1204,203.9544204,66.72532946,3.300122972,1.411272774,15.75,17.75,Floodplain,2
1204,209.1331466,127.9669452,2.953166195,1.574120313,17.75,19.75,Floodplain,2
1204,234.9012143,109.916554,3.084766302,1.745696323,19.75,21.9,Floodplain,2
1205,162.2052423,219.4515687,2.754977286,0.228508546,1.75,3.75,Floodplain,2
1205,148.6049801,135.9848132,2.969312662,0.3739238,3.75,5.75,Floodplain,2
1205,179.5878682,141.3591987,2.931137888,0.525628836,5.75,7.75,Floodplain,2
1205,238.1492722,290.4259302,1.963512557,0.702355762,7.75,9.75,Floodplain,2
1205,211.7364933,83.52248103,3.110949301,0.878646738,9.75,11.75,Floodplain,2
1205,229.3625241,58.2052461,3.218158089,1.038024096,11.75,13.75,Floodplain,2
1205,216.9806508,49.38949182,3.326930852,1.19293654,13.75,15.75,Floodplain,2
1205,222.9390461,36.19289745,3.347220413,1.34839747,15.75,17.75,Floodplain,2
1206,178.9763851,432.5504877,2.707776069,0.227156894,1.75,3.75,Floodplain,2
1206,214.1067118,271.2668894,2.780849708,0.407749798,3.75,5.75,Floodplain,2
1206,210.1692327,167.6623415,2.989093362,0.584711358,5.75,7.75,Floodplain,2
1206,214.5458809,141.9819849,3.026571617,0.765871277,7.75,9.75,Floodplain,2
1206,228.4749685,71.54287519,3.239644048,0.940988443,9.75,11.75,Floodplain,2
1206,244.2641243,184.6033623,2.06693689,1.107212734,11.75,13.75,Floodplain,2
1206,232.6620495,140.351832,2.422324989,1.306741292,13.75,15.75,Floodplain,2
1206,328.210406,112.9985136,3.020866796,1.491445422,15.75,17.75,Floodplain,2
1206,375.9545955,69.77488086,3.207305663,1.63392493,17.75,18.95,Floodplain,2
1207,193.9643339,216.2316029,2.723743806,0.241220525,1.75,3.75,Floodplain,2
1207,170.2010432,107.3928132,3.152240409,0.389437478,3.75,5.75,Floodplain,2
1207,186.9588489,116.8878783,2.783496343,0.534099871,5.75,7.75,Floodplain,2
1207,185.6319771,155.3802962,2.688050379,0.703571964,7.75,9.75,Floodplain,2
1207,249.1133538,112.4188755,3.061555379,0.884298476,9.75,11.75,Floodplain,2
1207,247.2584524,57.21585315,3.299127207,1.050813311,11.75,13.75,Floodplain,2
1207,223.0716814,56.21221971,3.321968544,1.20756572,13.75,15.75,Floodplain,2
1207,290.3657411,138.5518702,3.190997072,1.355454457,15.75,17.6,Floodplain,2
1208,129.2714244,322.8729949,2.753263507,0.227166738,1.75,3.75,Floodplain,2
1208,192.5766201,236.635433,2.863285255,0.403875244,3.75,5.75,Floodplain,2
1208,212.5977745,207.5876891,2.917405469,0.587397646,5.75,7.75,Floodplain,2
1208,224.0028463,153.6393998,2.946485203,0.766090945,7.75,9.75,Floodplain,2
1208,216.1323202,106.8771547,3.13739613,0.943777629,9.75,11.75,Floodplain,2
1208,227.0733915,51.62615287,3.305028427,1.115627793,11.75,13.75,Floodplain,2
1208,225.302561,46.61059693,3.3151288,1.265221385,13.75,15.75,Floodplain,2
1208,290.336992,90.94092878,3.026143134,1.407955762,15.75,17.6,Floodplain,2
1209,159.9178553,370.4377196,2.22805636,0.213700767,1.75,3.75,Floodplain,2
1209,213.9763019,252.0775094,2.456549353,0.379716677,3.75,5.75,Floodplain,2
1209,193.5851976,156.225712,2.756705422,0.542538097,5.75,7.75,Floodplain,2
1209,212.6537059,64.48927338,3.039236149,0.680190273,7.75,9.75,Floodplain,2
1209,246.6707056,146.9981315,2.887463725,0.837509433,9.75,11.75,Floodplain,2
1209,296.638639,168.9496159,2.595882088,1.01668575,11.75,13.75,Floodplain,2
1209,193.0121858,57.22850665,3.17243812,1.175536088,13.75,15.75,Floodplain,2
1209,192.5443909,32.66759913,3.264553418,1.307939928,15.75,17.75,Floodplain,2
1209,211.7510062,36.2068904,3.242039264,1.438899283,17.75,19.75,Floodplain,2
1209,219.7192383,20.40245531,3.423713031,1.566717966,19.75,21.75,Floodplain,2
1209,308.5183191,290.4316344,1.999426662,1.74102597,21.75,23.75,Floodplain,2
1209,277.4055681,78.55567511,2.993414292,1.940499638,23.75,25.75,Floodplain,2
1209,223.2917131,36.55324848,3.325309224,2.105938726,25.75,27.75,Floodplain,2
1209,329.942296,31.93279041,3.364673909,2.248431992,27.75,29.6,Floodplain,2
1210,135.6294903,241.5015284,2.612724742,0.218965951,1.75,3.75,Floodplain,2
1210,181.3510986,153.3367705,2.915193159,0.360145977,3.75,5.75,Floodplain,2
1210,184.4896269,82.02665016,2.707189967,0.487428432,5.75,7.75,Floodplain,2
1210,232.641993,148.1943101,2.809844557,0.617156615,7.75,9.75,Floodplain,2
1210,260.3379934,285.2329838,2.416767403,0.791243748,9.75,11.75,Floodplain,2
1210,286.0080726,181.7213664,2.849818326,0.979517096,11.75,13.75,Floodplain,2
1210,202.7572345,100.5974191,2.984417074,1.164061745,13.75,15.75,Floodplain,2
1210,260.6892677,83.14264938,2.995952938,1.298400226,15.75,17.75,Floodplain,2
1210,299.0395219,202.7850934,2.655685718,1.474613536,17.75,19.75,Floodplain,2
1211,141.2496957,179.8356432,2.547505515,0.18647314,1.75,3.75,Floodplain,2
1211,180.5647589,233.0448002,2.697504374,0.335043216,3.75,5.75,Floodplain,2
1211,213.6045987,298.8452701,2.723491804,0.513167563,5.75,7.75,Floodplain,2
1211,245.5826972,189.8198509,2.861136897,0.699515282,7.75,9.75,Floodplain,2
1211,172.4153572,59.34315535,3.263641856,0.86502067,9.75,11.75,Floodplain,2
1211,199.8063191,35.66079798,3.336745356,1.004393161,11.75,13.75,Floodplain,2
1211,205.7756275,48.77908297,3.091268765,1.140746068,13.75,15.75,Floodplain,2
1211,284.6426722,126.8860109,2.776606044,1.280803871,15.75,17.75,Floodplain,2
1211,325.6811024,134.3109773,2.764121998,1.451170161,17.75,19.75,Floodplain,2
1212,211.4807275,388.1353782,2.314761235,0.241819235,1.75,3.75,Floodplain,2
1212,198.452285,233.7958082,2.775624655,0.416223307,3.75,5.75,Floodplain,2
1212,211.4797954,169.9565626,2.890267519,0.586157173,5.75,7.75,Floodplain,2
1212,247.6770865,177.1739347,2.956810957,0.76388202,7.75,9.75,Floodplain,2
1212,219.9448956,87.95647228,3.356691781,0.943236506,9.75,11.75,Floodplain,2
1212,236.0746333,31.51864496,3.469660476,1.0896248,11.75,13.75,Floodplain,2
1212,223.4072103,25.03099308,3.503767496,1.228646317,13.75,15.75,Floodplain,2
1212,395.0016136,233.1174183,2.464916221,1.376883135,15.75,17.75,Floodplain,2
1213,163.9184435,208.9972461,2.964337711,0.222303702,1.75,3.75,Floodplain,2
1213,166.6977744,200.7563561,2.87908481,0.38700453,3.75,5.75,Floodplain,2
1213,187.5023239,62.58738232,3.482196207,0.535836835,5.75,7.75,Floodplain,2
1213,173.1851021,91.8842974,3.056187355,0.673356119,7.75,9.75,Floodplain,2
1213,257.651586,123.1320402,2.835439529,0.848084301,9.75,11.8,Floodplain,2
1213,324.7530502,788.7223714,1.817630188,1.034133046,11.8,13.6,Floodplain,2
1214,164.2273304,294.0530394,2.602375449,0.229259507,1.75,3.75,Floodplain,2
1214,191.1827649,254.1865494,2.60940642,0.393058851,3.75,5.75,Floodplain,2
1214,184.8142532,91.52443131,2.627601955,0.532637046,5.75,7.75,Floodplain,2
1214,188.7211135,134.912565,2.719579206,0.649121217,7.75,9.75,Floodplain,2
1214,211.0948341,154.4537534,2.714068168,0.809707102,9.75,11.75,Floodplain,2
1214,211.2564353,123.3626526,2.774738805,0.974972997,11.75,13.75,Floodplain,2
1214,177.8827112,44.81301081,2.882728364,1.110441106,13.75,15.75,Floodplain,2
1214,311.7206117,236.0220378,2.053487943,1.250158584,15.75,17.75,Floodplain,2
1215,268.7693889,523.1394468,2.55172458,0.247895464,1.75,3.75,Floodplain,2
1215,164.7524849,249.9283697,2.775198974,0.427100409,3.75,5.75,Floodplain,2
1215,207.6015191,233.7796806,2.882119681,0.608941845,5.75,7.75,Floodplain,2
1215,220.190899,64.66639841,3.32559199,0.766616392,7.75,9.75,Floodplain,2
1215,276.6753832,170.6462517,2.812137759,0.927469388,9.75,11.75,Floodplain,2
1215,252.946662,127.0541922,3.583437377,1.106327591,11.75,13.75,Floodplain,2
1215,188.3106313,117.2275195,3.143660795,1.299152437,13.75,15.75,Floodplain,2
1215,185.0800223,4.738570119,4.545979473,1.445676807,15.75,17.75,Floodplain,2
1215,307.7556318,132.8281616,2.908997964,1.599711309,17.75,19.75,Floodplain,2
1215,385.0966805,266.636159,2.288920105,1.741100891,19.75,20.6,Floodplain,2
1216,189.3950809,254.718693,2.503245866,0.223923508,1.75,3.75,Floodplain,2
1216,205.6686372,240.0781603,2.102343267,0.398684429,3.75,5.95,Floodplain,2
1216,178.0722839,117.725421,2.852079821,0.564548463,5.95,7.75,Floodplain,2
1216,211.125585,51.89336876,3.152206467,0.692825112,7.75,9.75,Floodplain,2
1216,238.4859196,112.6041308,2.986753935,0.843106508,9.75,11.75,Floodplain,2
1216,289.3686954,133.602474,2.975908542,1.01507191,11.75,13.75,Floodplain,2
1216,249.4772674,193.9935619,2.772084177,1.20518585,13.75,15.75,Floodplain,2
1216,291.2060591,374.2327005,2.459772201,1.357837539,15.75,16.65,Floodplain,2
1217,155.7560733,318.0627644,2.646095173,0.230478663,1.75,3.75,Floodplain,2
1217,177.6075525,281.8170784,2.646738604,0.41028344,3.75,5.95,Floodplain,2
1217,172.1037393,183.0863876,2.704117158,0.584013234,5.95,7.75,Floodplain,2
1217,183.7585674,81.9345462,2.755021925,0.693663535,7.75,9.75,Floodplain,2
1217,219.7715654,191.1142385,2.257574414,0.838152757,9.75,11.75,Floodplain,2
1217,201.2416551,114.168276,2.629412958,1.001028212,11.75,13.75,Floodplain,2
1217,341.5277747,183.5397738,1.68038245,1.146985114,13.75,15.75,Floodplain,2
1217,192.5397008,71.35474461,2.667668095,1.261708877,15.75,17,Floodplain,2
1218,157.9609339,477.206216,2.644221301,0.244004164,1.75,3.75,Floodplain,2
1218,193.7439933,331.7108027,2.749963018,0.431983337,3.75,5.75,Floodplain,2
1218,196.8604084,126.2859128,2.966602741,0.606730377,5.75,7.75,Floodplain,2
1218,233.7162505,103.0510093,2.881636753,0.737710473,7.75,9.75,Floodplain,2
1218,245.2381476,279.0896653,2.453898171,0.904663714,9.75,11.75,Floodplain,2
1218,347.0097819,473.98244,1.764178142,1.058147875,11.75,12.45,Floodplain,2
1219,196.6445507,251.3676432,2.137724017,0.236458705,1.75,3.75,Floodplain,2
1219,217.2435143,259.1996451,1.405485035,0.414541843,3.75,5.75,Floodplain,2
1219,216.6481686,193.3522521,1.563137489,0.597317248,5.75,7.75,Floodplain,2
1219,250.8938904,204.457926,1.65548098,0.787733286,7.75,9.75,Floodplain,2
1219,248.6132116,211.3120419,1.660525598,0.987378411,9.75,11.75,Floodplain,2
1219,230.974165,204.7162439,1.763990909,1.186918691,11.75,13.75,Floodplain,2
1219,245.0257574,210.1354045,1.659032125,1.387023963,13.75,15.75,Floodplain,2
1219,327.6109089,230.1225169,1.615134806,1.553561576,15.75,16.95,Floodplain,2
1221,109.9335921,105.028133,2.280644005,0.368453282,2.75,3.8,af/Qi,6
1221,175.6196488,294.3308562,2.325141675,0.488042644,3.8,6.8,af/Qi,6
1221,394.3763533,371.7648827,1.962686908,0.768399542,6.8,9.4,af/Qi,6
1221,375.4653688,518.6310856,1.972316907,1.097119368,9.4,12.95,af/Qi,6
1221,459.3277101,419.0456453,1.815542747,1.47906258,12.95,15.85,af/Qi,6
