travelTimeArray_ID,travelTimeMeta_ID,depth,traveltime
1,1,1.75,11.9
2,1,3.75,21.69
3,1,5.75,29.09
4,1,7.75,36.76
5,1,9.55,43.36
6,2,1.75,10.45
7,2,3.75,19.04
8,2,5.75,25.91
9,2,7.75,32.66
10,2,9.75,39.26
11,2,11.75,46.43
12,2,13.25,52.25
13,3,1.75,9.47
14,3,3.75,16.92
15,3,5.75,25.64
16,3,7.75,33.99
17,3,9.75,42.83
18,3,11.75,51.23
19,3,13.75,58.75
20,3,15.75,66.57
21,3,17.75,73.8
22,3,19.55,82.07
23,4,1.75,11.42
24,4,3.75,19.04
25,4,5.75,26.56
26,4,6.4,28.69
27,5,1.75,10.57
28,5,3.75,21.69
29,5,5.75,29.89
30,5,7.75,36.89
31,5,9.75,44.96
32,5,11.75,52.15
33,5,13.75,59.48
34,5,15.75,69.1
35,6,1.75,12.42
36,6,3.75,21.29
37,6,5.75,31.86
38,6,7.75,38.73
39,7,1.75,12.94
40,7,3.75,22.87
41,7,5.75,31.59
42,7,7.75,40.46
43,7,9.75,47.46
44,7,11.75,55.98
45,7,12.65,59.7
46,8,1.75,10.7
47,8,3.75,19.84
48,8,5.75,28.41
49,8,7.75,36.49
50,8,9.75,41.51
51,8,11.75,47.48
52,8,12.35,49.51
53,9,1.75,10.32
54,9,3.75,17.59
55,9,5.75,27.36
56,9,7.75,34.64
57,9,9.75,41.91
58,9,11.75,50.65
59,9,12.2,52.63
60,10,1.75,10.45
61,10,3.75,18.37
62,10,5.75,27.49
63,10,7.75,34.36
64,10,9.55,40.86
65,11,1.75,11.95
66,11,3.75,24.22
67,11,5.75,36.17
68,11,7.75,44.45
69,11,9.75,52.34
70,11,11.75,58.82
71,11,13.75,66.32
72,11,15.75,73.59
73,11,17.75,80.85
74,11,19.75,88.43
75,12,1.75,12.19
76,12,3.75,20.08
77,12,5.75,35
78,12,7.75,43.51
79,12,9.1,48.04
80,13,1.75,12.5
81,13,3.75,25.7
82,13,5.75,36.95
83,13,7.75,44.45
84,13,9.75,50.78
85,13,11.75,57.26
86,13,13.75,65.62
87,13,15.75,73.28
88,13,17.75,79.6
89,13,20.25,89.53
90,14,1.75,13.51
91,14,3.75,27.34
92,14,5.75,37.73
93,14,7.75,45
94,14,9.75,52.11
95,14,11.75,61.95
96,14,13.75,68.36
97,14,15.75,75.39
98,14,17.75,83.04
99,14,20.15,90.62
100,15,1.75,16.47
101,15,3.75,35.31
102,15,5.75,57.75
103,15,7.75,79.49
104,15,9.75,101.26
105,15,11.75,120
106,15,13.75,130.42
107,15,15.75,139.87
108,15,17.75,150.31
109,15,19.75,160.26
110,15,21.75,170.51
111,15,22.95,175.23
112,16,1.75,9.85
113,16,3.75,21.39
114,16,5.75,35.61
115,16,7.75,48.68
116,16,9.75,62.23
117,16,11.75,80.72
118,16,13.75,88.16
119,16,15.75,96.46
120,16,17.75,105.43
121,16,19.75,112.95
122,16,20.8,118.33
123,17,1.75,17.82
124,17,3.75,35.64
125,17,5.75,53.1
126,17,7.75,72.22
127,17,9.75,87.14
128,17,11.75,102.73
129,17,13.75,115
130,17,15.75,128.4
131,17,17.75,136.25
132,17,19.75,142.84
133,17,21.75,149.87
134,17,23.75,156.76
135,17,25.85,165.66
136,17,27.75,172.46
137,18,1.75,10.52
138,18,3.75,28.51
139,18,5.75,43.58
140,18,7.75,63.12
141,18,9.75,83.92
142,18,11.75,98.01
143,18,13.75,105.88
144,18,15.75,112.36
145,18,17.75,118.88
146,18,19.75,124.68
147,18,21.75,131.6
148,19,1.75,15.44
149,19,3.75,29.86
150,19,5.75,45.43
151,19,7.75,66.2
152,19,9.75,85.97
153,19,11.75,106.51
154,19,13.75,125.27
155,19,15.75,137.15
156,19,17.75,144.98
157,19,19.75,154.44
158,19,21.75,162.41
159,19,23.75,170.91
160,19,25.75,177.7
161,19,27.75,185.18
162,19,28.95,189.52
163,20,1.75,11.02
164,20,3.75,24.79
165,20,5.75,43.58
166,20,7.75,63.42
167,20,9.75,82.74
168,20,11.75,100.18
169,20,13.75,110.48
170,20,15.75,117.13
171,20,17.75,127.5
172,20,19.25,132.6
173,21,1.75,6.62
174,21,3.75,17.64
175,21,5.75,43.08
176,21,7.75,63.77
177,21,9.75,86.12
178,21,11.75,106.36
179,21,13.75,124.03
180,21,15.8,135.55
181,21,17.75,145.34
182,21,19.75,152.21
183,21,20.6,155.74
184,22,1.75,11.72
185,22,3.75,24.12
186,22,5.75,38.16
187,22,7.75,51.45
188,22,9.75,59.75
189,22,11.75,67.75
190,22,13.75,75.79
191,22,15.8,84.77
192,22,17.75,91.89
193,22,19.75,100.88
194,22,21.75,107.91
195,22,23.75,112.53
196,22,25.75,118.68
197,22,27.75,125.32
198,22,29.75,133.75
199,22,30.2,135.15
200,23,1.75,9.35
201,23,3.75,28.86
202,23,5.75,52.65
203,23,7.75,75.94
204,23,9.75,97.99
205,23,11.75,112.8
206,23,13.75,126.25
207,23,15.8,131.85
208,23,17.75,137.64
209,23,19.75,142.84
210,23,21.75,149.54
211,23,23.75,155.26
212,23,25.75,161.94
213,23,27.75,170.56
214,23,29.75,178.45
215,23,31.75,186.8
216,23,33.75,194.82
217,23,35.75,203.74
218,23,36.25,205.97
219,24,1.75,7.8
220,24,3.75,31.74
221,24,5.75,57.63
222,24,7.75,81.57
223,24,9.75,103.26
224,24,11.75,121.9
225,24,13.75,137.27
226,24,15.75,144.79
227,24,17.75,153.54
228,24,19.75,161.94
229,24,21.75,167.88
230,24,23.8,173.51
231,24,25.9,180.8
232,24,27.75,191.32
233,24,29.75,201.82
234,24,31.75,211.17
235,24,33.75,220.04
236,25,1.75,12.57
237,25,3.75,30.04
238,25,5.75,51.9
239,25,7.75,75.79
240,25,9.75,97.66
241,25,11.75,114.8
242,25,13.75,131.4
243,25,15.75,141.34
244,25,17.75,149.54
245,25,19.75,160.09
246,25,21.75,175.08
247,25,23.75,186.4
248,25,25.75,193.45
249,25,27.75,202.84
250,25,29.75,210.72
251,25,31.75,220.21
252,26,1.75,10.5
253,26,3.75,19.87
254,26,5.75,36.81
255,26,7.75,57.28
256,26,9.75,77.82
257,26,11.75,98.16
258,26,13.75,116.05
259,26,15.75,132.35
260,26,17.75,139.24
261,26,19.75,149.22
262,26,21.75,156.39
263,26,23.9,164.41
264,26,25.75,170.91
265,26,26,170.91
266,26,28,176.85
267,26,29.75,182.7
268,27,1.75,5.95
269,27,3.75,17.64
270,27,5.75,39.68
271,27,7.75,61.28
272,27,9.75,80.37
273,27,11.75,97.34
274,27,13.75,114.98
275,27,15.75,125
276,27,17.75,130.42
277,27,19.75,138.77
278,27,21.75,146.19
279,27,23.75,154.06
280,28,1.75,9.5
281,28,3.75,28.01
282,28,5.75,49.88
283,28,7.75,71
284,28,9.75,91.21
285,28,11.75,112.53
286,28,13.75,130.55
287,28,15.75,149.89
288,28,17.75,164.81
289,28,19.75,173.83
290,28,21.75,186.98
291,28,23.75,201.92
292,28,25.75,215.89
293,28,27.75,229.63
294,28,29.75,241.9
295,28,31.75,251.87
296,28,33.75,260.22
297,28,35.75,268.54
298,28,37.75,276.64
299,28,39.75,285.46
300,29,1.75,15.12
301,29,3.75,29.19
302,29,5.75,46.83
303,29,7.75,61.75
304,29,9.75,80.52
305,29,11.75,100.71
306,29,13.75,118.68
307,29,15.75,135.92
308,29,17.75,151.84
309,29,19.75,168.13
310,29,21.75,174.66
311,29,23,178.35
312,30,1.75,10.35
313,30,3.75,24.27
314,30,5.75,39.68
315,30,7.75,54.65
316,30,9.75,72.05
317,30,11.75,92.06
318,30,13.75,107.91
319,30,15.75,115.43
320,30,16.25,116.65
321,31,1.75,15.62
322,31,3.75,29.54
323,31,5.75,49.13
324,31,7.75,58.35
325,31,9.75,73.25
326,31,11.75,90.69
327,31,13.75,130.93
328,31,15.75,117.13
329,31,17.75,132.72
330,31,19.75,146.79
331,31,21.75,162.58
332,31,23.75,177.58
333,31,25.75,191.27
334,31,27.75,202.99
335,31,29.75,216.11
336,31,31.75,226.48
337,31,33.75,234.81
338,31,35.75,244.53
339,31,37.75,253.77
340,31,39.75,263.79
341,31,41.75,273.77
342,31,43.75,282.91
343,31,45.75,293.43
344,31,47.75,300.2
345,31,50.5,312.55
346,32,3.75,24.44
347,32,5.75,40.03
348,32,7.75,51.58
349,32,9.75,61.6
350,32,11.75,71.2
351,32,13.75,81.72
352,32,15.75,87.81
353,32,17.75,91.56
354,33,1.75,15.44
355,33,3.75,28.01
356,33,5.75,46.31
357,33,7.75,64.52
358,33,9.75,77.99
359,33,11.75,88.84
360,33,13.75,99.19
361,33,15.75,108.68
362,33,17.75,120.53
363,33,19.75,130.82
364,33,21.75,142.72
365,33,23.75,150.64
366,34,1.75,10.02
367,34,3.75,23.42
368,34,5.75,34.76
369,34,7.75,48.68
370,34,9.75,60.38
371,34,11.75,66.82
372,34,12.9,69.12
373,35,1.75,10.7
374,35,3.75,17.82
375,35,5.75,27.34
376,35,7.75,35.11
377,35,9.75,44.51
378,35,11.75,51.9
379,35,13.75,58.53
380,35,14.75,62.03
381,36,1.75,11.2
382,36,3.75,16.29
383,36,5.75,24.27
384,36,7.8,35.61
385,36,9.75,40.53
386,36,11.75,46.98
387,36,13.55,52.38
388,37,1.75,11.37
389,37,3.75,20.54
390,37,5.75,28.01
391,37,7.75,34.46
392,37,9.75,41.21
393,37,11.75,47.43
394,37,13.3,52.68
395,38,1.75,10.35
396,38,3.75,19.02
397,38,5.75,24.79
398,38,7.75,31.74
399,38,9.75,38.83
400,38,11.75,46.13
401,38,13.75,52.83
402,38,15.75,59.28
403,38,17,63.3
404,39,1.75,10.7
405,39,3.75,22.24
406,39,5.75,34.29
407,39,7.75,41.26
408,39,9.75,49.13
409,39,11.75,55.43
410,39,13.75,61.45
411,39,15.75,68.2
412,40,1.75,9.67
413,40,3.75,19.87
414,40,5.75,28.49
415,40,7.75,39.01
416,40,9.75,48.21
417,40,11.75,55.43
418,40,13.75,62.2
419,40,15.75,68.97
420,40,17.75,76.47
421,40,19.75,84.09
422,40,21.75,90.51
423,40,23.75,97.31
424,41,1.75,6.62
425,41,3.75,23.77
426,41,5.75,35.44
427,41,7.75,50.95
428,41,9.75,61.88
429,41,11.75,75.62
430,41,13.75,89.01
431,41,15.75,105.63
432,41,17.75,117.3
433,41,19.75,122.68
434,41,21.75,131.25
435,41,23.75,138.52
436,41,25.75,145.99
437,41,27.75,155.11
438,41,29.75,163.58
439,42,1.75,11.02
440,42,3.75,35.96
441,42,5.75,45.58
442,42,7.75,54.8
443,42,9.75,61.58
444,42,11.75,66.95
445,42,13.75,73.07
446,42,15.75,83.77
447,43,1.75,11.02
448,43,3.75,19.52
449,43,5.75,27.84
450,43,7.75,36.29
451,43,9.75,45.73
452,43,11.75,51.73
453,43,13.75,58.68
454,43,14.5,60.95
455,44,1.75,9
456,44,3.75,21.89
457,44,5.75,36.14
458,44,6.75,42.33
459,44,7.75,51.25
460,44,9.75,67.75
461,44,11.75,78.17
462,44,13.75,84.42
463,44,15.75,89.69
464,44,16.25,91.21
465,45,1.75,8.32
466,45,3.75,25.96
467,45,5.75,44.96
468,45,7.75,55.43
469,45,9.75,63.77
470,45,11.75,69.75
471,45,13.75,79.17
472,45,15.75,89.69
473,45,17.75,96.99
474,45,19.75,104.03
475,45,21.75,111.76
476,46,1.75,8.15
477,46,3.75,15.44
478,46,5.75,21.72
479,46,7.75,29.01
480,46,9.75,36.29
481,46,11.75,44.28
482,46,13.3,49.13
483,47,1.75,11.02
484,47,3.75,31.74
485,47,5.75,49.23
486,47,7.75,57.48
487,47,9.75,63
488,47,11.75,70.25
489,47,13.75,79.17
490,47,15.75,87.19
491,47,17.75,95.64
492,47,19.75,103.64
493,47,21.75,110.58
494,47,23.75,120.25
495,47,25.75,129.42
496,47,26.25,130.95
497,48,1.75,11.55
498,48,3.75,27.16
499,48,5.75,38.36
500,48,7.75,55.6
501,48,9.75,66.4
502,48,11.75,75.14
503,48,13.75,85.64
504,48,15.75,93.59
505,48,17.75,104.11
506,48,19.75,111.31
507,48,21.75,121.15
508,48,23.75,128.07
509,48,25.75,136.57
510,48,27.25,142.12
511,49,1.75,10.7
512,49,3.75,35.81
513,49,5.75,47.88
514,49,7.75,54.83
515,49,9.75,62.8
516,49,11.75,71.47
517,49,13.75,80.72
518,49,15.75,87.99
519,49,17.75,95.96
520,49,19.75,103.26
521,49,21.95,112.43
522,49,23.75,119.9
523,49,25.75,126.67
524,49,27.75,136.27
525,49,29.75,145.52
526,50,1.75,17.49
527,50,3.75,30.21
528,50,5.75,41.08
529,50,7.75,57.73
530,50,9.75,66.22
531,50,11.75,75.49
532,50,13.75,84.27
533,50,15.75,90.21
534,50,17.75,96.66
535,50,19.75,104.28
536,50,21.95,110.21
537,50,23.75,114.63
538,51,1.75,11.2
539,51,3.75,35.14
540,51,5.75,44.81
541,51,7.75,56.03
542,51,9.75,66.7
543,51,11.75,74.37
544,51,13.75,82.09
545,51,15.75,91.89
546,51,17.75,98.86
547,51,19.75,104.96
548,51,21.75,112.53
549,51,23.75,120.25
550,51,26.45,128.9
551,52,1.75,18.67
552,52,3.75,35.14
553,52,5.75,45.16
554,52,7.75,56.85
555,52,9.75,68.4
556,52,11.75,76.39
557,52,13.75,85.79
558,52,15.75,95.29
559,52,17.75,102.23
560,52,19.75,108.86
561,52,21.75,115.15
562,52,23.75,123.3
563,52,25.75,132.87
564,52,26.25,134.72
565,53,1.75,14.42
566,53,3.75,23.09
567,53,5.75,31.24
568,53,7.75,41.41
569,53,9.75,50.2
570,53,11.75,59.25
571,53,13.75,65.62
572,53,15.75,72.25
573,53,24.55,95.24
574,54,1.75,12.22
575,54,3.75,32.26
576,54,5.75,53.98
577,54,7.75,61.18
578,54,9.75,67.47
579,54,11.75,77.34
580,54,13.75,84.59
581,54,15.75,90.89
582,54,17.75,95.64
583,54,19.75,100.91
584,55,1.75,7.3
585,55,3.75,23.27
586,55,5.75,42.96
587,55,7.75,60.55
588,55,9.75,72.1
589,55,11.75,79.47
590,55,13.75,88.86
591,55,14.8,92.94
592,56,1.75,12.05
593,56,3.75,32.76
594,56,5.75,50
595,56,7.75,55.6
596,56,9.75,66.85
597,56,11.75,72.87
598,56,13.75,81.79
599,56,15.75,88.74
600,56,17.75,96.76
601,56,19.75,103.78
602,56,21.75,110.41
603,57,1.75,8.32
604,57,3.75,15.62
605,57,5.75,27.66
606,57,7.75,37.34
607,57,9.75,48.51
608,57,11.75,58.55
609,57,13.75,65.3
610,57,15.75,73.5
611,57,17.75,82.09
612,57,19.75,88.59
613,57,21.75,98.19
614,57,23.75,105.98
615,57,25.75,114.3
616,58,1.75,9
617,58,3.75,15.94
618,58,4.9,17.49
619,59,1.75,10.52
620,59,3.75,15.27
621,59,5.75,20.37
622,59,7.75,25.64
623,59,9.75,31.24
624,59,11.3,34.96
625,60,1.75,9.67
626,60,3.75,17.99
627,60,5.75,22.74
628,60,7.75,30.89
629,60,9.75,38.03
630,60,11.75,43.11
631,60,13.75,48.03
632,60,15.75,54.68
633,60,17.75,60.68
634,60,18.35,62.52
635,61,1.75,7.8
636,61,3.75,12.72
637,61,5.55,15.79
638,62,1.75,8.65
639,62,5.75,24.44
640,62,7.75,30.71
641,62,9.75,35.31
642,62,11.75,41.58
643,62,13.75,46.01
644,62,15.25,50.4
645,63,1.75,7.97
646,63,3.75,14.09
647,63,5.75,20.04
648,63,7.75,26.64
649,63,9.75,33.26
650,63,11.75,38.36
651,63,13.75,44.63
652,63,15.75,50.68
653,63,17.75,57
654,63,18.2,58.55
655,64,1.75,8.5
656,64,3.75,16.12
657,64,5.75,24.12
658,64,7.75,28.51
659,64,9.75,34.29
660,64,11.75,40.06
661,64,13.75,44.66
662,64,15.75,50.2
663,65,1.75,8.5
664,65,3.75,17.82
665,65,5.75,25.96
666,65,7.75,31.74
667,65,9.75,40.06
668,65,11.6,46.33
669,65,13.75,55.3
670,65,15.75,60.85
671,65,17.75,66.4
672,65,18.55,68.85
673,66,1.75,6.45
674,66,3.75,10.87
675,66,5.75,18.34
676,66,7.75,24.12
677,66,9.75,34.11
678,66,11.75,39.01
679,66,13.75,43.26
680,66,15.75,49.13
681,66,17.75,56.55
682,66,19.75,62.67
683,66,20.85,65.15
684,67,1.75,7.65
685,67,3.75,12.89
686,67,5.75,20.54
687,67,7.75,24.97
688,67,9.75,30.39
689,67,11.75,34.29
690,67,13.45,40.23
691,68,1.75,8.82
692,68,3.75,15.12
693,68,5.75,21.39
694,68,7.75,30.39
695,68,9.75,39.88
696,68,11.75,43.58
697,68,13.75,48.68
698,68,15.75,52.23
699,68,17.75,60.53
700,68,19.75,68.25
701,68,21.75,71.95
702,69,1.75,10.02
703,69,3.75,18.34
704,69,5.75,25.11
705,69,7.75,31.24
706,69,9.75,38.88
707,69,11.75,44.51
708,69,13.75,49.91
709,70,1.75,5.77
710,70,3.75,10.87
711,70,5.75,14.42
712,70,5.85,14.59
713,71,1.75,10.02
714,71,3.75,21.04
715,71,5.75,25.79
716,71,7.75,32.26
717,71,9.75,37.51
718,71,10.35,39.03
719,72,1.75,8.15
720,72,3.75,13.92
721,72,5.75,20.54
722,72,7.75,27.49
723,72,9.75,33.79
724,72,11.75,38.88
725,72,12.45,40.73
726,73,1.75,7.3
727,73,3.75,12.4
728,73,5.75,22.24
729,73,7.75,27.34
730,73,9.75,33.79
731,73,11.75,37.51
732,73,13.25,40.73
733,74,1.75,9.17
734,74,3.75,14.77
735,74,5.75,20.72
736,74,7.75,28.34
737,74,9.75,34.96
738,74,11.75,40.06
739,74,13.75,45.33
740,74,15.45,52.8
741,75,1.75,7.65
742,75,3.75,11.87
743,75,5.75,17.17
744,75,7.75,23.27
745,75,9.75,28
746,75,13.75,43.28
747,75,15.75,50.68
748,75,17.75,56.08
749,75,19.75,61.75
750,75,21.55,67.15
751,76,1.75,9
752,76,3.75,15.14
753,76,5.75,25.29
754,76,7.75,34.31
755,77,1.75,13.42
756,77,3.75,28.69
757,77,5.75,41.26
758,77,7.75,50.75
759,77,9.75,69.02
760,77,11.75,85.74
761,78,1.75,10.35
762,78,3.75,18.84
763,78,5.75,27.16
764,79,1.75,7.65
765,79,1.9,8.82
766,79,3.75,16.97
767,79,5.75,31.06
768,79,7.75,47.36
769,79,9.75,59.83
770,79,11.75,66.47
771,79,13.75,72.97
772,79,15.65,79.07
773,80,1.75,12.22
774,80,3.75,17.99
775,80,5.75,33.44
776,80,7.75,44.48
777,80,9.75,54.83
778,80,11.75,66.47
779,80,13.25,72.72
780,81,1.75,8.5
781,81,3.75,14.42
782,81,5.75,20.54
783,81,7.75,31.41
784,81,9.75,39.88
785,81,11.75,49.08
786,81,13.75,55.95
787,81,15.75,62.57
788,81,17.75,71.22
789,81,19.75,77.22
790,81,21.55,81.84
791,82,1.75,5.95
792,82,3.75,10.35
793,82,5.75,22.24
794,82,7.75,30.71
795,82,9.8,40.06
796,82,11.75,49.69
797,82,13.75,57.83
798,82,15.9,63.57
799,83,1.75,8.5
800,83,3.75,16.47
801,83,5.75,23.09
802,83,7.75,30.21
803,83,9.75,37.86
804,83,11.75,44.63
805,83,13.75,50.93
806,83,15.75,57.65
807,83,17.55,63.25
808,84,1.75,5.95
809,84,3.75,12.05
810,84,5.75,19.52
811,84,7.75,27.84
812,84,9.75,32.41
813,84,11.75,40.91
814,84,13.75,48.71
815,84,15.75,55.45
816,84,17.75,61.9
817,84,19.75,68.85
818,85,1.75,7.8
819,85,3.75,17.82
820,85,5.75,30.04
821,85,7.75,35.14
822,85,9.75,38.36
823,85,10.95,40.41
824,86,1.75,8.15
825,86,3.75,15.12
826,86,5.75,25.11
827,86,7.75,32.26
828,86,9.75,40.56
829,86,11.75,49.63
830,86,13.75,54.8
831,86,15.75,62.57
832,86,17.75,68.85
833,86,19.75,75.29
834,86,21.75,84.27
835,87,1.75,10.02
836,87,3.75,24.97
837,87,5.75,34.11
838,87,7.75,43.28
839,87,9.75,51.48
840,87,11.75,58.33
841,87,13.75,66.3
842,87,15.75,72.25
843,87,18.55,85.92
844,88,1.75,9.35
845,88,3.75,15.94
846,88,5.75,21.57
847,88,7.75,28.01
848,88,9.75,33.89
849,88,11.75,40.01
850,88,13.75,44.43
851,88,15.75,51.85
852,88,17.75,58.33
853,89,1.75,7.97
854,89,3.75,14.94
855,89,5.75,23.27
856,89,7.75,28.34
857,89,9.75,37.19
858,89,11.75,45.18
859,89,13.75,52.23
860,89,15.75,57.15
861,90,1.75,6.8
862,90,3.75,16.12
863,90,5.75,25.11
864,90,7.75,31.06
865,90,9.75,38.03
866,90,11.75,43.71
867,90,13.75,50.38
868,90,14.25,52.03
869,91,1.75,10.7
870,91,3.75,23.09
871,91,5.75,30.04
872,91,7.75,35.81
873,91,9.75,42.78
874,91,11.75,49.46
875,91,13.75,56.3
876,91,15.75,62.57
877,91,16.15,63.77
878,92,1.75,7.3
879,92,3.75,13.07
880,92,5.75,19.87
881,92,7.75,25.11
882,92,9.75,31.06
883,92,11.75,36.66
884,92,13.75,41.66
885,92,15.75,48.88
886,92,17.45,54.63
887,93,1.75,6.1
888,93,3.75,14.77
889,93,5.75,20.19
890,93,7.75,25.29
891,93,9.75,30.79
892,93,11.75,38.51
893,93,13.75,45.18
894,93,15.65,53.33
895,94,1.75,8.82
896,94,3.75,14.42
897,94,5.75,18.84
898,94,7.75,23.09
899,94,9.75,28.19
900,94,11.75,34.11
901,94,13.75,40.18
902,94,15.25,43.88
903,95,1.75,12.22
904,95,3.75,18.49
905,95,5.75,23.09
906,95,7.75,28.01
907,95,9.75,35.49
908,95,11.75,41.11
909,95,13.75,44.81
910,95,14.55,46.66
911,96,1.75,6.27
912,96,3.75,12.4
913,96,5.75,21.04
914,96,7.75,26.81
915,96,9.75,36.34
916,96,11.75,42.23
917,96,13.75,47.96
918,96,15.25,51.65
919,97,1.75,7.3
920,97,3.75,13.57
921,97,5.75,21.57
922,97,7.75,26.49
923,97,9.75,31.41
924,97,11.75,35.94
925,97,13.75,40.73
926,97,15.75,47.96
927,97,16.25,49.26
928,98,1.75,9.22
929,98,3.8,31.95
930,98,4.75,39.53
931,98,5.75,43.36
932,98,6.75,48.04
933,98,7.75,52.89
934,98,8.75,57.57
935,98,9.75,60.54
936,98,10.75,65.39
937,98,11.75,67.18
938,98,12.75,71.71
939,98,14.1,78.98
940,98,14.75,82.49
941,98,15.75,86.17
942,98,17.75,93.82
943,98,18.75,97.03
944,98,19.75,99.99
945,98,20.75,104.52
946,98,21.75,107.73
947,98,22.75,111.63
948,98,23.75,114.37
949,98,24.75,118.04
950,98,25.75,121.48
951,98,26.75,125.3
952,98,27.75,127.49
953,98,28.8,129.91
954,98,29.75,133.66
955,98,30.75,137.02
956,98,31.75,139.68
957,98,32.1,140.74
958,99,1.75,7.19
959,99,2.75,14.53
960,99,3.75,21.33
961,99,4.75,27.03
962,99,5.75,33.12
963,99,6.75,39.29
964,99,7.75,44.06
965,99,8.75,48.28
966,99,9.75,52.34
967,99,10.75,56.09
968,99,11.75,60.86
969,99,12.75,65
970,99,13.8,69.21
971,99,14.75,73.28
972,99,16.75,81.32
973,99,17.75,85.78
974,99,19.75,93.43
975,99,20.75,97.49
976,99,21.75,101.4
977,99,22.75,105.54
978,99,23.75,108.59
979,99,24.75,112.34
980,100,1.75,11.25
981,100,2.75,18.51
982,100,3.75,25.31
983,100,4.75,33.75
984,100,5.75,41.79
985,100,6.75,47.58
986,100,7.75,52.65
987,100,8.75,57.18
988,100,9.75,60.31
989,100,10.75,66.48
990,100,11.75,70.07
991,100,12.75,74.84
992,100,13.75,79.14
993,100,14.75,83.74
994,100,15.75,87.26
995,100,16.75,90.54
996,100,17.75,94.6
997,100,18.75,98.2
998,100,19.75,101.95
999,100,20.75,105.23
1000,100,21.75,108.12
1001,100,22.75,111.63
1002,100,23.5,112.96
1003,101,1.75,6.87
1004,101,3.75,18.28
1005,101,5.75,26.69
1006,101,7.75,41.72
1007,101,9.75,52.42
1008,101,11.75,60.31
1009,101,13.75,70
1010,101,14.3,71.79
1011,102,1.75,8.44
1012,102,3.75,17.11
1013,102,5.75,30.08
1014,102,7.75,45.15
1015,102,9.75,52.89
1016,102,11.75,56.95
1017,103,1.75,11.41
1018,103,3.75,21.72
1019,103,5.75,32.65
1020,103,7.75,43.36
1021,103,9.75,56.72
1022,103,11.75,68.59
1023,103,13.75,72.42
1024,103,15.75,72.42
1025,103,17.75,75.78
1026,103,19.25,79.06
1027,104,1.75,8.98
1028,104,3.75,13.28
1029,104,6,22.65
1030,104,7.75,31.01
1031,104,9.75,44.92
1032,104,11.75,56.01
1033,104,13.75,65.93
1034,104,15.75,69.68
1035,104,17.75,72.96
1036,104,20.25,77.89
1037,105,1.75,10.78
1038,105,3.75,18.51
1039,105,5.75,28.44
1040,105,7.75,38.67
1041,105,9.75,50.47
1042,105,11.75,60.15
1043,105,13.75,71.09
1044,105,15.75,73.67
1045,105,17.75,76.95
1046,105,19.95,81.48
1047,106,1.75,12.73
1048,106,3.75,17.42
1049,106,5.75,21.48
1050,106,9.75,40.86
1051,106,11.75,52.89
1052,106,13.75,60.39
1053,106,15.75,67.5
1054,106,17.75,71.09
1055,106,20.25,76.25
1056,107,1.75,9.69
1057,107,3.75,14.76
1058,107,5.75,25.7
1059,107,7.75,39.29
1060,107,9.75,47.97
1061,107,11.75,58.82
1062,107,13.75,68.28
1063,107,15.75,76.17
1064,107,17.75,88.82
1065,107,20.05,102.88
1066,108,1.75,9.14
1067,108,3.75,15.23
1068,108,5.75,23.51
1069,108,7.75,35.47
1070,108,9.75,47.81
1071,108,11.75,54.37
1072,108,13.75,59.61
1073,108,15.75,64.61
1074,108,17.75,69.21
1075,108,19.75,73.35
1076,109,1.75,12.58
1077,109,3.75,19.69
1078,109,5.75,28.44
1079,109,7.75,36.01
1080,109,9.75,44.68
1081,109,11.75,52.65
1082,109,13.75,63.82
1083,109,15.75,73.43
1084,109,17.75,80.93
1085,109,19.95,89.99
1086,110,1.75,10.86
1087,110,3.75,15.31
1088,110,5.75,25.15
1089,110,7.75,37.58
1090,110,9.75,47.89
1091,110,11.75,54.61
1092,110,13.75,59.68
1093,110,15.75,64.37
1094,110,17.75,69.21
1095,110,19.95,74.76
1096,111,1.75,11.41
1097,111,3.75,18.59
1098,111,5.75,27.34
1099,111,7.75,37.81
1100,111,9.75,48.98
1101,111,11.75,58.28
1102,111,13.75,68.43
1103,111,15.75,80.15
1104,111,17.75,89.76
1105,111,19.75,96.71
1106,112,1.75,10.55
1107,112,3.75,18.98
1108,112,5.75,29.3
1109,112,7.75,40
1110,112,9.75,50.31
1111,112,11.75,60.31
1112,112,13.75,69.6
1113,112,15.75,78.04
1114,112,17.75,82.65
1115,112,19.95,88.28
1116,113,1.75,10.55
1117,113,3.75,17.66
1118,113,5.75,25.08
1119,113,7.75,37.5
1120,113,9.75,49.14
1121,113,11.75,56.56
1122,113,13.75,60.07
1123,113,15.75,63.82
1124,113,17.75,68.59
1125,113,19.95,73.98
1126,114,1.75,11.17
1127,114,3.75,17.97
1128,114,5.75,27.5
1129,114,7.75,37.34
1130,114,9.75,49.76
1131,114,11.75,58.28
1132,114,13.75,61.32
1133,114,15.75,64.21
1134,114,17.75,67.26
1135,114,19.75,70.39
1136,115,1.75,10.7
1137,115,3.75,17.03
1138,115,5.75,28.59
1139,115,7.75,43.59
1140,115,9.75,56.95
1141,115,11.75,64.76
1142,115,13.75,69.76
1143,115,15.75,72.65
1144,115,17.75,76.48
1145,115,20.15,84.37
1146,116,1.75,10.94
1147,116,3.75,15.7
1148,116,5.75,28.59
1149,116,7.75,40.7
1150,116,9.75,48.43
1151,116,11.75,56.17
1152,116,13.75,65.93
1153,116,15.75,75.54
1154,116,17.75,84.76
1155,116,19.95,95.93
1156,117,1.75,9.84
1157,117,3.75,18.2
1158,117,5.75,27.5
1159,117,7.75,38.83
1160,117,9.75,49.22
1161,117,11.75,60
1162,117,13.75,70.93
1163,117,15.75,79.21
1164,117,17.75,87.65
1165,117,19.95,96.71
1166,118,1.75,10.08
1167,118,3.75,17.89
1168,118,5.75,27.5
1169,118,7.75,37.34
1170,118,9.75,50.07
1171,118,11.75,55
1172,118,13.75,60.15
1173,118,15.75,64.37
1174,118,17.75,68.43
1175,118,19.75,72.89
1176,119,1.75,11.87
1177,119,3.75,18.98
1178,119,5.75,27.5
1179,119,7.75,36.17
1180,119,9.75,47.42
1181,119,11.75,58.28
1182,119,13.75,66.32
1183,119,15.75,72.89
1184,119,17.75,79.99
1185,119,19.85,89.21
1186,120,1.75,11.25
1187,120,3.75,17.73
1188,120,5.75,28.36
1189,120,7.75,42.03
1190,120,9.85,51.64
1191,120,11.85,58.67
1192,120,13.75,66.87
1193,120,15.75,74.14
1194,120,17.75,78.43
1195,120,19.95,83.43
1196,121,1.75,14.37
1197,121,3.75,21.09
1198,121,5.75,29.45
1199,121,7.75,33.59
1200,121,9.75,45.54
1201,121,11.75,55.15
1202,121,13.75,66.32
1203,121,15.75,73.98
1204,121,18,85.93
1205,121,19.75,91.71
1206,121,21.75,101.32
1207,121,23.75,107.49
1208,121,25.75,113.66
1209,121,27.75,121.01
1210,121,29.75,126.79
1211,121,31.75,131.71
1212,121,32.75,134.68
1213,122,1.75,11.25
1214,122,3.75,18.51
1215,122,5.75,28.2
1216,122,7.75,40.15
1217,122,9.75,52.26
1218,122,11.75,60
1219,122,13.75,62.89
1220,122,15.75,66.17
1221,122,17.75,68.82
1222,122,19.75,71.56
1223,123,1.75,9.92
1224,123,3.75,18.59
1225,123,5.75,28.36
1226,123,7.75,39.84
1227,123,9.75,51.56
1228,123,11.75,58.98
1229,123,13.75,62.89
1230,123,15.75,66.71
1231,123,17.75,69.53
1232,123,19.75,73.51
1233,124,1.75,10.78
1234,124,3.75,18.51
1235,124,5.75,29.45
1236,124,7.75,39.76
1237,124,9.75,50.07
1238,124,11.75,58.28
1239,124,13.75,65
1240,124,15.75,70
1241,124,17.75,73.04
1242,125,1.75,9.22
1243,125,3.75,14.14
1244,125,5.75,18.98
1245,125,7.75,37.11
1246,125,9.75,44.06
1247,125,11.75,48.98
1248,125,13.75,56.72
1249,125,15.75,61.48
1250,125,17.75,65.54
1251,125,19.95,71.71
1252,126,1.75,10.08
1253,126,3.75,19.69
1254,126,5.75,31.87
1255,126,7.75,38.75
1256,126,9.75,44.92
1257,126,11.75,51.17
1258,126,13.75,56.25
1259,126,15.15,59.92
1260,127,1.75,10.31
1261,127,3.75,25.23
1262,127,5.75,36.4
1263,127,7.75,51.4
1264,127,9.75,67.65
1265,127,11.75,84.37
1266,127,13.75,96.48
1267,127,15.75,110.54
1268,127,17.75,117.26
1269,127,19.75,133.12
1270,127,21.75,147.1
1271,127,23.75,152.65
1272,127,25.75,165.07
1273,127,27.75,182.41
1274,127,29.75,192.64
1275,127,31.75,197.72
1276,127,32.25,201.08
1277,128,1.75,10.16
1278,128,3.75,33.28
1279,128,5.75,45.39
1280,128,7.75,57.81
1281,128,9.75,75.31
1282,128,11.75,87.1
1283,128,13.75,99.6
1284,128,15.75,105.31
1285,128,17.75,117.49
1286,128,19.75,133.9
1287,128,21.75,141.63
1288,128,23.75,152.88
1289,128,25.75,166.08
1290,128,27.75,174.21
1291,128,29.75,187.1
1292,129,1.75,10.94
1293,129,3.75,23.9
1294,129,5.75,37.58
1295,129,7.75,48.12
1296,129,9.75,58.98
1297,129,11.75,68.67
1298,129,13.75,80.85
1299,129,15.75,89.92
1300,129,17.75,96.63
1301,129,19.75,108.98
1302,129,21.75,123.74
1303,129,23.75,132.18
1304,129,25.75,146.01
1305,129,27.75,155.3
1306,129,29.75,164.68
1307,130,1.75,11.64
1308,130,3.75,18.59
1309,130,5.75,43.75
1310,130,7.75,58.98
1311,130,9.75,76.87
1312,130,11.75,87.18
1313,130,13.75,91.32
1314,130,15.75,101.48
1315,130,17.75,111.16
1316,130,19.75,119.99
1317,130,21.75,126.09
1318,130,23.5,132.88
1319,131,1.75,12.11
1320,131,3.75,29.3
1321,131,5.75,37.03
1322,131,7.75,52.73
1323,131,9.75,59.92
1324,131,11.75,66.71
1325,131,13.75,75.23
1326,131,14.8,79.53
1327,132,1.75,14.14
1328,132,3.75,28.36
1329,132,5.75,38.9
1330,132,7.75,49.84
1331,132,9.75,55.47
1332,132,11.75,66.71
1333,132,13.8,72.1
1334,132,15.75,80.78
1335,132,17.75,90.7
1336,132,19.75,105.38
1337,132,21.05,112.49
1338,133,1.75,13.05
1339,133,3.75,26.17
1340,133,5.75,38.59
1341,133,7.75,46.4
1342,133,9.75,60.07
1343,133,11.75,65.93
1344,133,13.75,76.4
1345,133,15.75,85.46
1346,133,17.75,95.23
1347,133,19.75,104.6
1348,133,21.75,111.01
1349,133,24.25,120.46
1350,134,1.75,11.95
1351,134,3.75,19.3
1352,134,5.75,34.45
1353,134,7.75,48.04
1354,134,9.75,57.65
1355,134,11.75,66.4
1356,134,13.75,79.53
1357,134,14.6,85.07
1358,135,1.75,9.22
1359,135,3.75,14.3
1360,135,5.75,27.58
1361,135,7.75,46.48
1362,135,9.75,53.2
1363,135,11.75,62.81
1364,135,13.75,72.65
1365,135,15.75,80.39
1366,136,1.75,10.78
1367,136,3.75,24.14
1368,136,5.75,37.11
1369,136,7.75,46.72
1370,136,9.75,56.48
1371,136,11.75,64.84
1372,136,13.75,75
1373,136,14.25,77.03
1374,137,1.75,10.08
1375,137,3.75,22.58
1376,137,5.75,33.51
1377,137,7.75,44.06
1378,137,9.75,54.06
1379,137,11.75,65.15
1380,137,13.75,71.4
1381,137,15.75,79.6
1382,137,17.75,92.1
1383,137,20.25,103.35
1384,138,1.75,9.84
1385,138,3.75,20.31
1386,138,5.75,36.4
1387,138,7.75,47.42
1388,138,9.75,64.87
1389,138,11.75,65.39
1390,138,13.75,81.79
1391,138,15.55,88.04
1392,139,1.75,14.53
1393,139,3.75,29.3
1394,139,5.75,44.53
1395,139,7.75,52.89
1396,139,9.75,61.25
1397,139,11.75,70.85
1398,139,13.75,78.12
1399,139,16.45,90.23
1400,140,1.75,12.5
1401,140,3.75,25
1402,140,5.75,30.15
1403,140,7.75,42.97
1404,140,9.75,50.93
1405,140,11.75,58.59
1406,140,13.75,63.04
1407,140,15.75,70.31
1408,140,17.75,78.43
1409,140,19.75,90.46
1410,141,1.75,12.5
1411,141,3.75,25.94
1412,141,5.75,32.19
1413,141,7.75,44.68
1414,141,9.75,54.68
1415,141,11.75,63.28
1416,141,13.75,68.36
1417,141,15.75,77.89
1418,141,16.25,80.15
1419,142,1.75,14.61
1420,142,3.75,32.34
1421,142,5.75,44.06
1422,142,7.75,53.43
1423,142,9.75,65.62
1424,142,11.75,70.93
1425,142,13.75,78.43
1426,142,15.75,84.06
1427,142,17.75,95.85
1428,142,20.25,105.54
1429,143,1.75,17.19
1430,143,3.75,35.47
1431,143,5.75,47.42
1432,143,7.75,58.28
1433,143,9.75,70
1434,143,11.75,76.56
1435,143,13.75,83.98
1436,143,15.75,90.31
1437,143,17.75,100.77
1438,143,20.25,110.85
1439,144,1.75,15
1440,144,3.75,30.15
1441,144,5.75,40.62
1442,144,7.75,48.98
1443,144,9.75,61.09
1444,144,11.75,66.64
1445,144,13.75,79.45
1446,144,15.75,83.51
1447,144,17.75,96.63
1448,144,20.05,104.52
1449,145,1.75,15
1450,145,3.75,23.51
1451,145,5.75,33.9
1452,145,7.75,49.84
1453,145,9.75,58.67
1454,145,11.75,65.78
1455,145,13.75,76.87
1456,145,15.75,84.76
1457,145,17.75,93.59
1458,145,20.15,100.77
1459,146,1.75,15.94
1460,146,3.75,40.62
1461,146,5.75,62.73
1462,146,7.75,79.45
1463,146,9.75,87.49
1464,146,11.75,102.1
1465,146,13.25,107.57
1466,147,1.75,10.39
1467,147,3.75,19.37
1468,147,5.75,25.78
1469,147,7.75,32.5
1470,147,9.75,42.18
1471,147,11.75,49.45
1472,147,13.75,57.18
1473,147,15.75,64.92
1474,147,17.75,72.42
1475,148,1.75,9.14
1476,148,3.75,21.64
1477,148,5.75,30.39
1478,148,7.75,36.64
1479,148,9.75,43.75
1480,148,11.75,52.97
1481,148,13.75,61.48
1482,148,15.75,63.75
1483,148,17.8,72.57
1484,148,20.25,73.98
1485,149,1.75,8.75
1486,149,3.75,17.89
1487,149,5.75,28.67
1488,149,7.75,36.64
1489,149,9.75,42.34
1490,149,11.75,52.89
1491,149,13.75,64.45
1492,149,15.75,71.32
1493,149,17.75,76.79
1494,149,20.25,87.96
1495,150,1.75,11.01
1496,150,3.75,18.98
1497,150,5.75,30.23
1498,150,7.75,38.83
1499,150,9.75,47.42
1500,150,11.75,57.26
1501,150,13.75,65.54
1502,150,15.75,74.6
1503,150,17.75,83.28
1504,150,20.25,91.48
1505,151,1.75,8.98
1506,151,3.75,19.69
1507,151,5.8,26.8
1508,151,7.75,39.14
1509,151,9.75,47.58
1510,151,11.75,55.15
1511,151,13.75,63.04
1512,151,15.75,71.56
1513,151,17.75,75
1514,151,18.85,80.39
1515,152,1.75,8.83
1516,152,3.75,17.5
1517,152,5.75,25.08
1518,152,7.75,35.47
1519,152,9.75,44.84
1520,152,11.8,54.29
1521,152,13.75,59.37
1522,152,15.75,66.01
1523,152,17.75,76.17
1524,152,20.25,87.03
1525,153,1.8,12.26
1526,153,3.75,20.62
1527,153,5.75,30.23
1528,153,7.75,39.61
1529,153,9.75,46.01
1530,153,11.75,51.87
1531,153,13.75,66.56
1532,153,15.75,74.53
1533,153,17.75,81.79
1534,153,20.25,91.4
1535,154,1.75,7.03
1536,154,3.8,16.33
1537,154,5.75,27.58
1538,154,7.75,36.64
1539,154,9.75,46.01
1540,154,11.75,55.47
1541,154,13.75,64.06
1542,154,15.75,71.64
1543,154,17.75,78.59
1544,154,20.25,88.04
1545,155,1.75,8.28
1546,155,3.75,16.33
1547,155,5.75,27.03
1548,155,7.75,35.94
1549,155,9.75,43.75
1550,155,11.75,52.03
1551,155,13.75,59.68
1552,155,15.75,66.4
1553,155,19.75,79.76
1554,156,1.75,9.14
1555,156,3.75,18.2
1556,156,5.75,26.69
1557,156,7.75,37.58
1558,156,9.75,47.65
1559,156,11.75,58.51
1560,156,13.75,62.57
1561,156,15.75,75
1562,156,17.75,78.82
1563,156,20.25,88.04
1564,157,1.75,5.47
1565,157,3.75,17.19
1566,157,5.75,24.22
1567,157,7.75,31.25
1568,157,9.75,37.58
1569,157,11.75,54.45
1570,157,13.75,62.26
1571,157,15.75,71.64
1572,157,17.75,79.45
1573,157,20.25,88.9
1574,158,1.75,7.27
1575,158,3.75,13.51
1576,158,5.75,24.37
1577,158,7.75,28.59
1578,158,9.75,41.72
1579,158,11.75,45.31
1580,158,13.75,59.68
1581,158,15.75,61.87
1582,158,17.75,72.65
1583,158,20.25,84.14
1584,159,1.75,9.61
1585,159,3.75,19.22
1586,159,5.75,29.3
1587,159,7.75,38.98
1588,159,9.75,48.67
1589,159,11.75,61.25
1590,159,13.75,68.59
1591,159,15.75,75.15
1592,159,17.75,80.54
1593,159,19.75,87.03
1594,159,20.45,89.45
1595,160,1.75,10.39
1596,160,3.75,16.56
1597,160,5.75,26.8
1598,160,7.75,36.87
1599,160,9.75,47.58
1600,160,11.75,53.82
1601,160,13.75,63.2
1602,160,15.75,71.71
1603,160,17.75,77.65
1604,160,19.75,83.9
1605,160,20.25,85.39
1606,161,2.25,14.14
1607,161,3.75,17.73
1608,161,5.75,27.34
1609,161,7.75,38.9
1610,161,9.75,47.18
1611,161,11.75,60.31
1612,161,13.75,67.5
1613,161,15.75,72.57
1614,161,17.75,77.73
1615,161,20.25,85.7
1616,162,1.75,10.23
1617,162,3.75,14.3
1618,162,5.75,26.56
1619,162,7.75,41.79
1620,162,9.75,51.79
1621,162,11.75,64.61
1622,162,13.75,77.34
1623,162,15.75,83.43
1624,162,17.75,89.99
1625,162,20.25,98.27
1626,163,1.75,11.95
1627,163,3.75,17.97
1628,163,5.75,28.67
1629,163,7.75,40.23
1630,163,9.75,56.64
1631,163,11.75,66.4
1632,163,13.75,77.5
1633,163,15.75,94.92
1634,163,17.75,106.01
1635,163,20.25,121.32
1636,164,1.75,9.45
1637,164,3.75,17.5
1638,164,5.9,26.4
1639,164,7.75,34.37
1640,164,9.75,46.09
1641,164,11.75,55.93
1642,164,13.75,71.17
1643,164,15.75,85.78
1644,164,17.75,100.17
1645,164,20.25,120.15
1646,165,1.75,11.41
1647,165,3.75,17.26
1648,165,5.75,23.9
1649,165,7.75,39.53
1650,165,9.75,48.51
1651,165,11.75,56.79
1652,165,13.75,65
1653,165,15.75,73.04
1654,165,17.75,81.71
1655,165,20.25,90.38
1656,166,1.75,12.11
1657,166,3.75,15.94
1658,166,5.75,25.47
1659,166,7.75,38.2
1660,166,9.75,47.11
1661,166,11.75,55.93
1662,166,13.75,63.43
1663,166,15.75,72.89
1664,166,17.75,79.76
1665,166,20.25,89.76
1666,166,21.75,94.21
1667,166,23.75,99.68
1668,166,25.75,105.15
1669,166,27.75,109.76
1670,166,30.25,115.23
1671,167,1.75,9.45
1672,167,3.75,17.42
1673,167,5.75,25.31
1674,167,7.75,34.22
1675,167,9.75,42.65
1676,167,11.75,51.17
1677,167,13.75,59.68
1678,167,15.75,67.26
1679,167,17.75,75.46
1680,167,20.25,81.87
1681,168,1.75,10.16
1682,168,3.75,17.97
1683,168,5.75,31.01
1684,168,9.75,44.45
1685,168,11.75,50.78
1686,169,1.75,11.41
1687,169,3.75,19.53
1688,169,5.75,34.45
1689,169,7.75,47.58
1690,169,9.75,55.39
1691,169,11.75,68.82
1692,169,13.75,76.48
1693,169,15.75,83.04
1694,169,17.75,89.99
1695,169,20.25,98.98
1696,170,1.75,11.25
1697,170,3.75,15.7
1698,170,5.75,26.4
1699,170,7.75,37.34
1700,170,9.75,44.53
1701,170,11.75,52.89
1702,170,13.75,61.87
1703,170,15.75,72.26
1704,170,17.75,83.82
1705,170,20.25,98.82
1706,171,1.75,12.73
1707,171,3.75,17.42
1708,171,5.75,33.98
1709,171,7.75,42.26
1710,171,9.75,50.78
1711,171,11.75,62.5
1712,171,13.75,73.67
1713,171,15.75,79.6
1714,171,17.75,86.48
1715,171,20.25,93.82
1716,172,1.75,7.81
1717,172,3.75,19.92
1718,172,5.75,32.58
1719,172,9.75,50.07
1720,172,11.75,60.15
1721,172,13.75,67.65
1722,172,15.75,74.6
1723,172,17.75,81.87
1724,172,20.25,90.93
1725,173,1.75,12.11
1726,173,3.75,17.5
1727,173,5.75,24.22
1728,173,7.75,35.54
1729,173,9.75,44.92
1730,173,11.75,54.92
1731,173,13.75,64.61
1732,173,15.75,72.26
1733,173,17.75,81.48
1734,173,20.25,92.26
1735,174,1.75,8.59
1736,174,3.75,16.41
1737,174,5.75,31.09
1738,174,7.75,39.76
1739,174,9.75,47.58
1740,174,11.9,52.34
1741,174,13.75,58.28
1742,174,15.75,64.76
1743,174,17.75,71.71
1744,174,19.85,78.28
1745,175,1.75,10.16
1746,175,3.75,16.8
1747,175,5.75,26.8
1748,175,7.75,37.03
1749,175,9.75,48.04
1750,175,11.75,57.65
1751,175,13.75,63.67
1752,175,15.75,68.28
1753,175,17.75,73.82
1754,175,20.25,81.87
1755,176,1.75,12.58
1756,176,3.75,22.89
1757,176,5.75,47.58
1758,176,7.75,54.76
1759,176,9.75,64.61
1760,176,11.75,71.71
1761,176,13.75,80.39
1762,176,15.75,86.64
1763,176,17.75,94.13
1764,176,19.85,100.93
1765,177,1.75,10.16
1766,177,3.75,13.83
1767,177,5.75,23.51
1768,177,7.75,43.83
1769,177,9.75,50.23
1770,177,11.75,55.62
1771,177,15.75,70.54
1772,177,17.75,78.98
1773,177,20.25,90.38
1774,178,1.75,13.05
1775,178,3.75,19.69
1776,178,5.75,25.94
1777,178,7.75,35.15
1778,178,9.75,47.11
1779,178,11.75,54.92
1780,178,13.75,63.67
1781,178,15.75,71.95
1782,178,17.75,79.6
1783,178,20.25,89.37
1784,179,1.75,11.72
1785,179,3.75,21.01
1786,179,5.75,26.01
1787,179,7.75,39.06
1788,179,9.75,46.01
1789,179,11.75,52.73
1790,179,13.75,60.31
1791,179,15.75,68.04
1792,179,17.75,74.6
1793,179,20.25,86.71
1794,180,1.75,12.58
1795,180,3.75,21.25
1796,180,5.75,37.97
1797,180,7.75,46.64
1798,180,9.75,56.79
1799,180,11.75,66.79
1800,180,13.8,75
1801,180,15.75,82.1
1802,180,17.75,89.76
1803,180,20.25,101.01
1804,181,1.75,12.81
1805,181,3.75,23.05
1806,181,5.75,38.59
1807,181,7.75,55.47
1808,181,9.75,64.53
1809,181,11.75,72.65
1810,181,13.8,80.54
1811,181,15.75,87.89
1812,181,17.75,94.76
1813,181,20.25,104.6
1814,182,1.75,10.94
1815,182,3.75,16.09
1816,182,5.75,24.61
1817,182,7.75,38.9
1818,182,9.75,60.15
1819,182,11.75,73.82
1820,182,13.75,82.26
1821,182,15.8,88.67
1822,182,17.75,95.07
1823,182,19.95,104.52
1824,183,1.75,11.87
1825,183,3.75,19.92
1826,183,5.75,31.09
1827,183,7.75,49.53
1828,183,9.75,60.46
1829,183,11.75,71.48
1830,183,13.75,83.67
1831,183,15.8,97.26
1832,183,17.75,109.37
1833,183,20.05,123.43
1834,184,1.75,10.7
1835,184,3.75,18.75
1836,184,5.75,28.12
1837,184,7.75,37.26
1838,184,9.75,45.31
1839,184,13.75,58.9
1840,185,1.75,12.73
1841,185,3.75,21.09
1842,185,5.75,30.39
1843,185,7.75,43.51
1844,185,9.75,52.65
1845,185,11.75,59.68
1846,185,13.75,64.61
1847,185,15.75,70
1848,185,17.8,78.2
1849,185,20.05,88.04
1850,186,1.75,12.26
1851,186,3.75,19.69
1852,186,5.75,29.92
1853,186,7.75,40.39
1854,186,9.75,49.37
1855,186,11.75,56.48
1856,186,13.75,63.28
1857,186,15.75,70.54
1858,186,17.8,78.67
1859,186,20.15,86.87
1860,187,1.75,10.16
1861,187,3.75,17.03
1862,187,5.75,26.87
1863,187,7.75,37.11
1864,187,9.75,46.95
1865,187,11.75,58.98
1866,187,13.75,63.98
1867,187,15.75,70.39
1868,187,17.75,76.71
1869,187,19.95,82.89
1870,188,1.75,10.55
1871,188,3.75,16.09
1872,188,5.75,27.03
1873,188,7.75,39.29
1874,188,9.75,51.09
1875,188,11.75,57.11
1876,188,13.75,66.32
1877,188,15.75,75
1878,188,17.75,81.24
1879,188,19.75,84.92
1880,189,1.75,11.25
1881,189,3.75,17.97
1882,189,5.75,33.75
1883,189,7.75,40.7
1884,189,9.75,43.98
1885,189,11.75,47.11
1886,189,13.75,50.31
1887,189,15.75,53.36
1888,189,17.75,57.65
1889,189,19.85,62.11
1890,190,1.75,10.94
1891,190,3.75,17.42
1892,190,5.75,27.5
1893,190,7.75,42.42
1894,190,9.75,48.98
1895,190,11.75,53.43
1896,190,13.75,58.98
1897,190,15.75,63.28
1898,190,17.75,67.03
1899,190,20.25,72.96
1900,191,1.75,8.98
1901,191,3.75,15.23
1902,191,5.75,27.58
1903,191,7.75,40.39
1904,191,9.75,47.65
1905,191,11.75,52.89
1906,191,13.75,57.11
1907,191,15.75,61.17
1908,191,17.75,67.11
1909,191,20.25,71.87
1910,192,1.75,8.44
1911,192,3.75,17.34
1912,192,5.75,25.31
1913,192,7.8,38.2
1914,192,9.75,49.22
1915,192,11.75,57.65
1916,192,13.75,64.84
1917,192,15.75,75
1918,192,17.75,78.43
1919,192,19.75,83.12
1920,193,1.75,10.7
1921,193,3.75,18.36
1922,193,5.75,25.23
1923,193,7.75,40.15
1924,193,9.75,47.34
1925,193,11.75,52.5
1926,193,13.75,58.98
1927,193,15.75,63.82
1928,193,17.75,68.28
1929,193,20.25,73.28
1930,194,1.75,9.84
1931,194,3.75,15.7
1932,194,5.75,29.14
1933,194,7.8,42.97
1934,194,9.75,51.56
1935,194,11.75,58.43
1936,194,13.75,67.89
1937,194,15.75,73.82
1938,194,17.75,79.76
1939,194,19.75,85.78
1940,195,1.75,11.48
1941,195,3.75,25.31
1942,195,5.75,39.84
1943,195,7.75,49.84
1944,195,9.75,54.92
1945,195,11.75,59.61
1946,195,13.75,63.28
1947,195,15.15,67.26
1948,196,1.75,12.26
1949,196,3.75,21.09
1950,196,5.75,27.73
1951,196,7.75,44.06
1952,196,9.75,52.73
1953,196,11.75,59.92
1954,196,13.75,65.7
1955,196,15.75,73.82
1956,196,17.75,82.26
1957,196,19.95,89.99
1958,197,1.75,12.26
1959,197,3.75,20.62
1960,197,5.75,34.14
1961,197,7.75,46.25
1962,197,9.75,60.46
1963,197,11.75,70.78
1964,198,18.85,84.99
1965,199,1.75,12.5
1966,199,3.75,19.22
1967,199,5.75,29.76
1968,199,7.75,44.22
1969,199,9.75,57.65
1970,199,11.75,66.87
1971,199,13.75,82.49
1972,199,15.75,91.87
1973,199,17.75,94.76
1974,199,19.95,98.43
1975,200,1.75,10.7
1976,200,3.75,18.59
1977,200,5.75,29.92
1978,200,7.75,41.09
1979,200,9.75,54.76
1980,200,11.75,63.28
1981,200,13.75,70.78
1982,200,15.75,82.26
1983,200,17.75,93.67
1984,200,19.75,100.93
1985,201,1.75,11.17
1986,201,3.75,18.12
1987,201,5.75,31.25
1988,201,7.75,42.42
1989,201,9.75,55.15
1990,201,11.75,67.26
1991,201,13.75,71.32
1992,201,15.75,75.54
1993,201,17.75,79.76
1994,201,19.75,84.37
1995,202,1.75,11.95
1996,202,3.75,16.64
1997,202,5.75,28.59
1998,202,7.75,42.26
1999,202,9.75,53.28
2000,202,11.75,61.87
2001,202,13.75,68.28
2002,202,15.75,72.65
2003,202,17.75,79.21
2004,202,19.75,83.43
2005,203,1.75,13.44
2006,203,3.75,23.05
2007,203,5.75,35.47
2008,203,7.75,46.01
2009,203,9.75,57.89
2010,203,11.75,70.39
2011,203,13.75,78.43
2012,203,15.75,88.28
2013,203,17.75,98.82
2014,203,19.85,106.01
2015,204,1.75,10.39
2016,204,3.75,20.08
2017,204,5.75,32.03
2018,204,7.75,40.62
2019,204,9.75,54.22
2020,204,11.75,66.87
2021,204,13.75,77.5
2022,204,15.75,87.1
2023,204,17.75,93.28
2024,204,19.95,97.1
2025,205,1.8,10.7
2026,205,3.75,17.66
2027,205,5.75,26.8
2028,205,7.75,39.53
2029,205,19.75,80.15
2030,206,1.75,10.94
2031,206,3.75,18.51
2032,206,5.75,32.89
2033,206,7.75,44.29
2034,206,9.75,55.78
2035,206,11.75,68.43
2036,206,13.8,78.04
2037,206,15.75,82.89
2038,206,17.75,93.04
2039,206,19.75,101.48
2040,207,1.75,9.92
2041,207,3.75,21.33
2042,207,5.75,35.31
2043,207,7.75,47.58
2044,207,9.75,59.61
2045,207,11.75,73.82
2046,207,13.75,87.65
2047,207,15.75,93.67
2048,207,17.75,99.99
2049,207,18.95,103.12
2050,208,1.75,10.55
2051,208,3.75,20.31
2052,208,5.75,30.39
2053,208,7.75,44.29
2054,208,9.75,55.47
2055,208,11.75,64.21
2056,208,13.75,72.65
2057,208,15.75,84.21
2058,208,17.75,91.71
2059,208,19.75,96.87
2060,209,1.75,11.41
2061,209,3.75,20.62
2062,209,5.75,31.01
2063,209,7.75,42.18
2064,209,9.75,54.29
2065,209,11.75,61.87
2066,209,13.75,69.6
2067,209,15.75,76.17
2068,209,17.75,82.1
2069,209,19.95,88.28
2070,210,1.75,9.69
2071,210,3.75,17.97
2072,210,5.75,28.83
2073,210,7.75,37.97
2074,210,9.75,48.2
2075,210,11.75,61.48
2076,210,13.75,74.76
2077,210,15.75,85.93
2078,210,17.75,94.6
2079,210,19.75,102.1
2080,211,1.75,11.01
2081,211,3.75,19.06
2082,211,5.75,31.09
2083,211,7.75,43.51
2084,211,9.75,55.78
2085,211,11.75,66.71
2086,211,13.75,78.04
2087,211,15.75,85.39
2088,211,17.75,89.99
2089,211,19.85,94.6
2090,212,1.75,13.44
2091,212,3.75,19.76
2092,212,5.75,30.39
2093,212,7.75,45.08
2094,212,9.75,56.95
2095,212,11.75,70.39
2096,212,13.75,79.99
2097,212,15.75,91.71
2098,212,17.75,96.87
2099,212,19.85,109.13
2100,213,1.75,11.72
2101,213,3.75,18.12
2102,213,5.75,29.45
2103,213,7.75,40.15
2104,213,9.75,55.39
2105,213,11.75,63.59
2106,213,13.75,73.04
2107,213,15.75,80.54
2108,213,17.75,86.87
2109,213,19.95,91.87
2110,214,1.75,9.92
2111,214,3.75,20.55
2112,214,5.75,31.48
2113,214,7.75,42.42
2114,214,9.75,52.34
2115,214,11.75,66.17
2116,214,13.75,77.1
2117,214,15.75,84.76
2118,214,17.75,89.37
2119,214,19.85,93.82
2120,215,1.75,10.78
2121,215,3.75,18.75
2122,215,5.75,28.83
2123,215,7.75,39.53
2124,215,9.75,48.51
2125,215,11.75,57.65
2126,215,13.75,70.39
2127,215,15.75,79.99
2128,215,17.75,85.15
2129,215,19.95,90.54
2130,216,1.75,11.72
2131,216,3.75,17.5
2132,216,5.75,27.34
2133,216,7.75,36.4
2134,216,9.75,46.25
2135,216,11.8,59.76
2136,216,13.75,72.89
2137,216,15.75,81.48
2138,216,16.75,85.93
2139,217,1.75,13.83
2140,217,3.75,19.76
2141,217,5.75,31.09
2142,217,7.75,45.31
2143,217,9.75,53.67
2144,217,11.75,63.98
2145,217,13.75,73.82
2146,217,15.75,77.65
2147,217,17.75,81.48
2148,217,19.75,86.87
2149,218,1.75,10.39
2150,218,3.75,20.55
2151,218,5.75,28.59
2152,218,7.75,41.09
2153,218,9.75,52.11
2154,218,11.75,61.25
2155,218,13.75,66.87
2156,218,15.75,73.82
2157,218,17.9,82.26
2158,218,19.75,87.1
2159,219,1.75,12.34
2160,219,3.75,22.81
2161,219,5.75,34.22
2162,219,7.75,45.15
2163,219,9.75,55.23
2164,219,11.75,65.15
2165,219,13.75,74.21
2166,219,15.75,85.39
2167,219,17.75,92.88
2168,219,19.85,98.27
2169,220,1.75,12.97
2170,220,3.75,28.12
2171,220,5.75,37.26
2172,220,7.75,44.53
2173,220,9.75,53.59
2174,220,11.75,64.21
2175,220,13.75,78.82
2176,220,15.75,89.6
2177,220,17.75,95.38
2178,220,19.85,104.52
2179,221,1.75,13.28
2180,221,3.75,22.34
2181,221,5.75,42.65
2182,221,7.75,54.22
2183,221,9.75,65.93
2184,221,11.75,75.93
2185,221,13.75,85.54
2186,221,15.75,94.37
2187,221,17.75,100.93
2188,221,19.85,106.95
2189,222,1.75,15.39
2190,222,3.75,25.55
2191,222,5.75,38.59
2192,222,7.75,46.95
2193,222,9.75,51.79
2194,222,11.75,57.11
2195,222,13.75,60.46
2196,222,15.75,65.07
2197,222,17.75,69.06
2198,222,19.85,73.51
2199,223,1.75,12.34
2200,223,3.75,26.4
2201,223,5.75,41.09
2202,223,7.75,47.11
2203,223,9.8,52.5
2204,223,11.75,56.32
2205,223,13.75,60
2206,223,15.75,63.36
2207,223,17.75,67.11
2208,223,19.75,71.64
2209,224,1.75,9.92
2210,224,3.75,21.72
2211,224,5.75,33.9
2212,224,7.75,49.22
2213,224,9.75,62.81
2214,224,11.75,72.65
2215,224,13.75,81.48
2216,224,15.75,85.54
2217,224,17.75,89.21
2218,224,19.75,93.28
2219,225,1.75,11.64
2220,225,3.75,20.78
2221,225,5.75,33.51
2222,225,7.75,46.25
2223,225,9.75,58.36
2224,225,11.75,61.71
2225,225,13.75,65.7
2226,225,15.75,69.37
2227,225,17.75,75.23
2228,225,19.95,79.76
2229,226,1.75,12.05
2230,226,3.75,22.42
2231,226,5.75,30.23
2232,226,7.75,41.17
2233,226,9.75,52.97
2234,226,11.95,58.43
2235,226,13.75,62.89
2236,226,15.75,68.12
2237,226,17.75,72.26
2238,226,19.95,84.6
2239,227,1.75,12.11
2240,227,3.75,20.86
2241,227,5.75,28.9
2242,227,7.75,41.79
2243,227,9.75,51.79
2244,227,11.75,57.26
2245,227,13.75,60.39
2246,227,15.75,64.37
2247,227,17.75,69.29
2248,227,18.15,70
2249,228,1.75,10.62
2250,228,3.75,19.84
2251,228,5.75,31.72
2252,228,7.75,41.95
2253,228,9.75,53.9
2254,228,11.75,60.15
2255,228,13.75,68.82
2256,228,15.75,74.53
2257,228,17.75,81.32
2258,228,19.75,88.67
2259,229,1.75,13.2
2260,229,3.75,22.11
2261,229,5.75,33.28
2262,229,7.75,41.4
2263,229,9.75,55.39
2264,229,11.75,71.87
2265,229,13.75,82.26
2266,229,15.75,89.99
2267,229,17.75,95.15
2268,229,19.95,99.99
2269,230,1.75,11.48
2270,230,3.75,17.19
2271,230,5.75,29.14
2272,230,7.75,40
2273,230,9.75,50
2274,230,11.75,60
2275,230,13.75,66.32
2276,230,15.75,70.54
2277,230,17.35,74.76
2278,231,1.75,12.73
2279,231,3.75,20.86
2280,231,5.75,32.65
2281,231,7.75,44.22
2282,231,9.75,52.5
2283,231,11.75,61.71
2284,231,13.75,66.87
2285,231,15.75,71.87
2286,231,17.75,75.54
2287,231,19.25,79.21
2288,232,1.75,10.7
2289,232,3.75,17.42
2290,232,5.75,30
2291,232,7.75,38.67
2292,232,9.75,46.01
2293,232,11.75,56.87
2294,232,13.75,63.67
2295,232,15.75,69.6
2296,232,17.75,73.51
2297,232,19.75,77.26
2298,233,1.8,9.45
2299,233,3.75,17.73
2300,233,5.75,27.03
2301,233,7.75,37.26
2302,233,9.75,47.81
2303,233,11.75,55.15
2304,233,13.75,61.71
2305,233,15.75,63.9
2306,233,17.75,66.48
2307,233,19.75,68.43
2308,234,1.75,12.81
2309,234,3.75,21.09
2310,234,5.75,28.83
2311,234,7.75,40.86
2312,234,9.75,48.98
2313,234,11.75,59.21
2314,234,13.75,69.21
2315,234,15.75,73.9
2316,234,17.75,82.18
2317,234,19.75,90.46
2318,235,1.75,10.23
2319,235,3.75,19.69
2320,235,5.75,26.87
2321,235,7.75,39.76
2322,235,9.75,52.5
2323,235,10.5,53.82
2324,236,1.8,9.22
2325,236,3.75,15.62
2326,236,5.75,24.84
2327,236,7.75,34.22
2328,236,9.75,43.12
2329,236,13.75,55.86
2330,237,1.8,8.12
2331,237,5.75,21.95
2332,237,7.75,33.04
2333,237,9.75,44.92
2334,237,10.4,48.36
2335,238,1.75,9.61
2336,238,3.75,17.89
2337,238,5.75,23.28
2338,238,7.75,37.42
2339,238,9.75,47.11
2340,238,10.65,50.47
2341,239,1.75,11.17
2342,239,3.75,21.64
2343,239,5.75,35.47
2344,239,7.75,48.28
2345,239,9.75,58.51
2346,239,11.75,68.04
2347,239,13.75,78.28
2348,239,15.75,83.42
2349,239,17.75,94.13
2350,239,20.25,108.27
2351,240,1.75,9.3
2352,240,5.75,28.67
2353,240,7.75,37.5
2354,240,9.75,52.34
2355,240,11.75,63.67
2356,240,13.75,73.67
2357,240,15.75,79.21
2358,240,17,83.98
2359,241,1.75,8.59
2360,241,3.75,20.08
2361,241,5.75,29.69
2362,241,7.75,39.45
2363,241,9.75,47.81
2364,241,11.75,56.64
2365,241,13.75,65.31
2366,241,15.75,72.03
2367,241,17.75,79.29
2368,241,18.05,80.62
2369,242,1.75,12.58
2370,242,3.75,23.67
2371,242,5.75,34.37
2372,242,7.75,43.98
2373,242,9.75,53.43
2374,242,11.75,61.01
2375,242,13.75,68.9
2376,242,15.75,78.74
2377,242,17.75,87.1
2378,242,20.25,95.15
2379,243,1.75,12.73
2380,243,3.75,24.45
2381,243,5.75,36.01
2382,243,7.75,42.97
2383,243,9.75,51.56
2384,243,11.75,60.78
2385,243,13.75,69.6
2386,243,15.75,78.04
2387,243,17.75,85.15
2388,243,20.25,94.99
2389,244,1.75,15.86
2390,244,3.75,24.22
2391,244,5.75,38.04
2392,244,7.75,46.87
2393,244,9.75,55
2394,244,11.75,65.15
2395,244,13.75,75.85
2396,244,15.75,85.23
2397,244,17.75,93.74
2398,244,19.95,104.99
2399,245,1.75,10.55
2400,245,3.75,22.42
2401,245,5.75,33.59
2402,245,7.75,43.12
2403,245,9.75,52.5
2404,245,11.75,61.71
2405,245,13.75,70.07
2406,245,15.75,77.73
2407,245,17.75,84.76
2408,245,19.95,92.57
2409,246,1.75,12.5
2410,246,3.75,23.28
2411,246,5.75,33.51
2412,246,7.75,45.08
2413,246,9.75,55
2414,246,11.75,62.89
2415,246,13.75,70.23
2416,246,15.75,78.59
2417,246,17.75,85.78
2418,246,20.25,94.6
2419,247,1.75,13.28
2420,247,3.75,21.64
2421,247,5.75,30.86
2422,247,7.75,39.61
2423,247,9.75,47.42
2424,247,11.75,53.43
2425,247,13.75,60.7
2426,247,15.75,69.21
2427,247,17.75,78.67
2428,247,20.25,87.96
2429,248,1.75,12.34
2430,248,3.75,21.4
2431,248,5.75,33.9
2432,248,7.75,42.73
2433,248,9.75,50.31
2434,248,11.75,59.68
2435,248,13.75,68.36
2436,248,15.75,74.84
2437,248,17.75,82.03
2438,248,20.25,91.71
2439,249,1.75,15
2440,249,3.75,27.97
2441,249,5.75,38.9
2442,249,7.75,47.18
2443,249,9.75,55.62
2444,249,11.75,62.73
2445,249,13.75,70.23
2446,249,15.75,77.73
2447,249,17.75,86.48
2448,249,20.25,98.04
2449,250,1.75,15.08
2450,250,3.75,25.31
2451,250,5.75,34.61
2452,250,7.75,43.59
2453,250,9.75,53.36
2454,250,11.75,60.15
2455,250,13.75,67.5
2456,250,15.75,73.28
2457,250,17.75,79.6
2458,250,20.25,89.37
2459,251,1.75,15
2460,251,3.75,28.2
2461,251,6.15,38.04
2462,251,7.75,44.22
2463,251,9.75,53.67
2464,251,11.75,63.98
2465,251,13.75,78.82
2466,251,15.75,81.87
2467,251,17.75,87.1
2468,251,20.25,95.62
2469,252,1.75,10.08
2470,252,3.75,17.19
2471,252,5.75,25.47
2472,252,7.75,34.92
2473,252,9.75,41.17
2474,252,11.75,49.22
2475,252,13.75,60.54
2476,252,15.75,66.95
2477,252,17.75,73.98
2478,252,20.25,83.35
2479,253,1.75,14.37
2480,253,3.75,25.94
2481,253,5.75,35.78
2482,253,7.75,48.67
2483,253,9.75,60.93
2484,253,11.75,70.62
2485,253,13.75,77.26
2486,253,15.75,84.53
2487,253,17.75,92.88
2488,253,20.55,102.26
2489,254,1.75,12.11
2490,254,3.75,20.55
2491,254,5.75,28.67
2492,254,7.75,37.11
2493,254,9.75,46.64
2494,254,11.75,55.07
2495,254,13.75,62.73
2496,254,15.75,70.78
2497,254,17.75,77.96
2498,255,1.75,11.95
2499,255,3.75,21.01
2500,255,5.75,33.12
2501,255,7.75,42.89
2502,255,9.75,51.64
2503,255,11.75,60.54
2504,255,13.75,67.89
2505,255,15.75,76.4
2506,255,17.75,83.9
2507,255,20.25,93.28
2508,256,1.75,14.3
2509,256,3.8,24.61
2510,256,5.75,31.95
2511,256,7.75,40.86
2512,256,9.75,49.53
2513,256,11.75,57.5
2514,256,13.75,67.03
2515,256,15.75,75.54
2516,256,17.75,82.34
2517,256,20.25,93.28
2518,257,1.75,15.39
2519,257,3.75,26.17
2520,257,5.75,36.87
2521,257,7.75,46.72
2522,257,9.75,53.43
2523,257,11.75,59.37
2524,257,13.75,67.5
2525,257,15.75,75.39
2526,257,17.75,84.76
2527,257,20.25,96.87
2528,258,1.75,12.81
2529,258,3.75,24.76
2530,258,5.75,35.94
2531,258,7.75,44.68
2532,258,9.75,55.39
2533,258,11.75,65.46
2534,258,13.75,74.53
2535,258,15.75,82.34
2536,258,17.75,91.95
2537,258,19.95,98.9
2538,259,1.75,12.73
2539,259,3.75,23.67
2540,259,5.75,33.51
2541,259,7.75,42.05
2542,259,9.75,52.03
2543,259,11.75,60.15
2544,259,13.75,68.9
2545,259,15.75,78.28
2546,259,17.75,86.64
2547,259,19.95,94.29
2548,260,1.75,12.11
2549,260,3.75,23.44
2550,260,5.75,34.61
2551,260,7.75,45.78
2552,260,9.75,54.92
2553,260,11.75,62.57
2554,260,13.75,70.46
2555,260,15.75,77.89
2556,260,17.75,84.37
2557,260,18.95,88.82
2558,261,1.75,13.2
2559,261,3.75,24.84
2560,261,5.75,36.72
2561,261,7.75,46.4
2562,261,9.75,53.43
2563,261,11.75,60.86
2564,261,13.75,68.51
2565,261,15.75,75.54
2566,261,17.75,83.98
2567,261,19.95,92.57
2568,262,1.75,13.05
2569,262,3.75,21.48
2570,262,5.75,28.36
2571,262,7.75,36.25
2572,262,9.75,46.4
2573,262,11.75,54.68
2574,262,13.75,64.06
2575,262,15.75,71.01
2576,262,17.75,79.45
2577,262,19.35,85.07
2578,263,1.75,15.62
2579,263,3.75,25.94
2580,263,5.75,33.98
2581,263,7.75,41.72
2582,263,9.75,50.07
2583,263,11.75,57.65
2584,263,13.75,67.03
2585,263,15.75,75.23
2586,263,17.75,81.87
2587,263,19.75,89.13
2588,264,1.75,14.84
2589,264,3.75,24.14
2590,264,5.75,34.37
2591,264,7.75,41.33
2592,264,9.75,49.37
2593,264,11.75,57.89
2594,264,13.75,65.46
2595,264,15.75,73.04
2596,264,17.75,79.99
2597,264,19.75,87.18
2598,265,1.75,10.78
2599,265,3.75,18.83
2600,265,5.75,26.87
2601,265,7.75,35.31
2602,265,9.75,42.97
2603,265,11.75,50
2604,265,13.75,58.9
2605,265,15.75,67.26
2606,265,17.75,75.31
2607,265,19.55,80.39
2608,266,1.75,14.14
2609,266,3.75,25.23
2610,266,5.75,35.7
2611,266,7.75,44.06
2612,266,9.75,52.65
2613,266,11.75,60.93
2614,266,13.75,69.06
2615,266,15.75,76.25
2616,266,17.75,83.04
2617,266,19.75,89.99
2618,267,1.75,12.97
2619,267,3.75,26.01
2620,267,5.75,35.31
2621,267,7.75,43.12
2622,267,9.75,50.23
2623,267,11.75,58.98
2624,267,13.75,66.79
2625,267,15.75,73.9
2626,267,17.75,80.78
2627,267,19.95,89.06
2628,268,1.75,12.5
2629,268,3.75,22.65
2630,268,5.75,32.19
2631,268,7.75,40.39
2632,268,9.75,48.75
2633,268,11.75,57.57
2634,268,13.75,66.4
2635,268,15.75,74.6
2636,268,17.75,82.03
2637,268,19.55,88.67
2638,269,1.75,13.83
2639,269,3.75,25.08
2640,269,5.75,32.58
2641,269,7.75,40.47
2642,269,9.75,47.42
2643,269,11.75,54.92
2644,269,13.75,63.04
2645,269,15.75,71.4
2646,269,17.75,78.35
2647,269,19.75,85.07
2648,270,1.75,14.06
2649,270,3.75,24.76
2650,270,5.75,36.64
2651,270,7.75,46.09
2652,270,9.75,56.25
2653,270,11.75,63.2
2654,270,13.75,70.39
2655,270,15.75,79.68
2656,270,17.75,86.64
2657,270,18.05,87.73
2658,271,1.75,15
2659,271,3.75,29.14
2660,271,5.75,39.29
2661,271,7.75,48.04
2662,271,9.75,55.86
2663,271,11.75,63.59
2664,271,13.75,71.09
2665,271,15.75,77.89
2666,271,17.75,86.01
2667,271,19.05,90.85
2668,272,1.75,11.48
2669,272,3.75,22.11
2670,272,5.75,31.72
2671,272,7.75,42.03
2672,272,9.75,49.76
2673,272,11.75,57.42
2674,272,13.75,64.21
2675,272,15.75,70.54
2676,272,17.75,78.35
2677,273,1.75,14.37
2678,273,3.75,24.92
2679,273,5.75,33.51
2680,273,7.75,41.79
2681,273,9.75,50.15
2682,273,11.75,57.18
2683,273,13.8,65
2684,273,14.8,68.67
2685,274,1.75,14.77
2686,274,3.75,25.64
2687,274,5.75,37.01
2688,274,7.75,49.56
2689,274,9.8,62.97
2690,274,11.75,73.5
2691,274,13.75,81.17
2692,274,15.75,88.34
2693,274,17.75,96.29
2694,274,20,104.28
2695,275,1.75,11.87
2696,275,3.75,19.52
2697,275,5.75,28.34
2698,275,7.75,37.51
2699,275,9.75,46.51
2700,275,12.1,56.18
2701,275,13.65,61.3
2702,276,1.75,9.5
2703,276,3.75,16.79
2704,276,5.75,25.29
2705,276,7.75,34.64
2706,276,9.75,44.31
2707,276,11.75,53.88
2708,276,13.75,63.15
2709,276,15.75,71.62
2710,276,16.05,72.87
2711,277,1.75,14.59
2712,277,3.75,24.97
2713,277,5.75,33.44
2714,277,7.9,43.86
2715,277,9.75,52.08
2716,277,11.75,60.68
2717,277,13.75,68.97
2718,277,15.75,76.84
2719,278,1.75,9.67
2720,278,3.75,17.49
2721,278,5.75,28.69
2722,278,7.75,38.71
2723,278,9.75,48.56
2724,278,11.75,58.35
2725,278,13.75,67.77
2726,278,15.75,74.22
2727,278,17.75,82.59
2728,278,18.65,85.92
2729,279,1.75,11.2
2730,279,3.75,23.94
2731,279,5.75,35.81
2732,279,7.75,45.48
2733,279,9.75,53.98
2734,279,11.75,63.3
2735,279,13.75,71
2736,279,15.75,78.52
2737,279,16.75,82.97
2738,280,1.75,11.07
2739,280,3.75,22.57
2740,280,5.75,32.94
2741,280,7.75,42.96
2742,280,9.75,53.48
2743,280,11.75,61.3
2744,280,13.75,69.17
2745,280,15.75,76.99
2746,280,17.75,86.12
2747,280,19.75,93.14
2748,281,1.75,11.37
2749,281,3.8,21.04
2750,281,5.75,31.24
2751,281,7.75,40.41
2752,281,9.75,49.06
2753,281,11.75,57.6
2754,281,13.75,66.67
2755,281,15.75,74.82
2756,281,17.75,83.14
2757,281,19.8,91.76
2758,282,1.75,16.47
2759,282,3.75,29.54
2760,282,5.75,42.61
2761,282,7.75,56.18
2762,282,9.75,70.4
2763,282,11.75,86.72
2764,282,13.75,102.96
2765,282,15.75,120.38
2766,282,17.75,134.72
2767,282,19.75,142.29
2768,282,21.75,149.27
2769,282,23.75,157.09
2770,282,25.75,164.08
2771,282,26.45,166.66
2772,283,1.75,10.52
2773,283,3.75,20.19
2774,283,5.85,34.46
2775,283,7.75,43.96
2776,283,9.75,55.18
2777,283,11.75,67
2778,283,13.75,76.69
2779,283,15.75,85.19
2780,283,17.75,93.34
2781,283,19.75,101.06
2782,283,21.75,107.58
2783,283,23.75,114.98
2784,283,25.7,122.23
2785,284,1.75,10.87
2786,284,3.75,22.42
2787,284,5.75,35.99
2788,284,7.75,50.08
2789,284,9.75,60.78
2790,284,11.75,70.55
2791,284,13.75,79.62
2792,284,15.75,88.71
2793,284,17.75,96.74
2794,284,19.75,106.23
2795,284,21.75,114.63
2796,284,23.75,121.9
2797,284,25.75,128.85
2798,284,27,132.4
2799,285,3.75,23.94
2800,285,5.75,38.53
2801,285,7.75,53.48
2802,285,9.75,62.23
2803,285,11.75,72.4
2804,285,13.75,81.79
2805,285,15.75,89.99
2806,285,17.75,98.14
2807,285,19.75,104.93
2808,285,21.65,112.95
2809,286,1.75,13.07
2810,286,3.75,38.71
2811,286,5.75,73.15
2812,286,7.75,106.88
2813,286,9.8,136.12
2814,286,11.75,159.54
2815,286,13.75,172.08
2816,286,15.75,182.38
2817,286,17.75,190.82
2818,286,19.75,200.37
2819,286,21.75,210.22
2820,286,23.75,217.34
2821,286,25.75,224.81
2822,286,27.75,232.03
2823,286,30.15,240.83
2824,287,1.75,9.85
2825,287,3.75,18.49
2826,287,5.75,26.81
2827,287,7.75,35.49
2828,287,9.75,42.26
2829,287,11.75,50.75
2830,287,13.75,60.28
2831,287,15.75,71.32
2832,287,17.75,79.99
2833,287,19.75,87.22
2834,287,20.85,91.11
2835,288,1.75,12.22
2836,288,3.75,18.67
2837,288,5.75,26.99
2838,288,7.75,33.79
2839,288,9.75,43.96
2840,288,11.75,52.73
2841,288,13.75,60.55
2842,288,15.75,68.85
2843,288,17.75,78.39
2844,288,20.1,87.96
2845,289,1.75,10.02
2846,289,3.75,18.49
2847,289,5.75,27.34
2848,289,7.75,39.41
2849,289,9.75,49.06
2850,289,11.75,60.28
2851,289,13.75,71.62
2852,289,15.75,79.27
2853,289,17.75,86.84
2854,289,19.85,96.29
2855,290,1.75,12.57
2856,290,3.75,17.99
2857,290,5.75,26.81
2858,290,7.75,37.86
2859,290,9.75,47.03
2860,290,11.75,58.98
2861,290,13.75,66.05
2862,290,15.75,73.45
2863,290,17.75,80.19
2864,290,19.75,88.51
2865,290,21.75,96.74
2866,290,23.75,104.08
2867,290,25.75,111.86
2868,290,27.75,119.9
2869,290,29.35,125.3
2870,291,1.75,12.22
2871,291,3.75,23.27
2872,291,5.75,36.66
2873,291,7.75,49.91
2874,291,9.75,62.3
2875,291,11.75,74.87
2876,291,13.75,85.49
2877,291,15.75,92.79
2878,291,17.75,101.06
2879,291,19.95,109.08
2880,292,1.75,15.79
2881,292,3.75,26.64
2882,292,5.75,38.03
2883,292,7.75,48.88
2884,292,9.75,61.35
2885,292,11.75,73.95
2886,292,13.75,85.74
2887,292,15.75,95.01
2888,292,17.75,101.48
2889,292,20.25,111.11
2890,293,1.75,13.07
2891,293,3.75,22.92
2892,293,5.75,35.99
2893,293,7.75,48.03
2894,293,9.75,56.35
2895,293,11.75,66.07
2896,293,13.75,74.37
2897,293,15.75,82.42
2898,293,17.75,91.29
2899,293,19.85,99.76
2900,294,1.75,12.05
2901,294,3.75,20.37
2902,294,5.75,31.56
2903,294,7.75,42.61
2904,294,9.75,49.48
2905,294,11.75,56.48
2906,294,13.75,66.85
2907,294,15.75,76.84
2908,294,17.75,86.49
2909,294,19.95,94.56
2910,295,1.75,14.94
2911,295,3.75,29.86
2912,295,5.75,46.33
2913,295,7.75,72.25
2914,295,9.75,95.56
2915,295,11.75,112.23
2916,295,13.75,120.68
2917,295,15.75,129.17
2918,295,17.75,138.69
2919,295,19.95,147.77
2920,296,1.75,10.57
2921,296,3.75,20.04
2922,296,5.75,31.41
2923,296,7.75,41.26
2924,296,9.75,50.98
2925,296,11.75,60.55
2926,296,13.75,69.62
2927,296,15.75,77.77
2928,296,17.75,86.29
2929,296,19.75,94.14
2930,297,1.75,12.72
2931,297,3.75,21.72
2932,297,5.75,35.81
2933,297,7.75,48.83
2934,297,9.75,60.38
2935,297,11.75,70.7
2936,297,13.75,81.79
2937,297,15.75,91.49
2938,297,17.75,101.26
2939,297,19.85,109.63
2940,298,1.75,12.22
2941,298,3.75,20.72
2942,298,5.75,30.04
2943,298,7.75,41.08
2944,298,9.75,51.1
2945,298,11.75,60.7
2946,298,13.75,69.62
2947,298,15.75,79.07
2948,298,17.75,87.42
2949,298,19.95,95.44
2950,299,1.75,14.59
2951,299,3.75,29.54
2952,299,5.95,43.63
2953,299,7.75,52.73
2954,299,10.15,65.15
2955,299,11.75,71.75
2956,299,13.75,80.57
2957,299,15.75,88.14
2958,299,17.75,96.94
2959,299,20.25,106.48
2960,300,1.75,11.87
2961,300,3.75,21.89
2962,300,5.75,34.79
2963,300,7.75,45.83
2964,300,9.75,57.03
2965,300,11.75,67.15
2966,300,13.75,78.39
2967,300,15.75,88.14
2968,300,17.75,97.59
2969,300,19.8,106.48
2970,301,1.75,10.02
2971,301,3.75,17.14
2972,301,5.75,24.97
2973,301,7.75,36.66
2974,301,9.75,48.38
2975,301,11.75,58.98
2976,301,13.75,67.47
2977,301,15.75,77.77
2978,301,17.65,84.44
2979,302,1.75,12.22
2980,302,3.75,23.94
2981,302,5.75,38.18
2982,302,7.75,48.71
2983,302,9.75,61.68
2984,302,11.75,71.62
2985,302,13.75,80.24
2986,302,15.75,88.14
2987,302,17.75,95.21
2988,302,20.45,107.03
2989,303,1.75,17.32
2990,303,3.75,31.56
2991,303,5.75,50.58
2992,303,7.75,73.95
2993,303,9.75,97.96
2994,303,11.75,119.83
2995,303,13.75,140.74
2996,303,15.75,150.74
2997,303,17.75,159.11
2998,303,19.75,168.33
2999,303,21.45,175.9
3000,304,1.75,12.89
3001,304,3.75,23.42
3002,304,5.75,34.11
3003,304,7.75,44.63
3004,304,9.75,53.88
3005,304,11.75,64.37
3006,304,13.75,73.92
3007,304,15.75,81.67
3008,304,17.75,89.64
3009,304,19.95,99.54
3010,305,1.75,9
3011,305,3.75,18.17
3012,305,5.75,25.79
3013,305,7.75,33.96
3014,305,9.75,41.58
3015,305,11.75,50.13
3016,305,13.75,59.13
3017,305,15.75,66.82
3018,305,17.75,74.62
3019,305,18.9,79.62
3020,306,1.75,13.74
3021,306,3.75,28.34
3022,306,5.75,42.96
3023,306,7.75,53.53
3024,306,9.75,64.07
3025,306,11.75,74.37
3026,306,13.75,83.52
3027,306,15.75,91.66
3028,306,17.75,100.18
3029,306,19.8,108.88
3030,307,1.75,10.2
3031,307,3.75,21.22
3032,307,5.75,33.26
3033,307,7.75,40.91
3034,307,10.2,51.25
3035,307,11.75,57.68
3036,307,13.75,64.7
3037,307,15.7,71.75
3038,308,1.75,10.02
3039,308,3.75,18.34
3040,308,5.75,28.34
3041,308,7.75,42.43
3042,308,9.75,51.43
3043,308,11.75,60.08
3044,308,13.75,68.55
3045,308,15.75,76.84
3046,308,17.75,85.37
3047,308,18.2,87.04
3048,309,1.75,8.5
3049,309,3.75,15.44
3050,309,5.75,23.59
3051,309,7.75,34.29
3052,309,9.75,45.33
3053,309,11.75,52.5
3054,309,13.75,60.38
3055,309,15.75,68.85
3056,309,17.75,77.22
3057,309,18.8,81.12
3058,310,1.75,11.17
3059,310,3.75,20.62
3060,310,5.75,27.89
3061,310,7.75,35.23
3062,310,9.75,42.81
3063,310,11.75,50.39
3064,310,13.75,59.06
3065,310,15.75,66.32
3066,310,17.75,73.35
3067,310,19.75,80.7
3068,310,20.25,82.49
3069,311,1.75,15.39
3070,311,3.75,24.61
3071,311,5.75,35.62
3072,311,7.75,47.34
3073,311,9.75,57.03
3074,311,11.75,66.64
3075,311,13.75,75.85
3076,311,15.75,85.7
3077,311,17.75,93.67
3078,311,19.75,102.42
3079,311,20.25,104.68
3080,312,3.75,18.17
3081,312,5.75,25.96
3082,312,7.75,36.16
3083,312,9.75,47.71
3084,312,11.75,55.1
3085,312,13.75,62.65
3086,312,15.75,71.32
3087,312,17.75,78.39
3088,313,1.75,10.02
3089,313,3.75,16.79
3090,313,7.75,38.71
3091,313,9.75,50.93
3092,313,11.75,61.15
3093,313,13.75,71.32
3094,313,15.75,79.82
3095,313,17.75,88.51
3096,313,19.85,97.81
3097,314,1.75,10.7
3098,314,3.75,19.19
3099,314,5.75,28.51
3100,314,7.75,37.51
3101,314,9.75,47.03
3102,314,11.75,55.75
3103,314,13.8,63.92
3104,314,15.75,73.3
3105,314,17.75,81.49
3106,314,19.75,89.44
3107,314,21.75,98.24
3108,314,23.9,104.41
3109,315,1.75,11.82
3110,315,3.75,21.22
3111,315,5.75,30.89
3112,315,7.75,41.08
3113,315,9.75,50.08
3114,315,11.75,58.53
3115,315,13.75,69.02
3116,315,15.75,76.07
3117,315,17.45,82.77
3118,316,1.75,11.5
3119,316,3.75,19.87
3120,316,5.75,28.34
3121,316,7.75,35.99
3122,316,9.75,43.96
3123,316,11.75,52.95
3124,316,13.75,60.83
3125,316,17.75,75.74
3126,316,19.75,83.34
3127,316,20.8,87.22
3128,317,1.75,10.87
3129,317,3.75,17.64
3130,317,5.75,24.97
3131,317,7.75,32.41
3132,317,9.75,44.81
3133,317,11.75,54
3134,317,13.75,64.07
3135,317,15.75,71.75
3136,317,17.75,79.82
3137,317,19.75,86.84
3138,317,21.4,93.26
3139,318,1.75,10.02
3140,318,3.75,18.49
3141,318,5.75,29.19
3142,318,7.75,37.68
3143,318,9.75,46.33
3144,318,11.75,54
3145,318,13.75,61.75
3146,318,15.75,68.67
3147,318,17.75,76.67
3148,318,19.3,83.14
3149,319,1.75,12.11
3150,319,3.75,22.11
3151,319,5.75,36.17
3152,319,7.75,53.67
3153,319,9.75,68.59
3154,319,11.75,79.29
3155,319,13.75,87.18
3156,319,15.75,94.29
3157,319,17.75,102.18
3158,319,19.75,109.13
3159,319,20.2,110.85
3160,320,2.05,9.77
3161,320,3.75,18.91
3162,320,5.75,28.83
3163,320,7.75,37.26
3164,320,9.75,44.68
3165,320,11.75,52.03
3166,320,13.75,60.46
3167,320,15.25,66.87
3168,321,1.75,13.83
3169,321,3.75,26.95
3170,321,5.75,39.14
3171,321,7.75,47.42
3172,321,9.75,54.68
3173,321,11.75,62.5
3174,321,13.75,71.32
3175,321,15.75,81.01
3176,321,17.75,88.51
3177,321,19.75,94.68
3178,321,20.55,97.1
3179,322,1.75,8.52
3180,322,3.75,17.5
3181,322,5.75,27.26
3182,322,7.75,37.19
3183,322,9.75,44.53
3184,322,11.75,53.04
3185,322,13.75,61.79
3186,322,15.75,69.45
3187,322,17.75,76.79
3188,322,19.75,84.21
3189,322,20.35,86.64
3190,323,1.75,10.39
3191,323,3.75,19.22
3192,323,5.75,27.89
3193,323,7.75,37.5
3194,323,9.75,47.65
3195,323,11.75,56.56
3196,323,13.75,64.68
3197,323,15.75,73.04
3198,323,17.75,80.62
3199,323,19.75,87.57
3200,323,20.35,89.76
3201,324,1.75,10.23
3202,324,3.75,20
3203,324,5.75,26.01
3204,324,7.75,35.62
3205,324,9.75,47.42
3206,324,11.75,56.01
3207,324,13.75,65.39
3208,324,15.75,73.82
3209,324,17.75,80.7
3210,324,19.75,88.2
3211,324,20.35,90.85
3212,325,1.75,8.75
3213,325,3.75,19.06
3214,325,5.75,29.84
3215,325,7.75,38.67
3216,325,9.75,46.87
3217,325,11.75,56.01
3218,325,13.75,65.07
3219,325,15.75,73.82
3220,325,17.75,82.49
3221,325,19.75,89.84
3222,325,20.35,92.18
3223,326,1.75,13.51
3224,326,3.75,22.5
3225,326,5.75,33.83
3226,326,7.75,43.12
3227,326,9.75,52.57
3228,326,11.75,59.21
3229,326,13.75,66.01
3230,326,15.75,73.9
3231,326,17.75,82.81
3232,326,19.75,91.01
3233,326,20.15,92.81
3234,327,1.75,10.31
3235,327,3.75,17.97
3236,327,5.75,27.73
3237,327,7.75,37.34
3238,327,9.75,46.79
3239,327,11.8,53.75
3240,327,13.75,60.23
3241,327,15.75,68.59
3242,327,17.75,76.48
3243,327,20.25,85.54
3244,328,1.75,10.78
3245,328,3.75,16.25
3246,328,5.75,25
3247,328,7.75,33.12
3248,328,9.75,40.08
3249,328,11.75,48.36
3250,328,13.75,57.26
3251,328,15.75,64.45
3252,328,17.75,71.79
3253,328,20.15,79.76
3254,329,1.75,11.25
3255,329,3.75,19.3
3256,329,5.75,28.28
3257,329,6.75,31.95
3258,329,7.75,36.87
3259,329,9.75,46.56
3260,329,11.75,54.92
3261,329,13.75,63.98
3262,329,15.75,69.92
3263,329,17.75,76.25
3264,329,20.35,85.93
3265,330,1.75,9.45
3266,330,3.75,20.31
3267,330,5.75,29.53
3268,330,6.4,30.7
3269,331,1.75,11.09
3270,331,3.75,17.34
3271,331,5.75,30.94
3272,331,7.75,39.84
3273,331,9.75,51.58
3274,331,10.95,57.34
3275,332,1.75,11.64
3276,332,3.75,17.58
3277,333,1.75,13.51
3278,333,3.75,22.11
3279,333,5.75,29.76
3280,333,7.75,37.5
3281,333,9.75,42.73
3282,333,11.75,50.93
3283,333,13.75,57.34
3284,333,15.75,65.93
3285,334,1.75,8.75
3286,335,1.75,10.82
3287,336,1.75,10.08
3288,336,3.75,17.66
3289,336,5.75,24.49
3290,336,7.75,31.91
3291,336,9.75,37.19
3292,336,11.75,43.36
3293,336,13.75,51.32
3294,336,15.75,58.08
3295,336,17.1,63.82
3296,337,1.75,9.96
3297,337,3.75,20.19
3298,337,5.75,30.15
3299,337,7.75,36.29
3300,337,9.75,43.28
3301,337,11.75,54.64
3302,337,13.75,63.47
3303,337,15.75,71.4
3304,337,17.75,77.46
3305,337,20.25,85.39
3306,338,1.75,11.99
3307,338,3.75,21.52
3308,338,5.75,27.62
3309,338,7.75,37.85
3310,338,9.75,47.34
3311,338,11.75,56.91
3312,338,13.75,66.71
3313,338,15.75,74.41
3314,338,17.75,82.49
3315,338,20.25,89.02
3316,339,1.75,13.09
3317,339,3.75,19.96
3318,339,5.75,25.7
3319,339,6.35,27.26
3320,340,1.75,10.94
3321,340,3.75,23.2
3322,340,7.75,41.33
3323,340,9.75,54.57
3324,340,11.75,63.28
3325,340,13.75,69.6
3326,340,15.75,76.52
3327,340,17.75,83.67
3328,340,20.25,87.49
3329,341,1.75,12.26
3330,341,3.75,25
3331,341,5.75,42.89
3332,341,7.75,56.32
3333,341,9.75,66.79
3334,341,11.75,76.01
3335,341,13.75,85.23
3336,341,15.75,92.88
3337,341,17.75,102.49
3338,341,19.75,109.99
3339,342,1.75,14.61
3340,342,3.75,27.58
3341,342,5.75,42.18
3342,342,7.75,59.21
3343,342,9.75,71.25
3344,342,11.75,83.59
3345,342,13.75,94.21
3346,342,15.75,103.12
3347,342,17.75,111.56
3348,342,18.65,114.6
3349,343,1.75,13.91
3350,343,3.75,25.86
3351,343,5.75,35.94
3352,343,7.75,47.18
3353,343,9.75,56.25
3354,343,11.75,65.62
3355,343,13.75,73.59
3356,343,15.75,82.65
3357,343,17.75,90.62
3358,343,19.75,98.27
3359,343,20.25,100.46
3360,344,1.75,9.61
3361,344,3.75,18.75
3362,344,5.75,28.51
3363,344,7.75,40.15
3364,344,9.75,49.29
3365,344,11.75,56.4
3366,344,13.75,63.51
3367,344,15.75,72.34
3368,344,17.75,79.21
3369,344,19.75,87.18
3370,344,20.35,89.6
3371,345,1.75,8.05
3372,345,3.75,17.73
3373,345,5.75,27.03
3374,345,7.75,36.09
3375,345,9.75,44.61
3376,345,11.75,53.12
3377,345,13.75,60.86
3378,345,15.75,69.14
3379,345,16.55,72.1
3380,346,1.75,9.69
3381,346,3.75,18.91
3382,346,5.75,28.59
3383,346,7.75,35.94
3384,346,9.75,43.36
3385,346,11.75,51.79
3386,346,13.75,59.92
3387,346,15.75,68.2
3388,346,17.75,77.03
3389,346,19.75,84.84
3390,346,20.35,87.65
3391,347,1.75,8.59
3392,347,3.75,20.62
3393,347,5.75,30.39
3394,347,7.75,39.45
3395,347,9.75,47.65
3396,347,11.75,56.32
3397,347,13.75,64.68
3398,347,15.75,72.1
3399,347,17.75,79.84
3400,347,19.75,87.73
3401,347,20.05,89.06
3402,348,1.75,16.79
3403,348,3.75,28.86
3404,348,5.75,40.56
3405,348,7.75,50.08
3406,348,9.75,60.38
3407,348,11.75,67.77
3408,349,1.75,15.44
3409,349,3.75,28.01
3410,349,5.75,39.03
3411,349,7.75,50.4
3412,349,9.75,60.08
3413,349,11.75,68.7
3414,349,13.75,77.64
3415,349,15.75,85.34
3416,349,17.75,94.06
3417,349,19.75,102.58
3418,350,1.75,11.55
3419,350,3.75,19.52
3420,350,5.75,26.31
3421,350,7.75,35.31
3422,350,9.75,43.01
3423,350,11.75,48.41
3424,350,13.75,56.3
3425,350,15.75,62.82
3426,350,17.75,70.82
3427,350,19.8,78.52
3428,351,1.75,9.17
3429,351,3.75,15.12
3430,351,5.75,23.27
3431,351,7.75,34.29
3432,351,9.75,42.11
3433,351,11.75,48.41
3434,351,13.65,55.55
3435,352,1.75,13.42
3436,352,3.75,21.22
3437,352,5.75,29.86
3438,352,7.75,41.93
3439,352,9.75,52.93
3440,352,11.75,62.23
3441,352,13.75,72.22
3442,352,15.75,81.79
3443,352,17.75,90.56
3444,352,19.75,98.51
3445,353,1.75,11.72
3446,353,3.75,21.04
3447,353,5.75,31.56
3448,353,7.75,39.88
3449,353,10.2,50.25
3450,353,11.75,57.03
3451,353,13.75,66.07
3452,353,15.75,73.45
3453,353,17.75,80.74
3454,353,20.55,91.49
3455,354,1.75,8.59
3456,354,3.75,13.98
3457,354,5.75,26.8
3458,354,7.75,31.25
3459,354,9.75,42.34
3460,354,11.75,46.64
3461,354,13.75,60.07
3462,355,1.75,8.36
3463,355,3.75,14.76
3464,355,5.75,27.65
3465,355,7.75,36.72
3466,355,9.75,40.7
3467,355,11.75,49.76
3468,355,13.75,60.54
3469,356,1.75,8.98
3470,356,3.75,15.86
3471,356,5.75,22.97
3472,356,7.75,40.7
3473,356,9.75,52.11
3474,356,11.75,61.01
3475,356,13.75,65.15
3476,356,15.15,71.4
3477,357,1.75,12.94
3478,357,3.75,21.69
3479,357,5.75,28.04
3480,357,7.75,34.64
3481,357,9.75,45.48
3482,357,11.75,53.15
3483,357,13.75,60.93
3484,357,15.25,65.87
3485,358,1.75,11.1
3486,358,3.75,18.24
3487,358,5.75,25.91
3488,358,7.75,33.06
3489,358,9.75,42.96
3490,358,11.75,52.5
3491,358,13.15,56.95
3492,359,1.75,11.5
3493,359,3.75,17.84
3494,359,5.75,25.79
3495,359,7.75,34.36
3496,359,8.9,38.33
3497,360,1.75,11.77
3498,360,3.75,19.84
3499,360,5.75,28.16
3500,360,7.75,35.44
3501,360,9.75,41.26
3502,360,11.75,50.3
3503,360,13.75,58.88
3504,360,15.75,64.42
3505,360,16.75,68.27
3506,361,1.75,7.8
3507,361,3.75,16.12
3508,361,5.75,23.94
3509,361,7.75,34.36
3510,361,9.75,40.18
3511,361,11.75,46.78
3512,361,13.75,53.33
3513,361,15.75,61.15
3514,361,16.25,62.72
3515,362,1.75,9.92
3516,362,3.75,15.19
3517,362,5.75,21.94
3518,362,7.75,27.64
3519,362,9.75,33.99
3520,362,11.75,43.88
3521,362,13.75,54.35
3522,362,15.75,60.95
3523,363,1.75,10.32
3524,363,3.75,16.39
3525,363,5.75,22.62
3526,363,7.75,35.44
3527,363,9.2,40.18
3528,364,3.75,13.87
3529,364,5.75,22.87
3530,364,7.75,31.99
3531,364,9.75,38.73
3532,364,11.75,45.36
3533,364,13.75,52.88
3534,364,15.75,61.78
3535,364,17.25,67.55
3536,365,1.75,12.05
3537,365,3.75,20.72
3538,365,5.75,33.26
3539,365,7.75,43.21
3540,365,9.8,54.25
3541,365,11.75,63.45
3542,365,13.75,72.67
3543,365,15.75,82.22
3544,365,17.75,91.49
3545,365,19.75,100.21
3546,365,21.75,107.58
3547,365,23.75,115.38
3548,365,25.75,132.7
3549,366,1.75,14.09
3550,366,3.75,26.14
3551,366,5.75,36.34
3552,366,7.75,49.26
3553,366,10.25,61.75
3554,366,11.75,71.15
3555,366,13.75,81.49
3556,366,15.75,90.19
3557,366,17.75,98.89
3558,366,19.75,105.93
3559,366,21.75,114.65
3560,366,23.75,122.53
3561,366,25.75,130.25
3562,366,27.75,137.2
3563,366,29.75,148.14
3564,367,9.75,65.75
3565,367,19.75,114.25
3566,367,29.75,158.64
3567,367,31.15,163.43
3568,368,1.75,16.64
3569,368,3.75,28.86
3570,368,5.75,40.83
3571,368,7.75,50.98
3572,368,9.75,63.6
3573,368,11.75,76.67
3574,368,13.75,85.19
3575,368,15.75,94.64
3576,368,17.75,102.36
3577,368,19.75,110.73
3578,368,21.55,116.65
3579,369,1.75,19.02
3580,369,3.75,33.11
3581,369,5.75,44.81
3582,369,7.75,55.28
3583,369,9.75,68.52
3584,369,11.75,80.57
3585,369,13.75,90.19
3586,369,15.75,98.24
3587,369,17.75,107.58
3588,369,19.75,116.1
3589,369,21.75,124.23
3590,369,22.15,125.45
3591,370,21.3,115.28
3592,371,24.65,144.92
3593,372,1.75,17.14
3594,372,3.75,34.79
3595,372,5.75,48.56
3596,372,7.75,60.25
3597,372,9.75,74.37
3598,372,11.75,86.84
3599,372,13.75,96.51
3600,372,15.75,105.38
3601,372,17.75,114.45
3602,372,19.75,122.53
3603,372,21.35,128.4
3604,373,1.75,16.79
3605,373,3.75,29.19
3606,373,5.75,41.41
3607,373,7.75,51.58
3608,373,11.75,76.67
3609,373,13.75,85.74
3610,373,15.75,95.01
3611,373,17.75,103.71
3612,373,19.75,111.26
3613,373,21.9,120.2
3614,374,1.75,18.34
3615,374,3.75,31.24
3616,374,5.75,44.31
3617,374,7.75,54.65
3618,374,9.75,67.9
3619,374,11.75,79.44
3620,374,13.75,89.44
3621,374,15.75,98.46
3622,374,17.75,105.38
3623,374,19.75,114.25
3624,374,21.75,123.6
3625,374,23.75,130.7
3626,375,0.75,11.55
3627,375,1.75,17.99
3628,375,3.2,30.21
3629,375,3.75,34.11
3630,375,4.75,40.73
3631,375,5.75,46.86
3632,375,6.75,52.45
3633,375,7.75,59.08
3634,375,9.75,72.85
3635,375,11.75,85.57
3636,375,13.75,95.01
3637,375,15.75,103.86
3638,375,17.75,112.95
3639,375,19.75,121.75
3640,375,21.85,129.95
3641,375,23.75,137.5
3642,375,25.75,146.29
3643,375,27.75,156.79
3644,375,29.75,165.88
3645,375,31.75,172.51
3646,376,0.75,13.57
3647,376,1.75,21.04
3648,376,2.75,29.86
3649,376,3.75,35.81
3650,376,4.75,42.41
3651,376,5.75,49.63
3652,376,6.75,54.25
3653,376,7.75,60.23
3654,376,9.75,74.42
3655,376,11.75,87.04
3656,376,13.75,96.94
3657,376,15.75,105.58
3658,376,17.75,114.63
3659,376,19.75,123.3
3660,376,21.85,132.87
3661,376,23.75,141.34
3662,376,25.75,150.19
3663,376,27.75,159.31
3664,376,29.75,169.26
3665,376,31.45,175.93
3666,377,0.75,13.74
3667,377,1.75,19.34
3668,377,2.75,29.04
3669,377,3.75,35.31
3670,377,4.75,41.93
3671,377,5.75,47.41
3672,377,6.75,53.7
3673,377,7.75,59.48
3674,377,9.75,72.37
3675,377,11.95,85.92
3676,377,13.75,93.71
3677,377,15.75,102.13
3678,377,17.75,110.18
3679,377,19.75,118.35
3680,377,21.85,127.32
3681,377,23.75,136.42
3682,377,26.3,146.92
3683,377,27.75,154.31
3684,377,29.75,162.66
3685,377,31.45,169.91
3686,378,1.75,7.58
3687,378,3.75,13.51
3688,378,5.75,19.06
3689,378,7.75,25.08
3690,378,9.75,33.98
3691,378,10.15,35.39
3692,379,1.75,12.94
3693,379,3.75,24.47
3694,379,5.75,34.51
3695,379,7.75,43.18
3696,379,9.75,49.28
3697,379,11.75,54.18
3698,379,13.75,60.68
3699,379,15.75,67.17
3700,379,17.45,72.27
3701,380,0.75,6.02
3702,380,0.8,6.2
3703,380,1.8,8.05
3704,380,2.85,13.07
3705,380,3.9,19.87
3706,380,4.9,25.96
3707,380,5.95,31.91
3708,380,6.95,39.08
3709,380,8,44.43
3710,380,10.1,54.8
3711,380,11.15,59.63
3712,380,12.15,63.77
3713,380,13.1,68.67
3714,380,14.1,72.92
3715,380,15.1,77.04
3716,380,16.15,81.29
3717,380,17.2,85.19
3718,380,18.25,90.19
3719,380,19.25,93.45
3720,380,19.75,95.01
3721,381,20.45,96.11
3722,381,21.45,99.81
3723,381,22.45,102.96
3724,381,23.45,106.66
3725,381,24.45,110.18
3726,381,24.8,111.31
3727,382,1.75,9
3728,382,3.75,19.69
3729,382,5.75,29.71
3730,382,7.75,39.88
3731,382,9.75,50.18
3732,382,11.8,59.35
3733,382,13.75,67.82
3734,382,15.75,75.54
3735,382,17.75,84.74
3736,382,19.75,92.11
3737,382,21.75,100.83
3738,382,23.25,106.08
3739,382,25.35,112.16
3740,383,1.75,6.45
3741,383,3.75,11.45
3742,383,5.8,17.59
3743,383,7.75,22.14
3744,383,9.75,27.14
3745,383,11.1,30.29
3746,384,1.75,11.32
3747,384,3.75,18.84
3748,384,5.75,25.11
3749,384,7.75,30.71
3750,384,9.75,36.66
3751,384,11.75,42.23
3752,384,13.75,47.41
3753,384,15.75,53.83
3754,384,17.75,59.85
3755,384,19.75,67.32
3756,384,21.75,74.27
3757,384,22.45,76.47
3758,385,1.75,8.82
3759,385,3.75,14.77
3760,385,5.75,19.69
3761,385,7.75,26.64
3762,385,9.75,33.11
3763,385,11.75,39.21
3764,385,12.75,41.76
3765,386,1.75,13.07
3766,386,3.75,18.49
3767,386,5.9,25.29
3768,386,7.75,31.74
3769,386,9.75,38.18
3770,386,11.75,43.21
3771,386,13.75,49.63
3772,386,14.05,50.73
3773,387,1.75,6.64
3774,387,3.75,13.12
3775,387,5.75,19.92
3776,387,7.75,27.19
3777,387,9.75,33.36
3778,387,11.75,39.53
3779,387,13.75,43.83
3780,387,15.75,48.67
3781,387,17.75,54.84
3782,387,18.65,56.87
3783,388,1.75,13.91
3784,388,3.75,21.33
3785,388,5.75,36.48
3786,388,7.75,45.78
3787,388,9.75,53.59
3788,388,11.75,59.68
3789,388,13.75,65.78
3790,388,15.75,72.1
3791,388,17.75,79.45
3792,388,19.75,85.78
3793,389,1.75,15.47
3794,389,3.75,24.61
3795,389,5.75,32.42
3796,389,7.75,44.68
3797,389,9.75,52.5
3798,389,11.75,60.23
3799,389,13.75,65.39
3800,389,15.75,73.04
3801,389,17.75,78.2
3802,389,19.8,85.7
3803,389,21.75,93.51
3804,389,22.75,97.03
3805,390,1.75,14.45
3806,390,3.75,21.64
3807,390,5.75,33.2
3808,390,7.75,44.14
3809,390,9.75,56.95
3810,390,11.75,65.7
3811,390,13.75,73.67
3812,390,15.75,80.7
3813,390,17.75,86.56
3814,390,19.75,93.12
3815,390,21.75,100.93
3816,390,23.75,107.1
3817,390,25.75,114.68
3818,390,27.75,122.18
3819,390,29.95,129.37
3820,391,1.75,11.95
3821,391,3.75,23.98
3822,391,5.75,36.56
3823,391,7.75,46.48
3824,391,9.75,56.87
3825,391,11.75,65.31
3826,391,13.75,71.87
3827,391,15.75,79.06
3828,391,17.75,85.62
3829,391,20.15,93.51
3830,392,1.75,8.75
3831,392,3.75,24.37
3832,392,5.75,35.08
3833,392,7.75,44.22
3834,392,9.75,52.73
3835,392,11.75,61.17
3836,392,13.75,70.07
3837,392,15.35,77.5
3838,393,1.75,8.52
3839,393,3.75,16.8
3840,393,5.75,26.8
3841,393,7.75,41.09
3842,393,9.75,53.2
3843,393,11.75,61.64
3844,393,13.75,70.39
3845,393,15.05,79.76
3846,394,1.75,10.7
3847,394,3.75,17.03
3848,394,5.75,31.56
3849,394,7.75,41.17
3850,394,9.75,51.79
3851,394,11.75,63.2
3852,394,13.75,67.96
3853,394,14.25,69.84
3854,395,1.75,8.44
3855,395,3.75,17.97
3856,395,5.75,27.89
3857,395,7.75,40.54
3858,395,9.75,52.65
3859,395,11.75,59.29
3860,395,12.75,64.14
3861,396,1.75,8.98
3862,396,3.75,18.05
3863,396,5.75,29.45
3864,396,7.75,38.2
3865,396,13.75,67.34
3866,396,15.05,71.87
3867,397,1.75,10.16
3868,397,3.75,17.19
3869,397,5.75,24.3
3870,397,7.75,30.94
3871,397,9.75,38.2
3872,397,11.75,47.5
3873,397,13.75,55.47
3874,397,15.15,60.15
3875,398,1.75,11.01
3876,398,3.75,18.44
3877,398,5.75,29.61
3878,398,7.75,38.59
3879,398,9.75,46.87
3880,398,11.75,56.09
3881,398,13.75,63.59
3882,398,15.25,68.9
3883,399,1.75,11.01
3884,399,3.75,19.69
3885,399,5.75,38.67
3886,399,7.75,46.25
3887,399,9.75,58.12
3888,399,11.75,66.17
3889,399,13.25,75.07
3890,400,1.75,10.08
3891,400,3.75,20.62
3892,400,5.75,30.47
3893,400,7.75,39.61
3894,400,9.75,47.89
3895,400,11.75,56.48
3896,400,13.75,63.75
3897,401,1.75,10.39
3898,401,3.75,22.97
3899,401,5.75,33.83
3900,401,7.75,44.53
3901,401,9.75,53.75
3902,401,11.75,62.73
3903,401,13.75,71.09
3904,402,1.75,8.28
3905,402,3.75,14.76
3906,402,5.75,23.44
3907,402,7.75,39.06
3908,402,9.75,48.36
3909,402,11.75,56.56
3910,402,12.2,58.2
3911,403,1.75,8.83
3912,403,3.75,21.33
3913,403,5.75,32.73
3914,403,7.75,39.45
3915,403,9.75,51.48
3916,403,11.75,57.97
3917,403,12.75,63.82
3918,404,1.75,9.45
3919,404,3.75,15.39
3920,404,5.75,22.73
3921,404,7.75,36.48
3922,404,9.75,46.25
3923,404,11.75,54.68
3924,404,13.25,61.32
3925,405,1.75,8.25
3926,405,3.75,14.42
3927,405,5.75,21.29
3928,405,7.75,28.56
3929,405,9.75,34.36
3930,405,11.75,41.26
3931,405,12.75,44.76
3932,406,1.75,12.73
3933,406,3.75,37.03
3934,406,5.75,48.9
3935,406,7.75,58.9
3936,406,9.75,60.7
3937,406,11.75,77.03
3938,406,13.75,86.17
3939,406,15.75,93.67
3940,406,17.75,102.1
3941,406,19.75,110.54
3942,406,21.3,116.95
3943,407,1.75,12.34
3944,407,3.75,18.83
3945,407,5.75,38.04
3946,407,7.75,49.37
3947,407,9.75,57.57
3948,407,11.75,64.92
3949,407,13.75,71.95
3950,407,15.75,80.78
3951,407,17.75,89.84
3952,407,19.75,99.92
3953,407,22.3,112.81
3954,408,1.75,10.94
3955,408,3.75,26.8
3956,408,5.75,37.34
3957,408,7.75,46.4
3958,408,9.75,58.04
3959,408,11.75,66.17
3960,408,13.75,77.34
3961,408,15.75,81.71
3962,408,17.75,93.12
3963,409,1.75,16.8
3964,409,3.75,33.9
3965,409,5.75,49.76
3966,409,7.75,68.12
3967,409,9.75,88.04
3968,409,11.75,95.15
3969,409,13.75,117.81
3970,409,15.75,134.13
3971,409,17.75,146.87
3972,409,20.75,162.96
3973,409,21.75,168.74
3974,409,23.75,174.75
3975,410,1.75,11.95
3976,410,3.75,25.94
3977,410,5.75,39.76
3978,410,7.75,53.36
3979,410,9.75,67.26
3980,410,11.75,84.37
3981,410,13.75,100.77
3982,410,15.75,116.16
3983,410,17.75,124.76
3984,410,19.75,132.26
3985,410,21.75,139.99
3986,411,1.75,14.3
3987,411,3.75,25.55
3988,411,5.75,34.22
3989,411,7.75,52.26
3990,411,9.75,63.28
3991,411,11.75,80.07
3992,411,13.75,95.85
3993,411,15.75,108.51
3994,411,17.75,118.98
3995,411,20.25,127.88
3996,412,1.75,10.7
3997,412,3.75,33.12
3998,412,5.75,47.18
3999,412,7.75,69.68
4000,412,9.75,86.87
4001,412,11.75,105.54
4002,412,13.75,118.66
4003,412,15.75,139.05
4004,412,17.75,146.87
4005,412,20.25,154.76
4006,413,1.75,10.16
4007,413,3.75,24.76
4008,413,5.75,38.2
4009,413,7.75,50.78
4010,413,9.75,67.11
4011,413,11.75,83.98
4012,413,13.75,100.38
4013,413,15.75,116.32
4014,413,17.75,124.84
4015,413,20.25,139.6
4016,414,1.75,12.5
4017,414,3.75,27.73
4018,414,5.75,40.23
4019,414,7.75,56.95
4020,414,9.75,70.39
4021,414,11.75,86.48
4022,414,13.75,99.76
4023,414,15.75,113.27
4024,414,17.75,123.98
4025,414,20.25,135.15
4026,415,1.75,13.67
4027,415,3.75,27.03
4028,415,5.75,39.61
4029,415,7.75,52.34
4030,415,9.75,67.81
4031,415,11.75,80.93
4032,415,13.75,100.46
4033,415,15.75,109.84
4034,415,17.75,120.46
4035,415,20.25,131.71
4036,416,1.75,13.2
4037,416,3.75,24.76
4038,416,5.75,36.33
4039,416,7.75,62.26
4040,416,9.75,72.03
4041,416,11.75,77.89
4042,417,1.75,8.83
4043,417,5.75,25
4044,417,7.75,30.23
4045,417,9.75,41.33
4046,417,11.75,50.31
4047,417,13.25,51.79
4048,418,1.75,8.44
4049,418,3.75,17.19
4050,418,5.75,27.58
4051,418,7.75,37.34
4052,418,9.75,49.68
4053,418,11.75,55.86
4054,418,13.75,67.5
4055,418,14.35,69.84
4056,419,1.75,7.58
4057,419,3.75,14.69
4058,419,5.75,22.89
4059,419,7.75,34.76
4060,419,9.75,42.89
4061,419,11.75,50.93
4062,419,13.75,59.68
4063,419,14.15,61.4
4064,420,1.75,7.89
4065,420,3.75,16.95
4066,420,5.75,25.94
4067,420,7.75,36.79
4068,420,9.75,46.64
4069,420,11.75,54.37
4070,420,13.75,58.82
4071,420,15.25,67.26
4072,421,1.75,6.02
4073,421,3.75,12.66
4074,421,5.75,19.84
4075,421,7.75,30.94
4076,421,9.75,39.68
4077,421,11.75,41.25
4078,421,13.75,55.62
4079,421,15.65,58.43
4080,422,1.75,7.66
4081,422,3.75,12.89
4082,422,5.75,25.23
4083,422,7.75,34.37
4084,422,9.75,40.54
4085,422,11.75,52.65
4086,422,13.35,56.32
4087,423,1.75,10.16
4088,423,3.75,16.25
4089,423,5.75,33.28
4090,423,7.75,40.15
4091,423,9.75,50
4092,423,11.75,58.82
4093,423,12.25,61.17
4094,424,1.75,11.25
4095,424,3.75,19.22
4096,424,5.75,21.25
4097,424,7.75,29.37
4098,424,9.75,46.25
4099,424,11.75,50.47
4100,424,13.05,60.62
4101,425,1.75,10.47
4102,425,3.75,23.12
4103,425,5.75,35.54
4104,425,7.75,48.9
4105,425,9.75,60.86
4106,425,11.75,69.29
4107,426,1.75,8.2
4108,426,3.75,15.86
4109,426,5.75,23.59
4110,426,7.75,31.64
4111,426,9.75,36.95
4112,426,11.75,49.84
4113,426,13.75,57.73
4114,426,15.75,62.65
4115,427,1.75,9.3
4116,427,3.75,18.36
4117,427,5.75,27.5
4118,427,7.75,38.51
4119,427,9.75,46.79
4120,427,11.75,56.25
4121,427,13.75,63.36
4122,427,15.2,69.84
4123,428,1.75,9.14
4124,428,3.75,19.84
4125,428,5.75,31.87
4126,428,7.75,43.98
4127,428,9.75,52.97
4128,428,11.75,61.95
4129,428,13.75,70.39
4130,428,14.25,72.34
4131,429,1.75,8.12
4132,429,3.75,17.97
4133,429,5.75,23.12
4134,429,7.75,36.56
4135,429,9.75,43.04
4136,429,10.15,43.75
4137,430,3.75,24.27
4138,430,5.75,37.86
4139,430,7.75,47.53
4140,430,9.75,56.68
4141,430,11.75,64.85
4142,430,13.75,72.07
4143,430,15.75,79.82
4144,430,17.75,88.14
4145,430,19.4,95.44
4146,430,20.7,99.76
4147,431,1.75,13.42
4148,431,3.75,28.69
4149,431,5.75,42.43
4150,431,7.75,50.4
4151,431,9.75,59.2
4152,431,11.75,67.97
4153,431,13.75,76.07
4154,431,15.75,84.27
4155,431,17.75,92.79
4156,431,19.75,100.41
4157,431,20.75,104.93
4158,432,1.75,15.79
4159,432,3.75,27.49
4160,432,5.75,39.71
4161,432,7.75,49.71
4162,432,9.75,57.23
4163,432,11.75,66.7
4164,432,13.75,75.92
4165,432,15.75,84.64
4166,432,17.75,93.14
4167,432,18.65,97.16
4168,433,1.75,12.22
4169,433,3.85,23.09
4170,433,5.75,35.81
4171,433,7.75,47.96
4172,433,9.75,59.25
4173,433,11.5,67.62
4174,433,13.5,76.39
4175,433,15.5,85.19
4176,433,17.75,93.71
4177,434,1.75,9.35
4178,434,3.75,24.97
4179,434,5.75,37.86
4180,434,7.75,48.71
4181,434,9.75,57.48
4182,434,11.75,65.92
4183,434,13.75,74.72
4184,434,15.75,82.42
4185,434,17.75,90.36
4186,434,19.9,101.06
4187,435,1.75,11.37
4188,435,3.75,26.49
4189,435,5.75,40.23
4190,435,7.75,49.91
4191,435,9.75,57.6
4192,435,11.75,65.45
4193,435,13.75,73.3
4194,435,15.75,82.04
4195,435,17.75,89.99
4196,435,19.75,99.34
4197,436,1.75,11.42
4198,436,3.75,27.49
4199,436,5.75,41.26
4200,436,7.75,52.28
4201,436,9.75,61.48
4202,436,11.75,71.32
4203,436,13.75,80.54
4204,436,15.75,89.06
4205,436,17.75,96.74
4206,436,19.75,105.93
4207,436,21.75,113.58
4208,436,23.75,121.8
4209,436,24.35,124.18
4210,437,1.75,11.87
4211,437,3.75,26.99
4212,437,5.75,43.96
4213,437,7.75,60.43
4214,437,9.75,71.62
4215,437,11.75,80.57
4216,437,13.75,87.04
4217,437,15.75,94.36
4218,437,16.9,98.69
4219,438,1.75,11.37
4220,438,3.75,24.79
4221,438,5.75,40.06
4222,438,7.75,54.25
4223,438,9.75,68.07
4224,438,11.75,83.99
4225,438,13.75,91.29
4226,438,15.75,98.69
4227,438,17.75,106.66
4228,439,1.75,9.85
4229,439,3.75,25.29
4230,439,5.75,39.38
4231,439,7.75,51.85
4232,439,9.75,63.77
4233,439,11.75,73.15
4234,439,13.75,80.74
4235,439,15.75,88.71
4236,439,16.25,90.74
4237,440,3.75,28.34
4238,440,5.75,44.48
4239,440,7.75,59.83
4240,440,9.75,67.92
4241,440,11.75,75.77
4242,440,13.75,84.82
4243,440,15.75,94.06
4244,440,16.55,97.81
4245,441,1.75,14.59
4246,441,3.75,30.56
4247,441,5.75,46.01
4248,441,7.75,56.85
4249,441,9.75,66.5
4250,441,11.75,75.92
4251,441,13.75,84.27
4252,441,15.75,92.59
4253,441,17.75,101.26
4254,441,19.85,110.38
4255,442,2.1,12.89
4256,442,3.75,28.19
4257,442,5.75,41.08
4258,442,7.75,52.28
4259,442,9.75,60
4260,442,11.75,68.07
4261,442,13.75,77.77
4262,442,14.9,82.97
4263,443,1.75,13.07
4264,443,3.75,23.59
4265,443,5.75,37.34
4266,443,7.75,47.11
4267,443,9.75,56.5
4268,443,11.75,64.22
4269,443,13.75,73.45
4270,443,15.75,81.49
4271,443,17.75,89.64
4272,443,19.75,98.46
4273,443,21.75,107.03
4274,443,23.75,114.03
4275,444,1.75,12.05
4276,444,3.75,24.97
4277,444,5.75,37.51
4278,444,7.75,47.03
4279,444,9.75,55.38
4280,444,11.75,63.15
4281,444,13.75,72.67
4282,444,15.75,81.84
4283,444,17.75,89.26
4284,444,19.85,98.89
4285,445,1.75,15.62
4286,445,3.75,28.34
4287,445,5.75,41.58
4288,445,7.75,53.58
4289,445,9.75,62.23
4290,445,11.75,71.47
4291,445,13.75,79.47
4292,445,15.75,88.14
4293,445,17.75,97.79
4294,445,19.9,112.78
4295,446,1.75,13.92
4296,446,3.75,27.49
4297,446,5.75,42.43
4298,446,7.75,54.65
4299,446,9.75,65.17
4300,446,11.75,74.72
4301,446,13.75,83.49
4302,446,15.75,91.29
4303,446,17.75,100.73
4304,446,18.95,105.73
4305,447,1.75,14.09
4306,447,3.75,24.37
4307,447,5.75,38.71
4308,447,7.75,51.63
4309,447,9.75,61.85
4310,447,11.75,71.62
4311,447,13.75,80.74
4312,447,15.75,88.51
4313,447,17.75,97.39
4314,447,20.55,109.08
4315,448,1.75,11.87
4316,448,3.75,19.87
4317,448,5.75,31.39
4318,448,7.75,43.96
4319,448,9.75,54.45
4320,448,11.75,65.45
4321,448,13.75,75.14
4322,448,15.75,82.97
4323,448,17.75,91.86
4324,448,19.75,100.41
4325,448,21.75,108.71
4326,448,23.75,115.55
4327,448,25.75,123.15
4328,448,27.75,130.15
4329,448,30.05,138.14
4330,449,1.75,14.59
4331,449,3.75,21.39
4332,449,5.75,33.61
4333,449,7.75,44.48
4334,449,9.75,55.1
4335,449,11.75,63.15
4336,449,13.75,72.52
4337,449,15.75,82.22
4338,449,17.75,90.99
4339,449,19.9,99.54
4340,450,1.75,10.87
4341,450,3.75,20.04
4342,450,5.75,31.41
4343,450,7.75,42.26
4344,450,9.75,53.15
4345,450,11.75,61.68
4346,450,13.75,70.55
4347,450,15.75,79.07
4348,450,17.75,87.96
4349,450,20.35,98.46
4350,451,1.75,11.37
4351,451,3.75,23.77
4352,451,5.75,33.11
4353,451,7.75,43.46
4354,451,9.75,53.35
4355,451,11.75,61.68
4356,451,13.75,70.7
4357,451,16,80.09
4358,451,17.75,86.12
4359,451,20.05,94.36
4360,452,1.75,11.55
4361,452,3.75,19.87
4362,452,5.75,28.19
4363,452,7.75,37.01
4364,452,9.75,45.16
4365,452,11.75,53.53
4366,452,13.75,62.67
4367,452,15.75,71.15
4368,452,17.75,79.27
4369,452,19.85,87.59
4370,453,3.75,23.94
4371,453,5.75,36.66
4372,453,7.75,51.95
4373,453,9.75,65.02
4374,453,11.75,75.02
4375,453,13.75,84.64
4376,453,15.75,93.51
4377,453,17.75,100.83
4378,453,18.95,104.51
4379,454,1.75,12.58
4380,454,3.75,20.62
4381,454,5.75,33.9
4382,454,7.75,43.12
4383,454,9.75,49.76
4384,454,11.75,61.56
4385,454,13.75,69.6
4386,454,15.75,77.65
4387,454,17.75,87.1
4388,454,19.25,92.65
4389,455,1.75,12.26
4390,455,3.75,22.65
4391,455,5.75,27.58
4392,455,7.75,40.15
4393,455,9.75,51.79
4394,455,11.75,59.84
4395,455,13.75,64.84
4396,455,15.75,77.73
4397,455,17.75,85.93
4398,455,20.3,91.01
4399,456,1.75,12.26
4400,456,3.75,22.11
4401,456,5.75,33.28
4402,456,7.75,38.2
4403,456,9.75,47.42
4404,456,11.75,59.45
4405,456,13.75,65
4406,456,15.75,73.2
4407,456,17.75,80.78
4408,456,20.25,94.45
4409,457,1.8,11.72
4410,457,3.75,23.98
4411,457,5.75,34.37
4412,457,7.75,43.83
4413,457,9.75,52.26
4414,457,11.75,62.73
4415,457,13.75,71.01
4416,457,15.75,79.53
4417,457,17.75,85.46
4418,457,20.25,95.15
4419,458,1.75,11.33
4420,458,3.75,26.8
4421,458,5.75,41.64
4422,458,7.75,51.64
4423,458,9.75,59.68
4424,458,11.75,67.73
4425,458,13.75,76.17
4426,458,15.75,84.14
4427,458,17.75,92.34
4428,458,19.75,99.99
4429,458,20.35,102.02
4430,459,1.75,15.47
4431,459,3.75,29.76
4432,459,5.75,41.95
4433,459,7.75,50.93
4434,459,9.75,60.39
4435,459,11.75,70.46
4436,459,13.75,78.04
4437,459,15.75,86.87
4438,459,17.75,94.53
4439,459,19.75,101.87
4440,459,20.25,104.13
4441,460,1.75,14.06
4442,460,3.75,25.15
4443,460,5.75,37.58
4444,460,7.75,47.81
4445,460,9.75,58.12
4446,460,11.75,67.18
4447,460,13.75,76.87
4448,460,15.75,84.21
4449,460,17.75,91.79
4450,460,19.75,98.35
4451,460,20.45,101.01
4452,461,1.75,15.62
4453,461,3.75,28.36
4454,461,5.75,42.34
4455,461,7.75,56.17
4456,461,9.75,70.93
4457,461,11.75,83.9
4458,461,13.75,93.9
4459,461,15.75,104.21
4460,461,17.75,114.29
4461,461,19.75,121.32
4462,461,20.45,124.05
4463,462,1.75,12.26
4464,462,3.75,27.97
4465,462,5.75,43.75
4466,462,7.75,56.09
4467,462,9.75,70.62
4468,462,11.75,87.34
4469,462,13.75,99.76
4470,462,15.75,109.68
4471,462,17.75,118.04
4472,462,19.75,126.16
4473,462,20.35,128.19
4474,463,1.75,12.5
4475,463,3.75,26.4
4476,463,5.75,41.25
4477,463,7.75,55.7
4478,463,9.75,68.04
4479,463,11.75,76.87
4480,463,13.75,84.29
4481,463,15.75,92.03
4482,463,17.75,99.68
4483,463,19.75,107.02
4484,463,20.35,109.37
4485,464,1.75,13.67
4486,464,3.75,22.89
4487,464,5.75,33.28
4488,464,7.75,44.92
4489,464,9.75,55.86
4490,464,11.75,68.59
4491,464,13.75,78.04
4492,464,15.75,87.65
4493,464,17.75,96.87
4494,464,19.75,104.76
4495,464,20.45,108.12
4496,465,1.75,12.66
4497,465,3.75,20.78
4498,465,5.75,30.39
4499,465,7.75,41.48
4500,465,9.75,50.93
4501,465,11.75,59.29
4502,465,13.75,67.5
4503,465,15.75,75
4504,465,17.75,82.57
4505,465,19.75,90.38
4506,465,20.25,92.26
4507,466,1.75,10.23
4508,466,3.75,25.94
4509,466,5.75,39.61
4510,466,7.75,51.09
4511,466,9.75,62.89
4512,466,11.75,71.32
4513,466,13.75,79.68
4514,466,15.75,86.48
4515,466,17.75,94.53
4516,466,19.75,101.48
4517,467,1.75,13.67
4518,467,3.75,25.94
4519,467,5.75,38.83
4520,467,7.75,50
4521,467,9.75,59.29
4522,467,11.75,70.15
4523,467,13.75,79.29
4524,467,15.75,89.84
4525,467,17.75,99.84
4526,467,19.75,108.2
4527,467,20.15,110.31
4528,468,1.75,11.87
4529,468,3.75,27.89
4530,468,5.75,41.87
4531,468,7.75,54.61
4532,468,9.75,72.03
4533,468,11.75,88.9
4534,468,13.75,101.95
4535,468,15.75,114.29
4536,468,17.75,122.8
4537,468,19.75,129.44
4538,468,20.15,133.27
4539,469,1.75,16.17
4540,469,3.75,28.05
4541,469,5.85,40.23
4542,469,7.75,49.68
4543,469,9.75,60.7
4544,469,11.75,74.84
4545,469,13.75,82.65
4546,469,15.75,91.79
4547,469,17.75,99.37
4548,469,19.75,107.34
4549,469,20.35,109.68
4550,470,1.75,12.5
4551,470,3.75,23.05
4552,470,5.75,34.61
4553,470,7.75,46.17
4554,470,9.75,54.53
4555,470,11.75,63.51
4556,470,13.75,71.64
4557,470,15.75,79.45
4558,470,17.75,87.65
4559,470,19.75,95.31
4560,470,19.95,96.24
4561,471,1.75,14.84
4562,471,3.75,26.48
4563,471,5.75,36.33
4564,471,7.75,47.11
4565,471,9.75,56.01
4566,471,11.75,64.45
4567,471,13.75,73.2
4568,471,15.75,81.32
4569,471,17.75,90.7
4570,471,19.75,98.67
4571,471,20.25,100.7
4572,472,1.75,12.81
4573,472,3.75,22.03
4574,472,5.75,31.01
4575,472,7.75,40.15
4576,472,9.75,48.51
4577,472,11.75,57.57
4578,472,13.75,66.4
4579,472,15.75,74.53
4580,472,17.75,82.18
4581,472,19.75,90.15
4582,472,20.25,92.57
4583,473,1.75,14.69
4584,473,3.75,29.3
4585,473,5.75,39.22
4586,473,7.75,51.79
4587,473,9.75,60.7
4588,473,11.75,69.21
4589,473,13.75,77.5
4590,473,15.75,86.01
4591,473,17.75,93.98
4592,473,19.75,101.87
4593,473,20.35,104.21
4594,474,1.75,15.62
4595,474,3.75,30.94
4596,474,5.8,49.06
4597,474,7.75,66.48
4598,474,9.75,80.31
4599,474,11.75,90.7
4600,474,13.75,102.96
4601,474,15.75,111.63
4602,474,17.75,120.46
4603,474,19.75,128.59
4604,474,20.25,130.69
4605,475,1.75,8.67
4606,475,3.75,17.5
4607,475,5.75,28.59
4608,475,7.75,37.26
4609,475,9.75,46.48
4610,475,11.75,54.61
4611,475,13.75,62.57
4612,475,15.75,70.23
4613,475,17.75,78.28
4614,475,19.75,85.78
4615,475,20.45,88.59
4616,476,1.75,17.26
4617,476,3.75,31.09
4618,476,5.75,43.36
4619,476,7.75,53.51
4620,476,9.75,63.12
4621,476,11.75,72.03
4622,476,13.75,80.7
4623,476,15.75,88.35
4624,476,17.75,95.93
4625,476,19.75,103.67
4626,476,20.45,106.32
4627,477,1.75,12.11
4628,477,3.75,23.9
4629,477,5.75,37.34
4630,477,7.75,45.78
4631,477,9.75,52.97
4632,477,11.75,60.23
4633,477,13.75,67.5
4634,477,15.75,75.46
4635,477,17.75,82.81
4636,477,19.75,90.38
4637,477,20.35,92.49
4638,478,1.75,13.91
4639,478,3.75,25.47
4640,478,5.75,37.34
4641,478,7.75,52.26
4642,478,9.75,68.9
4643,478,11.75,86.79
4644,478,13.75,105.46
4645,478,15.75,123.66
4646,478,17.75,142.02
4647,478,19.75,160.54
4648,478,20.15,162.31
4649,479,1.75,12.34
4650,479,3.75,30.78
4651,479,5.75,43.9
4652,479,7.75,55.93
4653,479,9.75,68.59
4654,479,11.75,81.48
4655,479,13.75,95.15
4656,479,15.75,112.57
4657,479,17.75,123.59
4658,479,19.75,130.93
4659,479,20.35,133.12
4660,480,1.75,13.12
4661,480,3.75,27.34
4662,480,5.75,44.37
4663,480,7.75,59.61
4664,480,9.75,72.81
4665,480,11.75,82.81
4666,480,13.75,91.32
4667,480,15.75,98.51
4668,480,17.75,105.85
4669,480,19.75,113.35
4670,480,20.25,115.31
4671,481,1.75,7.89
4672,481,3.75,18.2
4673,481,5.75,27.26
4674,481,7.75,36.01
4675,481,9.75,45.08
4676,481,11.75,53.67
4677,481,13.75,61.64
4678,481,15.8,69.06
4679,481,17.75,77.18
4680,481,19.75,84.99
4681,481,20.15,86.56
4682,482,1.75,9.92
4683,482,3.75,22.19
4684,482,5.75,38.2
4685,482,7.75,53.59
4686,482,9.75,68.51
4687,482,11.75,85.62
4688,482,13.75,98.35
4689,482,15.75,108.98
4690,482,17.75,115.31
4691,482,18.45,117.49
4692,483,1.75,10.08
4693,483,3.75,21.95
4694,483,5.75,34.92
4695,483,7.75,45
4696,483,9.75,54.45
4697,483,11.75,63.28
4698,483,13.75,72.96
4699,483,15.75,82.42
4700,483,17.75,90.15
4701,483,19.75,97.96
4702,483,20.25,99.92
4703,484,1.75,11.01
4704,484,3.75,24.37
4705,484,5.75,33.83
4706,484,7.75,43.67
4707,484,9.75,52.97
4708,484,11.75,62.34
4709,484,13.75,71.48
4710,484,15.75,79.53
4711,484,17.75,87.42
4712,484,19.75,95.15
4713,484,20.25,97.03
4714,485,1.75,11.33
4715,485,3.75,29.92
4716,485,5.75,45.08
4717,485,7.75,63.36
4718,485,9.75,75.46
4719,485,11.75,83.59
4720,485,13.75,90.46
4721,485,15.75,98.2
4722,485,17.75,106.87
4723,485,19.75,115.15
4724,485,20.25,117.18
4725,486,1.75,13.36
4726,486,3.75,29.45
4727,486,5.75,46.48
4728,486,7.75,62.5
4729,486,9.75,77.42
4730,486,11.75,96.17
4731,486,13.75,108.35
4732,486,15.75,116.63
4733,486,17.75,125.56
4734,486,19.75,133.27
4735,486,20.25,135.38
4736,487,1.75,14.06
4737,487,3.8,27.89
4738,487,5.75,41.09
4739,487,7.75,55.07
4740,487,9.75,68.2
4741,487,11.75,80.85
4742,487,13.75,91.48
4743,487,15.75,99.92
4744,487,17.75,107.18
4745,487,19.75,115.23
4746,487,20.45,118.12
4747,488,1.75,10
4748,488,3.75,24.69
4749,488,5.75,36.17
4750,488,7.75,46.48
4751,488,9.75,56.32
4752,488,11.75,66.87
4753,488,13.75,76.17
4754,488,15.75,85.46
4755,488,17.75,92.96
4756,488,19.75,100.85
4757,488,20.35,103.04
4758,489,1.75,13.44
4759,489,3.75,25.94
4760,489,5.75,37.19
4761,489,7.75,47.58
4762,489,9.75,55.86
4763,489,11.75,65.15
4764,489,13.75,72.57
4765,489,15.75,80.62
4766,489,17.75,88.12
4767,489,19.75,96.24
4768,489,20.35,98.82
4769,490,1.75,12.57
4770,490,3.75,17.49
4771,490,4.75,20.04
4772,490,5.75,21.22
4773,490,6.75,22.07
4774,490,7.75,23.77
4775,490,8.25,24.44
4776,490,NULL,46.98
4777,491,1.75,9.22
4778,491,3.75,18.75
4779,491,5.75,28.51
4780,491,7.75,39.76
4781,491,9.75,50.23
4782,491,11.75,59.21
4783,491,13.75,68.12
4784,491,15.75,75.78
4785,491,17.75,84.29
4786,491,19.75,91.56
4787,491,20.35,93.74
4788,492,1.75,11.87
4789,492,3.75,19.92
4790,492,5.75,29.14
4791,492,7.75,36.79
4792,492,9.75,44.43
4793,492,11.75,55
4794,492,13.75,64.68
4795,492,15.75,73.98
4796,492,17.75,81.71
4797,492,19.75,89.92
4798,492,20.15,91.63
4799,493,1.75,15
4800,493,3.75,26.48
4801,493,5.75,41.25
4802,493,7.75,56.25
4803,493,9.75,73.82
4804,493,11.75,85.7
4805,493,13.75,96.4
4806,493,15.75,103.98
4807,493,17.75,113.2
4808,493,19.75,122.49
4809,493,20.35,125.54
4810,494,1.75,9.84
4811,494,3.75,20.86
4812,494,5.75,33.28
4813,494,7.75,45.39
4814,494,9.75,55.07
4815,494,11.75,63.09
4816,494,13.75,71.32
4817,494,15.75,79.53
4818,494,17.75,87.96
4819,494,19.75,95.62
4820,494,20.35,97.96
4821,495,1.75,10.7
4822,495,3.75,21.01
4823,495,5.75,32.19
4824,495,7.75,44.53
4825,495,9.75,52.97
4826,495,11.75,61.56
4827,495,13.75,69.29
4828,495,15.75,78.82
4829,495,17.75,87.1
4830,495,19.75,94.92
4831,495,20.25,96.79
4832,496,1.75,15.11
4833,496,3.75,34.2
4834,496,5.75,50.64
4835,496,7.75,62.64
4836,496,9.75,71.9
4837,496,11.75,79.06
4838,496,13.75,88.9
4839,496,15.75,99.67
4840,496,17.75,105
4841,496,18.45,109.42
4842,497,4.75,18.84
4843,497,9.75,33.26
4844,497,11.95,37.51
4845,498,1.75,7.97
4846,498,3.75,12.72
4847,498,5.75,19.34
4848,498,7.75,25.79
4849,498,9.75,31.41
4850,498,11.75,37.01
4851,498,12.95,39.71
4852,499,1.75,13.74
4853,499,3.75,18.49
4854,499,5.75,22.42
4855,499,7.75,30.04
4856,499,9.75,39.71
4857,499,11.75,47.16
4858,499,13.75,57.63
4859,499,15.75,63.17
4860,499,17.75,70.25
4861,499,19.45,77.32
4862,500,1.75,8.65
4863,500,3.75,17.82
4864,500,5.75,26.14
4865,500,7.75,35.81
4866,500,9.75,44.43
4867,500,11.75,50.2
4868,500,13.75,59.78
4869,500,15.75,68.55
4870,500,17.75,76.27
4871,500,20.55,83.52
4872,501,1.75,8.82
4873,501,3.75,17.64
4874,501,5.75,31.06
4875,501,7.75,36.34
4876,501,9.75,45.28
4877,501,11.8,55.3
4878,501,13.75,61.6
4879,501,15.75,66.97
4880,501,17.75,71.92
4881,501,19.75,78.54
4882,501,21.75,83.09
4883,501,23.75,90.21
4884,501,24.55,95.46
4885,502,1.75,11.55
4886,502,3.75,21.39
4887,502,6,34.11
4888,502,7.75,41.46
4889,502,9.75,47.33
4890,502,11.8,54.38
4891,502,13.75,62.08
4892,502,15.75,67.92
4893,502,17.75,74.99
4894,502,19.75,81.02
4895,502,20.95,84.62
4896,503,1.75,13.07
4897,503,3.75,21.89
4898,503,5.75,29.71
4899,503,7.75,34.64
4900,503,9.75,41.76
4901,503,11.35,47.03
4902,504,1.75,10.2
4903,504,3.75,17.14
4904,504,5.75,25.29
4905,504,7.75,30.71
4906,504,9.75,35.81
4907,504,11.75,41.93
4908,504,13.35,46.01
4909,505,1.75,12.89
4910,505,3.75,19.19
4911,505,6,26.64
4912,505,7.75,34.96
4913,505,9.75,41.93
4914,505,11.55,52.78
4915,505,13.45,59.25
4916,505,15.45,67.85
4917,505,17.45,75.47
4918,505,17.75,76.47
4919,506,1.75,9.85
4920,506,3.75,14.59
4921,506,5.75,19.02
4922,506,7.75,24.62
4923,506,9.75,34.11
4924,506,11.75,39.88
4925,506,13.75,44.08
4926,506,15.55,48.71
4927,507,1.75,8.15
4928,507,3.75,15.62
4929,507,5.75,19.87
4930,507,7.75,25.29
4931,507,9.75,30.89
4932,507,11.75,38.36
4933,507,13.75,44.08
4934,507,15.75,49.08
4935,507,17.75,53.93
4936,507,19.55,60.55
4937,508,1.75,9.35
4938,508,3.75,16.29
4939,508,5.75,22.74
4940,508,7.75,29.54
4941,508,9.75,35.81
4942,508,11.75,42.96
4943,508,13.75,49.63
4944,508,14.95,52.95
4945,509,1.75,6.95
4946,509,3.75,12.72
4947,509,5.75,20.04
4948,509,7.75,25.96
4949,509,9.75,30.56
4950,509,11.75,35.99
4951,510,1.75,5.8
4952,510,3.75,10.2
4953,510,5.75,16.47
4954,510,7.75,21.72
4955,510,9.75,29.19
4956,510,11.75,35.99
4957,510,13.05,40.23
4958,511,1.75,10.02
4959,511,3.75,21.04
4960,511,5.75,37.86
4961,511,7.75,48.71
4962,511,9.75,61.05
4963,511,11.75,72.25
4964,511,13.75,81.67
4965,511,14.75,86.29
4966,512,1.75,12.4
4967,512,3.75,17.14
4968,512,5.75,24.62
4969,512,7.75,34.79
4970,512,9.75,41.48
4971,512,11.75,46.66
4972,512,13.75,51.38
4973,512,13.95,51.88
4974,513,1.75,8.65
4975,513,3.75,19.34
4976,513,5.75,29.04
4977,513,7.75,33.44
4978,513,8.55,35.14
4979,514,1.75,8.32
4980,514,3.75,12.22
4981,514,5.75,18.67
4982,514,7.75,25.79
4983,514,9.75,32.94
4984,514,11.75,38.88
4985,514,13.75,45.38
4986,514,14.65,47.58
4987,515,1.75,7.65
4988,515,2.75,12.2
4989,515,3.75,14.27
4990,515,4.75,16.97
4991,515,5.75,21.89
4992,515,6.75,24.44
4993,515,7.75,27.16
4994,515,8.75,30.04
4995,515,9.75,32.94
4996,515,10.75,35.36
4997,515,11.75,38.16
4998,515,12.1,38.88
4999,516,1.75,8.82
5000,516,3.75,13.74
5001,516,5.75,18.34
5002,516,7.75,23.09
5003,516,9.75,29.04
5004,516,11.75,33.11
5005,516,13.75,40.93
5006,516,15.75,49.26
5007,516,17.75,56.13
5008,516,19.75,62.23
5009,516,20.45,64.77
5010,517,1.75,10.7
5011,517,3.75,15.94
5012,517,5.75,21.22
5013,517,7.75,26.99
5014,517,9.75,33.44
5015,517,11.75,40.56
5016,517,13.75,47.58
5017,517,15.75,54.25
5018,518,1.75,8.5
5019,518,3.75,12.72
5020,518,5.75,17.14
5021,518,7.75,23.09
5022,518,9.75,27.49
5023,518,10.05,28.34
5024,519,1.8,12.67
5025,519,3.75,16.47
5026,519,5.75,21.72
5027,519,7.75,26.81
5028,519,9.75,31.74
5029,519,11.75,36.34
5030,519,12.15,37.34
5031,520,1.75,10.35
5032,520,3.75,20.54
5033,520,5.75,30.39
5034,520,7.75,42.41
5035,520,9.75,47.96
5036,520,11.75,54.78
5037,520,13.75,60.38
5038,520,15.75,67.82
5039,520,17.75,72.77
5040,520,19.75,80.92
5041,521,1.75,11.55
5042,521,3.75,16.12
5043,521,5.75,20.37
5044,521,7.75,26.64
5045,521,9.75,33.11
5046,521,11.75,38.18
5047,521,12.1,39.38
5048,522,1.75,7.65
5049,522,3.75,15.62
5050,522,5.75,25.11
5051,522,7.75,33.96
5052,522,9.75,43.28
5053,522,11.75,50.18
5054,522,13.75,56.63
5055,522,14.95,59.85
5056,523,1.75,6.62
5057,523,3.75,14.09
5058,523,5.75,21.72
5059,523,7.75,27.16
5060,523,9.75,32.26
5061,523,11.75,40.01
5062,523,13.75,48.16
5063,523,15.75,53.58
5064,524,1.75,9.17
5065,524,3.75,13.74
5066,524,5.75,18.49
5067,524,7.75,22.57
5068,524,9.75,31.56
5069,524,11.75,37.78
5070,524,13.75,43.71
5071,524,15.75,50
5072,524,16.2,51.1
5073,525,1.75,10.87
5074,525,3.75,19.69
5075,525,5.75,28.86
5076,525,7.75,33.79
5077,525,9.75,37.86
5078,525,11.75,41.86
5079,525,13.75,48.16
5080,525,15.75,55.63
5081,525,17.75,61.9
5082,525,19.65,66.97
5083,526,1.75,8.65
5084,526,3.75,13.42
5085,526,5.75,18.49
5086,526,7.75,27.34
5087,526,9.75,33.26
5088,526,11.75,39.08
5089,526,13.75,43.71
5090,526,15.75,48.33
5091,526,17.75,55.78
5092,526,18.35,57.65
5093,527,1.75,6.1
5094,527,3.75,12.72
5095,527,5.75,19.19
5096,527,7.75,24.44
5097,527,9.75,28.69
5098,527,11.75,33.44
5099,527,13.75,38.36
5100,527,14.75,40.73
5101,528,1.75,11.33
5102,528,3.75,25.15
5103,528,5.75,37.26
5104,528,7.75,44.92
5105,528,9.75,53.28
5106,528,11.75,62.81
5107,528,13.75,73.67
5108,528,15.75,80.31
5109,528,17.75,88.82
5110,528,19.75,95.15
5111,528,20.35,98.35
5112,529,1.75,13.44
5113,529,3.75,23.44
5114,529,5.75,33.75
5115,529,7.75,43.59
5116,529,9.75,53.2
5117,529,11.75,63.43
5118,529,13.75,72.34
5119,529,15.75,82.18
5120,529,17.75,90.46
5121,529,19.75,98.82
5122,529,20.25,101.01
5123,530,1.75,12.89
5124,530,3.75,27.58
5125,530,5.75,45.39
5126,530,7.75,61.01
5127,530,9.75,76.79
5128,530,11.75,89.84
5129,530,13.75,98.9
5130,530,15.75,107.34
5131,530,17.75,115.38
5132,530,19.75,123.74
5133,530,20.25,125.85
5134,531,1.75,14.84
5135,531,3.75,23.75
5136,531,5.75,35.31
5137,531,7.75,44.59
5138,531,9.75,53.04
5139,531,11.75,60.86
5140,531,13.75,69.21
5141,531,15.75,77.96
5142,531,17.75,85.85
5143,531,19.75,93.98
5144,531,20.25,95.85
5145,532,1.75,6.48
5146,532,3.75,12.81
5147,532,5.75,19.3
5148,532,7.75,27.58
5149,532,8.8,31.79
5150,533,1.75,7.34
5151,533,3.75,14.76
5152,533,5.75,24.92
5153,533,7.75,34.45
5154,533,9.75,44.84
5155,533,11.75,53.51
5156,533,12.15,54.92
5157,534,1.75,7.5
5158,534,3.75,15.7
5159,534,5.75,23.05
5160,534,7.75,45.08
5161,534,9.75,52.97
5162,534,13.75,61.71
5163,535,1.75,9.61
5164,535,3.75,17.81
5165,535,5.75,27.58
5166,535,7.75,37.11
5167,535,9.25,43.2
5168,536,5.75,42.35
5169,536,6.6,46.74
5170,536,9.75,56.35
5171,536,10.65,57.34
5172,537,2.75,28.3
5173,537,5.75,52.78
5174,537,6.65,60.95
5175,537,9.75,69.1
5176,537,10.85,73.86
5177,538,2.75,17
5178,538,5.75,43.89
5179,538,9.15,52.19
5180,538,10.05,55.9
5181,538,12.05,60.95
5182,538,14.25,66.53
5183,538,15.5,71.32
5184,539,2.75,12.26
5185,539,4.75,26.6
5186,539,6.75,48.11
5187,539,8.75,67.94
5188,539,9.75,79.05
5189,539,11.75,97.94
5190,539,13.75,115.84
5191,539,15.75,132.76
5192,539,17.75,146.79
5193,539,19.75,160.8
5194,539,21.75,173.38
5195,539,22.75,178.9
5196,539,24.75,186.02
5197,539,30.8,238
5198,539,31.95,241
5199,539,33.75,242
5200,539,35.75,248
5201,539,37.75,255.6
5202,539,39.8,264
5203,539,41.95,273
5204,539,43.15,278
5205,540,1.75,8.82
5206,540,3.75,12.99
5207,540,5.75,18.09
5208,540,7.75,27
5209,540,9.75,30.05
5210,540,11.75,40.95
5211,540,13.75,48.82
5212,540,15.75,54.19
5213,540,17.75,61
5214,540,19.75,66.57
5215,540,21.75,72.93
5216,540,23.75,79.5
5217,540,25.75,83.7
5218,540,29.5,96.55
5219,541,1.75,10.27
5220,541,3.75,17.9
5221,541,5.75,24.55
5222,541,7.75,31.68
5223,541,9.75,37.82
5224,541,11.75,46.85
5225,541,13.75,52.88
5226,541,15.85,57.84
5227,541,17.75,61.69
5228,541,19.75,67.7
5229,541,20.15,70.77
5230,542,1.65,9.4
5231,542,3.65,17.9
5232,542,5.65,22.76
5233,542,7.65,31.83
5234,542,9.65,38.87
5235,542,11.65,49.01
5236,542,13.65,54.28
5237,542,15.65,60.92
5238,542,17.7,67.64
5239,542,19.8,73.05
5240,542,21.6,73.05
5241,542,23.6,85.47
5242,542,25.6,92.1
5243,542,26.45,93.1
5244,543,1.75,9
5245,543,3.7,13.92
5246,543,5.65,20.5
5247,543,7.65,26
5248,543,9.6,34
5249,543,11.6,40
5250,543,13.55,48.5
5251,543,15.55,52
5252,543,17.5,56.2
5253,543,19.45,59.5
5254,544,1.75,14.27
5255,544,3.75,22.57
5256,544,5.75,31.94
5257,544,7.75,39.03
5258,544,9.75,45.88
5259,544,11.7,50.95
5260,544,13.7,56.57
5261,544,17.65,65.85
5262,544,19.65,71
5263,544,21.6,75.8
5264,545,1.75,17.1
5265,545,3.75,36.99
5266,545,5.75,53.94
5267,545,7.75,64.44
5268,545,9.7,72.81
5269,545,11.7,78.86
5270,545,13.7,84.95
5271,545,15.65,92.75
5272,545,17.6,101.03
5273,545,19.55,107.14
5274,545,21.55,114.58
5275,545,23.5,122.15
5276,545,24.3,123.79
5277,546,1.75,12.83
5278,546,3.75,28.15
5279,546,5.75,32.89
5280,546,7.75,38.69
5281,546,8.8,40.31
5282,547,0,0
5283,547,1.75,8.97
5284,547,3.75,13.97
5285,547,5.75,19.19
5286,547,7.75,25.36
5287,547,9.75,34.74
5288,547,11.75,43.61
5289,547,13.75,52.33
5290,547,15.75,59.8
5291,547,17.75,68.02
5292,547,19.75,74.1
5293,547,21.75,81.97
5294,548,1.75,10.21
5295,548,3.75,19.76
5296,548,5.75,24.5
5297,548,7.75,31.92
5298,548,9.75,40.97
5299,548,11.75,48.92
5300,548,13.75,56.53
5301,548,15.85,62.77
5302,548,17.75,67.28
5303,548,19.65,71.91
5304,548,21.6,77.4
5305,548,23.55,85.1
5306,548,25.5,88.7
5307,549,1.75,15.71
5308,549,3.75,25.65
5309,549,5.75,35.79
5310,549,7.75,40.77
5311,549,9.75,49.11
5312,549,11.75,57.4
5313,549,13.75,62.71
5314,549,15.75,70.27
5315,549,17.7,77.9
5316,549,19.65,83.72
5317,549,21.65,90.67
5318,549,23.65,93.82
5319,550,1.75,15.51
5320,550,3.75,37.98
5321,550,5.75,61.65
5322,550,7.75,82.2
5323,550,9.75,98.38
5324,550,11.75,114.77
5325,550,13.6,122.04
5326,550,15.65,129.7
5327,550,17.7,136.15
5328,550,18.95,142.87
5329,551,1.65,6.36
5330,551,3.6,8.22
5331,551,5.55,24.06
5332,551,7.5,45.98
5333,551,9.45,49.7
5334,551,10.65,36.7
5335,552,1.75,26.78
5336,552,3.7,34.35
5337,552,5.65,40.65
5338,552,7.55,44.81
5339,552,9.5,51.7
5340,552,11.45,56.09
5341,553,1.75,14.69
5342,553,3.75,23.19
5343,553,5.7,31.14
5344,553,7.7,37.09
5345,553,9.65,44.21
5346,553,11.65,51.58
5347,553,15.55,68
5348,553,17.5,75.44
5349,553,19.4,81.72
5350,553,21.3,88.66
5351,553,23.2,95.44
5352,553,25.1,102.56
5353,553,27,107.66
5354,553,28.9,113.75
5355,553,29.45,115.3
5356,554,1.75,13.92
5357,554,3.7,18.89
5358,554,5.65,26.25
5359,554,7.6,32.22
5360,554,9.55,37.89
5361,554,11.5,45.49
5362,554,13.45,50.54
5363,554,15.4,54.35
5364,554,16.3,56.36
5365,555,0,0
5366,555,1.75,16.51
5367,555,3.75,22.37
5368,555,5.75,27.6
5369,555,7.75,31.85
5370,555,9.75,39.94
5371,555,11.75,46.07
5372,556,1.75,8.95
5373,556,3.65,13.32
5374,556,5.65,23.47
5375,556,7.65,29.23
5376,556,9.65,37.1
5377,556,11.6,44.87
5378,556,13.6,48.8
5379,556,15.6,53.5
5380,557,1.75,10.94
5381,557,3.6,14.91
5382,557,5.6,20.51
5383,557,7.6,24.65
5384,557,9.6,28.83
5385,557,10.35,30.43
5386,558,1.75,10.34
5387,558,3.75,17.1
5388,558,5.75,22.5
5389,558,7.75,28.54
5390,558,9.75,35.09
5391,558,11.75,41.51
5392,558,12.75,45.01
5393,559,1.7,9.35
5394,559,3.7,17.5
5395,559,5.7,29.93
5396,559,7.65,38.05
5397,560,1.7,17.3
5398,560,3.65,26.65
5399,560,5.65,30.06
5400,560,7.6,37.66
5401,560,9.55,43.1
5402,560,11.5,52.06
5403,560,12.25,54.72
5404,561,1.75,7.3
5405,561,3.2,15.12
5406,562,1.75,7.36
5407,562,3.7,18.89
5408,562,5.7,34.1
5409,562,7.65,54.06
5410,562,9.65,73.41
5411,562,11.6,90.41
5412,562,13.55,107.94
5413,562,15.55,120.78
5414,562,17.5,134.37
5415,562,19.5,143.79
5416,562,21.5,153.85
5417,562,23.5,161.93
5418,562,25.5,172.13
5419,562,27.5,177.7
5420,562,29.5,184
5421,563,1.75,14.72
5422,563,3.75,24.06
5423,563,5.75,32.93
5424,563,7.75,42.27
5425,563,9.75,48.63
5426,563,11.75,55.87
5427,563,13.75,64.82
5428,563,15.75,70.86
5429,563,19.75,84.06
5430,563,21.75,90.43
5431,563,23.75,97.3
5432,563,25.9,105.65
5433,563,27.75,114
5434,563,28.05,115
5435,564,1.75,8.75
5436,564,3.6,17.7
5437,564,5.6,26.68
5438,564,7.6,31.78
5439,564,9.65,40.68
5440,564,11.65,49.43
5441,564,13.65,55.11
5442,564,15.65,64.06
5443,564,17.65,73.64
5444,564,19.65,79.86
5445,564,21.6,85.97
5446,564,23.45,93.32
5447,565,1.7,13.12
5448,565,3.65,21.68
5449,565,5.6,33.02
5450,565,7.45,40.06
5451,565,9.45,46.7
5452,565,11.4,55.65
5453,565,13.35,64.91
5454,565,15.3,73.64
5455,565,15.55,74.6
5456,566,1.75,11.93
5457,566,3.8,18.5
5458,566,5.7,22
5459,566,7.65,31.55
5460,566,9.6,40.48
5461,566,11.55,47.64
5462,566,13.45,54.81
5463,566,15.45,60.77
5464,566,17,64.13
5465,567,1.75,18.56
5466,567,3.75,25.45
5467,567,5.75,35.51
5468,567,7.75,48.56
5469,567,9.75,59.86
5470,567,11.7,67.52
5471,568,1.75,12.93
5472,568,3.75,28.64
5473,568,5.75,49.74
5474,568,7.75,61.28
5475,568,9.75,73.02
5476,568,11.75,82.96
5477,568,13.75,94.91
5478,568,16,104.46
5479,568,18,112.76
5480,568,20,119.89
5481,569,1.75,15.91
5482,569,3.75,33.81
5483,569,5.75,47.84
5484,569,7.7,54.34
5485,569,9.7,65.37
5486,569,11.65,75.71
5487,569,13.65,84.77
5488,569,15.65,93.52
5489,569,17.65,103.07
5490,569,18.8,107.24
5491,570,1.75,8.5
5492,570,3.75,25.06
5493,570,5.7,34.68
5494,570,7.7,42.96
5495,570,9.65,51.78
5496,570,11.6,59.24
5497,570,13.55,66.96
5498,570,15.5,77.5
5499,570,17.45,83.79
5500,570,19.4,90.95
5501,570,21.35,98.89
5502,570,23.3,105.06
5503,570,25.25,113.42
5504,570,27.15,121.21
5505,570,29.15,125.84
5506,570,31.1,135.1
5507,570,33.05,143.2
5508,570,35,146.5
5509,571,1.85,18.49
5510,571,3.75,34.6
5511,571,5.85,47.14
5512,571,7.75,58.28
5513,571,9.75,67.57
5514,571,11.75,72.93
5515,572,1.7,13.92
5516,572,3.7,37.58
5517,572,5.8,61.81
5518,572,7.7,75.96
5519,572,9.7,85.13
5520,572,11.65,91.62
5521,572,13.6,98.82
5522,572,15.55,106.28
5523,572,17.55,115.66
5524,572,19.55,126
5525,572,21.55,129.74
5526,572,23.55,137.5
5527,572,25.55,142
5528,572,26.55,146.22
5529,573,1.75,9.84
5530,573,3.75,18.49
5531,573,5.7,40.83
5532,573,7.65,59.49
5533,573,9.6,69.93
5534,573,11.55,79.26
5535,573,13.5,89
5536,573,15.5,99.29
5537,573,17.45,106.45
5538,573,17.95,109.97
5539,574,1.7,9.35
5540,574,3.65,21.39
5541,574,5.65,39.01
5542,574,7.6,53.43
5543,574,9.6,60.35
5544,574,11.6,67.15
5545,574,13.55,74.42
5546,574,15.5,85.62
5547,574,17.45,93.74
5548,574,19.4,101.88
5549,574,21.35,109.86
5550,574,23.3,118.98
5551,574,25.25,126.35
5552,574,27.2,135.8
5553,574,29.15,143.77
5554,574,30.4,148.17
5555,575,1.75,9.55
5556,575,3.75,36.79
5557,575,5.7,55.54
5558,575,7.65,68.3
5559,575,9.65,77.17
5560,575,11.65,86.45
5561,576,1.7,10.74
5562,576,3.65,24.66
5563,576,5.55,33.12
5564,576,7.45,42.67
5565,576,9.35,50.05
5566,576,11.25,56.68
5567,577,1.7,19.22
5568,577,3.65,28.83
5569,577,5.6,39.11
5570,577,7.55,50.05
5571,577,9.5,59.66
5572,577,11.45,68.61
5573,577,13.4,77.56
5574,577,16.4,83.85
5575,577,17.35,86.84
5576,577,19.35,90.47
5577,577,21.25,99.43
5578,577,23.2,105.4
5579,577,25.15,112.36
5580,577,27.15,119.32
5581,577,29.35,126
5582,578,1.75,8.55
5583,578,3.7,16.7
5584,578,5.7,21.28
5585,578,7.45,25.85
5586,578,9.35,31.93
5587,578,11.3,35.51
5588,578,12.95,41.93
5589,578,14.75,44.25
5590,578,16.6,48.22
5591,578,17.25,50.23
5592,579,1.75,12.26
5593,579,19.55,79.88
5594,580,1.75,10.45
5595,580,3.75,18.24
5596,581,1.8,9.61
5597,581,3.75,21.54
5598,581,5.75,28.17
5599,581,7.7,36.13
5600,581,9.6,44.74
5601,581,11.6,52.83
5602,581,13.6,60.87
5603,582,1.75,9.94
5604,582,3.75,21.87
5605,582,5.7,47.06
5606,582,7.55,69.93
5607,582,9.45,83.19
5608,582,11.35,93.13
5609,582,13.25,105
5610,583,1.7,13.26
5611,583,3.7,30.16
5612,583,5.7,50.05
5613,583,7.65,61.32
5614,583,9.6,73.25
5615,583,11.6,81.2
5616,583,13.65,87.17
5617,583,15.4,93.8
5618,583,17.05,97
5619,584,1.7,13.32
5620,584,3.65,25.85
5621,584,5.65,44.66
5622,584,7.55,52.02
5623,584,9.5,59.24
5624,584,11.4,62
5625,584,12.9,65.08
5626,585,1.75,10.21
5627,585,3.75,19.6
5628,585,5.75,34.91
5629,585,7.75,42.67
5630,585,9.75,49.43
5631,586,1.65,8.82
5632,586,3.55,20
5633,586,5.55,36.49
5634,586,7.55,55.13
5635,586,9.15,67.47
5636,586,11.05,76.24
5637,586,12.85,82.92
5638,586,14.95,87.66
5639,586,16.65,99.04
5640,587,1.75,8.57
5641,587,3.6,14.91
5642,587,5.45,34.57
5643,587,7.3,46.4
5644,587,9.15,52.94
5645,587,11,62
5646,587,12.4,65.34
5647,588,1.75,10.74
5648,588,3.75,21.48
5649,588,5.75,32.07
5650,588,7.75,48.18
5651,588,9.75,56.51
5652,588,11.5,62.27
5653,589,1.75,13.12
5654,589,3.75,35
5655,589,5.75,47.56
5656,589,7.75,54.06
5657,589,9.65,58.71
5658,590,1.75,10.34
5659,590,3.75,38.78
5660,590,5.75,57.78
5661,590,7.8,70.11
5662,590,9.85,75.69
5663,590,10.3,78.01
5664,591,1.75,12.93
5665,591,3.75,24.26
5666,591,5.75,38.69
5667,591,7.75,55.79
5668,591,9.75,67.84
5669,591,11.55,73.21
5670,592,1.75,14.32
5671,592,3.75,20.15
5672,592,5.75,34.01
5673,592,7.75,41.16
5674,592,9.75,51.6
5675,592,11.75,60.25
5676,592,13.75,67.46
5677,592,15.75,74.36
5678,592,17.75,82.42
5679,592,19.25,86.4
5680,593,1.7,11.67
5681,593,3.7,16.97
5682,593,5.65,22
5683,593,7.65,29.7
5684,593,9.65,36.69
5685,593,10.65,39.37
5686,594,1.75,7.95
5687,594,3.75,22.27
5688,594,5.75,34.9
5689,594,7.75,46.83
5690,594,9.75,52.32
5691,594,11.75,62.16
5692,594,13.75,72.8
5693,594,15.75,79.36
5694,594,17.75,89.85
5695,594,19.75,95.15
5696,595,1.75,21.21
5697,595,3.75,37.92
5698,595,5.75,57.67
5699,595,7.75,67.94
5700,595,9.75,77.65
5701,595,11.75,87.99
5702,595,13.75,97.54
5703,595,15.75,104.96
5704,595,17.75,110
5705,595,19.75,116.1
5706,596,0.25,6.89
5707,596,0.75,7.42
5708,596,1.25,9.55
5709,596,1.75,12.2
5710,596,3.75,24.39
5711,596,5.7,33.67
5712,596,7.7,40.27
5713,596,9.7,47.13
5714,596,11.7,55.48
5715,596,13.75,63.55
5716,596,15.75,72.8
5717,597,0.75,9.01
5718,597,1.25,12.73
5719,597,1.75,15
5720,597,3.75,26.25
5721,597,5.75,31.55
5722,597,7.75,42.42
5723,597,9.7,48.02
5724,597,11.7,54.89
5725,597,13.7,62.95
5726,597,15.7,69.52
5727,598,0.25,6.16
5728,598,0.7,7.76
5729,598,1.2,8.15
5730,598,1.7,9.74
5731,598,3.7,18.89
5732,598,5.7,25.85
5733,598,7.7,35.34
5734,598,9.7,42.75
5735,598,11.7,49.43
5736,598,13.7,58.98
5737,598,15.7,65.54
5738,598,16,67.93
5739,599,0.75,12.53
5740,599,1.7,13.32
5741,599,3.65,20.28
5742,599,5.65,25.26
5743,599,7.6,32.02
5744,599,9.7,44.54
5745,599,11.6,49.65
5746,599,13.6,55.79
5747,599,15.55,61.96
5748,600,1.75,9.15
5749,600,3.75,16.11
5750,600,5.85,23.07
5751,600,7.6,25.45
5752,600,9.5,28.35
5753,600,10.55,30.94
5754,600,12.45,34.91
5755,600,14.45,39
5756,600,16.45,46.24
5757,600,18.4,54.53
5758,600,20.3,60.82
5759,601,1.75,13.12
5760,601,3.75,19.09
5761,601,6.35,26.65
5762,601,7.8,30.03
5763,601,8.6,32.22
5764,602,1.75,6.76
5765,602,3.75,15.91
5766,602,5.75,21.28
5767,602,7.65,25.26
5768,602,9.65,31.34
5769,602,11.65,34.52
5770,602,13.65,40.08
5771,602,15,43.47
5772,603,1.75,12.22
5773,603,3.75,18.49
5774,603,5.75,23.59
5775,603,6.75,27.16
5776,603,7.75,28.86
5777,604,1.75,12.57
5778,604,3.75,17.82
5779,604,5.75,27.84
5780,604,7.75,38.86
5781,604,9.75,44.61
5782,604,11.7,55.3
5783,604,13.65,58.7
5784,604,14.55,61.3
5785,605,1.75,12.89
5786,605,5.05,24.62
5787,605,5.75,27.84
5788,605,7.75,35.14
5789,605,9.75,42.23
5790,605,11.75,50.9
5791,605,13.75,56.23
5792,605,15.25,61.15
5793,606,1.7,9.35
5794,606,5,13.72
5795,606,5.7,18.1
5796,606,7.65,20.88
5797,606,9.65,28.04
5798,606,11.7,33.41
5799,606,13.65,38.78
5800,607,1.75,14.27
5801,607,3.75,24.06
5802,607,5.75,41.26
5803,607,7.65,45.28
5804,607,9.65,50.38
5805,607,11.65,59.9
5806,607,13.65,68.05
5807,607,15.65,75.47
5808,607,16.65,78.17
5809,608,1.75,20.87
5810,608,3.75,35.99
5811,608,5.75,51.9
5812,608,7.75,74.37
5813,608,9.75,86.97
5814,608,11.7,96.64
5815,608,13.7,103.58
5816,608,15.7,112.98
5817,608,17.05,118.23
5818,609,1.75,15.79
5819,609,3.75,34.96
5820,609,5.75,57.9
5821,609,7.75,72.37
5822,609,9.75,82.22
5823,609,11.75,89.51
5824,609,13.7,95.44
5825,609,15.7,101.38
5826,609,16.9,104.78
5827,610,1.75,30.21
5828,610,3.75,36.31
5829,610,5.75,42.33
5830,610,7.75,50.48
5831,610,9.65,58.53
5832,610,11.6,65.45
5833,610,13.7,69.75
5834,610,15.45,74.1
5835,610,16.4,76.79
5836,611,1.75,12.05
5837,611,3.75,27.49
5838,611,5.75,32.99
5839,611,7.75,38.83
5840,611,9.75,45.88
5841,611,11.75,52.95
5842,611,13.75,59.13
5843,611,15.75,65.62
5844,611,17.75,73
5845,611,19.75,79.17
5846,611,21.75,86.99
5847,611,23.75,90.89
5848,612,1.75,11.37
5849,612,3.75,24.44
5850,612,5.75,31.91
5851,612,7.75,38.33
5852,612,9.75,43.58
5853,612,11.75,50.05
5854,612,13.75,54.98
5855,612,15.7,61.15
5856,613,1.75,14.94
5857,613,3.75,23.77
5858,613,5.75,31.24
5859,613,7.75,39.68
5860,613,9.75,48.68
5861,613,11.75,56.55
5862,613,13.75,63.77
5863,613,15.75,71.45
5864,613,17.75,76.79
5865,613,20.25,85.29
5866,614,1.75,7.8
5867,614,3.75,15.12
5868,614,5.75,26.81
5869,614,7.75,33.06
5870,614,9.75,40.03
5871,614,11.75,46.51
5872,614,13.75,53.3
5873,614,15.75,59.63
5874,614,16.8,62.67
5875,615,1.75,7.65
5876,615,3.75,16.47
5877,615,5.75,21.04
5878,615,7.7,27.46
5879,615,9.7,33.59
5880,615,11.7,39.51
5881,615,13.7,46.98
5882,615,15.7,52.53
5883,615,16.7,55.73
5884,616,1.75,8.15
5885,616,4.3,21.39
5886,616,5.75,29.04
5887,616,7.75,34.09
5888,616,9.75,37.83
5889,616,11.75,44.03
5890,616,13.75,50.83
5891,616,15.8,57.6
5892,616,17.75,63.6
5893,616,19.05,65.77
5894,617,1.75,8.82
5895,617,3.75,14.59
5896,617,5.75,21.72
5897,617,7.75,30.69
5898,617,9.75,39.01
5899,617,11.75,48.21
5900,617,13.7,52.53
5901,617,15.7,58.35
5902,617,17.7,66.22
5903,618,1.75,9.85
5904,618,3.75,16.12
5905,618,5.75,24.94
5906,618,7.75,31.71
5907,618,9.75,41.58
5908,618,11.75,46.93
5909,618,13.75,54.5
5910,618,15.75,63.6
5911,619,1.75,12.57
5912,619,3.75,19.87
5913,619,5.75,27.16
5914,619,7.75,31.71
5915,619,9.7,36.14
5916,619,11.65,43.58
5917,619,13.65,49.76
5918,619,15.65,57.43
5919,619,17.65,61.9
5920,619,19.65,67.32
5921,620,1.75,9.17
5922,620,3.75,16.79
5923,620,5.75,28.51
5924,620,7.75,32.06
5925,620,9.75,36.16
5926,620,11.75,42.03
5927,620,13.75,48.21
5928,620,15.75,53.1
5929,620,17.5,58.05
5930,621,1.75,7.65
5931,621,3.75,14.42
5932,621,5.75,21.22
5933,621,7.75,33.06
5934,621,9.75,38.33
5935,621,11.75,43.43
5936,621,13.75,50.05
5937,621,15.75,56.98
5938,621,17.75,62.95
5939,621,19.75,68.05
5940,621,21.7,74.1
5941,622,1.75,9.35
5942,622,3.75,18.84
5943,622,5.75,24.27
5944,622,7.75,31.21
5945,622,9.75,38.16
5946,622,11.75,43.26
5947,622,12.75,46.06
5948,623,1.75,12.17
5949,623,3.75,19.84
5950,623,5.75,28.96
5951,623,7.75,37.01
5952,623,9.75,44.68
5953,623,11.75,52.3
5954,623,13.75,59.35
5955,623,15.75,64.9
5956,623,17.75,70.67
5957,623,18.2,72
5958,624,1.75,10.7
5959,624,3.75,20.49
5960,624,5.75,29.34
5961,624,7.75,38.86
5962,624,9.75,45.73
5963,624,11.75,54.33
5964,624,13.75,61.63
5965,624,15.75,69.1
5966,624,17.75,76.57
5967,624,19.75,83.52
5968,625,3.75,17.44
5969,625,5.75,26.84
5970,625,7.75,37.01
5971,625,9.75,46.41
5972,625,11.75,53.48
5973,625,13.65,61.53
5974,626,1.75,9.62
5975,626,3.75,16.27
5976,626,5.75,24.47
5977,626,7.75,32.39
5978,626,9.75,40.71
5979,626,11.75,50.35
5980,626,13.75,57.9
5981,626,15.75,5.37
5982,626,18.05,72.72
5983,627,1.75,11.37
5984,627,3.75,22.47
5985,627,5.75,32.39
5986,627,7.75,42.71
5987,627,9.75,52.73
5988,627,11.75,60.43
5989,627,14.6,72
5990,628,1.75,10.2
5991,628,3.75,17.72
5992,628,5.75,26.56
5993,628,7.75,35.96
5994,628,9.75,44.03
5995,628,11.75,52.4
5996,628,14.75,64.17
5997,629,1.75,9.92
5998,629,3.75,18.24
5999,629,5.75,29.89
6000,629,7.75,38.33
6001,629,9.75,45.68
6002,629,11.75,52.63
6003,629,14.55,63.57
6004,630,1.75,9
6005,630,3.75,17.04
6006,630,5.75,24.72
6007,630,7.75,33.44
6008,630,9.75,40.98
6009,630,11.75,48.43
6010,630,14.95,60.78
6011,631,1.75,10.17
6012,631,3.75,17.72
6013,631,5.75,26.84
6014,631,7.75,34.24
6015,631,9.75,41.38
6016,631,11.75,48.41
6017,631,13.75,56.1
6018,631,15.75,61.43
6019,631,17.75,68.5
6020,631,20.35,76.87
6021,632,1.75,9.92
6022,632,3.75,18.64
6023,632,5.75,27.09
6024,632,7.75,41.76
6025,632,9.75,53
6026,632,11.75,60.68
6027,632,13.75,70.07
6028,632,15.75,79.19
6029,632,17.75,86.97
6030,632,19.75,93.66
6031,632,21.75,100.66
6032,632,23.25,106.11
6033,633,1.75,10.7
6034,633,3.75,19.97
6035,633,5.75,29.09
6036,633,7.75,38.33
6037,633,9.75,46.86
6038,633,11.75,52.58
6039,633,13.75,58.98
6040,633,15.75,64.65
6041,633,17.75,72.85
6042,633,20.25,83.52
6043,634,1.75,10.42
6044,634,3.75,17.84
6045,634,5.75,27.09
6046,634,7.75,36.26
6047,634,9.75,44.43
6048,634,11.75,52.5
6049,634,13.75,59.55
6050,634,15.75,66.72
6051,634,17.75,74.37
6052,634,19.75,81.59
6053,634,20.6,83.74
6054,635,1.75,11.5
6055,635,3.75,20.62
6056,635,5.75,31.21
6057,635,7.75,37.26
6058,635,9.75,43.21
6059,635,11.75,51.25
6060,635,13.75,58.4
6061,635,14.65,61.25
6062,636,1.75,10.7
6063,636,3.75,18.12
6064,636,5.75,26.84
6065,636,7.75,35.31
6066,636,9.85,43.11
6067,636,11.75,50.15
6068,636,13.75,56.95
6069,636,14.75,60.83
6070,637,1.75,11.65
6071,637,3.75,20.89
6072,637,5.75,30.41
6073,637,7.75,39.26
6074,637,9.75,48.13
6075,637,11.75,55.05
6076,637,13.75,62.13
6077,637,15.75,69.6
6078,637,17.75,76.19
6079,637,20.25,85.39
6080,638,1.75,9.92
6081,638,3.75,16.12
6082,638,5.75,26.44
6083,638,7.75,34.24
6084,638,9.75,40.32
6085,638,11.75,45.96
6086,638,13.75,52.63
6087,638,14.55,55.5
6088,639,1.75,9
6089,639,3.75,21.54
6090,639,5.75,31.46
6091,639,7.75,39.26
6092,639,9.75,45.14
6093,639,11.75,50.58
6094,639,13.75,55.75
6095,639,15.35,60.43
6096,640,1.75,11.62
6097,640,3.75,18.52
6098,640,5.75,27.76
6099,640,7.75,35.84
6100,640,9.75,44.03
6101,640,11.75,50.85
6102,641,1.75,10.45
6103,641,3.75,17.84
6104,641,5.75,26.31
6105,641,7.75,34.36
6106,641,9.75,42.73
6107,641,11.75,52.13
6108,641,13.75,61.05
6109,641,14.85,64.55
6110,642,1.75,10.85
6111,642,3.75,18.52
6112,642,5.75,26.06
6113,642,7.75,36.06
6114,642,9.75,43.23
6115,642,11.75,50.4
6116,642,13.75,57.43
6117,642,15.75,66.2
6118,642,17.25,71.87
6119,643,1.75,10.17
6120,643,3.75,17.19
6121,643,5.75,26.04
6122,643,7.75,35.84
6123,643,9.75,43.91
6124,643,11.75,52.13
6125,643,13.75,60.08
6126,643,14.25,62.38
6127,644,1.75,14.02
6128,644,3.75,23.79
6129,644,5.75,30.66
6130,644,7.75,38.33
6131,644,9.75,45.71
6132,644,11.75,53.6
6133,644,13.75,59.83
6134,644,15.6,64.87
6135,645,1.75,13.74
6136,645,3.75,23.02
6137,645,5.75,33.19
6138,645,7.75,44.16
6139,645,9.75,51.05
6140,645,11.75,59.95
6141,645,13.75,68.4
6142,645,15.75,74.27
6143,646,1.75,8.32
6144,646,3.75,15.74
6145,646,5.75,23.94
6146,646,7.75,32.14
6147,646,9.75,39.13
6148,646,11.75,51.53
6149,646,13.75,59.35
6150,646,15.75,65.97
6151,647,1.75,8.85
6152,647,3.75,15.74
6153,647,5.75,24.32
6154,647,7.75,33.06
6155,647,9.75,39.93
6156,647,11.75,46.58
6157,647,13.75,55.38
6158,647,15.4,60.2
6159,648,1.75,10.55
6160,648,3.75,18.51
6161,648,5.8,28.67
6162,648,7.75,37.11
6163,648,9.75,45.39
6164,648,11.75,53.67
6165,648,13.75,62.18
6166,648,15.75,71.25
6167,648,17.75,78.9
6168,648,19.75,86.79
6169,648,20.25,88.9
6170,649,1.75,10.62
6171,649,3.75,19.53
6172,649,5.75,30.62
6173,649,7.75,40.31
6174,649,9.75,49.14
6175,649,11.75,57.34
6176,649,13.75,65.78
6177,649,15.75,74.53
6178,649,17.75,82.65
6179,649,19.75,90.31
6180,649,20.35,92.81
6181,650,1.75,9.61
6182,650,3.75,17.81
6183,650,5.75,27.42
6184,650,7.75,36.17
6185,650,9.75,45
6186,650,11.75,54.45
6187,650,13.75,61.87
6188,650,15.75,70.78
6189,650,17.75,78.82
6190,650,19.75,87.42
6191,650,20.45,90.07
6192,651,1.75,15.39
6193,651,3.75,24.61
6194,651,5.75,35.62
6195,651,7.75,47.34
6196,651,9.75,57.03
6197,651,11.75,66.64
6198,651,13.75,75.85
6199,651,15.75,85.7
6200,651,17.75,93.67
6201,651,19.75,102.42
6202,651,20.25,104.68
6203,652,1.75,13.67
6204,652,3.75,23.05
6205,652,5.75,33.04
6206,652,7.75,41.64
6207,652,9.75,50.07
6208,652,11.75,58.59
6209,652,13.75,66.71
6210,652,15.75,74.6
6211,652,17.75,82.65
6212,652,19.75,89.76
6213,652,20.15,91.17
6214,653,1.75,8.2
6215,653,3.75,17.81
6216,653,5.75,24.14
6217,653,7.75,31.48
6218,653,9.75,39.84
6219,653,11.75,47.73
6220,653,13.75,55.78
6221,653,15.75,63.51
6222,653,17.75,70.62
6223,653,19.75,79.29
6224,653,20.35,81.79
6225,654,1.75,11.48
6226,654,3.75,21.48
6227,654,5.75,31.09
6228,654,7.75,40.08
6229,654,9.75,49.06
6230,654,11.75,57.18
6231,654,13.75,66.25
6232,654,15.75,74.14
6233,654,17.75,82.03
6234,654,19.75,90.78
6235,654,20.35,93.35
6236,655,1.75,13.59
6237,655,3.75,23.75
6238,655,5.75,33.83
6239,655,7.75,43.2
6240,655,9.75,51.4
6241,655,11.75,59.92
6242,655,13.75,68.67
6243,655,15.75,77.89
6244,655,17.75,86.17
6245,655,19.75,94.06
6246,655,20.25,96.32
6247,656,1.75,10.31
6248,656,3.75,18.44
6249,656,5.75,27.19
6250,656,7.75,36.87
6251,656,9.75,45.54
6252,656,11.75,54.06
6253,656,13.75,62.18
6254,656,15.75,69.29
6255,656,17.75,76.09
6256,656,19.75,84.14
6257,656,20.35,86.4
6258,657,1.75,11.56
6259,657,3.75,19.92
6260,657,7.75,38.98
6261,657,9.75,48.43
6262,657,11.75,56.95
6263,657,13.75,64.92
6264,657,15.75,72.65
6265,657,17.75,81.24
6266,657,19.75,89.84
6267,657,20.15,90.7
6268,658,1.75,14.76
6269,658,3.75,26.64
6270,658,5.75,35.86
6271,658,7.75,46.01
6272,658,9.75,56.25
6273,658,11.75,64.21
6274,658,13.75,72.73
6275,658,15.75,78.9
6276,658,17.75,86.17
6277,658,19.75,94.21
6278,659,1.75,12.97
6279,659,3.75,25.78
6280,659,5.75,40.54
6281,659,7.75,54.22
6282,659,9.75,64.37
6283,659,11.75,72.42
6284,659,13.75,79.37
6285,659,15.75,86.48
6286,659,17.75,93.59
6287,659,19.75,101.01
6288,659,21.75,107.73
6289,659,23.45,113.51
6290,660,1.75,13.28
6291,660,3.75,26.48
6292,660,5.75,39.84
6293,660,7.75,48.9
6294,660,9.75,57.65
6295,660,11.75,66.17
6296,660,13.75,73.51
6297,660,15.75,81.32
6298,660,17.75,88.51
6299,660,19.75,96.56
6300,660,20.05,97.65
6301,661,1.75,12.58
6302,661,3.75,24.61
6303,661,5.75,37.34
6304,661,7.75,48.51
6305,661,9.75,59.53
6306,661,11.75,67.18
6307,661,13.75,75
6308,661,15.75,81.87
6309,661,17.75,88.9
6310,661,19.75,95.93
6311,661,20.35,97.81
6312,662,1.75,11.33
6313,662,3.75,25.08
6314,662,5.75,39.14
6315,662,7.75,51.4
6316,662,9.75,60.46
6317,662,11.75,68.98
6318,662,13.75,78.59
6319,662,15.75,86.01
6320,662,17.75,93.51
6321,662,19.95,100.85
6322,663,1.75,11.64
6323,663,3.75,21.25
6324,663,5.75,35.62
6325,663,7.75,48.9
6326,663,9.75,58.67
6327,663,11.75,68.12
6328,663,13.75,76.79
6329,663,15.75,84.84
6330,663,17.75,93.98
6331,663,19.75,102.96
6332,663,20.45,105.62
6333,664,1.75,12.03
6334,664,3.75,21.33
6335,664,5.75,30.31
6336,664,7.75,40.78
6337,664,9.75,51.48
6338,664,11.75,59.84
6339,664,13.75,67.65
6340,664,15.75,75.46
6341,664,17.75,84.29
6342,664,19.75,93.04
6343,664,20.45,96.17
6344,665,1.75,10.34
6345,665,3.75,20.55
6346,665,5.75,32.19
6347,665,7.75,43.59
6348,665,9.75,53.51
6349,665,11.75,62.96
6350,665,13.75,72.18
6351,665,15.75,79.45
6352,665,17.75,86.64
6353,665,19.75,95.62
6354,665,20.45,98.04
6355,666,1.75,10.39
6356,666,3.75,25
6357,666,5.75,39.76
6358,666,7.75,52.89
6359,666,9.75,61.79
6360,666,11.75,70.85
6361,666,13.75,79.14
6362,666,15.75,87.81
6363,666,17.75,95.85
6364,666,19.75,103.98
6365,666,20.3,105.7
6366,667,1.75,12.97
6367,667,3.75,24.61
6368,667,5.75,38.51
6369,667,7.75,51.95
6370,667,9.75,62.18
6371,667,11.75,71.87
6372,667,13.75,80.93
6373,667,15.75,89.13
6374,667,17.75,97.03
6375,667,19.75,104.21
6376,667,20.4,106.56
6377,668,1.75,15.39
6378,668,3.75,31.64
6379,668,5.75,46.09
6380,668,7.75,62.96
6381,668,9.75,74.68
6382,668,11.75,84.21
6383,668,13.75,94.53
6384,668,15.75,102.96
6385,668,17.75,111.32
6386,668,19.75,119.13
6387,668,20.35,122.2
6388,669,1.75,11.41
6389,669,3.75,22.5
6390,669,5.75,35.54
6391,669,7.75,45.31
6392,669,9.75,55.62
6393,670,1.75,13.91
6394,670,3.75,25.62
6395,670,5.75,38.9
6396,670,7.75,49.84
6397,670,9.75,60.31
6398,670,11.75,69.14
6399,670,13.75,77.5
6400,670,15.75,86.24
6401,670,17.75,93.35
6402,670,19.75,101.24
6403,670,20.45,104.13
6404,671,1.75,12.11
6405,671,3.75,21.95
6406,671,5.75,31.79
6407,671,7.75,43.2
6408,671,9.75,53.75
6409,671,11.75,62.11
6410,671,13.75,70.39
6411,671,15.75,79.06
6412,671,17.75,87.49
6413,671,18.7,92.18
6414,672,1.75,16.17
6415,672,3.75,29.92
6416,672,5.75,45.54
6417,672,7.75,61.01
6418,672,9.75,74.29
6419,672,11.75,81.48
6420,672,13.75,89.45
6421,672,15.75,96.87
6422,672,17.75,105.62
6423,672,19.75,113.74
6424,672,20.35,116.16
6425,673,1.75,13.67
6426,673,3.75,26.01
6427,673,5.75,41.4
6428,673,7.75,50.86
6429,673,9.75,59.76
6430,673,11.75,68.59
6431,673,13.75,79.29
6432,673,15.75,87.18
6433,673,17.75,93.51
6434,673,19.75,101.01
6435,673,20.15,103.04
6436,674,1.75,11.41
6437,674,3.75,25.78
6438,674,5.75,39.29
6439,674,7.75,51.72
6440,674,9.75,65.46
6441,674,11.75,74.53
6442,674,13.75,82.34
6443,674,15.75,89.84
6444,674,17.75,97.49
6445,674,19.75,105.85
6446,674,20.35,107.96
6447,675,1.75,12.5
6448,675,3.75,26.48
6449,675,5.75,41.25
6450,675,7.75,58.36
6451,675,9.75,74.29
6452,675,11.75,90.85
6453,675,13.75,106.95
6454,675,15.75,116.4
6455,675,17.75,124.84
6456,675,19.75,132.26
6457,675,20.25,134.29
6458,676,1.75,13.91
6459,676,3.75,25.86
6460,676,5.75,36.79
6461,676,7.75,44.92
6462,676,9.75,53.59
6463,676,11.75,60.86
6464,676,13.75,68.67
6465,676,15.75,77.03
6466,676,17.75,84.99
6467,676,19.75,92.88
6468,676,20.35,95.38
6469,677,1.75,8.59
6470,677,3.75,20.86
6471,677,5.75,33.51
6472,677,7.75,42.26
6473,677,9.75,50.62
6474,677,11.75,59.29
6475,677,13.75,67.18
6476,677,15.75,76.09
6477,677,17.75,83.82
6478,677,19.75,19.75
6479,677,20.45,95.78
6480,678,1.75,15
6481,678,3.75,25.78
6482,678,5.75,36.79
6483,678,7.75,46.17
6484,678,9.75,55.31
6485,678,11.75,63.51
6486,678,13.75,71.56
6487,678,15.75,79.45
6488,678,17.75,87.42
6489,678,19.75,96.24
6490,678,20.35,98.35
6491,679,1.75,14.14
6492,679,3.75,24.69
6493,679,5.75,35.08
6494,679,7.75,45.39
6495,679,9.75,54.22
6496,679,11.75,63.36
6497,679,13.75,71.25
6498,679,15.75,78.35
6499,679,17.75,85.23
6500,679,19.75,92.81
6501,679,20.35,94.92
6502,680,1.75,14.84
6503,680,3.75,28.51
6504,680,5.75,39.92
6505,680,7.75,49.14
6506,680,9.75,60.86
6507,680,12.2,72.1
6508,680,13.75,77.65
6509,680,15.75,85.07
6510,680,17.75,91.79
6511,680,19.75,98.67
6512,681,1.75,11.25
6513,681,3.75,22.07
6514,681,5.75,33.99
6515,681,7.75,41.63
6516,681,8.45,44.28
6517,682,1.75,8.6
6518,682,3.75,18.37
6519,682,5.75,27.76
6520,682,7.75,35.69
6521,682,9.75,42.91
6522,682,11.75,49.56
6523,682,13.75,57.78
6524,682,15.35,63.1
6525,683,1.75,10.32
6526,683,3.75,18.89
6527,683,5.75,29.74
6528,683,7.75,39.01
6529,683,9.75,46.28
6530,683,11.75,53.18
6531,683,13.75,60.43
6532,683,14.45,63.07
6533,684,1.75,11.37
6534,684,3.75,20.37
6535,684,5.75,33.99
6536,684,7.75,52.6
6537,684,9.75,69.27
6538,684,11.75,85.67
6539,684,13.75,102.06
6540,684,15.75,120.05
6541,684,19.75,143.42
6542,685,1.75,12.57
6543,685,3.75,19.44
6544,685,5.75,27.76
6545,685,7.75,36.36
6546,685,9.75,44.96
6547,685,11.75,54.75
6548,685,14.6,68.25
6549,686,1.75,12.17
6550,686,4.55,23.14
6551,686,5.75,27.36
6552,686,7.75,34.76
6553,686,9.75,43.03
6554,686,11.75,50.93
6555,686,13.75,60.85
6556,686,16.2,70.7
6557,686,17.75,79.04
6558,686,19.75,87.94
6559,687,1.75,12.57
6560,687,4.25,27.11
6561,687,5.75,35.16
6562,687,7.75,44.68
6563,687,9.75,54.04
6564,687,11.75,61.9
6565,687,13.75,69.42
6566,687,15.75,77.59
6567,687,17.75,85.09
6568,687,20.55,96.19
6569,688,3.8,24.87
6570,688,5.75,40.58
6571,688,7.75,57.6
6572,688,9.75,71.52
6573,688,11.75,81.82
6574,688,13.75,91.81
6575,688,15.75,103.21
6576,688,17.75,113.83
6577,688,20.55,131.12
6578,689,1.75,11.1
6579,689,3.75,18.37
6580,689,5.75,26.84
6581,689,7.75,33.84
6582,689,10.55,45.73
6583,689,11.75,51.48
6584,689,13.75,60.23
6585,689,15.75,67.52
6586,689,17.75,76.14
6587,689,20.25,85.24
6588,690,1.75,12.3
6589,690,3.75,19.69
6590,690,5.75,29.61
6591,690,7.75,40.58
6592,690,9.75,51.18
6593,690,11.9,61.3
6594,690,13.75,69.82
6595,690,15.75,78.02
6596,690,17.25,84.24
6597,691,1.75,11.9
6598,691,3.75,20.22
6599,691,5.75,28.96
6600,691,7.75,39.26
6601,691,9.75,49.06
6602,691,11.75,58.38
6603,691,13.75,67.3
6604,691,15.75,75.14
6605,691,17.75,83.52
6606,692,1.75,12.57
6607,692,3.75,22.34
6608,692,5.75,32.39
6609,692,7.75,42.58
6610,692,9.75,52.48
6611,692,11.75,59.25
6612,692,13.75,67.42
6613,692,14.55,71.12
6614,693,1.8,10.45
6615,693,3.75,21.29
6616,693,5.75,29.89
6617,693,7.75,39.78
6618,693,9.75,48.91
6619,693,11.75,57.35
6620,693,13.75,65.67
6621,693,15.75,74
6622,693,17.75,82.64
6623,693,19.75,90.11
6624,694,1.75,8.2
6625,694,3.75,18.89
6626,694,5.75,28.29
6627,694,7.75,38.21
6628,694,9.75,47.86
6629,694,11.75,56.23
6630,694,13.75,65.97
6631,694,15.7,75.14
6632,695,1.75,9.92
6633,695,3.75,20.09
6634,695,5.75,28.29
6635,695,7.75,37.41
6636,695,9.75,46.71
6637,695,11.75,55.15
6638,695,13.75,64.17
6639,695,15.75,73.42
6640,695,17.25,80.19
6641,696,1.75,11.5
6642,696,3.75,18.12
6643,696,5.75,25.91
6644,696,7.75,35.44
6645,696,9.75,46.06
6646,696,11.75,54.43
6647,696,13.75,63.35
6648,696,15.75,71.25
6649,696,17.75,79.89
6650,696,19.75,87.84
6651,696,21.75,96.34
6652,696,23.75,104.08
6653,696,25.75,112.73
6654,696,27.75,119.7
6655,696,29.75,127.95
6656,696,31.75,135.2
6657,696,33.75,144.72
6658,696,35.75,152.94
6659,696,37.45,159.11
6660,697,1.75,12.17
6661,697,3.75,17.59
6662,697,5.75,24.99
6663,697,7.75,34.51
6664,697,9.75,44.61
6665,697,11.75,54.43
6666,697,13.75,63.22
6667,697,15.75,72.27
6668,697,18.45,83.64
6669,698,1.75,10.45
6670,698,3.75,21.02
6671,698,5.75,43.88
6672,698,7.75,68.72
6673,698,9.75,93.31
6674,698,11.75,114.6
6675,698,13.75,128.4
6676,698,15.75,138.54
6677,698,17.75,150.46
6678,698,19.75,165.93
6679,698,22.25,176.43
6680,699,1.75,10.17
6681,699,3.75,23.14
6682,699,5.75,41.91
6683,699,7.75,60.03
6684,699,9.75,83.09
6685,699,11.75,102.41
6686,699,13.75,117.43
6687,699,15.75,126.97
6688,699,17.75,137.17
6689,699,20.45,151.16
6690,700,1.75,11.25
6691,700,3.75,22.22
6692,700,5.75,38.73
6693,700,7.75,58.4
6694,700,9.75,79.84
6695,700,11.75,101.38
6696,700,13.75,125.25
6697,700,15.75,145.04
6698,700,17.75,156.41
6699,700,20.45,171.33
6700,701,1.75,10.45
6701,701,3.75,22.74
6702,701,5.75,34.76
6703,701,7.75,48.81
6704,701,9.75,64.42
6705,701,11.75,80.27
6706,701,13.75,96.01
6707,701,15.75,109.86
6708,701,17.75,121.5
6709,701,20.35,131.95
6710,702,1.75,10.05
6711,702,3.75,19.44
6712,702,5.75,31.99
6713,702,7.75,51.65
6714,702,9.75,66.72
6715,702,11.75,83.22
6716,702,13.75,100.38
6717,702,15.75,117.2
6718,702,17.75,125.9
6719,702,20.55,136.82
6720,703,1.75,10.57
6721,703,3.75,22.22
6722,703,5.75,36.09
6723,703,7.75,51.65
6724,703,9.75,68.42
6725,703,11.75,82.94
6726,703,13.75,92.64
6727,703,15.75,102.41
6728,703,17.75,110.58
6729,703,18.65,113.93
6730,704,1.75,10.45
6731,704,3.75,19.17
6732,704,5.75,34.64
6733,704,7.75,47.96
6734,704,9.75,57.68
6735,704,11.75,67.67
6736,704,13.75,76.44
6737,704,15.75,85.67
6738,704,17.75,92.81
6739,704,20.2,102.93
6740,705,1.75,11.25
6741,705,3.75,21.54
6742,705,5.75,30.14
6743,705,7.75,39.01
6744,705,9.75,46.61
6745,705,11.75,54.9
6746,705,13.75,63.22
6747,705,15.75,71.4
6748,705,17.45,79.47
6749,706,1.75,11.5
6750,706,3.75,19.84
6751,706,5.75,29.09
6752,706,7.75,38.21
6753,706,9.75,47.18
6754,706,11.75,56.45
6755,706,13.75,65.62
6756,706,15.75,71.82
6757,706,18.15,80.47
6758,707,1.75,13.34
6759,707,3.75,22.34
6760,707,5.75,29.74
6761,707,7.75,38.73
6762,707,9.75,47.26
6763,707,11.75,55.63
6764,707,14.15,66.22
6765,708,1.75,10.97
6766,708,3.75,17.72
6767,708,5.75,30.26
6768,708,7.75,40.53
6769,708,9.75,48.13
6770,708,11.75,57.68
6771,708,13.75,65.02
6772,708,15.75,73.2
6773,708,17.75,81.49
6774,708,19.25,87.69
6775,709,1.75,11.5
6776,709,3.75,20.09
6777,709,5.75,26.84
6778,709,7.75,35.56
6779,709,9.75,43.41
6780,709,10.75,48.28
6781,710,1.75,10.57
6782,710,3.75,17.97
6783,710,5.75,26.31
6784,710,7.75,34.51
6785,710,9.75,42.18
6786,710,11.75,50.48
6787,710,13.75,59.5
6788,710,14.65,63.35
6789,711,1.75,10.05
6790,711,3.75,17.59
6791,711,5.75,25.64
6792,711,7.75,34.64
6793,711,9.75,42.83
6794,711,11.75,52
6795,711,13.75,59.7
6796,711,14.75,63.45
6797,712,1.75,14.02
6798,712,3.75,21.82
6799,712,5.75,32.14
6800,712,7.75,39.13
6801,712,9.75,45.78
6802,712,11.75,55.15
6803,712,13.75,62.25
6804,712,15.25,69.7
6805,713,1.75,12.02
6806,713,3.75,23.02
6807,713,5.75,31.59
6808,713,7.75,40.18
6809,713,9.75,50.3
6810,713,11.45,56.7
6811,714,1.75,12.82
6812,714,3.75,25.24
6813,714,5.75,34.64
6814,714,7.75,43.11
6815,714,9.75,51.58
6816,714,11.75,61.5
6817,714,13.35,67.67
6818,715,3.75,22.07
6819,715,5.75,32.26
6820,715,7.75,41.11
6821,715,9.75,51.43
6822,715,11.75,62.03
6823,715,13.75,71.4
6824,715,15.75,81.07
6825,715,17.75,90.71
6826,715,20.65,100.56
6827,716,1.75,11.77
6828,716,3.75,19.69
6829,716,5.75,29.74
6830,716,7.75,39.93
6831,716,9.75,49.41
6832,716,11.75,58.15
6833,716,13.75,67.17
6834,716,15.75,78.02
6835,716,18.45,90.29
6836,717,1.75,10.7
6837,717,3.75,21.29
6838,717,5.75,32.14
6839,717,7.75,41.71
6840,717,9.75,52.3
6841,717,11.75,62.13
6842,717,13.75,71.02
6843,717,15.75,80.77
6844,717,17.75,88.11
6845,717,19.55,95.01
6846,718,1.75,12.42
6847,718,3.75,22.22
6848,718,5.75,31.49
6849,718,7.75,40.33
6850,718,9.75,50.15
6851,718,11.75,60.68
6852,718,13.25,67.9
6853,719,1.75,11.1
6854,719,3.75,20.89
6855,719,5.75,29.49
6856,719,7.75,37.93
6857,719,9.75,46.16
6858,719,11.75,55.98
6859,719,14.15,66.47
6860,720,1.75,11.1
6861,720,3.75,20.49
6862,720,5.75,29.89
6863,720,7.75,38.61
6864,720,9.75,48.53
6865,720,11.75,57.68
6866,720,13.75,66.35
6867,720,16.35,77.44
6868,721,1.75,11.1
6869,721,3.75,23.27
6870,721,5.75,34.36
6871,721,7.75,46.28
6872,721,9.75,58.5
6873,721,11.75,69.82
6874,721,13.75,79.62
6875,721,16.3,93.66
6876,722,1.75,12.94
6877,722,3.75,22.22
6878,722,5.75,33.31
6879,722,7.75,47.06
6880,722,9.75,62.25
6881,722,11.75,74.27
6882,722,13.75,87.99
6883,722,15.75,100.38
6884,722,17.75,113.18
6885,722,19.25,121.63
6886,723,1.75,10.7
6887,723,3.75,21.14
6888,723,5.75,30.81
6889,723,7.75,40.06
6890,723,9.75,49.58
6891,723,11.75,57.38
6892,723,13.55,65.5
6893,724,1.75,11.25
6894,724,3.75,20.09
6895,724,5.75,32.26
6896,724,7.75,47.86
6897,724,9.75,61.6
6898,724,11.75,77.07
6899,724,13.75,92.81
6900,724,15.75,107.41
6901,724,17.75,120.43
6902,724,20.55,142.34
6903,725,1.75,10.05
6904,725,3.75,19.57
6905,725,5.75,30.26
6906,725,7.75,45.33
6907,725,9.75,60.2
6908,725,11.75,73.92
6909,725,13.75,88.61
6910,725,15.75,102.78
6911,725,17.75,114.65
6912,725,20.55,133.25
6913,726,1.75,10.45
6914,726,3.75,19.44
6915,726,5.75,28.04
6916,726,7.75,42.83
6917,726,9.75,59.73
6918,726,11.75,75.87
6919,726,13.75,91.81
6920,726,15.75,107.41
6921,726,17.75,122.48
6922,726,19.25,132.82
6923,727,1.75,11.77
6924,727,3.75,18.77
6925,727,5.75,34.24
6926,727,7.75,51.5
6927,727,9.75,72.92
6928,727,11.75,93.89
6929,727,13.75,110.43
6930,727,15.75,127.65
6931,727,17.75,143.32
6932,727,19.25,154.79
6933,728,1.75,9.77
6934,728,3.75,19.04
6935,728,5.75,26.31
6936,728,7.75,36.89
6937,728,9.75,46.58
6938,728,11.75,55.38
6939,728,13.75,63.1
6940,728,15.75,71.65
6941,728,17.75,79.12
6942,728,18.15,81.49
6943,729,1.75,10.7
6944,729,3.75,19.29
6945,729,5.75,36.89
6946,729,7.75,60.08
6947,729,9.75,80.49
6948,729,11.75,101.73
6949,729,13.75,120.43
6950,729,15.75,139.22
6951,729,17.75,154.84
6952,729,20.35,175.48
6953,730,1.75,10.57
6954,730,3.75,18.12
6955,730,5.75,28.56
6956,730,7.75,49.31
6957,730,9.75,69.97
6958,730,11.75,91.29
6959,730,13.75,111.31
6960,730,15.75,131.2
6961,730,17.75,150.24
6962,730,18.25,154.34
6963,731,1.75,10.97
6964,731,3.75,18.12
6965,731,5.75,25.39
6966,731,7.75,42.73
6967,731,9.75,65.77
6968,731,11.75,89.14
6969,731,13.75,109.13
6970,731,15.75,129.47
6971,731,17.75,146.12
6972,731,19.75,161.34
6973,732,1.8,11.5
6974,732,3.75,23.14
6975,732,5.75,40.58
6976,732,7.75,62.7
6977,732,9.75,85.77
6978,732,11.75,108.76
6979,732,13.75,127.9
6980,732,15.75,145.67
6981,732,17.75,162.78
6982,732,19.55,176.1
6983,733,1.75,13.09
6984,733,3.75,29.34
6985,733,5.75,45.76
6986,733,7.75,60.3
6987,733,9.75,73.7
6988,733,11.75,86.54
6989,733,13.75,100.06
6990,733,15.75,113.3
6991,733,17.75,124.63
6992,733,19.45,132.07
6993,734,1.75,6.72
6994,734,3.75,11.64
6995,734,5.75,37.11
6996,734,7.75,48.43
6997,734,9.75,62.34
6998,734,11.75,78.2
6999,734,13.75,90.23
7000,734,15.75,97.81
7001,734,17.3,105.15
7002,735,1.75,12.58
7003,735,3.75,25.39
7004,735,5.75,42.5
7005,735,7.75,57.34
7006,735,9.75,68.59
7007,735,11.75,78.51
7008,735,13.75,86.87
7009,735,15.75,92.88
7010,735,16,93.98
7011,736,1.75,14.53
7012,736,3.75,30.54
7013,736,5.75,45.08
7014,736,7.75,59.14
7015,736,9.75,72.34
7016,736,11.75,83.35
7017,736,13.75,91.17
7018,736,15.75,97.1
7019,737,1.75,12.26
7020,737,3.75,28.44
7021,737,5.75,42.11
7022,737,7.75,53.28
7023,737,9.75,63.36
7024,737,11.75,76.17
7025,737,13.75,88.28
7026,737,15.75,96.79
7027,737,17.05,101.87
7028,738,1.75,15.78
7029,738,3.75,31.09
7030,738,5.75,42.73
7031,738,7.95,57.73
7032,738,9.75,68.51
7033,738,11.75,80.62
7034,738,13.75,91.17
7035,738,15.75,99.45
7036,738,17.45,104.21
7037,739,1.75,17.73
7038,739,3.75,34.22
7039,739,5.75,48.67
7040,739,7.75,62.26
7041,739,9.75,76.64
7042,739,11.75,90.7
7043,739,13.75,104.6
7044,739,15.45,111.29
7045,740,1.75,14.14
7046,740,3.75,22.03
7047,740,5.75,44.53
7048,740,7.75,57.26
7049,740,9.75,71.32
7050,740,11.75,83.51
7051,740,13.75,92.81
7052,740,14.9,96.56
7053,741,1.75,14.69
7054,741,3.75,33.28
7055,741,5.75,45.86
7056,741,7.75,59.45
7057,741,9.75,74.14
7058,741,11.75,87.42
7059,741,13.75,97.73
7060,741,15.75,107.34
7061,742,1.75,16.25
7062,742,3.75,31.56
7063,742,5.75,43.83
7064,742,7.75,55
7065,742,9.75,68.59
7066,742,11.75,82.49
7067,742,13.75,96.24
7068,742,15.75,108.98
7069,742,17.1,112.96
7070,743,1.75,14.14
7071,743,3.75,27.11
7072,743,5.75,43.83
7073,743,7.75,56.79
7074,743,9.75,66.64
7075,743,11.75,78.28
7076,743,13.75,87.03
7077,743,15.45,91.79
7078,744,1.75,16.64
7079,744,3.75,31.09
7080,744,5.75,46.48
7081,744,7.75,59.84
7082,744,9.75,73.28
7083,744,11.75,84.45
7084,744,13.75,93.67
7085,744,15.75,98.98
7086,745,1.75,16.87
7087,745,3.75,31.33
7088,745,5.75,47.81
7089,745,7.75,59.61
7090,745,9.75,73.98
7091,745,11.75,85.39
7092,745,13.75,95.62
7093,745,15.75,99.45
7094,746,1.75,15.47
7095,746,3.75,30.47
7096,746,5.75,48.51
7097,746,7.75,61.79
7098,746,9.75,74.45
7099,746,11.75,83.82
7100,746,13.75,90.46
7101,746,14.35,92.26
7102,747,1.75,18.75
7103,747,3.75,34.45
7104,747,5.75,50.15
7105,747,7.75,63.82
7106,747,9.75,73.35
7107,747,11.75,83.82
7108,747,13.5,89.76
7109,748,1.75,15.78
7110,748,3.75,31.79
7111,748,5.75,45.08
7112,748,7.75,57.97
7113,748,9.75,73.2
7114,748,11.75,83.98
7115,748,13.75,92.1
7116,748,13.95,92.73
7117,749,1.75,13.59
7118,749,3.75,27.03
7119,749,5.75,41.79
7120,749,7.75,51.79
7121,749,9.75,63.36
7122,749,11.75,78.28
7123,749,13.75,93.9
7124,749,15.75,106.09
7125,749,17.15,112.57
7126,750,1.75,14.76
7127,750,3.75,33.51
7128,750,5.75,49.53
7129,750,7.75,61.64
7130,750,9.75,76.4
7131,750,11.75,92.34
7132,750,13.75,106.95
7133,750,15.75,118.51
7134,750,17.75,125.46
7135,750,19.35,131.87
7136,751,1.75,10.94
7137,751,3.75,25.39
7138,751,5.75,41.87
7139,751,7.75,54.68
7140,751,9.75,66.48
7141,751,11.75,79.76
7142,751,13.75,91.79
7143,751,15.75,102.1
7144,751,17.75,108.98
7145,751,19.75,115.23
7146,751,20.5,117.88
7147,752,1.75,12.89
7148,752,3.75,29.22
7149,752,5.75,44.22
7150,752,7.75,57.57
7151,752,9.75,74.06
7152,752,11.75,89.92
7153,752,13.75,97.26
7154,752,15.75,103.51
7155,752,17.75,124.37
7156,752,18.05,125.07
7157,753,1.75,18.59
7158,753,3.75,32.26
7159,753,5.75,46.33
7160,753,7.75,60.62
7161,753,9.75,78.28
7162,753,11.75,92.57
7163,753,13.75,99.13
7164,753,15.75,106.32
7165,753,17.45,113.2
7166,754,1.75,15.78
7167,754,3.75,30.31
7168,754,5.75,42.42
7169,754,7.75,55.62
7170,754,9.75,68.36
7171,754,11.75,82.1
7172,754,13.75,93.51
7173,754,15.75,101.63
7174,754,16.05,102.96
7175,755,1.75,17.11
7176,755,3.75,30.94
7177,755,5.75,46.17
7178,755,7.75,58.28
7179,755,9.75,72.18
7180,755,11.75,84.84
7181,755,13.75,95.7
7182,755,15.75,105.07
7183,756,1.75,17.34
7184,756,3.75,33.28
7185,756,5.75,46.48
7186,756,7.75,58.9
7187,756,9.75,72.18
7188,756,11.75,84.14
7189,756,13.75,93.2
7190,756,15.15,97.96
7191,757,1.75,16.09
7192,757,3.75,32.42
7193,757,5.75,48.28
7194,757,7.75,60.15
7195,757,9.75,72.81
7196,757,11.75,84.14
7197,757,13.75,91.01
7198,758,1.75,15.86
7199,758,3.75,30.7
7200,758,5.75,45.78
7201,758,7.75,58.51
7202,758,9.75,72.81
7203,758,11.75,84.37
7204,758,13.75,97.18
7205,758,15.75,104.37
7206,758,17.75,111.4
7207,759,1.75,13.74
7208,759,3.75,23.54
7209,759,5.75,30.54
7210,759,7.75,39.26
7211,759,9.75,50.2
7212,759,11.75,58.98
7213,759,13.75,67.9
7214,759,15.75,75.47
7215,759,17.75,82.49
7216,759,20.55,93.31
7217,760,1.75,11.87
7218,760,3.75,21.22
7219,760,5.75,29.71
7220,760,7.55,36.66
7221,761,1.75,8.32
7222,761,3.75,16.29
7223,761,5.75,22.42
7224,761,7.75,29.51
7225,761,9.75,36.46
7226,761,11.75,42.23
7227,761,13.75,48.21
7228,761,15.75,52.8
7229,761,17.75,58.68
7230,761,18.25,59.9
7231,762,1.75,7.8
7232,762,3.75,16.97
7233,763,1.75,9.5
7234,763,3.75,19.87
7235,763,5.75,24.79
7236,763,7.75,32.56
7237,763,8,33.24
7238,764,1.75,9.67
7239,764,3.75,13.92
7240,764,5.75,17.99
7241,764,7.75,32.76
7242,764,9.75,41.06
7243,764,11.75,48.83
7244,764,13.75,54.8
7245,764,15.75,60.05
7246,765,1.75,13.42
7247,765,3.75,20.72
7248,765,5.75,28.86
7249,765,7.75,36.14
7250,765,9.75,42.66
7251,765,11.75,50.8
7252,765,13.75,56.5
7253,765,15.75,65.12
7254,765,16.6,68.2
7255,766,1.75,10.2
7256,766,3.75,13.92
7257,766,5.75,21.57
7258,766,7.75,27.49
7259,766,9.75,33.96
7260,766,11.3,37.86
7261,767,1.75,12.05
7262,767,3.75,19.52
7263,767,5.75,26.31
7264,767,7.75,33.11
7265,767,9.75,40.71
7266,767,11.75,47.51
7267,767,13.75,55
7268,767,15.75,60.83
7269,768,1.75,9.35
7270,768,3.75,16.12
7271,769,1.75,11.2
7272,770,1.75,7.97
7273,770,3.75,13.74
7274,770,5.75,20.37
7275,770,7.75,24.79
7276,770,8.5,26.14
7277,771,1.75,10.7
7278,771,3.75,17.32
7279,771,5.75,22.42
7280,771,6.75,24.79
7281,772,1.75,9.17
7282,772,3.75,17.32
7283,772,5.75,24.12
7284,772,7.75,30.71
7285,772,9.75,40.03
7286,772,11.5,45.13
7287,773,1.75,9.5
7288,773,3.75,21.57
7289,773,5.75,30.39
7290,773,7.75,38.18
7291,773,9.75,45.98
7292,773,11.75,52.75
7293,773,13.75,60.05
7294,773,15.25,64.37
7295,774,1.75,10.2
7296,774,3.75,17.89
7297,774,5.75,25.29
7298,774,7.75,35.14
7299,774,8.75,38.36
7300,774,9.1,39.38
7301,775,1.75,11.2
7302,775,3.75,19.19
7303,775,5.75,24.44
7304,776,1.75,10.35
7305,776,3.75,21.04
7306,776,5.75,26.14
7307,776,7.75,35.31
7308,776,9.75,43.58
7309,776,11.75,52.05
7310,776,12.8,55
7311,776,14.75,61.75
7312,777,1.75,10.02
7313,777,3.75,21.57
7314,777,4.2,23.94
7315,778,1.75,8.65
7316,778,3.75,16.97
7317,778,5.75,25.11
7318,778,7.75,35.29
7319,778,9.75,44.11
7320,778,11.75,50.98
7321,778,13.75,58.68
7322,778,15.75,65.62
7323,778,17.75,71.15
7324,778,19.75,79.19
7325,778,21.75,84.79
7326,778,23.75,90.04
7327,778,24.9,93.76
7328,779,1.75,12.4
7329,779,3.75,23.27
7330,779,5.75,34.11
7331,779,6.7,38.03
7332,780,1.75,12.4
7333,780,3.75,23.27
7334,780,5.75,34.11
7335,780,7.75,38.03
7336,780,9.4,44.11
7337,781,1.75,10.7
7338,781,3.75,19.34
7339,781,5.75,26.31
7340,781,7.75,33.74
7341,781,9.75,41.06
7342,781,11.75,48.06
7343,781,13.75,54.05
7344,781,15.75,60.68
7345,781,17.75,66.67
7346,781,19.75,70.22
7347,781,21.75,75.44
7348,781,23.75,79.02
7349,781,25.45,86.29
7350,782,1.75,9.85
7351,782,3.75,17.82
7352,782,5.75,25.79
7353,782,7.75,34.64
7354,782,9.75,42.41
7355,782,11.75,49.13
7356,782,13.75,55.58
7357,782,15.75,62.95
7358,782,17.75,69.5
7359,782,19.75,75.62
7360,783,1.75,9.67
7361,783,3.75,18.67
7362,783,5.75,26.14
7363,783,7.75,30.89
7364,784,1.75,9.85
7365,784,3.75,17.99
7366,784,5.75,27.66
7367,784,7.75,34.96
7368,784,9.75,41.91
7369,784,11.75,50.05
7370,784,13,54.08
7371,785,1.75,6.1
7372,785,3.75,11.72
7373,785,5.75,18.49
7374,785,7.75,23.77
7375,785,9.75,28.69
7376,785,11.75,32.41
7377,786,1.75,11.02
7378,786,3.75,19.02
7379,786,5.75,24.27
7380,786,7.75,31.24
7381,786,9.75,37.98
7382,786,11.75,43.93
7383,786,13.75,50.38
7384,786,15.75,55.58
7385,786,17.6,60.5
7386,787,1.75,9.35
7387,787,3.75,17.49
7388,787,5.75,24.12
7389,787,7.75,31.41
7390,787,9.75,38.33
7391,787,11.75,45.13
7392,787,13.75,51.45
7393,787,15.75,58.05
7394,787,17,62.8
7395,788,1.75,9.5
7396,788,3.75,15.79
7397,788,5.75,23.59
7398,788,7.75,31.91
7399,788,9.75,39.86
7400,788,11.75,47.68
7401,789,1.95,10.2
7402,789,3.75,16.97
7403,789,5.75,24.27
7404,789,7.75,36.16
7405,789,9.75,45.28
7406,789,11.75,55.13
7407,789,13.75,61.6
7408,789,15.75,69.9
7409,789,17.75,74.42
7410,789,18.4,76.47
7411,790,1.75,10.87
7412,790,3.75,16.12
7413,790,5.75,25.96
7414,790,7.75,35.81
7415,790,9.75,45.46
7416,790,11.75,54.38
7417,790,13.75,62.03
7418,791,1.75,10.87
7419,791,3.75,20.37
7420,791,5.75,31.41
7421,791,7.75,42.11
7422,791,9.75,51.8
7423,791,11.75,59.18
7424,791,13.75,68.55
7425,791,15,74.55
7426,792,1.75,15.44
7427,792,3.75,26.99
7428,792,5.75,33.79
7429,792,7.75,42.96
7430,792,9.75,53.78
7431,792,11.75,63.02
7432,792,12.85,67.62
7433,793,1.75,13.42
7434,793,3.75,20.54
7435,793,5.75,27.34
7436,793,7.75,35.81
7437,793,9.75,44.43
7438,794,1.75,12.05
7439,794,3.75,21.22
7440,794,5.75,27.49
7441,794,7.75,35.99
7442,794,9.75,45.81
7443,794,11.75,52.23
7444,794,13.75,56.98
7445,794,13.95,57.43
7446,795,1.75,11.55
7447,795,3.75,19.02
7448,795,5.75,26.49
7449,795,7.85,35.14
7450,796,1.75,9.85
7451,796,3.75,21.72
7452,797,1.75,7.65
7453,797,3.75,18.49
7454,797,4.85,21.72
7455,798,1.75,10.52
7456,798,3.75,20.19
7457,798,5.75,27.66
7458,798,7.45,32.59
7459,799,1.75,13.07
7460,799,3.75,20.37
7461,799,5.5,23.27
7462,800,1.75,9.35
7463,800,3.75,18.34
7464,800,5.75,29.19
7465,800,7.75,35.96
7466,800,9.75,42.91
7467,800,11.75,51.3
7468,800,13.75,57.48
7469,800,15.65,63.77
7470,801,1.75,10.2
7471,801,3.75,19.52
7472,801,5.75,27.49
7473,801,7.75,34.46
7474,801,9.75,41.21
7475,801,11.75,46.83
7476,801,11.95,47.51
7477,802,1.75,9.67
7478,802,3.75,20.04
7479,802,5.75,30.04
7480,802,7.75,36.34
7481,802,9.75,43.43
7482,803,1.75,9
7483,803,3.75,17.82
7484,803,5.75,27.49
7485,803,7.75,33.96
7486,803,9.75,40.23
7487,804,1.7,8.23
7488,804,3.75,14.77
7489,804,5.75,20.04
7490,804,7.75,28.51
7491,804,9.75,33.26
7492,804,11.75,37.34
7493,804,12.75,39.88
7494,805,1.75,7.12
7495,805,3.75,13.07
7496,805,7.75,26.14
7497,805,9.3,29.86
7498,806,1.75,8.32
7499,806,3.75,15.12
7500,806,5.75,23.94
7501,806,7.75,28.34
7502,806,9.75,33.61
7503,806,10.1,34.64
7504,807,1.75,8.65
7505,807,3.75,17.49
7506,807,5.85,26.64
7507,807,7.75,35.99
7508,807,9.75,44.11
7509,807,11.75,51.4
7510,807,13.75,58.85
7511,807,14.9,62.08
7512,808,1.75,9
7513,808,3.75,16.97
7514,808,5.75,23.59
7515,808,7.75,29.04
7516,808,8.05,29.86
7517,809,1.75,9.17
7518,809,3.75,17.49
7519,809,5.75,24.62
7520,809,7.75,34.79
7521,809,9.75,43.28
7522,809,11.75,52.28
7523,809,13.75,58.85
7524,809,15.75,65.45
7525,809,16.75,68.85
7526,810,1.75,10.2
7527,810,3.75,19.52
7528,810,5.75,28.01
7529,810,7.75,35.81
7530,810,9.75,43.11
7531,810,11.75,49.91
7532,810,13.75,55.28
7533,810,15.75,62.67
7534,810,17.75,68.05
7535,810,19.75,74.55
7536,810,21.75,79.32
7537,811,1.75,8.82
7538,811,3.75,14.27
7539,811,5.75,20.72
7540,811,7,23.77
7541,812,1.75,11.2
7542,812,3.75,20.54
7543,812,5.75,29.19
7544,812,7.75,36.84
7545,812,9.75,43.88
7546,812,11.75,53.73
7547,812,13.75,59.9
7548,812,15.75,65.77
7549,812,17.75,72.05
7550,812,18.85,75.44
7551,813,1.75,10.87
7552,813,3.75,17.64
7553,813,5.75,26.99
7554,813,7.75,35.64
7555,813,9.75,42.78
7556,813,11.75,51.13
7557,813,13.75,57.75
7558,813,15.75,65.27
7559,813,17.75,72.4
7560,813,19.9,80.54
7561,813,21.75,86.29
7562,813,23.75,92.39
7563,813,25.75,99.96
7564,813,26.65,102.66
7565,814,1.75,8.15
7566,814,3.75,14.59
7567,814,5.75,20.72
7568,814,7.75,27.84
7569,814,9.75,35.31
7570,814,11.75,42.41
7571,814,13.75,50.05
7572,814,15.75,57.13
7573,814,17.75,63.42
7574,814,19.1,67.45
7575,815,1.75,7.47
7576,815,3.75,15.94
7577,815,5.4,23.09
7578,816,1.75,9
7579,816,3.75,19.02
7580,816,5.75,26.14
7581,816,6.35,27.84
7582,817,1.75,9.17
7583,817,3.75,17.14
7584,817,5.75,26.99
7585,817,7.75,33.79
7586,817,9.55,38.88
7587,818,1.75,11.72
7588,818,3.75,20.37
7589,818,5.75,29.04
7590,818,7.75,37.68
7591,818,9.75,43.63
7592,818,11.75,51.3
7593,818,13.75,58.83
7594,818,15.25,62.31
7595,819,1.75,9.35
7596,819,3.75,16.47
7597,819,5.75,24.27
7598,819,7.75,30.89
7599,819,9.75,39.71
7600,819,11.75,44.96
7601,819,13.75,50.98
7602,819,14.35,52.38
7603,820,1.75,9
7604,820,3.75,16.64
7605,820,5.75,22.42
7606,820,7.75,31.56
7607,820,9.75,38.03
7608,820,10.3,39.56
7609,821,1.75,9.85
7610,821,3.75,19.34
7611,821,5.75,26.81
7612,821,7.75,33.44
7613,821,8,34.29
7614,822,1.75,8.82
7615,822,3.75,13.57
7616,822,5.75,19.19
7617,822,7.75,23.42
7618,822,8.3,24.79
7619,823,1.75,13.07
7620,823,3.75,22.07
7621,823,4.85,25.46
7622,824,1.75,11.72
7623,824,3.75,16.97
7624,825,1.75,14.77
7625,825,3.75,21.89
7626,825,5.75,27.34
7627,825,6.25,28.86
7628,826,1.75,10.87
7629,826,3.75,19.02
7630,826,5.75,26.99
7631,826,7.75,36.16
7632,826,9.75,43.28
7633,826,11.75,51.45
7634,826,12.55,55
7635,827,1.75,7.65
7636,827,3.75,14.09
7637,827,5.75,21.89
7638,827,7.75,28.19
7639,827,9.75,34.96
7640,827,11.7,41.76
7641,827,12.35,43.46
7642,828,1.75,10.02
7643,828,3.75,16.64
7644,828,5.75,25.11
7645,828,7.75,32.76
7646,828,9.75,39.88
7647,828,11.75,47.33
7648,828,13.75,55.45
7649,828,15,59.9
7650,829,1.75,12.22
7651,829,3.75,20.37
7652,829,5.75,28.69
7653,829,7.75,36.84
7654,829,9.75,43.63
7655,829,11.75,50.55
7656,829,13.75,56.38
7657,830,1.75,11.55
7658,830,3.75,19.02
7659,830,5.75,26.64
7660,830,7.75,34.64
7661,830,9.75,42.26
7662,830,11.75,49.71
7663,830,13.75,57.3
7664,831,1.75,9.35
7665,831,3.75,16.47
7666,831,5.75,23.94
7667,831,7.75,31.24
7668,831,9.75,38.88
7669,831,11.75,45.98
7670,831,13.75,53.6
7671,831,15.75,59.93
7672,831,17.1,63.92
7673,832,1.75,10.87
7674,832,3.75,17.32
7675,832,5.75,23.94
7676,832,7.75,30.56
7677,832,9.75,38.53
7678,832,11.75,47.16
7679,832,13.75,55.93
7680,832,15.75,61.15
7681,832,17.75,67.9
7682,832,18.25,69.6
7683,833,1.75,9.85
7684,833,3.75,16.47
7685,833,5.75,23.59
7686,833,7.75,29.54
7687,833,9.75,35.64
7688,833,11.75,40.73
7689,833,13.75,45.33
7690,834,1.95,8.32
7691,834,3.75,14.42
7692,834,5.75,20.04
7693,834,7.75,25.46
7694,835,1.75,8.5
7695,835,3.75,16.64
7696,835,5.75,22.57
7697,835,7.75,26.99
7698,836,1.75,12.4
7699,836,3.75,19.19
7700,836,5.75,24.12
7701,836,7.75,38.53
7702,836,9.75,47.36
7703,836,11.75,56.23
7704,837,1.75,9.5
7705,837,3.75,15.27
7706,837,5.75,21.57
7707,837,7.75,27.49
7708,837,9.75,33.96
7709,837,11.75,41.38
7710,837,13.75,46.66
7711,837,15.75,53.45
7712,837,17.75,59.13
7713,837,19.45,63.77
7714,838,1.75,8.82
7715,838,3.75,20.37
7716,838,5.75,29.36
7717,838,7.75,35.31
7718,838,9.75,43.81
7719,838,11.75,50.38
7720,838,12.35,51.58
7721,839,1.75,14.09
7722,839,3.75,19.87
7723,839,5.75,25.64
7724,839,7.75,29.86
7725,839,9.75,35.64
7726,839,11.75,46.98
7727,839,13.75,53.6
7728,839,15.75,60.1
7729,839,17.05,63.77
7730,840,1.75,10.52
7731,840,3.75,17.64
7732,840,5.75,23.42
7733,840,7.75,30.21
7734,840,9.75,35.64
7735,840,11.75,43.93
7736,840,13.75,50.83
7737,840,15.75,57.9
7738,840,16.1,58.68
7739,841,1.75,9.85
7740,841,3.75,16.29
7741,841,5.75,23.42
7742,841,7.75,31.56
7743,841,9.75,39.03
7744,841,11.75,46.83
7745,841,13.75,53.3
7746,841,15.75,58.35
7747,842,1.75,8.15
7748,842,3.75,17.32
7749,842,5.75,21.72
7750,842,7.75,31.91
7751,842,9.75,40.56
7752,842,11.75,49.21
7753,842,13.75,55.78
7754,842,15.55,60.23
7755,843,1.75,9.67
7756,843,3.75,17.49
7757,843,5.75,27.49
7758,843,7.75,35.99
7759,843,9.75,42.61
7760,843,11.75,51.1
7761,844,1.75,8.15
7762,844,3.75,17.32
7763,844,5.75,24.12
7764,844,7.75,31.56
7765,844,9.75,37.86
7766,844,11.5,43.28
7767,845,1.75,11.55
7768,845,3.75,21.22
7769,845,5.75,26.64
7770,845,7.75,32.26
7771,845,9.75,38.71
7772,845,9.85,38.73
7773,846,1.75,8.65
7774,846,3.75,14.59
7775,846,5.75,20.19
7776,846,7.6,25.29
7777,847,1.75,10.35
7778,847,3.75,16.79
7779,847,5.75,22.42
7780,847,6.05,23.27
7781,848,1.75,6.8
7782,848,3.35,10.02
7783,849,1.75,12.22
7784,849,3.75,20.04
7785,849,5.75,26.31
7786,849,7.75,31.06
7787,849,9.75,36.16
7788,850,1.75,11.72
7789,850,3.75,18.84
7790,850,5.75,25.96
7791,850,7.75,34.79
7792,850,9.75,40.23
7793,850,11.75,48.03
7794,850,13.75,53.8
7795,850,15.75,60.1
7796,850,17.75,64.5
7797,850,19.75,71.75
7798,850,21.75,78.09
7799,850,23.75,82.72
7800,850,25.75,90.11
7801,851,1.75,12.05
7802,851,3.75,20.19
7803,851,5.75,27.16
7804,851,7.75,32.94
7805,851,9.75,39.38
7806,851,11.75,48.03
7807,851,13.75,53.8
7808,851,15.75,60.78
7809,851,17.75,67.27
7810,851,19.75,72.37
7811,851,21.75,78.24
7812,851,23.75,83.34
7813,851,25.75,87.96
7814,852,17.75,74.97
7815,853,1.75,12.89
7816,853,3.75,21.39
7817,853,5.55,26.99
7818,854,1.75,11.37
7819,854,3.75,19.52
7820,854,5.75,27.34
7821,854,7.75,39.38
7822,854,9.75,48.88
7823,854,11.75,57.55
7824,854,13.75,65.15
7825,854,15.75,73.32
7826,854,17.75,81.19
7827,854,19.75,89.11
7828,855,1.75,8.65
7829,855,3.75,13.92
7830,855,5.75,19.87
7831,855,7.75,24.62
7832,855,9.75,28.01
7833,855,13.75,41.08
7834,856,2.2,10.87
7835,856,3.75,17.49
7836,856,5.75,28.34
7837,856,7.75,32.94
7838,856,15.75,52.03
7839,857,1.75,8
7840,857,3.75,13.42
7841,857,5.75,19.87
7842,857,7.75,23.77
7843,858,1.75,11.37
7844,858,3.75,16.12
7845,858,5.75,21.22
7846,858,7.75,25.29
7847,859,7.9,20.37
7848,859,9.95,24.44
7849,859,12.25,27.66
7850,859,13.75,30.89
7851,859,16.75,35.64
7852,859,18.75,41.08
7853,860,12.1,25.29
7854,861,5.2,12.57
7855,862,1.75,6.8
7856,862,3.75,10.87
7857,862,5.75,16.12
7858,862,7.75,18.84
7859,862,9.75,21.57
7860,862,11.75,25.46
7861,862,12.05,25.96
7862,863,1.75,8.15
7863,863,3.75,12.89
7864,863,5.75,16.97
7865,863,7.75,22.07
7866,863,9.75,27.84
7867,863,11.75,31.91
7868,863,13.75,35.64
7869,863,14.75,38.71
7870,864,2.75,10.7
7871,864,4.75,15.44
7872,865,3.75,22.74
7873,865,5.75,28.01
7874,865,7.75,32.76
7875,865,9.75,38.18
7876,865,11.75,41.58
7877,865,13.75,45.16
7878,865,15.75,49.06
7879,865,17.35,51.78
7880,866,1.75,8.15
7881,866,3.75,16.75
7882,866,5.75,23.42
7883,866,7.75,28.11
7884,866,9.4,32.41
7885,867,1.75,7.65
7886,867,3.75,13.42
7887,867,7.75,22.24
7888,867,9.55,26.64
7889,868,1.75,7.65
7890,868,3.75,14.59
7891,868,5.75,20.17
7892,868,7.75,26.64
7893,868,8.95,30.21
7894,869,1.75,6.8
7895,869,3.75,12.4
7896,869,5.75,15.94
7897,869,7.75,19.69
7898,869,8.7,21.22
7899,870,4.75,20.04
7900,870,7.75,29.71
7901,870,11.75,38.18
7902,870,13.05,41.76
7903,871,7.75,25.46
7904,871,12.75,39.21
7905,872,1.75,18.67
7906,872,3.75,27.66
7907,872,5.75,35.14
7908,872,7.75,41.26
7909,872,9.75,48.71
7910,872,12.1,54.83
7911,873,11.6,43.81
7912,874,12.35,35.99
7913,875,11.5,39.56
7914,876,1.75,20.04
7915,876,3.75,27.84
7916,876,5.75,35.64
7917,876,7.75,43.63
7918,876,9.75,51.1
7919,876,9.9,51.6
7920,877,8.6,38.88
7921,878,9.2,42.61
7922,879,11.7,49.41
7923,880,1.75,13.74
7924,880,3.75,21.89
7925,880,5.75,29.54
7926,881,10.1,37.34
7927,882,10.35,38.53
7928,883,13.95,50.25
7929,884,11.7,38.53
7930,885,1.75,9.17
7931,885,3.75,13.24
7932,885,5.9,18.49
7933,885,7.75,23.27
7934,885,9.75,25.46
7935,885,11.75,28.86
7936,885,12.7,30.71
7937,886,1.75,10.35
7938,886,3.75,14.59
7939,886,5.8,20.87
7940,886,7.75,24.97
7941,886,9.75,30.39
7942,886,11.75,36.84
7943,886,13.75,40.06
7944,886,14.75,41.58
7945,887,0.25,8.22
7946,887,0.75,9.01
7947,887,1.25,9.28
7948,887,1.75,10.34
7949,887,3.75,16.97
7950,887,5.75,21.48
7951,887,7.75,25.72
7952,887,8.35,26.25
7953,888,1.7,11.73
7954,888,3.65,22.47
7955,888,5.65,41.36
7956,888,7.6,49.32
7957,888,9.55,55.69
7958,888,11.5,62.15
7959,888,13.5,71.42
7960,888,15.35,79.37
7961,889,1.75,7.66
7962,889,3.7,20.88
7963,889,5.6,29
7964,889,7.6,40.14
7965,889,9.6,45.7
7966,889,11.6,54.75
7967,890,1.75,22.61
7968,890,3.75,31.82
7969,890,5.7,36.66
7970,890,7.65,46.86
7971,890,9.6,54.01
7972,890,13.55,71.11
7973,890,15.5,79.89
7974,890,17.45,84.86
7975,890,19.95,95.2
7976,891,2.55,34.34
7977,891,4.55,57.54
7978,891,6.55,65.91
7979,891,8.55,75.85
7980,891,10.55,95.77
7981,891,14.55,105.81
7982,891,16.55,120.28
7983,891,20.55,131.37
7984,891,22.55,138.91
7985,891,24.55,146.56
7986,891,28.7,162.09
7987,891,31.2,177.6
7988,892,1.75,12.93
7989,892,3.75,20.28
7990,892,5.7,30.86
7991,892,7.7,41.3
7992,892,9.65,51.1
7993,892,11.65,59.22
7994,892,13.6,68.15
7995,892,15.6,75.71
7996,892,17.55,83.27
7997,892,18.85,87.05
7998,893,1.75,17.3
7999,893,3.75,28.04
8000,893,5.75,40.08
8001,893,7.75,49.83
8002,893,9.75,56.68
8003,893,11.75,64.96
8004,893,13.7,73.18
8005,893,15.7,81.3
8006,893,17.65,90.03
8007,894,1.7,11.93
8008,894,3.7,19.29
8009,894,5.7,24.86
8010,894,7.7,32.81
8011,894,9.7,38.49
8012,894,11.7,46.05
8013,894,13.7,52.49
8014,894,15.6,58.91
8015,894,17.55,65.22
8016,895,1.75,10.54
8017,895,3.75,17.7
8018,895,5.75,24.26
8019,895,7.7,32.22
8020,895,9.7,38.69
8021,895,11.7,46.05
8022,895,13.6,52.81
8023,895,15.55,59.57
8024,896,1.75,13.72
8025,896,3.75,24.66
8026,896,5.75,34.57
8027,896,7.85,43.62
8028,896,9.7,50.61
8029,896,11.7,59.72
8030,896,13.7,68.24
8031,897,1.75,8.95
8032,897,3.65,17.1
8033,897,5.65,25.26
8034,897,7.65,38.69
8035,897,9.65,51.22
8036,897,11.7,61.27
8037,897,13.6,68.56
8038,897,15.6,77.5
8039,897,17.55,83.27
8040,898,1.75,8.55
8041,898,3.7,14.91
8042,898,5.7,24.59
8043,898,7.7,34.72
8044,898,9.65,46.25
8045,898,11.65,54.75
8046,898,13.6,60.22
8047,898,15.5,64.59
8048,898,17.35,69.7
8049,898,19.4,78.69
8050,898,21.25,85.85
8051,898,23.15,91.14
8052,898,25.4,98.69
8053,899,1.7,13.72
8054,899,3.7,22.87
8055,899,5.65,32.22
8056,899,7.65,42.92
8057,899,9.6,53.59
8058,899,11.55,58.58
8059,899,13.55,68.07
8060,899,15.5,77.58
8061,899,17.45,85.45
8062,899,19.4,92.61
8063,899,21.25,100.28
8064,899,23,104.66
8065,900,1.75,17.1
8066,900,3.75,13.12
8067,900,5.75,19.69
8068,900,7.75,26.25
8069,900,9.7,32.65
8070,900,11.7,39.21
8071,900,13.7,45.77
8072,900,15.65,52.17
8073,900,17.65,58.73
8074,900,19.65,65.29
8075,901,1.75,13.52
8076,901,3.75,22.07
8077,901,5.75,32.02
8078,901,7.75,42.92
8079,901,9.75,51.42
8080,901,11.65,58.18
8081,901,13.55,65.14
8082,901,14.95,70.22
8083,902,1.7,8.35
8084,902,3.7,16.31
8085,902,5.7,25.45
8086,902,7.7,33.21
8087,902,9.7,43.27
8088,902,11.7,50.62
8089,902,13.65,57.95
8090,902,14.85,62.76
8091,903,1.75,11.73
8092,903,3.75,21.28
8093,903,5.85,30.39
8094,903,8.05,40.37
8095,903,9.7,47.24
8096,903,11.6,54.2
8097,903,13.45,63.09
8098,903,14.8,67.4
8099,904,1.7,14.52
8100,904,3.65,21.08
8101,904,5.65,27.14
8102,904,7.5,35.03
8103,904,9.5,44.26
8104,904,11.45,51.73
8105,904,13.45,59.49
8106,904,15.05,65.91
8107,905,1.65,11.14
8108,905,3.6,16.9
8109,905,5.6,27.84
8110,905,7.55,36.66
8111,905,9.5,46.45
8112,905,11.5,55.2
8113,905,13.45,65.7
8114,905,15.4,72.25
8115,905,16.45,76.42
8116,906,1.75,10.74
8117,906,3.7,15.91
8118,906,5.7,23.2
8119,906,7.7,31.32
8120,906,9.65,35.51
8121,906,11.65,42.07
8122,906,13.65,48.44
8123,907,1.65,9.35
8124,907,3.6,13.72
8125,907,5.6,22.97
8126,907,7.5,32.25
8127,907,9.65,37.7
8128,908,1.75,12.73
8129,908,3.75,21.68
8130,908,5.75,29.46
8131,908,7.7,36.66
8132,908,9.65,46.45
8133,908,11.65,53.41
8134,908,13.65,61.1
8135,908,15.6,66.74
8136,908,17.55,72.53
8137,908,19.45,79.29
8138,908,21.4,85.98
8139,908,23.65,93.64
8140,909,1.75,17.7
8141,909,3.75,26.65
8142,909,5.75,34.57
8143,909,7.75,43.15
8144,909,9.75,50.14
8145,909,11.75,57.29
8146,909,13.75,62.59
8147,909,14.65,67.07
8148,910,3.75,25.52
8149,910,5.7,32.02
8150,910,7.7,40.68
8151,910,9.7,50.62
8152,910,11.7,58.79
8153,910,13.95,68.3
8154,910,16.15,74.91
8155,911,1.75,9.15
8156,911,3.7,14.52
8157,911,5.7,23.2
8158,911,7.75,31.21
8159,911,9.65,40.94
8160,911,11.6,45.58
8161,911,13.85,51.93
8162,911,14.4,52.59
8163,912,1.7,16.51
8164,912,3.7,24.66
8165,912,5.7,32.93
8166,912,7.6,38.3
8167,912,8.55,42.27
8168,913,2.7,20.65
8169,913,4.75,24.36
8170,913,6.7,34.12
8171,913,8.55,41.48
8172,913,10.5,48.35
8173,913,12.5,56.7
8174,913,14.8,64.26
8175,914,1.75,17.5
8176,914,3.75,25.65
8177,914,5.7,36.7
8178,914,7.65,45.65
8179,914,8.7,51.27
8180,914,10.75,57.46
8181,914,11.5,61.6
8182,915,1.75,17.5
8183,915,3.75,25.65
8184,915,5.75,36.7
8185,915,7.7,45.65
8186,915,9.65,51.27
8187,915,13.65,57.46
8188,915,14.4,61.6
8189,916,1.75,9.94
8190,916,3.75,17.1
8191,916,5.7,24.82
8192,916,7.6,32.71
8193,916,9.6,41.28
8194,916,11.6,47.64
8195,916,13.6,55.97
8196,916,15.75,65.41
8197,917,1.75,12.13
8198,917,3.75,21.87
8199,917,5.75,33.64
8200,917,7.75,39.21
8201,917,9.65,45.58
8202,917,11.6,51.3
8203,917,13.55,61.11
8204,917,15.65,69.7
8205,917,17.45,77.87
8206,917,19.55,86.68
8207,917,21.45,93.85
8208,917,23.5,102.55
8209,917,24.95,108.04
8210,918,1.6,10.34
8211,918,3.6,14.72
8212,918,5.6,22.04
8213,918,7.6,33.32
8214,918,9.6,41.68
8215,918,11.6,50.14
8216,918,13.5,57.1
8217,918,15.5,66.22
8218,918,17.3,73.87
8219,918,19.3,82.04
8220,918,21.55,90.16
8221,918,23.5,96.79
8222,918,25.4,103.42
8223,918,27.15,111.6
8224,918,29.55,117.07
8225,919,2.75,14.12
8226,919,4.75,23.12
8227,919,6.7,32.93
8228,919,8.7,43.47
8229,919,10.7,50.23
8230,919,12.65,59.61
8231,919,14.6,66.24
8232,919,16.4,73.12
8233,919,18.3,78.49
8234,919,20.3,86.56
8235,919,22.2,94.72
8236,919,24.15,99.49
8237,919,26.15,106.25
8238,919,28.15,112
8239,920,1.7,11.73
8240,920,3.7,21.34
8241,920,5.7,31.55
8242,920,7.7,41.08
8243,920,9.7,49.23
8244,920,11.7,57.7
8245,920,14.95,69.63
8246,921,1.7,9.35
8247,921,3.7,17.3
8248,921,5.7,29.43
8249,921,7.7,42.87
8250,921,9.7,50.62
8251,921,11.7,59.29
8252,921,13.7,70.82
8253,921,15.7,78.69
8254,921,17.7,86.45
8255,921,19.7,93.41
8256,921,21.6,99.9
8257,922,1.75,16.29
8258,922,3.65,21.89
8259,922,5.6,33.06
8260,922,7.65,42.96
8261,922,9.45,50.48
8262,922,11.4,59.13
8263,922,13.4,68.65
8264,922,15.35,76.97
8265,922,17.1,84.42
8266,922,18.55,89.51
8267,923,1.7,13.57
8268,923,4.2,22.57
8269,923,5.35,27.31
8270,923,7.35,35.44
8271,923,9.25,43.86
8272,923,11.25,50.18
8273,923,13.2,58.18
8274,923,15.15,64.5
8275,923,17.15,71.87
8276,923,18.65,78.82
8277,924,1.75,15.27
8278,924,3.7,26.96
8279,924,5.65,36.29
8280,924,7.65,47.28
8281,924,9.6,58.83
8282,924,11.55,71.37
8283,924,13.55,79.84
8284,924,15.5,91.54
8285,924,18.5,106.36
8286,924,19.7,109.28
8287,925,1.75,12.72
8288,925,3.7,22.07
8289,925,5.7,35.11
8290,925,7.7,49.91
8291,925,9.65,55.85
8292,926,1.75,13.92
8293,926,3.75,22.07
8294,926,5.65,24.44
8295,926,7.65,27.99
8296,926,9.6,33.74
8297,926,10.55,35.44
8298,927,1.75,17.64
8299,927,3.7,25.11
8300,927,5.7,30.86
8301,927,7.65,39.41
8302,927,9.6,48.33
8303,927,11.6,54.5
8304,927,13.5,61.73
8305,927,14.65,65.42
8306,928,1.75,10.7
8307,928,3.75,18.67
8308,928,5.75,26.49
8309,928,7.75,34.79
8310,928,8.75,39.86
8311,928,9.25,41.56
8312,928,9.75,43.43
8313,928,10.25,45.81
8314,928,10.75,47.58
8315,928,11.75,51.75
8316,928,12.15,52.65
8317,928,13.65,58.68
8318,929,1.75,12.89
8319,929,3.75,21.89
8320,929,5.75,34.96
8321,929,7.75,44.36
8322,929,9.75,53.75
8323,929,11.75,60.98
8324,929,13.75,70.07
8325,929,15.75,77.99
8326,929,17.75,84.79
8327,930,1.75,11.34
8328,930,3.75,19.02
8329,930,5.75,29
8330,930,7.75,37.9
8331,930,9.75,43.58
8332,930,11.75,52.95
8333,930,13.75,60.98
8334,930,15.75,69.3
8335,930,17.55,75.92
8336,931,1.75,15.44
8337,931,3.75,23.42
8338,931,5.75,34.29
8339,931,7.75,43.26
8340,931,9.75,51.9
8341,931,11.75,59.6
8342,931,13.6,65.9
8343,932,1.75,13.92
8344,932,3.75,19.68
8345,932,5.7,27.99
8346,932,7.7,43.93
8347,932,9.7,50.53
8348,932,11.7,60.38
8349,932,13.65,69.12
8350,932,15,73.92
8351,933,1.7,17.99
8352,933,3.7,30.89
8353,933,5.65,38.33
8354,933,7.55,47.56
8355,933,9.4,53.1
8356,933,11.35,58.98
8357,933,13.3,66.67
8358,933,15.3,80.02
8359,933,17.3,86.82
8360,933,19.25,99.01
8361,934,1.75,14.94
8362,934,3.75,29.86
8363,934,5.75,44.66
8364,934,6.85,47.11
8365,935,1.7,14.09
8366,935,3.7,25.29
8367,935,5.7,33.59
8368,935,7.7,46.78
8369,935,9.7,58.65
8370,935,11.7,68.15
8371,935,13.7,44.47
8372,935,15.5,85.12
8373,936,1.75,16.12
8374,936,3.75,22.92
8375,936,5.75,31.36
8376,936,7.75,41.73
8377,936,9.75,51.43
8378,936,11.75,58.98
8379,936,13.75,62.95
8380,936,16.1,72.67
8381,937,1.75,13.74
8382,937,3.75,23.94
8383,937,5.75,27.81
8384,937,7.75,40.33
8385,937,11.75,50.65
8386,937,13.75,60.53
8387,937,15.75,67.75
8388,937,17.85,77.82
8389,938,1.75,7.8
8390,938,3.75,20.37
8391,938,5.75,31.69
8392,938,7.75,42.81
8393,938,9.75,50.33
8394,938,11.8,60.65
8395,939,1.7,10.52
8396,939,3.65,21.22
8397,939,7.15,37.98
8398,939,8.95,50.68
8399,939,10.75,59.28
8400,939,12.7,67.92
8401,940,1.75,9.17
8402,940,3.75,18.17
8403,940,5.75,34.09
8404,940,7.6,42.66
8405,940,9.7,50.48
8406,940,11.6,58.2
8407,940,13.6,63.72
8408,941,1.75,15.27
8409,941,3.75,24.97
8410,941,5.75,39.18
8411,941,7.75,45.28
8412,941,9.8,54.05
8413,941,11.7,61.88
8414,941,13.7,67.75
8415,941,15.65,76.79
8416,941,18.4,87.99
8417,942,1.75,10.52
8418,942,3.65,20.04
8419,942,5.55,30.19
8420,942,7.5,39.41
8421,942,9.4,51.1
8422,942,11.25,58.05
8423,942,14,67.97
8424,943,1.7,11.87
8425,943,3.65,19.87
8426,943,5.6,27.99
8427,943,7.6,35.79
8428,943,9.6,41.58
8429,943,11.5,46.21
8430,943,11.9,47.26
8431,944,1.6,8.15
8432,944,3.6,15.27
8433,944,5.55,25.44
8434,944,7.55,36.64
8435,944,9.5,45.13
8436,944,11.4,49.88
8437,944,12.85,55.43
8438,945,1.75,9.17
8439,945,3.65,18.49
8440,945,5.65,28.69
8441,945,7.6,39.51
8442,945,9.6,45.86
8443,945,11.6,53.1
8444,945,13.6,63
8445,945,15.6,69.45
8446,945,16.85,74.6
8447,946,1.6,12.22
8448,946,3.7,19.69
8449,946,5.55,27.99
8450,946,7.55,36.81
8451,946,9.55,43.26
8452,946,11.5,51.25
8453,946,13.4,58.53
8454,946,15.4,65.12
8455,946,17.9,74.27
8456,947,1.75,12.89
8457,947,3.75,20.54
8458,947,5.75,28.84
8459,947,7.75,34.76
8460,947,9.75,42.33
8461,947,11.75,50.65
8462,947,13.75,58.05
8463,947,15.75,65.62
8464,948,1.75,14.42
8465,948,3.75,20.54
8466,948,5.6,26.99
8467,948,7.6,33.91
8468,948,9.55,40.03
8469,948,11.55,46.98
8470,948,13.55,56.05
8471,948,14.85,59.9
8472,949,1.7,13.07
8473,949,3.7,28.01
8474,949,5.75,40.21
8475,949,7.7,50.98
8476,949,9.65,60.05
8477,949,11.8,68.2
8478,949,13.65,75.09
8479,949,15.55,83.07
8480,949,17.25,88.84
8481,949,18.55,93.06
8482,950,1.75,14.27
8483,950,3.75,24.27
8484,950,5.7,34.79
8485,950,7.7,47.86
8486,950,9.7,55.9
8487,950,11.7,64.52
8488,950,13.7,71.02
8489,950,15.85,80.72
8490,951,1.75,18.67
8491,951,3.75,30.39
8492,951,5.6,36.84
8493,951,7.6,47.51
8494,951,9.5,54.08
8495,951,11.5,64.22
8496,951,13.5,71.75
8497,951,15.45,80.54
8498,951,17.95,91.91
8499,952,1.7,15.79
8500,952,3.7,26.31
8501,952,5.7,31.41
8502,952,7.7,42.66
8503,952,9.7,47.28
8504,952,11.65,54.35
8505,952,15.65,65.3
8506,952,17.6,73
8507,952,19.7,80.87
8508,952,22.2,92.59
8509,953,1.75,10.52
8510,953,3.75,17.82
8511,953,5.75,28.34
8512,953,7.75,39.86
8513,953,9.75,48.36
8514,953,11.75,58.83
8515,953,13.7,65.9
8516,953,15.6,72.37
8517,954,1.7,10.7
8518,954,3.6,16.64
8519,954,5.6,25.79
8520,954,7.6,33.39
8521,954,9.6,40.18
8522,954,11.6,44.81
8523,954,13.6,54.8
8524,954,15.6,62.5
8525,954,17.95,72.9
8526,955,1.75,15.94
8527,955,3.75,23.59
8528,955,5.7,28.84
8529,955,7.6,35.29
8530,955,9.55,42.96
8531,955,11.55,50.53
8532,955,13.55,59.13
8533,955,15.1,64.82
8534,956,1.7,18.49
8535,956,3.7,32.59
8536,956,5.65,44.11
8537,956,7.65,59.9
8538,956,9.65,70.35
8539,956,11.6,77.74
8540,956,11.9,80.37
8541,957,1.7,13.74
8542,957,3.7,21.22
8543,957,5.7,36.46
8544,957,7.5,46.21
8545,957,9.5,52.35
8546,957,11.5,61.88
8547,957,13.45,69.75
8548,957,15.45,77.32
8549,957,17.4,83.07
8550,957,19.3,91.36
8551,957,21.3,100.36
8552,957,23.1,106.66
8553,958,1.7,14.94
8554,958,3.7,20.54
8555,958,5.65,32.09
8556,958,7.6,42.36
8557,958,11.6,58.53
8558,958,13.6,67.6
8559,958,15.55,75.79
8560,958,17.5,80.87
8561,958,19.5,89.01
8562,958,21.9,99.86
8563,959,1.75,17.82
8564,959,3.75,26.81
8565,959,5.75,35.29
8566,959,7.75,46.66
8567,959,9.75,58.05
8568,959,10.75,64.35
8569,959,11.75,67.12
8570,959,13.45,72.05
8571,960,1.75,12.72
8572,960,5.75,38.86
8573,960,7.75,47.76
8574,960,9.75,59.6
8575,960,11.75,68.67
8576,960,13.3,75.44
8577,961,1.6,10.02
8578,961,3.6,17.49
8579,961,5.6,28.66
8580,961,7.6,37.14
8581,961,9.6,46.66
8582,961,11.6,58.05
8583,961,13.65,68.37
8584,961,15.6,76.29
8585,961,17.65,81.54
8586,961,19.1,85.77
8587,962,1.75,12.4
8588,962,3.7,22.24
8589,962,5.65,31.39
8590,962,7.65,41.56
8591,962,9.65,53.1
8592,962,11.65,65.57
8593,962,13.6,72.9
8594,962,16.35,84.09
8595,963,1.65,8.32
8596,963,3.55,14.09
8597,963,5.5,22.74
8598,963,7.5,34.44
8599,963,9.5,45.13
8600,963,12.15,54.05
8601,964,1.7,10.02
8602,964,3.65,15.44
8603,964,5.55,25.64
8604,964,7.55,33.91
8605,964,9.55,42.81
8606,964,11.55,51.43
8607,964,13.55,59.73
8608,964,15.45,69.6
8609,964,17.85,80.54
8610,965,1.7,8.32
8611,965,3.6,17.49
8612,965,5.5,26.14
8613,965,7.25,33.59
8614,965,9.2,37.66
8615,965,11.2,50.03
8616,965,13.2,59.4
8617,965,15.2,68.5
8618,965,17.15,74.95
8619,965,18.65,83.59
8620,965,21.15,87.49
8621,966,1.75,10.87
8622,966,3.7,18.49
8623,966,5.7,27.81
8624,966,7.7,38.33
8625,966,9.7,49.73
8626,966,11.7,60.33
8627,966,13.7,68.65
8628,966,15.7,75.94
8629,966,17.65,83.24
8630,966,19.3,87.14
8631,967,1.75,15.62
8632,967,3.75,22.92
8633,967,5.75,30.19
8634,967,7.75,39.51
8635,967,9.65,48.51
8636,967,11.65,58.48
8637,967,13.65,66.35
8638,967,15.55,73.25
8639,967,17.3,80.69
8640,967,19.2,85.62
8641,967,21.1,93.06
8642,967,23.2,101.56
8643,968,1.7,10.52
8644,968,3.6,16.64
8645,968,7.5,39.18
8646,968,9.4,44.61
8647,968,11.35,47.68
8648,968,13.35,51.4
8649,968,14.65,54.98
8650,969,1.7,12.4
8651,969,3.65,18.17
8652,969,5.65,25.64
8653,969,7.55,35.44
8654,969,9.55,44.03
8655,969,11.55,54.8
8656,969,13.55,65.75
8657,969,15.55,76.12
8658,969,17.55,86.64
8659,969,19.55,98.51
8660,969,20.1,100.04
8661,970,1.75,15.79
8662,970,3.75,27.66
8663,970,5.75,38.33
8664,970,7.75,48.21
8665,970,9.75,60.05
8666,970,11.75,71.2
8667,970,13.75,80.19
8668,970,16.4,91.04
8669,971,1.75,16.47
8670,971,3.75,23.09
8671,971,5.75,33.79
8672,971,7.75,43.88
8673,971,9.75,53.28
8674,971,11.75,61.88
8675,971,13.75,68.65
8676,971,14.25,70.02
8677,972,1.75,10.52
8678,972,3.75,15.44
8679,972,5.75,26.81
8680,972,7.75,37.66
8681,972,9.75,44.21
8682,972,11.75,52.35
8683,972,13.75,61.43
8684,972,15.75,71.15
8685,972,18.25,81.22
8686,973,1.75,12.89
8687,973,3.75,27.16
8688,973,5.75,39.36
8689,973,7.75,50.95
8690,973,9.75,62.8
8691,973,11.75,71.55
8692,973,13.75,79.02
8693,974,1.75,10.7
8694,974,3.75,16.12
8695,974,5.75,28.14
8696,974,7.7,37.31
8697,974,9.7,45.43
8698,974,11.7,51.25
8699,974,13.65,56.48
8700,974,15,63
8701,975,1.75,11.87
8702,975,3.75,14.77
8703,975,5.75,21.19
8704,975,8,31.54
8705,976,1.75,10.35
8706,976,3.1,11.55
8707,977,1.75,9.67
8708,977,3.25,13.74
8709,978,1.75,9.85
8710,978,3.25,12.89
8711,979,1.75,13.57
8712,979,3.75,17.14
8713,979,5.7,24.44
8714,979,7.7,36.99
8715,979,9.7,45.43
8716,979,11.65,55.58
8717,979,13.65,64.05
8718,979,15.65,73.25
8719,979,17.65,80.87
8720,979,19.65,88.66
8721,979,21.65,95.79
8722,979,23.65,103.43
8723,979,24.55,106.66
8724,980,1.75,9.67
8725,980,2.75,12.22
8726,980,2.9,12.57
8727,981,1.75,7.97
8728,981,3.75,17.14
8729,981,5.75,26.31
8730,981,7.75,35.79
8731,981,9.75,45.88
8732,981,11.75,57.25
8733,981,13.75,67.27
8734,981,15.75,75.62
8735,981,17.75,84.59
8736,981,19.75,91.36
8737,981,21.75,97.14
8738,981,23.75,102.96
8739,981,25.75,111.91
8740,981,27.8,119.63
8741,981,29.75,124.7
8742,981,31.75,131.25
8743,981,33.75,137.5
8744,981,35.75,145.92
8745,981,37.75,152.04
8746,981,38.25,154.09
8747,982,1.75,11.37
8748,982,3.75,14.77
8749,982,4.9,19.34
8750,983,1.75,14.42
8751,983,3.75,24.72
8752,983,5.75,34.51
8753,983,7.75,43.88
8754,983,9.75,52.83
8755,983,11.75,61.6
8756,983,13.75,71
8757,983,15.75,79.69
8758,983,17.75,87.25
8759,983,19.75,95.39
8760,983,21.75,101.73
8761,983,23.55,107.36
8762,984,1.75,12.4
8763,984,3.75,18.67
8764,984,5.75,23.94
8765,984,7.75,31.74
8766,984,9.75,39.88
8767,984,11.75,47.23
8768,984,13.75,53.88
8769,984,15.75,61.55
8770,984,17.75,66.82
8771,984,18.75,69.7
8772,985,1.75,9.67
8773,985,2.75,14.42
8774,985,3.75,18.67
8775,985,4.75,24.12
8776,985,5.75,29.54
8777,985,6.75,34.29
8778,985,7.75,37.34
8779,985,8.75,44.63
8780,985,9.75,48.71
8781,985,10.75,52.78
8782,985,11.75,56.63
8783,985,12.75,61.38
8784,985,13.75,65.77
8785,985,14.75,72.25
8786,985,15.75,75.54
8787,985,16.75,78.52
8788,985,17.75,81.49
8789,985,18.75,83.89
8790,986,1.75,7.97
8791,986,3.75,13.42
8792,986,5.75,17.99
8793,986,7.75,22.92
8794,986,9.75,26.64
8795,986,11.75,31.49
8796,986,13.75,35.01
8797,986,15.75,40.18
8798,986,17.75,46.23
8799,986,19.75,51.58
8800,986,21.75,57.75
8801,986,23.75,62.5
8802,986,25.75,66.97
8803,986,26.75,71.6
8804,987,1.75,9.5
8805,987,3.75,26.14
8806,987,5.75,49.91
8807,987,7.75,74.07
8808,987,9.75,88.71
8809,987,11.75,99.11
8810,987,13.75,111.31
8811,987,15.75,120.98
8812,987,17.75,129.95
8813,987,19.75,137.89
8814,987,21.75,145.19
8815,987,23.75,152.41
8816,987,25.75,160.76
8817,987,27.75,167.36
8818,987,29.75,173.88
8819,987,31.75,181.58
8820,987,33.55,188.52
8821,988,1.75,11.02
8822,988,2.75,13.92
8823,988,3.75,18.34
8824,988,4.75,20.72
8825,988,5.75,24.12
8826,988,6.75,27.66
8827,988,7.75,32.59
8828,988,8.75,36.74
8829,988,9.75,39.96
8830,989,1.75,12.4
8831,989,2.75,15.94
8832,989,3.75,19.87
8833,989,4.75,21.57
8834,989,5.75,24.44
8835,989,6.75,29.04
8836,989,7.75,33.61
8837,989,8.75,38.03
8838,989,9.75,41.48
8839,989,10.75,44.28
8840,989,11.75,47.11
8841,989,12.75,51.63
8842,989,13.75,54.8
8843,989,14.75,58.15
8844,989,15.75,62.38
8845,989,16.75,66.7
8846,989,17.75,70.37
8847,989,18.75,73.15
8848,989,19.75,75.62
8849,989,20.75,97.44
8850,989,21.75,83.34
8851,989,22.75,86.49
8852,989,23.75,89.26
8853,989,24.75,92.96
8854,989,25.75,96.74
8855,989,26.25,98.04
8856,990,1.75,10.35
8857,990,3.75,15.94
8858,990,5.75,22.57
8859,990,7.75,26.81
8860,990,9.75,30.89
8861,990,11.75,35.64
8862,990,13.75,40.06
8863,990,15.3,43.63
8864,991,1.75,4.77
8865,991,3.75,7.89
8866,991,5.75,11.64
8867,991,7.75,14.37
8868,991,9.75,18.75
8869,991,11.75,22.19
8870,991,12.35,23.12
8871,992,1.75,8.67
8872,992,3.75,12.42
8873,992,5.75,16.48
8874,992,7.75,21.01
8875,993,1.8,4.14
8876,993,3.75,8.59
8877,993,4.1,9.61
8878,994,1.75,8.67
8879,994,3.9,13.59
8880,994,5.75,16.41
8881,995,1.75,13.91
8882,995,3.75,21.87
8883,995,5.75,26.87
8884,996,1.75,6.8
8885,996,3.75,11.95
8886,996,5.75,17.19
8887,996,7.75,21.56
8888,996,9.75,27.58
8889,996,11.05,31.95
8890,997,1.75,7.03
8891,997,3.75,11.8
8892,997,4.8,13.91
8893,998,1.75,8.23
8894,998,3.75,14.84
8895,998,5.75,20.78
8896,998,7.75,24.3
8897,998,9.75,28.75
8898,998,10.65,31.87
8899,999,1.75,9.69
8900,999,3.75,20.31
8901,999,5.75,30.23
8902,999,7.75,41.95
8903,999,9.75,51.4
8904,999,11.75,59.68
8905,999,13.75,65.86
8906,999,15.75,74.53
8907,999,17.75,81.32
8908,999,19.75,88.59
8909,999,20.75,90.85
8910,1000,1.75,8.05
8911,1000,3.75,12.97
8912,1000,5.75,20.08
8913,1000,7.75,26.01
8914,1000,9.75,33.59
8915,1000,10.9,36.79
8916,1001,1.75,9.45
8917,1001,3.75,14.3
8918,1001,5.75,23.98
8919,1001,7.75,33.12
8920,1001,9.75,39.06
8921,1001,11.75,43.36
8922,1001,12.5,44.76
8923,1002,1.75,8.83
8924,1002,3.75,16.09
8925,1002,5.75,21.33
8926,1002,7.75,26.01
8927,1002,8.1,27.26
8928,1003,1.75,8.36
8929,1003,3.75,17.11
8930,1003,5.75,25.39
8931,1003,7.75,30.54
8932,1003,9.75,35.62
8933,1003,11.75,42.5
8934,1004,1.75,9.92
8935,1004,3.75,17.89
8936,1004,5.75,25.31
8937,1004,7.75,30.15
8938,1005,1.75,10.08
8939,1005,3.75,17.42
8940,1005,5.75,26.01
8941,1005,7.75,31.95
8942,1005,8.85,34.14
8943,1006,1.75,10.16
8944,1006,3.75,20.39
8945,1006,5.75,27.97
8946,1006,7.75,37.03
8947,1006,9.75,42.73
8948,1006,11.75,48.98
8949,1006,13.75,54.45
8950,1006,15.75,59.45
8951,1006,17.75,65
8952,1006,18.25,66.4
8953,1007,1.75,8.52
8954,1007,3.75,17.5
8955,1007,5.75,26.69
8956,1007,7.75,40
8957,1007,9.75,46.01
8958,1008,1.75,12.11
8959,1008,3.75,19.69
8960,1008,5.75,27.73
8961,1008,7.75,39.14
8962,1008,9.75,47.34
8963,1008,11.75,56.09
8964,1008,13.75,62.5
8965,1008,15.75,69.06
8966,1008,17.75,77.03
8967,1008,19.75,82.57
8968,1008,21.75,88.51
8969,1008,23.75,95.54
8970,1008,25.75,102.1
8971,1008,27.75,108.35
8972,1008,30.25,115.23
8973,1009,1.75,9.84
8974,1009,3.75,17.66
8975,1009,5.75,23.44
8976,1009,7.75,31.56
8977,1009,9.75,40.23
8978,1009,11.75,52.89
8979,1009,13.75,58.67
8980,1009,15.75,65.15
8981,1009,17.75,71.95
8982,1009,19.75,76.4
8983,1009,21.75,84.53
8984,1009,23.75,91.09
8985,1009,25.75,96.17
8986,1009,26.45,97.88
8987,1010,1.75,9.22
8988,1010,3.75,16.41
8989,1010,5.75,25.23
8990,1010,7.75,37.34
8991,1010,9.75,45.78
8992,1010,11.75,55.62
8993,1010,13.75,63.43
8994,1010,15.75,70.39
8995,1010,17.75,76.25
8996,1010,20.25,85.39
8997,1011,1.75,9.45
8998,1011,3.75,22.58
8999,1011,5.75,31.79
9000,1011,7.75,41.09
9001,1011,11.75,63.28
9002,1011,13.75,72.5
9003,1011,15.75,80.07
9004,1011,17.75,88.35
9005,1011,19.75,95.07
9006,1011,21.75,102.26
9007,1011,23.75,109.21
9008,1011,24.45,112.1
9009,1012,1.75,9.22
9010,1012,3.75,18.83
9011,1012,5.75,33.51
9012,1012,7.75,42.73
9013,1012,9.75,52.11
9014,1012,11.75,62.03
9015,1012,13.75,73.2
9016,1012,15.75,81.56
9017,1012,17.75,90.93
9018,1012,19.75,98.74
9019,1012,21.75,105.31
9020,1012,23.75,112.18
9021,1012,24.45,114.06
9022,1013,1.75,8.59
9023,1013,3.75,16.17
9024,1013,5.75,26.87
9025,1013,7.75,36.95
9026,1013,9.75,45.47
9027,1013,11.75,54.14
9028,1013,13.75,61.71
9029,1013,15.75,69.14
9030,1013,17.75,77.5
9031,1013,20.25,85.46
9032,1014,1.75,9.92
9033,1014,3.75,19.06
9034,1014,5.75,28.44
9035,1014,7.75,38.59
9036,1014,9.75,46.4
9037,1014,11.75,55.15
9038,1014,13.95,62.57
9039,1014,15.75,69.29
9040,1014,17.75,74.37
9041,1014,20.25,81.09
9042,1015,1.75,12.73
9043,1015,3.75,20.78
9044,1015,5.75,27.34
9045,1015,7.75,35.08
9046,1015,9.75,43.75
9047,1015,11.75,53.12
9048,1015,13.75,58.98
9049,1015,15.75,65
9050,1015,17.75,71.01
9051,1015,19.25,75.7
9052,1016,1.75,13.44
9053,1016,2.75,19.92
9054,1016,3.75,24.3
9055,1016,4.75,28.05
9056,1016,5.75,33.59
9057,1016,6.75,38.28
9058,1016,7.75,42.26
9059,1016,8.75,46.48
9060,1016,9.75,49.84
9061,1016,10.75,54.76
9062,1016,11.75,58.98
9063,1016,12.75,63.36
9064,1016,13.75,67.18
9065,1016,14.75,71.17
9066,1016,15.75,75.62
9067,1016,16.75,79.6
9068,1016,17.75,83.51
9069,1016,18.75,87.18
9070,1016,19.75,90.7
9071,1016,20.75,94.68
9072,1016,21.75,98.59
9073,1016,22.75,101.63
9074,1016,23.75,104.13
9075,1016,24.2,105.38
9076,1017,1.75,14.69
9077,1017,3.75,24.69
9078,1017,5.75,33.67
9079,1017,7.75,42.73
9080,1017,9.75,51.79
9081,1017,11.75,60.7
9082,1017,13.75,69.14
9083,1017,15.75,77.65
9084,1017,17.75,84.76
9085,1017,19.75,92.81
9086,1017,21.75,100.93
9087,1017,23.75,106.32
9088,1017,23.95,107.18
9089,1018,1.75,11.65
9090,1018,3.75,22.22
9091,1018,5.75,30.41
9092,1018,7.75,37.01
9093,1018,9.75,45.88
9094,1018,11.75,55.03
9095,1018,13.75,63.92
9096,1018,15.75,72.72
9097,1018,18.25,83.94
9098,1019,1.75,11.5
9099,1019,3.75,19.17
9100,1019,5.75,26.96
9101,1019,7.75,35.84
9102,1019,9.75,44.93
9103,1019,11.75,51.73
9104,1019,13.75,60.08
9105,1019,15.75,71.52
9106,1020,1.75,10.85
9107,1020,3.75,18.77
9108,1020,5.75,27.49
9109,1020,7.75,36.09
9110,1020,9.75,45.88
9111,1020,11.75,52.63
9112,1020,13.75,59.35
9113,1020,15.75,66.95
9114,1020,17.75,76.67
9115,1020,19.4,84.24
9116,1021,1.75,11.77
9117,1021,3.75,18.89
9118,1021,5.75,25.79
9119,1021,7.75,33.84
9120,1021,9.75,41.06
9121,1021,11.75,51.33
9122,1021,13.75,58.63
9123,1021,15.75,67.3
9124,1021,17.75,74.72
9125,1021,19.75,82.49
9126,1021,21.75,89.96
9127,1021,23.75,97.19
9128,1021,25.75,104.38
9129,1021,27.75,115.2
9130,1021,29.7,125.22
9131,1022,1.75,12.3
9132,1022,3.75,25.24
9133,1022,5.75,34.36
9134,1022,7.75,42.58
9135,1022,9.75,54.15
9136,1022,11.75,62.23
9137,1022,13.75,69.1
9138,1022,15.75,77.89
9139,1022,17.75,87.54
9140,1022,19.75,97.86
9141,1023,1.75,11.5
9142,1023,3.75,17.84
9143,1023,5.75,26.04
9144,1023,7.75,36.09
9145,1023,9.75,44.68
9146,1023,11.75,57.35
9147,1023,13.25,67.67
9148,1024,1.75,12.17
9149,1024,3.75,19.57
9150,1024,5.75,25.51
9151,1024,7.75,31.34
9152,1024,8.55,33.71
9153,1025,1.75,10.05
9154,1025,3.75,17.59
9155,1025,5.75,29.74
9156,1025,6.5,33.44
9157,1026,1.75,10.32
9158,1026,3.75,19.17
9159,1026,5.75,27.89
9160,1026,7.75,35.56
9161,1026,9.75,49.46
9162,1026,11.75,60
9163,1026,12.35,62.75
9164,1027,1.75,11.5
9165,1027,3.75,20.77
9166,1027,5.75,27.76
9167,1027,7.75,37.16
9168,1027,9.75,48.63
9169,1027,11.75,61.63
9170,1027,13.75,71.15
9171,1028,1.75,10.57
9172,1028,3.75,19.44
9173,1028,5.75,28.16
9174,1028,7.75,35.69
9175,1028,9.75,44.16
9176,1028,11.75,52.5
9177,1028,13.75,63.8
9178,1028,15.75,73.8
9179,1028,16.85,77.89
9180,1029,1.75,12.4
9181,1029,3.75,25.46
9182,1029,5.75,35.31
9183,1029,7.75,48.38
9184,1029,9.75,57.03
9185,1029,11.75,66.7
9186,1029,13.8,78.89
9187,1029,15.75,86.12
9188,1029,17.75,92.61
9189,1029,19.75,98.89
9190,1029,21.75,107.31
9191,1029,23.75,114.45
9192,1029,25.75,122.53
9193,1029,27.75,128.55
9194,1029,29.75,135.8
9195,1029,31.75,142.59
9196,1029,32.95,146.67
9197,1030,1.75,13.57
9198,1030,3.75,24.27
9199,1030,5.75,36.66
9200,1030,7.75,47.53
9201,1030,9.75,55.18
9202,1030,11.75,65
9203,1030,13.75,73.62
9204,1030,15.75,82.22
9205,1030,17.75,90.74
9206,1030,19.75,98.89
9207,1030,21.85,107.03
9208,1031,2.3,8.32
9209,1031,3,10.7
9210,1031,4,13.92
9211,1031,5,19.02
9212,1031,6,22.74
9213,1031,7,26.31
9214,1031,8,30.04
9215,1031,9,34.46
9216,1031,10,38.03
9217,1031,11,40.01
9218,1031,12,42.78
9219,1031,13,45.73
9220,1031,14.1,48.53
9221,1031,14.9,50.55
9222,1031,15.9,52.78
9223,1031,16.9,54.08
9224,1031,17.9,55.28
9225,1031,18.9,56.5
9226,1032,3.5,14.59
9227,1032,4.5,16.79
9228,1032,5.5,19.02
9229,1032,6.1,20.54
9230,1032,7.6,22.74
9231,1032,8.6,24.62
9232,1032,9.6,25.64
9233,1033,0.5,8.5
9234,1033,1,9.17
9235,1033,1.5,10.7
9236,1033,2,11.37
9237,1033,4,21.22
9238,1033,6,27.16
9239,1033,8,33.11
9240,1033,10,39.81
9241,1033,12,43.88
9242,1033,14,53.53
9243,1033,16,60.03
9244,1033,17.6,64.27
9245,1033,18,65.62
9246,1033,20,72.42
9247,1033,22,75.97
9248,1033,24,81.74
9249,1033,26,87.22
9250,1033,28,92.41
9251,1034,0.5,7.16
9252,1034,1,8.55
9253,1034,1.5,9.35
9254,1034,2,12.53
9255,1034,4,25.26
9256,1034,6,52.7
9257,1034,8,79.24
9258,1034,10,102.84
9259,1034,12,123.37
9260,1034,14,141.59
9261,1034,16,159.21
9262,1034,18,178.93
9263,1034,20,194.75
9264,1034,22,203.7
9265,1034,24,213.41
9266,1034,26,220.14
9267,1034,27,223.85
9268,1034,28,228.44
9269,1034,29,232.22
9270,1034,30,238.38
9271,1034,32,244.54
9272,1034,34,252.61
9273,1034,36,262.95
9274,1034,38,262.95
9275,1035,2,12.13
9276,1035,3.5,21.08
9277,1035,4,25.45
9278,1035,4.3,28.83
9279,1035,4.5,30.43
9280,1035,4.75,34.34
9281,1035,5,39.44
9282,1035,5.25,41.08
9283,1035,5.5,44.86
9284,1035,5.75,48.73
9285,1035,6,50.22
9286,1035,6.25,53.81
9287,1035,6.5,57.78
9288,1035,6.75,61.48
9289,1035,7,65.85
9290,1035,7.25,69.55
9291,1035,7.5,72.37
9292,1035,7.75,76.89
9293,1035,8,79.9
9294,1035,8.5,86.25
9295,1035,9,92.41
9296,1036,2,7.12
9297,1036,4,14.59
9298,1036,5,19.02
9299,1036,6,23.09
9300,1036,7.05,27.34
9301,1036,8,30.56
9302,1036,9,34.29
9303,1036,10,38.18
9304,1036,11,40.56
9305,1036,12,43.51
9306,1036,13,46.48
9307,1036,14,49.08
9308,1036,15,53.7
9309,1036,16,55.78
9310,1036,17,58.68
9311,1036,18,60.38
9312,1037,2,6.6
9313,1037,4,13.1
9314,1037,6,19.7
9315,1037,8,26.2
9316,1037,10,32.8
9317,1037,12,39.4
9318,1037,14,45.9
9319,1037,16,52.5
9320,1038,1.75,10.7
9321,1038,3.75,18.75
9322,1038,7.75,30.86
9323,1038,9.75,36.87
9324,1038,11.75,44.84
9325,1038,13.75,52.03
9326,1038,15.75,60.31
9327,1038,17.75,68.28
9328,1038,19.75,73.9
9329,1038,21.75,80.46
9330,1038,23.75,85.54
9331,1038,25.75,91.87
9332,1038,27.75,97.26
9333,1038,29.75,103.98
9334,1038,30.75,106.32
9335,1039,1.75,7.19
9336,1039,3.75,15.86
9337,1039,5.75,20.39
9338,1039,7.75,26.87
9339,1039,9.75,31.95
9340,1039,11.75,37.11
9341,1039,13.75,43.51
9342,1039,15.75,48.98
9343,1040,1.75,10.08
9344,1040,3.75,13.05
9345,1040,5.75,23.05
9346,1040,7.9,29.92
9347,1040,9.75,34.84
9348,1040,11.75,42.5
9349,1040,13.75,50.54
9350,1040,15.75,55.78
9351,1040,17.75,62.03
9352,1040,19.75,68.98
9353,1040,21.75,72.42
9354,1040,23.75,80.54
9355,1040,25.75,89.21
9356,1040,27.75,94.76
9357,1040,30.25,104.99
9368,1042,1.75,11.25
9369,1042,3.75,16.87
9370,1042,5.75,24.53
9371,1042,7.75,24.84
9372,1042,9.75,32.97
9373,1042,11.75,38.12
9374,1042,13.75,45.78
9375,1042,15.75,43.75
9376,1042,17.75,51.4
9377,1042,18.45,54.53
9378,1043,1.75,12.97
9379,1043,2.75,18.44
9380,1043,3.75,23.12
9381,1043,4.75,25.78
9382,1043,5.75,28.83
9383,1043,6.75,34.14
9384,1043,7.75,37.58
9385,1043,8.75,41.4
9386,1043,9.75,43.83
9387,1043,10.75,47.03
9388,1043,11.75,49.53
9389,1043,12.75,51.4
9390,1043,13.75,56.32
9391,1043,14.25,57.11
9392,1044,1.75,10.47
9393,1044,2.75,15.78
9394,1044,3.75,21.72
9395,1044,4.75,26.56
9396,1044,5.75,34.06
9397,1044,6.85,39.29
9398,1044,7.75,42.34
9399,1044,8.95,47.18
9400,1044,9.75,50.47
9401,1044,10.75,55.31
9402,1044,11.75,60.39
9403,1044,12.75,64.45
9404,1044,13.75,68.28
9405,1044,14.75,71.09
9406,1044,15.75,75.15
9407,1044,16,76.4
9408,1045,1.75,8.75
9409,1045,2.75,11.25
9410,1045,3.75,13.67
9411,1045,4.75,16.8
9412,1045,5.75,19.69
9413,1045,6.95,22.97
9414,1046,1.75,10.7
9415,1046,2.75,17.42
9416,1046,3.75,20.86
9417,1046,4.75,24.3
9418,1046,5.75,29.45
9419,1046,6.75,33.59
9420,1046,7.75,38.28
9421,1046,8.75,42.73
9422,1046,10.75,49.84
9423,1046,11.75,53.82
9424,1046,12.85,57.97
9425,1046,13.25,59.06
9426,1047,1.75,14.54
9427,1047,3.75,24.59
9428,1047,5.75,36.09
9429,1047,7.75,46.28
9430,1047,9.75,53.53
9431,1047,11.75,61.2
9432,1047,13.75,67.9
9433,1047,15.75,75.42
9434,1047,17.75,82.79
9435,1047,19.75,89.14
9436,1048,1.75,15.07
9437,1048,3.75,29.61
9438,1048,5.75,45.61
9439,1048,7.75,57.9
9440,1048,9.75,70.15
9441,1048,11.75,80.19
9442,1048,13.75,88.56
9443,1048,15.75,97.06
9444,1048,17.75,105.61
9445,1048,19.75,111.48
9446,1048,21.75,117.5
9447,1048,22.3,119.38
9448,1049,1.75,13.22
9449,1049,3.75,24.32
9450,1049,5.75,40.71
9451,1049,7.75,52.68
9452,1049,9.75,63.42
9453,1049,11.75,72.82
9454,1049,13.75,80.52
9455,1049,15.75,89.14
9456,1049,17.75,97.94
9457,1049,19.75,103.26
9458,1050,1.75,10.17
9459,1050,3.75,21.69
9460,1050,5.8,36.49
9461,1050,7.75,52.48
9462,1050,9.75,62.55
9463,1050,11.75,74.12
9464,1050,13.75,82.69
9465,1050,15.75,90.29
9466,1050,17.75,98.21
9467,1050,19.75,103.41
9468,1051,1.75,12.42
9469,1051,3.75,22.47
9470,1051,5.75,33.59
9471,1051,7.75,43.76
9472,1051,9.75,52.68
9473,1051,11.75,60.53
9474,1051,13.75,66.55
9475,1051,15.75,73.67
9476,1051,17.75,82.07
9477,1051,19.75,90.29
9478,1051,21.75,95.49
9479,1051,23.75,102.06
9480,1051,25.75,110.28
9481,1052,1.75,11.25
9482,1052,3.75,20.09
9483,1052,5.75,30.41
9484,1052,7.75,41.38
9485,1052,9.75,50.5
9486,1052,11.75,61.08
9487,1052,13.9,70.47
9488,1052,15.45,75.94
9489,1053,1.75,12.82
9490,1053,3.75,25.64
9491,1053,5.75,39.26
9492,1053,7.75,49.63
9493,1053,9.75,57.33
9494,1053,11.75,63.95
9495,1053,13.75,71.52
9496,1053,15.15,77.17
9497,1054,1.75,17.32
9498,1054,3.75,30.26
9499,1054,5.75,41.11
9500,1054,7.75,54.73
9501,1054,9.75,62.45
9502,1054,11.75,71.15
9503,1054,13.75,78.37
9504,1054,14.95,83.94
9505,1055,1.75,13.09
9506,1055,3.75,26.96
9507,1055,5.75,39.66
9508,1055,7.75,46.28
9509,1055,9.75,55.33
9510,1055,11.75,64.2
9511,1055,13.75,73.45
9512,1055,15.75,81.49
9513,1055,17.75,89.71
9514,1055,19.75,95.84
9515,1055,21.75,102.06
9516,1055,24,108.86
9517,1056,1.75,11.77
9518,1056,3.75,17.19
9519,1056,5.75,23.27
9520,1056,7.75,32.91
9521,1056,9.75,40.58
9522,1056,11.75,50.48
9523,1056,13.75,59.38
9524,1056,15.75,66.92
9525,1056,17.75,74.87
9526,1056,19.75,81.49
9527,1057,1.75,9.4
9528,1057,3.75,21.14
9529,1057,5.75,33.31
9530,1057,7.75,43.88
9531,1057,9.75,51.15
9532,1057,11.75,59.53
9533,1057,13.25,65.72
9534,1058,1.75,13.22
9535,1058,3.75,23.94
9536,1058,5.75,44.03
9537,1058,7.75,53.68
9538,1058,9.75,61.43
9539,1058,11.75,71
9540,1058,13.75,11.17
9541,1059,1.75,7.92
9542,1059,3.75,13.87
9543,1059,5.75,19.84
9544,1059,7.75,27.89
9545,1059,9.75,34.34
9546,1059,11.75,44.26
9547,1059,13.75,53.45
9548,1059,15.75,62.6
9549,1059,17.75,70.67
9550,1060,1.75,7.4
9551,1060,3.75,13.74
9552,1060,5.75,23.94
9553,1060,7.75,33.31
9554,1060,9.75,41.11
9555,1060,11.75,49.81
9556,1060,13.75,58.23
9557,1060,15.75,66.67
9558,1060,17.85,73.32
9559,1061,1.75,14.79
9560,1061,3.75,26.04
9561,1061,5.75,49.46
9562,1061,7.75,59.28
9563,1061,9.75,66.72
9564,1061,11.75,74.02
9565,1061,13.75,80.17
9566,1061,15.75,88.99
9567,1061,18.55,98.66
9568,1062,1.75,8.72
9569,1062,3.75,15.59
9570,1062,5.75,26.04
9571,1062,7.75,34.64
9572,1062,9.75,42.23
9573,1062,11.75,50.15
9574,1062,13.75,58.28
9575,1062,15.75,65.02
9576,1063,1.75,17.19
9577,1063,3.75,32.51
9578,1063,5.75,45.61
9579,1063,7.75,58.05
9580,1063,9.75,72.7
9581,1063,11.75,80.87
9582,1063,13.75,89.56
9583,1063,15.75,96.79
9584,1063,17.25,101.06
9585,1064,1.75,14.42
9586,1064,3.75,23.79
9587,1064,5.75,36.09
9588,1064,7.75,44.96
9589,1064,9.75,57.2
9590,1064,11.75,64.27
9591,1064,13.75,72
9592,1064,15.75,79.89
9593,1065,1.75,10.05
9594,1065,3.75,19.84
9595,1065,5.75,24.59
9596,1065,7.75,30.54
9597,1065,9.75,36.61
9598,1065,11.75,42.91
9599,1065,13.75,49.56
9600,1065,16.25,60.45
9601,1066,1.75,13.34
9602,1066,3.8,20.09
9603,1066,5.75,27.11
9604,1066,7.75,33.71
9605,1066,9.75,42.31
9606,1066,11.75,48.46
9607,1066,13.75,54.75
9608,1066,15.75,63.55
9609,1066,17.75,70.67
9610,1066,19.75,78.12
9611,1066,21.75,85.09
9612,1066,22,85.89
9613,1067,1.75,11.25
9614,1067,3.75,17.84
9615,1067,5.75,24.99
9616,1067,7.75,32.26
9617,1067,9.75,37.68
9618,1067,11.75,44.68
9619,1067,13.75,50.83
9620,1067,15.75,57.08
9621,1067,17.75,67.4
9622,1067,18.7,71.4
9623,1068,1.75,13.87
9624,1068,3.75,26.31
9625,1068,5.75,39.53
9626,1068,7.75,49.98
9627,1068,9.75,58.05
9628,1068,11.75,64.92
9629,1068,13.75,72.47
9630,1068,15.75,79.32
9631,1068,17.75,87.84
9632,1068,19.75,95.34
9633,1069,1.75,10.57
9634,1069,3.75,17.19
9635,1069,5.75,29.34
9636,1069,7.75,37.16
9637,1069,9.75,43.58
9638,1069,11.75,51.33
9639,1069,13.75,59.95
9640,1069,16.2,72.47
9641,1070,1.75,11.37
9642,1070,3.75,17.44
9643,1070,5.75,27.89
9644,1070,7.75,37.01
9645,1070,9.75,44.76
9646,1070,11.75,52.03
9647,1070,13.75,61.75
9648,1070,14.85,66.07
9649,1071,1.75,14.27
9650,1071,3.75,24.99
9651,1071,5.75,40.18
9652,1071,7.75,50.83
9653,1071,9.75,59.1
9654,1071,11.75,65.4
9655,1071,13.75,73.67
9656,1071,15.75,82.49
9657,1071,17.75,91.16
9658,1071,19.75,98.36
9659,1072,1.75,14.54
9660,1072,3.75,27.49
9661,1072,5.75,41.26
9662,1072,7.75,51.33
9663,1072,9.75,60.08
9664,1072,11.75,66.22
9665,1072,13.75,77.17
9666,1072,15.75,86.54
9667,1072,17.55,94.49
9668,1073,1.75,17.32
9669,1073,3.75,29.74
9670,1073,5.75,41.91
9671,1073,7.75,49.13
9672,1073,9.75,56.05
9673,1073,11.75,63.8
9674,1073,13.75,72.9
9675,1073,15.75,84.52
9676,1073,16.85,88.99
9677,1074,1.75,19.57
9678,1074,3.75,38.08
9679,1074,5.75,53.68
9680,1074,7.75,60.83
9681,1074,9.75,73.55
9682,1074,11.75,80.77
9683,1074,13.75,90.44
9684,1074,15.75,101.06
9685,1074,17.75,111.73
9686,1074,18.65,115.9
9687,1075,1.75,16.12
9688,1075,3.75,30.01
9689,1075,5.75,44.03
9690,1075,7.75,53.5
9691,1075,9.75,60.38
9692,1075,11.75,68.75
9693,1075,13.75,77.89
9694,1075,15.75,87.12
9695,1075,17.65,95.34
9696,1076,1.75,14.27
9697,1076,3.75,25.25
9698,1076,5.75,38.46
9699,1076,7.75,49.63
9700,1076,9.75,56.5
9701,1076,11.75,63.35
9702,1076,13.75,75.29
9703,1076,15.75,83.22
9704,1076,17.75,91.44
9705,1076,19.75,99.39
9706,1077,1.75,12.3
9707,1077,3.75,21.14
9708,1077,5.75,33.71
9709,1077,7.85,45.61
9710,1077,9.75,54.18
9711,1077,11.75,63.05
9712,1077,13.75,71.87
9713,1077,15.95,79.89
9714,1078,1.75,13.49
9715,1078,3.75,24.19
9716,1078,5.75,36.24
9717,1078,7.75,46.53
9718,1078,9.75,55.63
9719,1078,11.75,65
9720,1078,13.65,70.55
9721,1079,1.75,14.14
9722,1079,3.75,25.11
9723,1079,5.75,39.93
9724,1079,7.75,50.3
9725,1079,9.75,59.95
9726,1079,11.75,67.07
9727,1079,13.75,74.15
9728,1079,15.5,80.77
9729,1080,1.75,11.65
9730,1080,3.75,26.84
9731,1080,5.75,41.51
9732,1080,7.75,51.15
9733,1080,9.75,60.83
9734,1080,11.75,69.2
9735,1080,13.75,77.64
9736,1080,15.3,83.07
9737,1081,1.75,11.37
9738,1081,3.75,22.07
9739,1081,5.75,36.89
9740,1081,7.75,51.33
9741,1081,9.75,61.83
9742,1081,11.75,68.85
9743,1081,13.75,76.57
9744,1081,15.75,83.64
9745,1081,17.75,90.59
9746,1081,19.75,100.21
9747,1081,21.75,109.86
9748,1081,23.75,118.15
9749,1081,25.75,126.07
9750,1081,27.75,133.17
9751,1081,29.75,139.77
9752,1082,1.75,10.45
9753,1082,5.75,31.06
9754,1082,7.75,45.93
9755,1082,9.75,55.05
9756,1082,11.75,63.92
9757,1082,13.75,72.72
9758,1082,15.75,82.22
9759,1082,17.75,90.71
9760,1082,19.5,98.71
9761,1083,1.75,11.1
9762,1083,3.75,23.02
9763,1083,5.75,41.11
9764,1083,7.75,55.88
9765,1083,9.75,64.42
9766,1083,11.75,73.17
9767,1083,13.75,78.49
9768,1083,14,79.19
9769,1084,1.75,12.73
9770,1084,3.75,22.73
9771,1084,5.75,31.4
9772,1084,7.75,40.08
9773,1084,9.75,48.83
9774,1084,11.75,56.48
9775,1084,13.75,64.14
9776,1084,15.75,71.79
9777,1084,17.75,78.67
9778,1084,19.75,86.32
9779,1084,20.25,88.04
9780,1085,1.75,12.73
9781,1085,3.75,25.7
9782,1085,5.75,39.14
9783,1085,7.75,78.83
9784,1085,9.75,57.42
9785,1085,11.75,65.86
9786,1085,13.75,74.68
9787,1085,15.75,82.96
9788,1085,17.75,90.85
9789,1085,19.75,99.84
9790,1085,20.45,102.65
9791,1086,1.75,10.2
9792,1086,3.75,18.17
9793,1086,5.75,29.36
9794,1086,7.75,39.88
9795,1086,9.75,48.41
9796,1086,11.75,57.03
9797,1086,13.75,63.92
9798,1086,15.75,70.52
9799,1086,17.75,77.59
9800,1086,19.9,84.44
9801,1087,1.95,11.72
9802,1087,3.75,17.82
9803,1087,5.75,30.04
9804,1087,7.75,39.03
9805,1087,9.75,49.26
9806,1087,11.75,57.6
9807,1087,13.75,65.62
9808,1087,15.75,72.52
9809,1087,17.75,81.67
9810,1087,19.75,90.74
9811,1088,1.75,14.59
9812,1088,3.75,28.69
9813,1088,5.75,39.88
9814,1088,7.75,47.88
9815,1088,9.6,57.2
9816,1088,11.6,65.3
9817,1088,13.35,72.4
9818,1089,1.75,10.87
9819,1089,4.15,20.72
9820,1089,5.55,29.04
9821,1089,7.55,40.91
9822,1089,9.55,50.75
9823,1089,11.55,59.25
9824,1089,12.45,62.82
9825,1090,1.75,11.37
9826,1090,3.75,22.07
9827,1090,5.75,30.71
9828,1090,7.75,40.73
9829,1090,9.75,47.96
9830,1091,1.75,10.7
9831,1091,3.75,18.84
9832,1091,5.75,28.86
9833,1091,7.75,37.34
9834,1091,9.75,45.81
9835,1091,11.75,55.75
9836,1091,13.75,65.77
9837,1091,15.75,74.7
9838,1091,17.75,82.04
9839,1091,19.75,89.99
9840,1091,21.65,86.09
9841,1092,1.75,10.7
9842,1092,3.75,21.57
9843,1092,5.75,33.79
9844,1092,7.75,45.33
9845,1092,9.75,54
9846,1092,11.75,61.85
9847,1092,13.75,69.17
9848,1092,15.75,75.92
9849,1092,17.75,82.59
9850,1093,1.75,13.42
9851,1093,3.75,31.24
9852,1093,5.75,47.18
9853,1093,7.75,57.88
9854,1093,9.75,65.92
9855,1093,11.75,74.37
9856,1093,13.75,83.14
9857,1093,16.25,93.89
9858,1094,1.75,10.87
9859,1094,3.75,20.19
9860,1094,5.75,29.36
9861,1094,7.75,38.03
9862,1094,9.75,46.88
9863,1094,11.75,54.8
9864,1094,13.75,61.75
9865,1094,15.75,69.45
9866,1094,17.25,75.92
9867,1095,1.75,10.02
9868,1095,3.75,14.14
9869,1095,5.75,24.97
9870,1095,7.75,34.96
9871,1095,9.75,42.78
9872,1095,11.75,50.93
9873,1095,13.75,56.68
9874,1095,15.75,62.82
9875,1095,17.75,70.07
9876,1095,19.95,78.14
9877,1096,1.75,12.52
9878,1096,3.75,22.07
9879,1096,5.75,31.24
9880,1096,7.75,41.58
9881,1096,9.75,50.98
9882,1096,11.75,61.68
9883,1096,13.75,68.7
9884,1096,15.75,75
9885,1096,17.75,80.57
9886,1096,19.75,86.29
9887,1096,21.75,92.19
9888,1096,22.75,96.29
9889,1097,1.75,11.37
9890,1097,3.75,18.67
9891,1097,5.75,26.49
9892,1097,7.75,37.68
9893,1097,9.75,47.53
9894,1097,11.75,55.95
9895,1097,13.75,64.07
9896,1097,15.75,71.3
9897,1097,17.75,78.34
9898,1097,19.9,87.79
9899,1098,1.75,9
9900,1098,3.75,19.02
9901,1098,5.75,28.01
9902,1098,7.8,36.34
9903,1098,9.75,45.16
9904,1098,11.75,52.4
9905,1098,13.75,60.23
9906,1098,15.75,66.07
9907,1098,17,69.9
9908,1099,1.75,11.87
9909,1099,3.75,24.97
9910,1099,5.75,35.99
9911,1099,7.75,43.96
9912,1099,9.75,49.48
9913,1099,11.75,60.18
9914,1099,13.75,71.62
9915,1099,15.75,82.24
9916,1099,17.75,91.49
9917,1099,20.25,103.51
9918,1100,1.75,11.37
9919,1100,3.75,18.84
9920,1100,5.75,26.99
9921,1100,7.75,35.49
9922,1100,9.75,45.58
9923,1100,11.75,54.08
9924,1100,13.8,59.9
9925,1100,16.35,73.3
9926,1101,1.85,9.85
9927,1101,5.75,21.04
9928,1101,7.75,30.39
9929,1101,9.75,42.26
9930,1101,12.1,49.26
9931,1102,1.75,7.8
9932,1102,3.75,16.64
9933,1102,5.75,28.34
9934,1102,7.75,38.71
9935,1102,9.75,47.53
9936,1102,11.75,55.75
9937,1102,13.75,63.15
9938,1102,15.75,71.15
9939,1102,17.75,77.59
9940,1102,19.75,83.34
9941,1102,20.8,88.89
9942,1103,1.75,9.85
9943,1103,3.75,20.04
9944,1103,5.75,28.34
9945,1103,7.75,36.34
9946,1103,9.75,45.58
9947,1103,11.75,54.45
9948,1103,13.75,63
9949,1103,15.75,71.15
9950,1103,17.75,78.89
9951,1103,19.75,86.67
9952,1103,21.75,94.79
9953,1103,23.8,101.48
9954,1103,24.15,102.41
9955,1104,1.75,13.24
9956,1104,3.75,24.12
9957,1104,5.75,36.34
9958,1104,7.75,46.01
9959,1104,9.75,55.3
9960,1104,11.75,64.62
9961,1104,13.75,70.4
9962,1104,15.25,74.07
9963,1105,1.75,7.8
9964,1105,3.8,14.77
9965,1105,5.75,24.44
9966,1105,7.75,35.99
9967,1105,9.75,43.63
9968,1105,11.75,51.43
9969,1105,13.75,59.9
9970,1105,15.75,67.15
9971,1106,1.75,11.02
9972,1106,3.75,19.69
9973,1106,5.75,28.01
9974,1106,7.75,38.53
9975,1106,9.75,48.21
9976,1106,11.9,56.18
9977,1106,13.75,63.52
9978,1106,15.75,71.32
9979,1106,17.75,76.69
9980,1106,19.95,82.59
9981,1107,1.75,9.49
9982,1107,3.75,14.41
9983,1107,5.75,18.51
9984,1107,7.75,24.49
9985,1107,9.75,31.95
9986,1107,11.75,38.44
9987,1107,13.75,44.68
9988,1107,15.75,51.21
9989,1107,17.75,56.95
9990,1107,19.75,62.5
9991,1107,21.75,70.19
9992,1107,23.75,75.7
9993,1107,24.75,79.57
9994,1108,1.75,9.14
9995,1108,3.75,17.03
9996,1108,5.75,28.12
9997,1108,7.75,37.03
9998,1108,9.75,48.98
9999,1108,11.75,59.53
10000,1108,13.75,69.53
10001,1108,15.75,78.59
10002,1108,17.75,87.34
10003,1108,20.15,96.79
10004,1109,1.75,12.5
10005,1109,3.75,21.25
10006,1109,5.75,30.39
10007,1109,7.75,39.06
10008,1109,9.75,49.61
10009,1109,11.75,62.11
10010,1109,13.75,70.39
10011,1109,15.75,77.26
10012,1109,17.75,84.76
10013,1109,20.05,93.28
10014,1110,1.75,10.16
10015,1110,3.75,21.64
10016,1110,5.75,34.37
10017,1110,7.75,47.81
10018,1110,9.75,61.4
10019,1110,11.75,72.18
10020,1110,13.75,82.57
10021,1110,15.75,93.2
10022,1110,17.75,102.1
10023,1110,19.75,109.68
10024,1111,1.75,11.87
10025,1111,3.75,24.37
10026,1111,5.75,39.29
10027,1111,7.75,53.36
10028,1111,9.75,69.21
10029,1111,11.75,81.09
10030,1111,13.75,90.31
10031,1111,15.75,97.1
10032,1111,17.75,106.17
10033,1111,19.85,113.74
10034,1112,1.75,13.91
10035,1112,3.75,25.78
10036,1112,5.75,37.34
10037,1112,7.75,49.53
10038,1112,9.75,59.84
10039,1112,11.75,67.11
10040,1112,13.75,75.54
10041,1112,14.8,79.37
10042,1113,5.75,34.84
10043,1113,7.75,45.62
10044,1113,9.75,55.47
10045,1113,11.75,64.29
10046,1113,13.75,76.32
10047,1113,15.75,84.53
10048,1113,17.75,93.43
10049,1113,20.3,103.35
10050,1114,1.75,13.67
10051,1114,3.75,19.79
10052,1114,5.75,36.48
10053,1114,7.75,47.58
10054,1114,9.75,56.79
10055,1114,11.75,64.76
10056,1114,13.75,71.87
10057,1114,15.75,81.17
10058,1114,17.75,88.98
10059,1114,20.15,98.82
10060,1115,1.75,12.5
10061,1115,3.75,24.61
10062,1115,5.75,34.37
10063,1115,7.75,44.45
10064,1115,9.75,53.82
10065,1115,11.75,62.26
10066,1115,13.75,71.79
10067,1115,15.75,79.45
10068,1115,17.75,87.1
10069,1115,20.15,96.63
10070,1116,1.75,11.95
10071,1116,3.75,20.78
10072,1116,5.75,34.69
10073,1116,7.75,48.67
10074,1116,9.75,60.31
10075,1116,11.75,74.43
10076,1116,13.75,83.51
10077,1116,15.75,90.85
10078,1116,17.75,99.52
10079,1116,19.95,108.12
10080,1117,1.75,15.47
10081,1117,3.75,26.56
10082,1117,5.75,40.15
10083,1117,7.75,52.73
10084,1117,9.75,61.64
10085,1117,11.75,70.15
10086,1117,13.75,78.43
10087,1117,15.75,87.1
10088,1117,17.75,95.38
10089,1117,19.95,103.27
10090,1118,1.75,10.55
10091,1118,3.75,22.42
10092,1118,5.75,37.5
10093,1118,7.75,50.47
10094,1118,9.75,61.87
10095,1118,11.75,72.96
10096,1118,13.75,82.34
10097,1118,15.75,91.09
10098,1118,17.75,101.24
10099,1118,20.15,110.46
10100,1119,1.75,10.39
10101,1119,3.75,18.2
10102,1119,5.75,28.67
10103,1119,7.75,37.11
10104,1119,9.75,44.84
10105,1119,11.75,53.2
10106,1119,13.75,63.2
10107,1119,15.8,70.54
10108,1119,17.75,79.06
10109,1119,19.95,86.87
10110,1120,1.75,10.39
10111,1120,3.75,18.51
10112,1120,5.75,30.39
10113,1120,7.75,40.15
10114,1120,9.75,49.53
10115,1120,11.75,59.14
10116,1120,13.75,66.79
10117,1120,15.75,75.23
10118,1120,17.75,82.73
10119,1120,20.15,90.85
10120,1121,1.75,14.3
10121,1121,3.75,22.42
10122,1121,5.75,35.31
10123,1121,7.75,46.48
10124,1121,9.75,65.46
10125,1121,11.95,78.43
10126,1121,13.75,85.46
10127,1121,15.75,92.96
10128,1121,17.75,101.79
10129,1122,1.75,10.16
10130,1122,3.75,20.78
10131,1122,5.75,33.04
10132,1122,7.75,42.42
10133,1122,9.75,51.79
10134,1122,11.75,62.65
10135,1122,13.75,78.28
10136,1122,15.75,90.54
10137,1122,17.75,99.21
10138,1122,20.15,107.49
10139,1123,1.75,14.76
10140,1123,3.75,24.76
10141,1123,5.75,35.94
10142,1123,7.75,45.78
10143,1123,9.75,53.36
10144,1123,11.75,62.42
10145,1123,13.75,74.21
10146,1123,15.75,82.18
10147,1123,17.25,88.35
10148,1124,1.75,11.17
10149,1124,3.75,21.33
10150,1124,5.75,34.84
10151,1124,7.75,48.9
10152,1124,9.75,60.54
10153,1124,11.75,76.56
10154,1124,13.75,92.03
10155,1124,15.75,102.1
10156,1124,17.75,109.21
10157,1124,19.95,118.98
10158,1125,1.75,11.17
10159,1125,3.75,21.25
10160,1125,5.75,35.54
10161,1125,7.75,45.08
10162,1125,9.75,53.2
10163,1125,11.75,61.56
10164,1125,13.75,69.92
10165,1125,15.75,77.26
10166,1125,17.75,86.24
10167,1125,19.75,93.59
10168,1126,1.75,8.98
10169,1126,3.75,20.55
10170,1126,5.75,33.12
10171,1126,7.75,41.79
10172,1126,9.75,48.04
10173,1126,11.75,56.09
10174,1126,13.75,63.2
10175,1126,15.75,71.4
10176,1126,17.75,80.15
10177,1126,20.35,89.06
10178,1127,1.75,10.31
10179,1127,3.75,22.11
10180,1127,5.75,34.61
10181,1127,7.75,46.01
10182,1127,9.75,56.01
10183,1127,11.75,66.17
10184,1127,13.75,76.09
10185,1127,15.75,86.4
10186,1127,17.75,93.43
10187,1127,20.35,102.81
10188,1128,1.75,10.08
10189,1128,3.75,20.31
10190,1128,5.75,32.34
10191,1128,7.75,41.72
10192,1128,9.75,52.26
10193,1128,11.75,62.03
10194,1128,13.75,70.93
10195,1128,15.75,79.99
10196,1128,17.75,17.75
10197,1128,20.05,96.79
10198,1129,1.75,12.5
10199,1129,3.75,21.33
10200,1129,5.75,28.67
10201,1129,7.75,39.06
10202,1129,9.75,46.87
10203,1129,11.75,53.75
10204,1129,13.75,62.57
10205,1129,15.75,70.78
10206,1129,17.75,79.14
10207,1129,20.15,87.65
10208,1130,1.75,10.78
10209,1130,3.75,23.9
10210,1130,5.75,35.31
10211,1130,7.75,44.45
10212,1130,9.75,53.67
10213,1130,11.75,63.43
10214,1130,13.75,71.64
10215,1130,15.75,79.76
10216,1130,17.75,85.93
10217,1130,19.75,92.88
10218,1130,21.75,102.1
10219,1130,23.75,108.35
10220,1130,25.75,115.54
10221,1130,27.75,121.71
10222,1130,30.05,130.47
10223,1131,1.75,10.16
10224,1131,3.75,22.34
10225,1131,5.75,33.12
10226,1131,7.75,43.83
10227,1131,9.75,53.36
10228,1131,11.75,61.71
10229,1131,13.75,69.92
10230,1131,15.75,78.43
10231,1131,17.75,85.78
10232,1131,20.15,94.45
10233,1132,1.75,10.08
10234,1132,3.75,20.62
10235,1132,5.75,30
10236,1132,7.75,38.67
10237,1132,9.75,51.09
10238,1132,11.75,59.68
10239,1132,13.75,67.5
10240,1132,15.75,75.54
10241,1132,17.75,83.04
10242,1132,19.95,91.4
10243,1133,1.75,7.19
10244,1133,3.75,18.36
10245,1133,5.75,28.67
10246,1133,7.75,39.37
10247,1133,9.75,49.61
10248,1133,11.75,57.03
10249,1133,13.75,66.71
10250,1133,15.75,74.76
10251,1133,17.75,83.12
10252,1133,19.95,91.32
10253,1134,1.75,12.81
10254,1134,3.75,25.31
10255,1134,5.75,38.2
10256,1134,7.75,53.2
10257,1134,9.75,69.45
10258,1134,11.75,83.98
10259,1134,13.75,93.51
10260,1134,15.75,102.65
10261,1134,17.75,110.7
10262,1134,20.25,121.63
10263,1135,1.75,12.5
10264,1135,3.75,26.17
10265,1135,5.75,40.39
10266,1135,7.75,56.32
10267,1135,9.75,74.14
10268,1135,11.75,92.1
10269,1135,13.75,101.17
10270,1135,15.75,108.98
10271,1135,17.75,117.88
10272,1135,20.25,128.66
10273,1136,1.75,13.51
10274,1136,3.75,24.76
10275,1136,5.75,36.01
10276,1136,7.75,50.93
10277,1136,9.75,69.29
10278,1136,11.75,86.87
10279,1136,13.75,105.38
10280,1136,15.75,121.48
10281,1136,17.75,135.15
10282,1136,20.25,147.96
10283,1137,1.75,13.51
10284,1137,3.75,22.58
10285,1137,5.75,34.92
10286,1137,7.75,47.42
10287,1137,9.75,61.64
10288,1137,11.75,76.71
10289,1137,13.75,85.93
10290,1137,15.75,93.43
10291,1137,17.75,100.93
10292,1137,19.85,108.98
10293,1138,1.75,11.95
10294,1138,3.75,24.37
10295,1138,5.75,35.78
10296,1138,7.75,48.51
10297,1138,9.75,60.93
10298,1138,11.75,72.65
10299,1138,13.75,80.93
10300,1138,15.75,89.37
10301,1138,17.75,96.48
10302,1138,19.85,103.82
10303,1139,1.75,10.39
10304,1139,3.75,18.83
10305,1139,5.75,29.92
10306,1139,7.75,40.23
10307,1139,9.75,50.07
10308,1139,11.75,59.21
10309,1139,13.75,67.18
10310,1139,15.75,75.39
10311,1139,17.75,83.2
10312,1139,19.95,89.84
10313,1140,1.75,10.39
10314,1140,3.75,21.25
10315,1140,5.75,35.78
10316,1140,7.75,48.43
10317,1140,9.75,59.37
10318,1140,11.75,70.93
10319,1140,13.75,78.43
10320,1140,15.75,85.93
10321,1140,17.75,93.82
10322,1140,19.25,98.82
10323,1141,1.75,11.72
10324,1141,3.75,27.5
10325,1141,5.75,42.73
10326,1141,7.75,56.72
10327,1141,9.75,68.82
10328,1141,11.75,80.07
10329,1141,13.75,93.51
10330,1141,15.75,102.96
10331,1141,17.75,109.84
10332,1141,20.05,118.12
10333,1142,1.75,8.83
10334,1142,3.75,19.53
10335,1142,5.75,34.22
10336,1142,7.75,47.11
10337,1142,9.75,59.84
10338,1142,11.75,71.79
10339,1142,13.75,84.45
10340,1142,15.75,96.87
10341,1142,17.75,105.46
10342,1142,19.75,113.9
10343,1142,21.75,122.49
10344,1143,1.75,14.37
10345,1143,3.75,28.12
10346,1143,5.75,44.22
10347,1143,7.75,59.92
10348,1143,9.75,75.23
10349,1143,11.75,88.82
10350,1143,13.75,98.43
10351,1143,15.75,105.85
10352,1143,17.75,113.2
10353,1143,20.25,121.63
10354,1144,1.75,8.59
10355,1144,3.75,17.19
10356,1144,5.75,23.51
10357,1144,7.75,34.14
10358,1144,9.75,43.98
10359,1144,11.75,51.87
10360,1144,13.75,62.03
10361,1144,15.75,69.53
10362,1144,17.75,77.73
10363,1144,19.95,85.7
10364,1145,1.75,8.59
10365,1145,3.75,15.7
10366,1145,5.75,22.58
10367,1145,7.75,34.92
10368,1145,9.75,43.36
10369,1145,11.75,51.09
10370,1145,13.75,58.36
10371,1145,15.75,66.09
10372,1145,17.75,72.65
10373,1145,19.75,80.23
10374,1146,1.75,13.28
10375,1146,3.75,24.76
10376,1146,5.75,31.95
10377,1146,7.75,45.08
10378,1146,9.75,56.25
10379,1146,11.75,67.18
10380,1146,13.75,74.84
10381,1146,15.75,81.48
10382,1146,16.6,84.37
10383,1147,1.8,8.36
10384,1147,3.75,16.17
10385,1147,5.75,25.47
10386,1147,7.75,35.08
10387,1147,9.75,44.22
10388,1147,11.75,52.65
10389,1147,13.75,59.92
10390,1147,15.75,68.98
10391,1147,17.75,76.87
10392,1147,19.85,84.14
10393,1148,1.75,10.08
10394,1148,3.75,20.78
10395,1148,5.75,33.16
10396,1148,7.75,44.1
10397,1148,9.75,55.78
10398,1148,11.75,61.4
10399,1148,13.75,67.53
10400,1148,15.75,73.08
10401,1148,17.75,79.92
10402,1148,20.05,87.73
10403,1149,1.75,10.31
10404,1149,3.75,18.51
10405,1149,5.75,26.44
10406,1149,7.75,34.37
10407,1149,9.75,41.44
10408,1149,11.75,49.14
10409,1149,13.75,57.22
10410,1149,15.75,62.85
10411,1149,16.15,64.76
10412,1150,1.75,8.83
10413,1150,3.75,15.08
10414,1150,7.75,31.25
10415,1150,9.75,41.64
10416,1150,11.6,49.92
10417,1151,1.75,9.69
10418,1151,3.75,19.84
10419,1151,5.75,26.72
10420,1151,7.75,34.22
10421,1151,9.75,43.36
10422,1151,11.75,51.09
10423,1151,13.75,56.48
10424,1151,15.75,64.61
10425,1152,1.75,10.7
10426,1152,3.8,18.12
10427,1152,5.75,27.26
10428,1152,7.75,36.72
10429,1152,9.75,44.53
10430,1152,11.75,51.87
10431,1152,12.35,53.82
10432,1153,1.75,8.52
10433,1153,3.75,18.28
10434,1153,5.75,25.31
10435,1153,7.75,36.72
10436,1153,9.75,45.62
10437,1153,11.75,55.86
10438,1153,13.8,65
10439,1153,15.75,72.57
10440,1153,17.75,83.9
10441,1153,20.25,89.84
10442,1154,1.75,10.31
10443,1154,3.75,21.09
10444,1154,5.75,27.26
10445,1154,7.8,42.97
10446,1154,9.75,48.51
10447,1154,11.75,58.04
10448,1154,13.75,67.89
10449,1154,15.75,77.73
10450,1155,1.75,12.58
10451,1155,3.75,19.84
10452,1155,5.75,29.3
10453,1155,7.75,40.23
10454,1155,11.75,58.04
10455,1156,1.75,9.45
10456,1156,3.75,18.83
10457,1156,5.75,31.25
10458,1156,7.75,45.08
10459,1156,9.75,52.26
10460,1156,11.75,61.25
10461,1156,13.75,69.92
10462,1156,15.25,73.43
10463,1157,1.75,8.59
10464,1157,3.75,21.48
10465,1157,5.75,33.98
10466,1157,7.75,44.06
10467,1157,9.75,53.9
10468,1157,11.75,64.53
10469,1157,13.8,68.75
10470,1158,1.75,11.8
10471,1158,3.75,25.23
10472,1158,5.75,37.65
10473,1158,7.75,46.87
10474,1158,9.75,56.48
10475,1158,11,61.48
10476,1159,1.75,8.59
10477,1159,3.75,18.59
10478,1159,5.75,27.34
10479,1159,7.75,43.12
10480,1159,9.8,51.95
10481,1159,11.75,61.87
10482,1159,12.55,66.4
10483,1160,1.75,9.22
10484,1160,3.75,20
10485,1160,5.75,29.22
10486,1160,7.8,42.5
10487,1160,9.75,51.79
10488,1160,11.75,56.87
10489,1161,1.75,11.01
10490,1161,3.75,19.61
10491,1161,5.75,29.14
10492,1161,7.75,38.12
10493,1161,9.75,45.23
10494,1161,10.55,48.75
10495,1162,1.75,11.72
10496,1162,3.75,20.7
10497,1162,5.75,28.83
10498,1162,7.75,38.36
10499,1162,9.75,46.48
10500,1162,11.35,53.59
10501,1163,1.75,7.97
10502,1163,3.75,16.48
10503,1163,5.75,25
10504,1163,7.75,31.4
10505,1163,9.35,38.12
10506,1164,1.75,9.14
10507,1164,3.75,14.76
10508,1164,5.75,23.75
10509,1164,7.75,35.54
10510,1164,9.75,44.76
10511,1164,11.35,51.56
10512,1165,1.75,8.12
10513,1165,3.75,16.95
10514,1165,5.75,26.87
10515,1165,7.15,33.67
10516,1166,1.75,10.39
10517,1166,3.75,18.83
10518,1166,5.75,24.76
10519,1166,7.75,34.61
10520,1166,9.75,44.92
10521,1166,10.25,46.64
10522,1167,1.75,12.42
10523,1167,3.75,18.44
10524,1167,5.75,25.39
10525,1167,7.75,35.94
10526,1167,9.75,44.22
10527,1167,12.2,52.57
10528,1168,1.75,10.02
10529,1168,3.75,17.64
10530,1168,5.75,25.11
10531,1168,7.75,35.49
10532,1168,9.75,43.86
10533,1168,11.75,52.73
10534,1168,13.75,61.15
10535,1168,15.75,66.97
10536,1168,17.75,74.07
10537,1169,1.75,9
10538,1169,3.75,14.77
10539,1169,5.75,21.57
10540,1169,7.75,30.56
10541,1169,9.75,39.11
10542,1169,11.75,47.31
10543,1169,13.15,52.78
10544,1170,1.75,7.3
10545,1170,3.75,15.62
10546,1170,5.75,24.44
10547,1170,7.75,33.44
10548,1170,9.75,43.21
10549,1170,11.75,52.93
10550,1170,13.75,61.9
10551,1170,15.75,69.75
10552,1170,16.75,73.45
10553,1171,1.75,11.2
10554,1171,3.75,24.27
10555,1171,5.75,37.68
10556,1171,7.75,49.56
10557,1171,9.75,58.98
10558,1171,11.75,69.62
10559,1171,13.75,79.19
10560,1171,15.75,87.04
10561,1171,17.75,95.66
10562,1171,19.8,103.86
10563,1172,1.75,10.35
10564,1172,3.75,18.84
10565,1172,5.75,30.56
10566,1172,7.75,44.31
10567,1172,9.75,55.3
10568,1172,11.75,65.37
10569,1172,13.75,74.72
10570,1172,15.75,81.12
10571,1172,17.75,89.44
10572,1172,19.75,96.29
10573,1172,21.75,103.86
10574,1172,24,113.15
10575,1172,25.75,119.45
10576,1172,27.75,127.92
10577,1172,29.75,135.5
10578,1172,31.75,143.04
10579,1172,33,146.29
10580,1173,1.75,14.42
10581,1173,3.75,24.62
10582,1173,5.75,37.86
10583,1173,7.75,50.08
10584,1173,9.75,60.93
10585,1173,11.75,72.22
10586,1173,13.75,81.97
10587,1173,15.75,90.91
10588,1173,17.75,98.24
10589,1173,19.8,105.56
10590,1174,1.75,8.15
10591,1174,3.75,14.77
10592,1174,5.75,23.42
10593,1174,7.75,31.74
10594,1174,9.75,41.76
10595,1174,11.75,50.78
10596,1174,13.75,58.53
10597,1174,15.75,66.07
10598,1174,17.75,73.15
10599,1174,20.55,81.12
10600,1175,1.75,12.89
10601,1175,3.75,23.77
10602,1175,5.75,35.64
10603,1175,7.75,45.16
10604,1175,9.75,55.3
10605,1175,11.75,65.55
10606,1175,13.75,73.8
10607,1175,15.75,81.49
10608,1175,17.75,87.96
10609,1175,18.35,89.81
10610,1176,1.75,11.2
10611,1176,3.75,20.19
10612,1176,5.75,33.11
10613,1176,7.75,45.33
10614,1176,9.75,57.25
10615,1176,11.75,67.22
10616,1176,13.75,76.42
10617,1176,15.75,83.34
10618,1176,17.75,89.06
10619,1176,19.75,94.56
10620,1176,21.1,101.06
10621,1177,1.75,10.7
10622,1177,3.75,22.24
10623,1177,5.75,32.41
10624,1177,7.75,44.13
10625,1177,9.75,55.75
10626,1177,11.75,63.32
10627,1177,13.75,71.8
10628,1177,15.75,80.57
10629,1177,17.75,89.44
10630,1177,19.85,96.74
10631,1178,1.75,13.57
10632,1178,3.75,27.16
10633,1178,5.75,38.18
10634,1178,7.75,47.36
10635,1178,9.75,56.83
10636,1178,11.75,64.25
10637,1178,13.75,74.72
10638,1178,15.75,82.97
10639,1178,17.75,90.36
10640,1178,19.5,95.44
10641,1179,1.75,11.37
10642,1179,3.75,23.27
10643,1179,5.75,31.91
10644,1179,7.75,40.41
10645,1179,9.75,49.06
10646,1179,11.75,57.68
10647,1179,13.75,65.77
10648,1179,15.75,74.07
10649,1179,17.75,81.29
10650,1179,19.75,87.96
10651,1179,20.3,89.64
10652,1180,1.75,10.42
10653,1180,3.75,20.54
10654,1180,5.75,32.09
10655,1180,7.75,42.11
10656,1180,9.75,51.78
10657,1180,11.75,59.85
10658,1180,13.75,67.62
10659,1180,15.75,75.47
10660,1180,17.75,83.69
10661,1180,19.75,91.66
10662,1180,21.8,99.64
10663,1181,1.75,14.77
10664,1181,3.75,25.29
10665,1181,5.75,34.29
10666,1181,7.75,43.46
10667,1181,9.75,51.2
10668,1181,11.75,59.08
10669,1181,13.75,67.15
10670,1181,15.75,75.77
10671,1181,17.75,83.69
10672,1181,19.75,90.91
10673,1182,1.75,14.09
10674,1182,3.75,27.49
10675,1182,5.75,38.03
10676,1182,7.75,48.21
10677,1182,9.75,58.78
10678,1182,11.75,67.05
10679,1182,13.75,76.27
10680,1182,15.75,85.97
10681,1182,17.75,95.01
10682,1182,20.65,107.53
10683,1183,1.75,16.12
10684,1183,3.75,24.62
10685,1183,5.75,34.96
10686,1183,7.75,49.73
10687,1183,9.75,57.68
10688,1183,11.75,65.75
10689,1183,13.75,73.32
10690,1183,15.75,80.09
10691,1183,17.75,88.89
10692,1183,19.75,97.59
10693,1184,1.75,14.77
10694,1184,3.75,24.12
10695,1184,5.75,34.79
10696,1184,7.75,42.43
10697,1184,9.75,50.78
10698,1184,11.75,59.63
10699,1184,13.75,69.32
10700,1184,15.75,77.17
10701,1184,17.75,85.37
10702,1184,20.65,95.44
10703,1185,1.75,14.27
10704,1185,3.75,24.62
10705,1185,5.75,34.79
10706,1185,7.75,42.96
10707,1185,9.75,50.55
10708,1185,11.75,58.88
10709,1185,13.75,66.7
10710,1185,15.75,74.85
10711,1185,17.75,82.22
10712,1185,19.95,89.44
10713,1186,1.75,11.87
10714,1186,3.75,20.54
10715,1186,5.75,31.41
10716,1186,7.75,39.21
10717,1186,9.75,45.81
10718,1186,11.75,52.23
10719,1186,13.75,59.75
10720,1186,15.75,67.9
10721,1186,17.75,75
10722,1186,19.75,83.14
10723,1187,1.75,13.24
10724,1187,3.75,20.19
10725,1187,5.75,29.36
10726,1187,7.75,37.19
10727,1187,9.75,49.91
10728,1187,11.75,57.03
10729,1188,1.75,13.57
10730,1188,3.8,24.62
10731,1188,6.55,39.88
10732,1188,7.75,45.33
10733,1188,9.75,53.35
10734,1188,11.75,63.52
10735,1188,13.75,71.62
10736,1188,15.75,78.54
10737,1188,17.75,87.42
10738,1188,19.75,95.36
10739,1189,1.75,17.14
10740,1189,3.75,26.31
10741,1189,5.75,38.18
10742,1189,7.75,47.88
10743,1189,9.75,56.4
10744,1189,11.75,63.7
10745,1189,13.75,71.32
10746,1189,15.75,79.62
10747,1189,17.75,88.71
10748,1189,19.75,97.21
10749,1190,1.75,14.09
10750,1190,3.75,24.12
10751,1190,5.8,31.91
10752,1190,7.75,40.23
10753,1190,9.75,49.91
10754,1190,11.75,60.55
10755,1190,13.75,68.85
10756,1190,15.75,77.32
10757,1190,17.75,85.37
10758,1190,19.85,92.84
10759,1191,1.75,11.37
10760,1191,3.75,19.77
10761,1191,5.75,29.54
10762,1191,7.75,37.34
10763,1191,9.75,47.31
10764,1191,11.75,57.23
10765,1191,13.75,68.07
10766,1191,15.75,75.14
10767,1191,17.75,82.77
10768,1191,19.75,90.36
10769,1192,1.75,11.02
10770,1192,3.75,21.04
10771,1192,5.75,30.71
10772,1192,7.75,39.71
10773,1192,9.75,49.06
10774,1192,11.75,55.55
10775,1192,13.75,63.6
10776,1192,15.75,71.6
10777,1192,17.75,80.19
10778,1192,18.8,84.27
10779,1193,1.75,15.12
10780,1193,3.75,24.44
10781,1193,5.75,33.79
10782,1193,7.75,42.96
10783,1193,9.75,52.73
10784,1193,11.75,60.93
10785,1193,13.75,68.85
10786,1193,15.75,77.17
10787,1193,17.75,86.29
10788,1193,19.75,93.14
10789,1194,1.75,9
10790,1194,3.75,18.67
10791,1194,5.75,26.31
10792,1194,7.75,34.11
10793,1194,9.75,41.91
10794,1194,11.75,50.33
10795,1194,13.75,59.83
10796,1194,15.75,68.07
10797,1194,17.75,75.14
10798,1194,20.35,85.37
10799,1195,1.75,12.35
10800,1195,3.75,20.37
10801,1195,5.75,25.29
10802,1195,7.75,31.74
10803,1195,9.75,39.38
10804,1195,11.75,47.11
10805,1195,13.75,54.8
10806,1195,15.75,61.9
10807,1195,17.75,69.12
10808,1195,19.8,77.59
10809,1196,1.75,13.24
10810,1196,3.75,23.77
10811,1196,5.75,32.76
10812,1196,7.75,42.78
10813,1196,9.75,51.2
10814,1196,11.75,58.88
10815,1196,13.75,66.85
10816,1196,15.75,77.32
10817,1196,17.65,82.42
10818,1197,1.75,15.27
10819,1197,3.75,26.31
10820,1197,5.75,37.68
10821,1197,7.75,46.03
10822,1197,9.75,54
10823,1197,11.75,65
10824,1197,13.75,74.1
10825,1197,15.75,82.24
10826,1197,17.75,89.06
10827,1197,18.45,90.74
10828,1198,1.75,10.2
10829,1198,3.75,20.54
10830,1198,5.75,30.56
10831,1198,7.75,40.06
10832,1198,9.75,49.26
10833,1198,11.75,57.23
10834,1198,13.75,64.07
10835,1198,15.75,71.6
10836,1198,17.75,79.27
10837,1198,20.15,87.96
10838,1199,1.75,10.02
10839,1199,3.75,17.64
10840,1199,5.75,25.11
10841,1199,7.75,34.46
10842,1199,9.75,42.78
10843,1199,11.75,51.2
10844,1199,13.75,57.6
10845,1199,15.75,65.45
10846,1199,17.75,73.62
10847,1199,19.85,81.49
10848,1200,1.75,13.57
10849,1200,3.75,21.72
10850,1200,5.75,29.19
10851,1200,7.75,36.89
10852,1200,9.75,44.48
10853,1200,11.75,52.28
10854,1200,13.75,60
10855,1200,15.75,68.7
10856,1200,17.75,77.17
10857,1200,19.85,85.57
10858,1201,1.75,14.09
10859,1201,3.75,24.79
10860,1201,5.75,36.34
10861,1201,7.75,46.01
10862,1201,9.75,54.65
10863,1201,11.75,64.07
10864,1201,13.75,73.17
10865,1201,15.75,80.54
10866,1201,17.75,89.64
10867,1201,19.7,96.66
10868,1202,1.75,11.02
10869,1202,3.75,17.32
10870,1202,5.75,26.14
10871,1202,7.75,37.01
10872,1202,9.75,46.88
10873,1202,11.75,54.63
10874,1202,13.75,61.45
10875,1202,15.75,68.2
10876,1202,17.75,75.62
10877,1202,19.9,84.44
10878,1203,1.75,13.09
10879,1203,3.75,24.47
10880,1203,5.75,34.64
10881,1203,7.75,46.93
10882,1203,9.75,55.98
10883,1203,11.75,67.67
10884,1203,13.75,78.32
10885,1203,15.75,89.99
10886,1203,18.25,101.23
10887,1204,1.75,9.65
10888,1204,3.75,20.09
10889,1204,5.75,29.09
10890,1204,7.75,40.08
10891,1204,9.75,49.53
10892,1204,11.75,57.03
10893,1204,13.75,66.57
10894,1204,15.75,74.15
10895,1204,17.75,83.94
10896,1204,19.75,93.49
10897,1204,21.9,102.63
10898,1205,1.75,11.25
10899,1205,3.75,22.87
10900,1205,5.75,36.09
10901,1205,7.75,47.08
10902,1205,9.75,55.38
10903,1205,11.75,64.77
10904,1205,13.75,73.45
10905,1205,15.75,82.64
10906,1205,17.75,91.59
10907,1206,1.75,14.94
10908,1206,3.75,24.99
10909,1206,5.75,33.99
10910,1206,7.75,43.36
10911,1206,9.75,52.6
10912,1206,11.75,61.3
10913,1206,13.75,69.45
10914,1206,15.75,78.02
10915,1206,17.75,84.09
10916,1206,18.95,87.27
10917,1207,1.75,11.65
10918,1207,3.75,21.14
10919,1207,5.75,32.66
10920,1207,7.75,43.23
10921,1207,9.75,53.93
10922,1207,11.75,61.9
10923,1207,13.75,69.95
10924,1207,15.75,78.89
10925,1207,17.6,85.24
10926,1208,1.75,10.57
10927,1208,3.75,25.51
10928,1208,5.75,35.56
10929,1208,7.75,44.81
10930,1208,9.75,53.65
10931,1208,11.75,62.85
10932,1208,13.75,71.62
10933,1208,15.75,80.47
10934,1208,17.6,86.82
10935,1209,1.75,13.74
10936,1209,3.75,25.29
10937,1209,5.75,34.29
10938,1209,7.75,44.48
10939,1209,9.75,53.8
10940,1209,11.75,61.85
10941,1209,13.75,68.55
10942,1209,15.75,78.89
10943,1209,17.75,89.26
10944,1209,19.75,98.69
10945,1209,21.75,107.78
10946,1209,23.75,114.25
10947,1209,25.75,121.45
10948,1209,27.75,130.4
10949,1209,29.6,136
10950,1210,1.75,11.55
10951,1210,3.75,25.64
10952,1210,5.75,36.34
10953,1210,7.75,47.03
10954,1210,9.75,55.53
10955,1210,11.75,63.15
10956,1210,13.75,70.1
10957,1210,15.75,79.94
10958,1210,17.75,87.59
10959,1210,19.75,94.26
10960,1211,1.75,15.62
10961,1211,3.75,28.69
10962,1211,5.75,39.38
10963,1211,7.75,48.56
10964,1211,9.75,56.6
10965,1211,11.75,68.15
10966,1211,13.75,78.12
10967,1211,15.75,87.81
10968,1211,17.75,94.81
10969,1211,19.75,100.93
10970,1212,1.75,11.02
10971,1212,3.75,19.69
10972,1212,5.75,29.54
10973,1212,7.75,38.88
10974,1212,9.75,46.88
10975,1212,11.75,55.93
10976,1212,13.75,64.37
10977,1212,15.75,73.3
10978,1212,17.75,78.34
10979,1213,1.75,12.4
10980,1213,3.75,23.77
10981,1213,5.75,35.49
10982,1213,7.75,46.01
10983,1213,9.75,57.48
10984,1213,11.8,65.37
10985,1213,13.6,70.87
10986,1214,1.75,11.87
10987,1214,3.75,23.27
10988,1214,5.75,33.44
10989,1214,7.75,44.13
10990,1214,9.75,54.65
10991,1214,11.75,64.07
10992,1214,13.75,73.5
10993,1214,15.75,84.72
10994,1214,17.75,91.11
10995,1215,1.75,15.79
10996,1215,3.75,21.89
10997,1215,5.75,33.79
10998,1215,7.75,43.28
10999,1215,9.75,52.28
11000,1215,11.75,59.45
11001,1215,13.75,67.32
11002,1215,15.75,77.92
11003,1215,17.75,88.71
11004,1215,19.75,95.19
11005,1215,20.6,97.39
11006,1216,1.75,14.09
11007,1216,3.75,23.59
11008,1216,5.95,33.96
11009,1216,7.75,43.96
11010,1216,9.75,53.35
11011,1216,11.75,61.68
11012,1216,13.75,68.55
11013,1216,15.75,76.54
11014,1216,16.65,79.62
11015,1217,1.75,12.22
11016,1217,3.75,24.27
11017,1217,5.95,36.34
11018,1217,7.75,46.68
11019,1217,9.75,57.48
11020,1217,11.75,66.52
11021,1217,13.75,76.42
11022,1217,15.75,82.24
11023,1217,17,88.72
11024,1218,1.75,11.87
11025,1218,3.75,23.77
11026,1218,5.75,33.79
11027,1218,7.75,43.81
11028,1218,9.75,52.28
11029,1218,11.75,60.38
11030,1218,12.45,62.38
11031,1219,1.75,9.92
11032,1219,3.75,19.44
11033,1219,5.75,28.41
11034,1219,7.75,37.53
11035,1219,9.75,45.43
11036,1219,11.75,53.43
11037,1219,13.75,62.06
11038,1219,15.75,70.2
11039,1219,16.95,73.85
11040,1220,1.77,11.96
11041,1220,2.78,18.97
11042,1220,3.78,26.12
11043,1220,4.78,33.16
11044,1220,5.78,39.41
11045,1220,6.78,45.9
11046,1220,7.78,52.7
11047,1220,8.95,60.2
11048,1220,9.9,66.58
11049,1220,10.9,70.99
11050,1220,11.9,75.55
11051,1220,12.9,80.14
11052,1220,13.9,84.58
11053,1220,15.9,93.13
11054,1220,16.9,97.28
11055,1220,17.9,101.52
11056,1220,18.9,105.65
11057,1220,19.9,110.19
11058,1220,20.9,114.89
11059,1220,21.9,119.07
11060,1220,22.9,123.16
11061,1220,23.9,126.58
11062,1220,24.9,130.1
11063,1221,2.75,25.75
11064,1221,3.8,34.9
11065,1221,6.8,51.38
11066,1221,9.4,57.75
11067,1221,12.95,67.08
11068,1221,15.85,73.34
11069,1222,1.75,9.35
11070,1222,3.45,13.56
11071,1222,5.35,16.33
11072,1222,7.25,20.94
11073,1222,9.15,25.12
11074,1222,11.05,28.65
11075,1222,12.95,33.87
11076,1222,14.85,40
11077,1222,16.75,45.96
11078,1222,18.65,50
11079,1222,20.55,55.89
11080,1222,22.45,61.26
11081,1222,24.35,65.81
11082,1222,26.25,69.91
11083,1222,26.85,71.34