"velocityProfileMeta_ID","site_ID","citation_ID","name","longitude","latitude","method","date","quality","VelocityDataType","vs30_value","vs30_unit","depthTop_unit","value_unit","uncertainty_unit"
"1","1","138","VARS","-120.451","35.9208","Downhole",,,"Vs","738","m/s","m","m/s",
"2","1","138","VARP","-120.451","35.9208","Downhole",,,"Vp","0",,"m","m/s",
"3","2","129","PNFS","-116.4594","33.6117","Downhole",,,"Vs","724.9","m/s","m","m/s",
"4","3","129","KNWS","-116.7133","33.7111","Downhole",,,"Vs","845.4","m/s","m","m/s",
"5","4","120","MCGS","-118.8127","37.5482","Downhole",,,"Vs","359.2","m/s","m","m/s",
"6","4","120","MCGP","-118.8127","37.5482","Downhole",,,"Vp","0",,"m","m/s",
"7","5","121","CLDS","-121.5516","37.1175","Downhole",,,"Vs","295","m/s","m","m/s",
"8","5","121","CLDP","-121.5516","37.1175","Downhole",,,"Vp","0",,"m","m/s",
"9","6","143","I10S","-118.378","34.0364","Downhole",,,"Vs","269","m/s","m","m/s",
"10","6","143","I10P","-118.378","34.0364","Downhole",,,"Vp","0",,"m","m/s",
"11","7","142","101_280S","-121.8513","37.341","Downhole",,,"Vs","216.5","m/s","m","m/s",
"12","7","142","101_280P","-121.8513","37.341","Downhole",,,"Vp","0",,"m","m/s",
"13","8","142","MWDS","-121.8078","36.6993","Downhole",,,"Vs","297.7","m/s","m","m/s",
"14","8","142","MWDP","-121.8078","36.6993","Downhole",,,"Vp","0",,"m","m/s",
"15","9","142","WILS","-121.9033","37.3161","Downhole",,,"Vs","251.6","m/s","m","m/s",
"16","9","142","WILP","-121.9033","37.3161","Downhole",,,"Vp","0",,"m","m/s",
"17","10","142","COYS","-121.8696","37.3369","Downhole",,,"Vs","233","m/s","m","m/s",
"18","10","142","COYP","-121.8696","37.3369","Downhole",,,"Vp","0",,"m","m/s",
"19","11","108","POTS","-118.6641","34.3952","Downhole",,,"Vs","204.9","m/s","m","m/s",
"20","11","108","POTP","-118.6641","34.3952","Downhole",,,"Vp","204.9","m/s","m","m/s",
"21","12","108","TARS","-118.5353","34.1605","Downhole",,,"Vs","257.2","m/s","m","m/s",
"22","12","108","TARP","-118.5353","34.1605","Downhole",,,"Vp","0",,"m","m/s",
"23","13","108","ESCS","-118.4808","34.3108","Downhole",,,"Vs","370.5","m/s","m","m/s",
"24","13","108","ESCP","-118.4808","34.3108","Downhole",,,"Vp","0",,"m","m/s",
"25","14","108","RD7S","-118.715","34.2314","Downhole",,,"Vs","715.1","m/s","m","m/s",
"26","14","108","RD7P","-118.715","34.2314","Downhole",,,"Vp","0",,"m","m/s",
"27","15","108","RSES","-118.3588","34.1772","Downhole",,,"Vs","332.6","m/s","m","m/s",
"28","15","108","RSEP","-118.3588","34.1772","Downhole",,,"Vp","0",,"m","m/s",
"29","16","108","WVANS","-118.4541","34.0544","Downhole",,,"Vs","392.2","m/s","m","m/s",
"30","16","108","WVANP","-118.4541","34.0544","Downhole",,,"Vp","0",,"m","m/s",
"31","17","108","WVASS","-118.4494","34.0497","Downhole",,,"Vs","413.8","m/s","m","m/s",
"32","17","108","WVASP","-118.4494","34.0497","Downhole",,,"Vp","0",,"m","m/s",
"33","18","108","ESC2S","-118.4818","34.3129","Downhole",,,"Vs","280.9","m/s","m","m/s",
"34","18","108","ESC2P","-118.4818","34.3129","Downhole",,,"Vp","0",,"m","m/s",
"35","19","108","BVAS","-118.4633","34.0632","Downhole",,,"Vs","416.6","m/s","m","m/s",
"36","19","108","BVAP","-118.4633","34.0632","Downhole",,,"Vp","0",,"m","m/s",
"37","20","108","COWS","-117.298","34.0636","Downhole",,,"Vs","275",,"m","m/s",
"38","20","108","COWP","-117.298","34.0636","Downhole",,,"Vp","0",,"m","m/s",
"39","21","108","COES","-117.2898","34.0637","Downhole",,,"Vs","251.9","m/s","m","m/s",
"40","21","108","COEP","-117.2898","34.0637","Downhole",,,"Vp","0",,"m","m/s",
"41","22","108","OBGS","-118.1787","34.037","Downhole",,,"Vs","349.4","m/s","m","m/s",
"42","22","108","OBGP","-118.1787","34.037","Downhole",,,"Vp","0",,"m","m/s",
"43","23","108","WTPS","-118.0893","33.79802","Downhole",,,"Vs","226.9","m/s","m","m/s",
"44","23","108","WTPP","-118.0893","33.79802","Downhole",,,"Vp","0",,"m","m/s",
"45","24","112","CPBS","-118.0977","33.8821","Downhole",,,"Vs","249.4","m/s","m","m/s",
"46","24","112","CPBP","-118.0977","33.8821","Downhole",,,"Vp","0",,"m","m/s",
"47","25","112","CGMS","-118.0942","33.8866","Downhole",,,"Vs","253.3","m/s","m","m/s",
"48","25","112","CGMP","-118.0942","33.8866","Downhole",,,"Vp","0",,"m","m/s",
"49","26","112","CPSS","-118.0979","33.8859","Downhole",,,"Vs","230.5","m/s","m","m/s",
"50","26","112","CPSP","-118.0979","33.8859","Downhole",,,"Vp","0",,"m","m/s",
"51","27","112","NARS","-118.0532","34.0322","Downhole",,,"Vs","298.7","m/s","m","m/s",
"52","27","112","NARP","-118.0532","34.0322","Downhole",,,"Vp","0",,"m","m/s",
"53","28","112","HOOS","-118.0298","33.9849","Downhole",,,"Vs","675.6","m/s","m","m/s",
"54","28","112","HOOP","-118.0298","33.9849","Downhole",,,"Vp","0",,"m","m/s",
"55","29","112","LINS","-118.0939","34.0904","Downhole",,,"Vs","401.4","m/s","m","m/s",
"56","29","112","LINP","-118.0939","34.0904","Downhole",,,"Vp","0",,"m","m/s",
"57","30","112","WLBS","-118.0415","33.9854","Downhole",,,"Vs","322.8","m/s","m","m/s",
"58","30","112","WLBP","-118.0415","33.9854","Downhole",,,"Vp","0",,"m","m/s",
"59","31","112","EXCS","-118.0852","33.8956","Downhole",,,"Vs","247","m/s","m","m/s",
"60","31","112","EXCP","-118.0852","33.8956","Downhole",,,"Vp","0",,"m","m/s",
"61","32","112","OLVS","-117.975","34.1007","Downhole",,,"Vs","544.7","m/s","m","m/s",
"62","32","112","OLVP","-117.975","34.1007","Downhole",,,"Vp","0",,"m","m/s",
"63","33","112","SAGS","-118.0316","34.131","Downhole",,,"Vs","367.5","m/s","m","m/s",
"64","33","112","SAGP","-118.0316","34.131","Downhole",,,"Vp","0",,"m","m/s",
"65","34","112","SB1S","-117.2829","34.1054","Downhole",,,"Vs","325.8","m/s","m","m/s",
"66","34","112","SB1P","-117.2829","34.1054","Downhole",,,"Vp","0",,"m","m/s",
"67","35","112","SWAS","-118.1314","34.1153","Downhole",,,"Vs","379.4","m/s","m","m/s",
"68","35","112","SWAP","-118.1314","34.1153","Downhole",,,"Vp","0",,"m","m/s",
"69","36","112","STPS","-118.0546","33.9516","Downhole",,,"Vs","381.7","m/s","m","m/s",
"70","36","112","STPP","-118.0546","33.9516","Downhole",,,"Vp","0",,"m","m/s",
"71","37","110","CRWS","-124.2016","40.699","Downhole",,,"Vs","300.8","m/s","m","m/s",
"72","37","110","CRWP","-124.2016","40.699","Downhole",,,"Vp","0",,"m","m/s",
"73","38","110","FFSS","-124.1475","40.5895","Downhole",,,"Vs","405.3","m/s","m","m/s",
"74","38","110","FFSP","-124.1475","40.5895","Downhole",,,"Vp","0",,"m","m/s",
"75","39","110","LFSS","-124.2209","40.6442","Downhole",,,"Vs","355.2","m/s","m","m/s",
"76","39","110","LFSP","-124.2209","40.6442","Downhole",,,"Vp","0",,"m","m/s",
"77","40","110","RVMS","-124.1465","40.5846","Downhole",,,"Vs","457.1","m/s","m","m/s",
"78","40","110","RVMP","-124.1465","40.5846","Downhole",,,"Vp","0",,"m","m/s",
"79","41","110","RIOS","-124.1003","40.5032","Downhole",,,"Vs","311.8","m/s","m","m/s",
"80","41","110","RIOP","-124.1003","40.5032","Downhole",,,"Vp","0",,"m","m/s",
"81","42","187","AGNWS","-121.9268","37.4109","Downhole",,,"Vs","263.5","m/s","m","m/s",
"82","42","187","AGNWP","-121.9268","37.4109","Downhole",,,"Vp","0",,"m","m/s",
"83","43","187","DPBS","-117.8629","34.4252","Downhole",,,"Vs","845.1","m/s","m","m/s",
"84","43","187","DPBP","-117.8629","34.4252","Downhole",,,"Vp","0",,"m","m/s",
"85","44","187","DZNS","-120.3602","36.1385","Downhole",,,"Vs","352.2","m/s","m","m/s",
"86","44","187","DZNP","-120.3602","36.1385","Downhole",,,"Vp","0",,"m","m/s",
"87","45","187","FRSS","-120.3973","36.1214","Downhole",,,"Vp","617.4","m/s","m","m/s",
"88","45","187","FRSP","-120.3973","36.1214","Downhole",,,"Vp","0",,"m","m/s",
"89","46","187","GRVS","-118.1119","34.048","Downhole",,,"Vs","468.2","m/s","m","m/s",
"90","46","187","GRVP","-118.1119","34.048","Downhole",,,"Vp","0",,"m","m/s",
"91","47","187","HAMS","-122.4945","38.0601","Downhole",,,"Vs","106","m/s","m","m/s",
"92","47","187","HAMP","-122.4945","38.0601","Downhole",,,"Vp","0",,"m","m/s",
"93","48","187","HRSS","-120.2935","36.2844","Downhole",,,"Vs","507.1","m/s","m","m/s",
"94","48","187","HRSP","-120.2935","36.2844","Downhole",,,"Vp","0",,"m","m/s",
"95","49","187","PMQS","-122.1114","37.3204","Downhole",,,"Vs","867.3","m/s","m","m/s",
"96","50","187","SUBS","-120.25","36.3079","Downhole",,,"Vs","270.4","m/s","m","m/s",
"97","50","187","SUBP","-120.25","36.3079","Downhole",,,"Vp","0",,"m","m/s",
"98","51","187","TRAS","-120.3096","36.1658","Downhole",,,"Vs","246.5","m/s","m","m/s",
"99","51","187","TRAP","-120.3096","36.1658","Downhole",,,"Vp","0",,"m","m/s",
"100","52","106","BMTS","-122.1566","37.3186","Downhole",,,"Vs","531","m/s","m","m/s",
"101","52","106","BMTP","-122.1566","37.3186","Downhole",,,"Vp","0",,"m","m/s",
"102","53","106","COZS","-122.3922","37.4841","Downhole",,,"Vs","268.1","m/s","m","m/s",
"103","53","106","COZP","-122.3922","37.4841","Downhole",,,"Vp","0",,"m","m/s",
"104","54","106","DIGS","-122.4255","37.498","Downhole",,,"Vs","388.3","m/s","m","m/s",
"105","54","106","DIGP","-122.4255","37.498","Downhole",,,"Vp","0",,"m","m/s",
"106","55","106","ELGS","-122.4558","37.523","Downhole",,,"Vs","864.2","m/s","m","m/s",
"107","55","106","ELGP","-122.4558","37.523","Downhole",,,"Vp","0",,"m","m/s",
"108","56","106","MARS","-122.0836","37.3305","Downhole",,,"Vs","484.7","m/s","m","m/s",
"109","56","106","MARP","-122.0836","37.3305","Downhole",,,"Vp","0",,"m","m/s",
"110","57","106","NPKS","-122.469","37.5549","Downhole",,,"Vs","493.3","m/s","m","m/s",
"111","57","106","NPKP","-122.469","37.5549","Downhole",,,"Vp","0",,"m","m/s",
"112","58","106","PIES","-122.3436","37.4613","Downhole",,,"Vs","403.3","m/s","m","m/s",
"113","58","106","PIEP","-122.3436","37.4613","Downhole",,,"Vp","0",,"m","m/s",
"114","59","106","PURS","-122.4194","37.4596","Downhole",,,"Vs","298","m/s","m","m/s",
"115","59","106","PURP","-122.4194","37.4596","Downhole",,,"Vp","0",,"m","m/s",
"116","60","106","PWTS","-122.323","37.4776","Downhole",,,"Vs","449.2","m/s","m","m/s",
"117","60","106","PWTP","-122.323","37.4776","Downhole",,,"Vp","0",,"m","m/s",
"118","61","106","SAWS","-122.4171","37.5704","Downhole",,,"Vs","434.9","m/s","m","m/s",
"119","61","106","SAWP","-122.4171","37.5704","Downhole",,,"Vp","0",,"m","m/s",
"120","62","106","SVRS","-122.4492","37.5708","Downhole",,,"Vs","434.9","m/s","m","m/s",
"121","62","106","SVRP","-122.4492","37.5708","Downhole",,,"Vp","0",,"m","m/s",
"122","63","106","VISS","-122.2977","37.4933","Downhole",,,"Vs","614.4","m/s","m","m/s",
"123","63","106","VISP","-122.2977","37.4933","Downhole",,,"Vp","0",,"m","m/s",
"124","64","105","ALVS","-121.9692","37.4316","Downhole",,,"Vs","234.3","m/s","m","m/s",
"125","64","105","ALVP","-121.9692","37.4316","Downhole",,,"Vp","0",,"m","m/s",
"126","65","105","BLFS","-122.062","37.3189","Downhole",,,"Vs","451.9","m/s","m","m/s",
"127","65","105","BLFP","-122.062","37.3189","Downhole",,,"Vp","0",,"m","m/s",
"128","66","105","JMSS","-122.085","37.6567","Downhole",,,"Vs","274.7","m/s","m","m/s",
"129","66","105","JMSP","-122.085","37.6567","Downhole",,,"Vp","0",,"m","m/s",
"130","67","105","LWDS","-122.0677","37.5679","Downhole",,,"Vs","219","m/s","m","m/s",
"131","67","105","LWDP","-122.0677","37.5679","Downhole",,,"Vp","0",,"m","m/s",
"132","68","105","HWSS","-122.0911","37.5799","Downhole",,,"Vs","194.1","m/s","m","m/s",
"133","68","105","HWSP","-122.0911","37.5799","Downhole",,,"Vp","0",,"m","m/s",
"134","69","105","PKYS","-121.9733","37.5421","Downhole",,,"Vs","316.2","m/s","m","m/s",
"135","69","105","PKYP","-121.9733","37.5421","Downhole",,,"Vp","0",,"m","m/s",
"136","70","105","PASS","-122.1428","37.4205","Downhole",,,"Vs","296.3","m/s","m","m/s",
"137","70","105","PASP","-122.1428","37.4205","Downhole",,,"Vp","0",,"m","m/s",
"138","71","105","MPKS","-121.8741","37.5199","Downhole",,,"Vs","733","m/s","m","m/s",
"139","71","105","MPKP","-121.8741","37.5199","Downhole",,,"Vp","0",,"m","m/s",
"140","72","105","MGSS","-121.9839","37.3408","Downhole",,,"Vs","300.1","m/s","m","m/s",
"141","72","105","MGSP","-121.9839","37.3408","Downhole",,,"Vp","0",,"m","m/s",
"142","73","105","SCQS","-122.0831","37.2963","Downhole",,,"Vs","522.6","m/s","m","m/s",
"143","73","105","SCQP","-122.0831","37.2963","Downhole",,,"Vp","0",,"m","m/s",
"144","74","105","CSHS","-122.0614","37.6569","Downhole",,,"Vs","522.6","m/s","m","m/s",
"145","74","105","CSHP","-122.0614","37.6569","Downhole",,,"Vp","0",,"m","m/s",
"146","75","105","MLSS","-122.011","37.3015","Downhole",,,"Vp","455.7","m/s","m","m/s",
"147","75","105","MLSP","-122.011","37.3015","Downhole",,,"Vp","0",,"m","m/s",
"148","76","105","CTMS","-122.218","37.3568","Downhole",,,"Vs","380.8","m/s","m","m/s",
"149","76","105","CTMP","-122.218","37.3568","Downhole",,,"Vp","0",,"m","m/s",
"150","77","105","MCPS","-122.1116","37.4198","Downhole",,,"Vs","249.4","m/s","m","m/s",
"151","77","105","MCPP","-122.1116","37.4198","Downhole",,,"Vp","0",,"m","m/s",
"152","78","105","FHPS","-122.1755","37.3505","Downhole",,,"Vp","561.6","m/s","m","m/s",
"153","78","105","FHPP","-122.1755","37.3505","Downhole",,,"Vp","0",,"m","m/s",
"154","79","105","SIMS","-122.3078","37.4102","Downhole",,,"Vs","603.5","m/s","m","m/s",
"155","79","105","SIMP","-122.3078","37.4102","Downhole",,,"Vp","0",,"m","m/s",
"156","80","105","PUTS","-122.3155","37.4863","Downhole",,,"Vs","437.4","m/s","m","m/s",
"157","80","105","PUTP","-122.3155","37.4863","Downhole",,,"Vp","0",,"m","m/s",
"158","81","105","FRCS","-122.435","37.4938","Downhole",,,"Vs","472.5","m/s","m","m/s",
"159","81","105","FRCP","-122.435","37.4938","Downhole",,,"Vp","0",,"m","m/s",
"160","82","105","HBTS","-122.4983","37.5155","Downhole",,,"Vp","347.3","m/s","m","m/s",
"161","82","105","HBTP","-122.4983","37.5155","Downhole",,,"Vp","0",,"m","m/s",
"162","83","105","VTGS","-122.4572","37.6972","Downhole",,,"Vp","380.3","m/s","m","m/s",
"163","83","105","VTGP","-122.4572","37.6972","Downhole",,,"Vp","0",,"m","m/s",
"164","84","105","MRCS","-121.9258","37.5799","Downhole",,,"Vp","558.4","m/s","m","m/s",
"165","84","105","MRCP","-121.9258","37.5799","Downhole",,,"Vp","0",,"m","m/s",
"166","85","105","LMCS","-122.4744","37.6949","Downhole",,,"Vs","460.9","m/s","m","m/s",
"167","85","105","LMCP","-122.4744","37.6949","Downhole",,,"Vp","0",,"m","m/s",
"168","86","105","OSWS","-122.1308","37.6238","Downhole",,,"Vs","219.8","m/s","m","m/s",
"169","86","105","OSWP","-122.1308","37.6238","Downhole",,,"Vp","0",,"m","m/s",
"170","87","104","BWPS","-122.255","37.529","Downhole",,,"Vs","130.7","m/s","m","m/s",
"171","87","104","BWPP","-122.255","37.529","Downhole",,,"Vp","0",,"m","m/s",
"172","88","104","WMLS","-122.5102","37.7722","Downhole",,,"Vs","285.6","m/s","m","m/s",
"173","88","104","WMLP","-122.5102","37.7722","Downhole",,,"Vp","0",,"m","m/s",
"174","89","104","COLS","-122.5044","37.7722","Downhole",,,"Vs","275.9","m/s","m","m/s",
"175","89","104","COLP","-122.5044","37.7722","Downhole",,,"Vp","0",,"m","m/s",
"176","90","104","PBCS","-122.4782","37.7719","Downhole",,,"Vs","760.7","m/s","m","m/s",
"177","90","104","PBCP","-122.4782","37.7719","Downhole",,,"Vp","0",,"m","m/s",
"178","91","104","SPAS","-122.3886","37.783","Downhole",,,"Vs","365.6","m/s","m","m/s",
"179","91","104","SPAP","-122.3886","37.783","Downhole",,,"Vp","0",,"m","m/s",
"180","92","104","QTRS","-122.498","37.7647","Downhole",,,"Vs","360.7","m/s","m","m/s",
"181","92","104","QTRP","-122.498","37.7647","Downhole",,,"Vp","0",,"m","m/s",
"182","93","104","HVWS","-122.4961","37.6916","Downhole",,,"Vs","370","m/s","m","m/s",
"183","93","104","HVWP","-122.4961","37.6916","Downhole",,,"Vp","0",,"m","m/s",
"184","94","104","AVAS","-122.4917","37.6809","Downhole",,,"Vs","291.1","m/s","m","m/s",
"185","94","104","AVAP","-122.4917","37.6809","Downhole",,,"Vp","0",,"m","m/s",
"186","95","104","TWPS","-122.4489","37.7502","Downhole",,,"Vs","1036.8","m/s","m","m/s",
"187","95","104","TWPP","-122.4489","37.7502","Downhole",,,"Vp","0",,"m","m/s",
"188","96","104","SBMS","-122.4327","37.7005","Downhole",,,"Vs","926.4",,"m","m/s",
"189","96","104","SBMP","-122.4327","37.7005","Downhole",,,"Vp","0",,"m","m/s",
"190","97","104","SKLS","-122.4893","37.6875","Downhole",,,"Vs","275","m/s","m","m/s",
"191","97","104","SKLP","-122.4893","37.6875","Downhole",,,"Vp","0",,"m","m/s",
"192","98","104","WMOS","-122.4895","37.6838","Downhole",,,"Vs","337.7","m/s","m","m/s",
"193","98","104","WMOP","-122.4895","37.6838","Downhole",,,"Vp","0",,"m","m/s",
"194","99","104","CRDS","-122.2546","37.4485","Downhole",,,"Vp","515.1","m/s","m","m/s",
"195","99","104","CRDP","-122.2546","37.4485","Downhole",,,"Vp","0",,"m","m/s",
"196","100","104","CSMS","-122.3339","37.539","Downhole",,,"Vs","636.2","m/s","m","m/s",
"197","100","104","CSMP","-122.3339","37.539","Downhole",,,"Vp","0",,"m","m/s",
"198","101","104","PCCS","-122.32","37.5422","Downhole",,,"Vs","887","m/s","m","m/s",
"199","101","104","PCCP","-122.32","37.5422","Downhole",,,"Vp","0",,"m","m/s",
"200","102","104","SCFS","-121.8528","37.296","Downhole",,,"Vs","292.7","m/s","m","m/s",
"201","102","104","SCFP","-121.8528","37.296","Downhole",,,"Vp","0",,"m","m/s",
"202","103","104","OAKS","-122.0706","37.3571","Downhole",,,"Vs","446.9","m/s","m","m/s",
"203","103","104","OAKP","-122.0706","37.3571","Downhole",,,"Vp","0",,"m","m/s",
"204","104","104","MESS","-122.2797","37.8085","Downhole",,,"Vs","307","m/s","m","m/s",
"205","104","104","MESP","-122.2797","37.8085","Downhole",,,"Vp","0",,"m","m/s",
"206","105","104","MECS","-122.1632","37.79","Downhole",,,"Vs","787.9","m/s","m","m/s",
"207","105","104","MECP","-122.1632","37.79","Downhole",,,"Vp","0",,"m","m/s",
"208","106","104","AUSS","-122.2586","37.5677","Downhole",,,"Vs","130.6","m/s","m","m/s",
"209","106","104","AUSP","-122.2586","37.5677","Downhole",,,"Vp","0",,"m","m/s",
"210","107","104","CMSS","-122.4054","37.7764","Downhole",,,"Vs","288.9","m/s","m","m/s",
"211","107","104","CMSP","-122.4054","37.7764","Downhole",,,"Vp","0",,"m","m/s",
"212","108","104","PMIS","-122.1664","37.4047","Downhole",,,"Vs","0",,"m","m/s",
"213","108","104","PMIP","-122.1664","37.4047","Downhole",,,"Vp","0",,"m","m/s",
"214","109","104","KGEIS","-122.2322","37.5441","Downhole",,,"Vs","114.9","m/s","m","m/s",
"215","109","104","KGEIP","-122.2322","37.5441","Downhole",,,"Vp","0",,"m","m/s",
"216","110","107","MAGS","-118.1976","33.7703","Downhole",,,"Vs","381.2","m/s","m","m/s",
"217","110","107","MAGP","-118.1976","33.7703","Downhole",,,"Vp","0",,"m","m/s",
"218","111","107","FLUS","-118.1853","33.7784","Downhole",,,"Vs","369.1","m/s","m","m/s",
"219","111","107","FLUP","-118.1853","33.7784","Downhole",,,"Vp","0",,"m","m/s",
"220","112","107","TISS","-118.2537","33.7531","Downhole",,,"Vs","217.9","m/s","m","m/s",
"221","112","107","TISP","-118.2537","33.7531","Downhole",,,"Vp","0",,"m","m/s",
"222","113","107","LKWS","-118.1545","33.8328","Downhole",,,"Vp","344.7","m/s","m","m/s",
"223","113","107","LKWP","-118.1545","33.8328","Downhole",,,"Vp","0",,"m","m/s",
"224","114","107","LAFS","-118.2167","33.8595","Downhole",,,"Vs","246.5","m/s","m","m/s",
"225","114","107","LAFP","-118.2167","33.8595","Downhole",,,"Vp","0",,"m","m/s",
"226","115","107","CMAS","-118.2387","33.8889","Downhole",,,"Vs","335","m/s","m","m/s",
"227","115","107","CMAP","-118.2387","33.8889","Downhole",,,"Vp","0",,"m","m/s",
"228","116","107","CMCS","-118.2245","33.8928","Downhole",,,"Vs","273.8","m/s","m","m/s",
"229","116","107","CMCP","-118.2245","33.8928","Downhole",,,"Vp","0",,"m","m/s",
"230","117","107","HOIS","-118.4726","34.2142","Downhole",,,"Vs","363.5","m/s","m","m/s",
"231","117","107","HOIP","-118.4726","34.2142","Downhole",,,"Vp","0",,"m","m/s",
"232","118","107","VEHS","-118.1195","33.777","Downhole",,,"Vs","366.3","m/s","m","m/s",
"233","118","107","VEHP","-118.1195","33.777","Downhole",,,"Vp","0",,"m","m/s",
"234","119","107","NPBS","-117.9576","33.6331","Downhole",,,"Vs","205.7","m/s","m","m/s",
"235","119","107","NPBP","-117.9576","33.6331","Downhole",,,"Vp","0",,"m","m/s",
"236","120","107","KASS","-117.8259","33.825","Downhole",,,"Vs","618.8","m/s","m","m/s",
"237","120","107","KASP","-117.8259","33.825","Downhole",,,"Vp","0",,"m","m/s",
"238","121","107","SJHS","-117.9264","33.8964","Downhole",,,"Vs","354.4","m/s","m","m/s",
"239","121","107","SJHP","-117.9264","33.8964","Downhole",,,"Vp","0",,"m","m/s",
"240","122","107","RWHS","-117.8901","33.9889","Downhole",,,"Vs","335.4","m/s","m","m/s",
"241","122","107","RWHP","-117.8901","33.9889","Downhole",,,"Vp","0",,"m","m/s",
"242","123","107","EMCS","-118.0303","34.0711","Downhole",,,"Vs","289.8","m/s","m","m/s",
"243","123","107","EMCP","-118.0303","34.0711","Downhole",,,"Vp","0",,"m","m/s",
"244","124","107","VRPS","-118.2312","34.1703","Downhole",,,"Vs","474.1","m/s","m","m/s",
"245","124","107","VRPP","-118.2312","34.1703","Downhole",,,"Vp","0",,"m","m/s",
"246","125","107","TWCS","-118.4134","34.0503","Downhole",,,"Vs","365.9","m/s","m","m/s",
"247","125","107","TWCP","-118.4134","34.0503","Downhole",,,"Vp","0",,"m","m/s",
"248","126","107","UVNS","-118.492","34.3139","Downhole",,,"Vs","285.3","m/s","m","m/s",
"249","126","107","UVNP","-118.492","34.3139","Downhole",,,"Vp","0",,"m","m/s",
"250","127","107","PMHS","-118.384","34.2828","Downhole",,,"Vs","301.9","m/s","m","m/s",
"251","127","107","PMHP","-118.384","34.2828","Downhole",,,"Vp","0",,"m","m/s",
"252","128","107","SHSS","-118.4401","34.3097","Downhole",,,"Vs","397.7","m/s","m","m/s",
"253","128","107","SHSP","-118.4401","34.3097","Downhole",,,"Vp","0",,"m","m/s",
"254","129","107","MHPS","-118.4651","34.2578","Downhole",,,"Vs","430.6","m/s","m","m/s",
"255","129","107","MHPP","-118.4651","34.2578","Downhole",,,"Vp","0",,"m","m/s",
"256","130","107","ETSS","-118.5959","34.1942","Downhole",,,"Vs","249.5","m/s","m","m/s",
"257","130","107","ETSP","-118.5959","34.1942","Downhole",,,"Vp","0",,"m","m/s",
"258","131","107","CMRS","-119.0365","34.185","Downhole",,,"Vs","249.7","m/s","m","m/s",
"259","131","107","CMRP","-119.0365","34.185","Downhole",,,"Vp","0",,"m","m/s",
"260","132","107","PAMS","-119.114","34.1131","Downhole",,,"Vs","218.6","m/s","m","m/s",
"261","132","107","PAMP","-119.114","34.1131","Downhole",,,"Vp","0",,"m","m/s",
"262","133","107","VCAS","-119.1993","34.2003","Downhole",,,"Vs","221.1","m/s","m","m/s",
"263","133","107","VCAP","-119.1993","34.2003","Downhole",,,"Vp","0",,"m","m/s",
"264","134","107","MABS","-119.2495","34.2039","Downhole",,,"Vs","251","m/s","m","m/s",
"265","134","107","MABP","-119.2495","34.2039","Downhole",,,"Vp","0",,"m","m/s",
"266","135","107","VCGS","-122.4744","37.6949","Downhole",,,"Vs","252.3","m/s","m","m/s",
"267","135","107","VCGP","-122.4744","37.6949","Downhole",,,"Vp","0",,"m","m/s",
"268","136","107","BSAS","-119.2543","34.2808","Downhole",,,"Vs","288.3","m/s","m","m/s",
"269","136","107","BSAP","-119.2543","34.2808","Downhole",,,"Vp","0",,"m","m/s",
"270","137","125","CS2S","-119.0387","34.1639","Downhole",,,"Vs","324","m/s","m","m/s",
"271","137","125","CS2P","-119.0387","34.1639","Downhole",,,"Vp","0",,"m","m/s",
"272","138","125","MDRS","-118.4567","33.9739","Downhole",,,"Vs","220.5","m/s","m","m/s",
"273","138","125","MDRP","-118.4567","33.9739","Downhole",,,"Vp","0",,"m","m/s",
"274","139","125","WMIS","-118.0128","33.752","Downhole",,,"Vs","229.9","m/s","m","m/s",
"275","139","125","WMIP","-118.0128","33.752","Downhole",,,"Vp","0",,"m","m/s",
"276","140","125","BFSS","-118.3051","34.1806","Downhole",,,"Vs","426.4","m/s","m","m/s",
"277","140","125","BFSP","-118.3051","34.1806","Downhole",,,"Vp","0",,"m","m/s",
"278","141","125","SMIS","-117.8926","33.6208","Downhole",,,"Vs","264.7","m/s","m","m/s",
"279","141","125","SMIP","-117.8926","33.6208","Downhole",,,"Vp","0",,"m","m/s",
"280","142","125","CYCS","-118.0231","33.8281","Downhole",,,"Vs","230","m/s","m","m/s",
"281","142","125","CYCP","-118.0231","33.8281","Downhole",,,"Vp","0",,"m","m/s",
"282","143","125","VPRS","-119.2909","34.2897","Downhole",,,"Vs","392.2","m/s","m","m/s",
"283","143","125","VPRP","-119.2909","34.2897","Downhole",,,"Vp","0",,"m","m/s",
"284","144","125","SLSS","-119.1882","34.2258","Downhole",,,"Vs","266.8","m/s","m","m/s",
"285","144","125","SLSP","-119.1882","34.2258","Downhole",,,"Vp","0",,"m","m/s",
"286","145","125","SMSS","-119.1857","34.1769","Downhole",,,"Vs","216.4","m/s","m","m/s",
"287","145","125","SMSP","-119.1857","34.1769","Downhole",,,"Vp","0",,"m","m/s",
"288","146","125","AVPS","-118.3795","33.8295","Downhole",,,"Vs","371.9","m/s","m","m/s",
"289","146","125","AVSP","-118.3795","33.8295","Downhole",,,"Vp","0",,"m","m/s",
"290","147","125","SBWS","-118.0859","33.7456","Downhole",,,"Vs","246.3","m/s","m","m/s",
"291","147","125","SBWP","-118.0859","33.7456","Downhole",,,"Vp","0",,"m","m/s",
"292","148","125","RWTS","-117.8167","33.9867","Downhole",,,"Vs","378.1","m/s","m","m/s",
"293","148","125","RWTP","-117.8167","33.9867","Downhole",,,"Vp","0",,"m","m/s",
"294","149","125","DMBS","-117.8195","33.982","Downhole",,,"Vs","441.3","m/s","m","m/s",
"295","149","125","DMBP","-117.8195","33.982","Downhole",,,"Vp","0",,"m","m/s",
"296","150","125","SKTS","-118.4051","34.2914","Downhole",,,"Vs","680.3","m/s","m","m/s",
"297","150","125","SKTP","-118.4051","34.2914","Downhole",,,"Vp","0",,"m","m/s",
"298","151","125","SYNS","-118.432","34.318","Downhole",,,"Vs","431.3","m/s","m","m/s",
"299","151","125","SYNP","-118.432","34.318","Downhole",,,"Vp","0",,"m","m/s",
"300","152","125","HHOS","-118.4523","34.3303","Downhole",,,"Vs","499.4","m/s","m","m/s",
"301","152","125","HHOP","-118.4523","34.3303","Downhole",,,"Vp","0",,"m","m/s",
"302","153","125","CHNS","-118.5341","34.1618","Downhole",,,"Vs","379.9","m/s","m","m/s",
"303","153","125","CHNP","-118.5341","34.1618","Downhole",,,"Vp","0",,"m","m/s",
"304","154","125","CSNS","-118.5234","34.2394","Downhole",,,"Vs","341.3","m/s","m","m/s",
"305","154","125","CSNP","-118.5234","34.2394","Downhole",,,"Vp","0",,"m","m/s",
"306","155","125","SYPS","-118.4479","34.3094","Downhole",,,"Vs","431.3","m/s","m","m/s",
"307","155","125","SYPP","-118.4479","34.3094","Downhole",,,"Vp","0",,"m","m/s",
"308","155","125",,"-118.4479","34.3094","Downhole",,,,"0",,,,
"309","156","124","GWTS","-121.5733","36.9736","Downhole",,,"Vs","1428.1","m/s","m","m/s",
"310","156","124","GWTP","-121.5733","36.9736","Downhole",,,"Vp","0",,"m","m/s",
"311","157","124","MTMS","-121.5549","36.9813","Downhole",,,"Vs","312.5","m/s","m","m/s",
"312","157","124","MTMP","-121.5549","36.9813","Downhole",,,"Vp","0",,"m","m/s",
"313","158","124","GSTS","-121.5374","36.9861","Downhole",,,"Vs","309.3","m/s","m","m/s",
"314","158","124","GSTP","-121.5374","36.9861","Downhole",,,"Vp","0",,"m","m/s",
"315","159","124","SISS","-121.5228","37.0001","Downhole",,,"Vp","0",,"m","m/s",
"316","159","124","SISP","-121.5228","37.0001","Downhole",,,"Vp","0",,"m","m/s",
"317","160","124","CARS","-121.4863","37.0266","Downhole",,,"Vs","663.3","m/s","m","m/s",
"318","160","124","CARP","-121.4863","37.0266","Downhole",,,"Vp","0",,"m","m/s",
"319","161","124","CCGS","-120.3288","35.6964","Downhole",,,"Vs","276.1","m/s","m","m/s",
"320","161","124","CCGP","-120.3288","35.6964","Downhole",,,"Vp","0",,"m","m/s",
"321","162","124","SPSS","-120.3593","35.6708","Downhole",,,"Vs","256.8","m/s","m","m/s",
"322","162","124","SPSP","-120.3593","35.6708","Downhole",,,"Vp","0",,"m","m/s",
"323","163","124","SVVS","-120.4038","35.6486","Downhole",,,"Vs","408.9","m/s","m","m/s",
"324","163","124","SVVP","-120.4038","35.6486","Downhole",,,"Vp","0",,"m","m/s",
"325","164","124","TE2S","-120.1724","35.708","Downhole",,,"Vs","527.9","m/s","m","m/s",
"326","164","124","TE2P","-120.1724","35.708","Downhole",,,"Vp","0",,"m","m/s",
"327","165","124","LISS","-119.4571","35.1489","Downhole",,,"Vs","423.9","m/s","m","m/s",
"328","165","124","LISP","-119.4571","35.1489","Downhole",,,"Vp","0",,"m","m/s",
"329","166","123","ALHS","-118.1509","34.0875","Downhole",,,"Vs","421.2","m/s","m","m/s",
"330","166","123","ALHP","-118.1509","34.0875","Downhole",,,"Vp","0",,"m","m/s",
"331","167","123","VERS","-118.1931","33.9967","Downhole",,,"Vs","297.1","m/s","m","m/s",
"332","167","123","VERP","-118.1931","33.9967","Downhole",,,"Vp","0",,"m","m/s",
"333","168","123","LAOS","-118.2512","34.0517","Downhole",,,"Vs","333.5","m/s","m","m/s",
"334","168","123","LAOP","-118.2512","34.0517","Downhole",,,"Vp","0",,"m","m/s",
"335","169","123","LAHS","-118.2501","34.0503","Downhole",,,"Vs","422.6","m/s","m","m/s",
"336","169","123","LAHP","-118.2501","34.0503","Downhole",,,"Vp","0",,"m","m/s",
"337","170","123","HSTS","-118.3384","34.087","Downhole",,,"Vs","317.1","m/s","m","m/s",
"338","170","123","HSTP","-118.3384","34.087","Downhole",,,"Vp","0",,"m","m/s",
"339","171","123","SMWS","-118.4787","34.0364","Downhole",,,"Vs","431.9","m/s","m","m/s",
"340","171","123","SMWP","-118.4787","34.0364","Downhole",,,"Vp","0",,"m","m/s",
"341","172","123","TACS","-118.382","33.9567","Downhole",,,"Vs","420.8","m/s","m","m/s",
"342","172","123","TACP","-118.382","33.9567","Downhole",,,"Vp","0",,"m","m/s",
"343","173","123","HYPS","-118.4323","33.9264","Downhole",,,"Vs","318.4","m/s","m","m/s",
"344","173","123","HYPP","-118.4323","33.9264","Downhole",,,"Vp","0",,"m","m/s",
"345","174","123","DSPS","-118.5315","34.2553","Downhole",,,"Vs","378.5","m/s","m","m/s",
"346","174","123","DSPP","-118.5315","34.2553","Downhole",,,"Vp","0",,"m","m/s",
"347","175","123","OLV1S","-118.4484","34.3245","Downhole",,,"Vs","405.9","m/s","m","m/s",
"348","175","123","OLV1P","-118.4484","34.3245","Downhole",,,"Vp","0",,"m","m/s",
"349","176","123","MHJS","-118.507","34.1925","Downhole",,,"Vs","289","m/s","m","m/s",
"350","176","123","MHJP","-118.507","34.1925","Downhole",,,"Vp","0",,"m","m/s",
"351","177","123","CASS","-118.6073","34.5161","Downhole",,,"Vs","338.5","m/s","m","m/s",
"352","177","123","CASP","-118.6073","34.5161","Downhole",,,"Vp","0",,"m","m/s",
"353","178","123","CAMS","-118.4813","34.6512","Downhole",,,"Vs","346.5","m/s","m","m/s",
"354","178","123","CAMP","-118.4813","34.6512","Downhole",,,"Vp","0",,"m","m/s",
"355","179","123","RDLS","-118.1042","34.7639","Downhole",,,"Vs","277","m/s","m","m/s",
"356","179","123","RDLP","-118.1042","34.7639","Downhole",,,"Vp","0",,"m","m/s",
"357","180","123","LHGS","-118.4305","34.674","Downhole",,,"Vs","425.3","m/s","m","m/s",
"358","180","123","LHGP","-118.4305","34.674","Downhole",,,"Vp","0",,"m","m/s",
"359","181","123","LEVS","-118.2773","34.6147","Downhole",,,"Vs","327.4","m/s","m","m/s",
"360","181","123","LEVP","-118.2773","34.6147","Downhole",,,"Vp","0",,"m","m/s",
"361","182","123","LLNS","-117.8089","34.5286","Downhole",,,"Vs","478.1","m/s","m","m/s",
"362","182","123","LLNP","-117.8089","34.5286","Downhole",,,"Vp","0",,"m","m/s",
"363","183","123","LLSS","-117.8173","34.5128","Downhole",,,"Vs","513.1","m/s","m","m/s",
"364","183","123","LLSP","-117.8173","34.5128","Downhole",,,"Vp","0",,"m","m/s",
"365","184","123","LRPS","-117.9915","34.5215","Downhole",,,"Vs","0",,"m","m/s",
"366","184","123","LRPP","-117.9915","34.5215","Downhole",,,"Vp","0",,"m","m/s",
"367","185","123","PBPS","-117.9226","34.5103","Downhole",,,"Vp","529.1","m/s","m","m/s",
"368","185","123","PBPP","-117.9226","34.5103","Downhole",,,"Vp","0",,"m","m/s",
"369","186","123","PHIS","-118.1345","34.5809","Downhole",,,"Vs","551.6","m/s","m","m/s",
"370","186","123","PHIP","-118.1345","34.5809","Downhole",,,"Vp","0",,"m","m/s",
"371","187","123","PFSS","-118.1134","34.5781","Downhole",,,"Vs","452.9","m/s","m","m/s",
"372","187","123","PFSP","-118.1134","34.5781","Downhole",,,"Vp","0",,"m","ft/s",
"373","188","46","BOCS","-115.3388","32.693","Downhole",,,"Vs","223","m/s","m","m/s",
"374","188","46","BOCP","-115.3388","32.693","Downhole",,,"Vp","0",,"m","m/s",
"375","189","46","CXFSS","-115.4928","32.6691","Downhole",,,"Vs","231.2","m/s","m","m/s",
"376","189","46","CXFSP","-115.4928","32.6691","Downhole",,,"Vp","0",,"m","m/s",
"377","190","46","HPOS","-115.3778","32.812","Downhole",,,"Vs","202.9","m/s","m","m/s",
"378","190","46","HPOP","-115.3778","32.812","Downhole",,,"Vp","0",,"m","m/s",
"379","191","46","EC2S","-115.3668","32.916","Downhole",,,"Vs","188.8","m/s","m","m/s",
"380","191","46","EC2P","-115.3668","32.916","Downhole",,,"Vp","0",,"m","m/s",
"381","192","46","EC3S","-115.3808","32.894","Downhole",,,"Vs","162.9","m/s","m","m/s",
"382","192","46","EC3P","-115.3808","32.894","Downhole",,,"Vp","0",,"m","m/s",
"383","193","46","EC4S","-115.4328","32.864","Downhole",,,"Vs","208.9","m/s","m","m/s",
"384","193","46","EC4P","-115.4328","32.864","Downhole",,,"Vp","0",,"m","m/s",
"385","194","46","EC5S","-115.4668","32.855","Downhole",,,"Vs","205.6","m/s","m","m/s",
"386","194","46","EC5P","-115.4668","32.855","Downhole",,,"Vp","0",,"m","m/s",
"387","195","46","EC6S","-115.4878","32.8391","Downhole",,,"Vs","0",,"m","m/s",
"388","195","46","EC6P","-115.4878","32.8391","Downhole",,,"Vp","0",,"m","m/s",
"389","196","46","EC7S","-115.5048","32.8291","Downhole",,,"Vs","210.5","m/s","m","m/s",
"390","196","46","EC7P","-115.5048","32.8291","Downhole",,,"Vp","0",,"m","m/s",
"391","197","46","EC8S","-115.5328","32.8111","Downhole",,,"Vs","206.1","m/s","m","m/s",
"392","197","46","EC8P","-115.5328","32.8111","Downhole",,,"Vp","0",,"m","m/s",
"393","198","46","EC9S","-115.5498","32.7941","Downhole",,,"Vs","213.4","m/s","m","m/s",
"394","198","46","EC9P","-115.5498","32.7941","Downhole",,,"Vp","0",,"m","m/s",
"395","199","46","EC10S","-115.5678","32.7801","Downhole",,,"Vp","202.8","m/s","m","m/s",
"396","199","46","EC10P","-115.5678","32.7801","Downhole",,,"Vp","0",,"m","m/s",
"397","200","46","EC11S","-115.5948","32.7521","Downhole",,,"Vs","196.2","m/s","m","m/s",
"398","200","46","EC11P","-115.5948","32.7521","Downhole",,,"Vp","0",,"m","m/s",
"399","201","46","EC12S","-115.6378","32.7181","Downhole",,,"Vs","208.5","m/s","m","m/s",
"400","201","46","EC12P","-115.6378","32.7181","Downhole",,,"Vp","0",,"m","m/s",
"401","202","46","EC13S","-115.6838","32.7091","Downhole",,,"Vs","249.9","m/s","m","m/s",
"402","202","46","EC13P","-115.6838","32.7091","Downhole",,,"Vp","0",,"m","m/s",
"403","203","46","ECDAS","-115.5358","32.7961","Downhole",,,"Vs","202.3","m/s","m","m/s",
"404","203","46","ECDAP","-115.5358","32.7961","Downhole",,,"Vp","0",,"m","m/s",
"405","204","46","ICSS","-115.5648","32.7931","Downhole",,,"Vs","192.1","m/s","m","m/s",
"406","204","46","ICSP","-115.5648","32.7931","Downhole",,,"Vp","0",,"m","m/s",
"407","205","46","BRAS","-115.5098","32.988","Downhole",,,"Vs","208.7","m/s","m","m/s",
"408","205","46","BRAP","-115.5098","32.988","Downhole",,,"Vp","0",,"m","m/s",
"409","206","46","WFSS","-115.6238","33.0371","Downhole",,,"Vs","193.7","m/s","m","m/s",
"410","206","46","WFSP","-115.6238","33.0371","Downhole",,,"Vp","0",,"m","m/s",
"411","207","46","PTSS","-115.7008","32.9301","Downhole",,,"Vs","359.5","m/s","m","m/s",
"412","207","46","PTSP","-115.7008","32.9301","Downhole",,,"Vp","0",,"m","m/s",
"413","208","46","CPFSS","-115.5208","33.13","Downhole",,,"Vs","198.5","m/s","m","m/s",
"414","208","46","CPFSP","-115.5208","33.13","Downhole",,,"Vp","0",,"m","m/s",
"415","209","46","SSWRS","-115.6208","33.18","Downhole",,,"Vs","167.4","m/s","m","m/s",
"416","209","46","SSWRP","-115.6208","33.18","Downhole",,,"Vp","0",,"m","m/s",
"417","210","122","WHRS","-118.9921","35.0265","Downhole",,,"Vs","347.7","m/s","m","m/s",
"418","210","122","WHRP","-118.9921","35.0265","Downhole",,,"Vp","0",,"m","m/s",
"419","211","122","EPPS","-118.8253","34.9421","Downhole",,,"Vs","669.5","m/s","m","m/s",
"420","211","122","EPPP","-118.8253","34.9421","Downhole",,,"Vp","0",,"m","m/s",
"421","212","122","FTJS","-118.8993","34.8711","Downhole",,,"Vs","398","m/s","m","m/s",
"422","212","122","FTJP","-118.8993","34.8711","Downhole",,,"Vp","0",,"m","m/s",
"423","213","122","OPPS","-118.722","34.8108","Downhole",,,"Vs","308.3","m/s","m","m/s",
"424","213","122","OPPP","-118.722","34.8108","Downhole",,,"Vp","0",,"m","m/s",
"425","214","122","CORS","-118.4909","34.5561","Downhole",,,"Vs","450.3","m/s","m","m/s",
"426","214","122","CORP","-118.4909","34.5561","Downhole",,,"Vp","0",,"m","m/s",
"427","215","122","ELFS","-118.5606","34.5708","Downhole",,,"Vs","602.1","m/s","m","m/s",
"428","215","122","ELFP","-118.5606","34.5708","Downhole",,,"Vp","0",,"m","m/s",
"429","216","122","WSCS","-118.5593","34.6083","Downhole",,,"Vs","862.1","m/s","m","m/s",
"430","216","122","WSCP","-118.5593","34.6083","Downhole",,,"Vp","0",,"m","m/s",
"431","217","122","WWDS","-117.6336","34.3611","Downhole",,,"Vs","486","m/s","m","m/s",
"432","217","122","WWDP","-117.6336","34.3611","Downhole",,,"Vp","0",,"m","m/s",
"433","218","122","ALRS","-117.3353","34.2772","Downhole",,,"Vs","813.5","m/s","m","m/s",
"434","218","122","ALRP","-117.3353","34.2772","Downhole",,,"Vp","0",,"m","m/s",
"435","219","122","CSPS","-117.3163","34.3082","Downhole",,,"Vs","477.2","m/s","m","m/s",
"436","219","122","CSPP","-117.3163","34.3082","Downhole",,,"Vp","0",,"m","m/s",
"437","220","122","CSCS","-117.3139","34.0597","Downhole",,,"Vs","302","m/s","m","m/s",
"438","220","122","CSCP","-117.3139","34.0597","Downhole",,,"Vp","0",,"m","m/s",
"439","221","122","CTAS","-118.1226","34.136","Downhole",,,"Vs","415.1","m/s","m","m/s",
"440","221","122","CTAP","-118.1226","34.136","Downhole",,,"Vp","0",,"m","m/s",
"441","222","122","CSLS","-118.172","34.1475","Downhole",,,"Vs","969.1","m/s","m","m/s",
"442","222","122","CSLP","-118.172","34.1475","Downhole",,,"Vp","0",,"m","m/s",
"443","223","122","GFPS","-118.2998","34.1203","Downhole",,,"Vs","805.9","m/s","m","m/s",
"444","223","122","GFPP","-118.2998","34.1203","Downhole",,,"Vp","0",,"m","m/s",
"445","224","122","PAVS","-118.3887","33.8003","Downhole",,,"Vs","280.6","m/s","m","m/s",
"446","224","122","PAVP","-118.3887","33.8003","Downhole",,,"Vp","0",,"m","m/s",
"447","225","122","SBAS","-119.7012","34.4246","Downhole",,,"Vs","515","m/s","m","m/s",
"448","225","122","SBAP","-119.7012","34.4246","Downhole",,,"Vp","0",,"m","m/s",
"449","226","114","GVDS","-116.6739","33.6688","Downhole",,,"Vs","281.5","m/s","m","m/s",
"450","226","114","GVDP","-116.6739","33.6688","Downhole",,,"Vp","0",,"m","m/s",
"451","227","111","JCKS","-120.206","35.715","Downhole",,,"Vs","521.8","m/s","m","m/s",
"452","227","111","JCKP","-120.206","35.715","Downhole",,,"Vp","0",,"m","m/s",
"453","228","111","REDS","-120.256","35.625","Downhole",,,"Vs","339.9","m/s","m","m/s",
"454","228","111","REDP","-120.256","35.625","Downhole",,,"Vp","0",,"m","m/s",
"455","229","111","STMS","-120.5777","35.9733","Downhole",,,"Vs","393.6","m/s","m","m/s",
"456","229","111","STMP","-120.5777","35.9733","Downhole",,,"Vp","0",,"m","m/s",
"457","230","111","VYCS","-120.5343","35.9216","Downhole",,,"Vs","297.2","m/s","m","m/s",
"458","230","111","VYCP","-120.5343","35.9216","Downhole",,,"Vp","0",,"m","m/s",
"459","231","101","ANSS","-122.3081","37.7864","Downhole",,,"Vs","190","m/s","m","m/s",
"460","231","101","ANSP","-122.3081","37.7864","Downhole",,,"Vp","0",,"m","m/s",
"461","232","101","GIL2ES","-121.5563","36.9815","Downhole",,,"Vs","275.7","m/s","m","m/s",
"462","232","101","GIL2EP","-121.5563","36.9815","Downhole",,,"Vp","0",,"m","m/s",
"463","233","101","GIL2US","-121.5559","36.9817","Downhole",,,"Vs","296.8","m/s","m","m/s",
"464","233","101","GIL2UP","-121.5559","36.9817","Downhole",,,"Vp","0",,"m","m/s",
"465","234","101","OHWS","-122.3188","37.8125","Downhole",,,"Vs","248.6","m/s","m","m/s",
"466","234","101","OHWP","-122.3188","37.8125","Downhole",,,"Vp","0",,"m","m/s",
"467","235","101","SFOS","-122.3992","37.622","Downhole",,,"Vs","224.7","m/s","m","m/s",
"468","235","101","SFOP","-122.3992","37.622","Downhole",,,"Vp","0",,"m","m/s",
"469","236","101","TRIS","-122.374","37.8255","Downhole",,,"Vs","172.1","m/s","m","m/s",
"470","236","101","TRIP","-122.374","37.8255","Downhole",,,"Vp","0",,"m","m/s",
"471","237","101","VAHS","-122.1413","37.4041","Downhole",,,"Vs","352.1","m/s","m","m/s",
"472","237","101","VAHP","-122.1413","37.4041","Downhole",,,"Vp","0",,"m","m/s",
"473","238","101","YBS","-122.362","37.8088","Downhole",,,"Vs","572.4","m/s","m","m/s",
"474","238","101","YBP","-122.362","37.8088","Downhole",,,"Vp","0",,"m","m/s",
"475","239","103","AP1S","-122.2321","37.5461","Downhole",,,"Vs","113","m/s","m","m/s",
"476","239","103","AP1P","-122.2321","37.5461","Downhole",,,"Vp","0",,"m","m/s",
"477","240","103","AP2S","-122.2554","37.5288","Downhole",,,"Vs","133.1","m/s","m","m/s",
"478","240","103","AP2P","-122.2554","37.5288","Downhole",,,"Vp","0",,"m","m/s",
"479","241","103","CRLS","-121.8051","37.0461","Downhole",,,"Vs","462.2","m/s","m","m/s",
"480","241","103","CRLP","-121.8051","37.0461","Downhole",,,"Vp","0",,"m","m/s",
"481","242","103","GL7S","-121.4349","37.0326","Downhole",,,"Vs","333.9","m/s","m","m/s",
"482","242","103","GL7P","-121.4349","37.0326","Downhole",,,"Vp","0",,"m","m/s",
"483","243","103","PA2S","-122.1133","37.4535","Downhole",,,"Vs","207.4","m/s","m","m/s",
"484","243","103","PA2P","-122.1133","37.4535","Downhole",,,"Vp","0",,"m","m/s",
"485","244","103","PGCS","-122.4591","37.7911","Downhole",,,"Vs","594.5","m/s","m","m/s",
"486","244","103","PGCP","-122.4591","37.7911","Downhole",,,"Vp","0",,"m","m/s",
"487","245","103","SPKS","-122.264","37.8064","Downhole",,,"Vp","316.8","m/s","m","m/s",
"488","245","103","SPKP","-122.264","37.8064","Downhole",,,"Vp","0",,"m","m/s",
"489","246","103","WDSS","-122.2564","37.4286","Downhole",,,"Vs","454","m/s","m","m/s",
"490","246","103","WDSP","-122.2564","37.4286","Downhole",,,"Vp","0",,"m","m/s",
"491","247","102","SLACS","-122.2019","37.4195","Downhole",,,"Vs","425.3","m/s","m","m/s",
"492","247","102","SLACP","-122.2019","37.4195","Downhole",,,"Vp","0",,"m","m/s",
"493","248","102","BPBS","-122.2478","37.5557","Downhole",,,"Vs","126.4","m/s","m","m/s",
"494","248","102","BPBP","-122.2478","37.5557","Downhole",,,"Vp","0",,"m","m/s",
"495","249","102","SCAS","-122.0259","37.4028","Downhole",,,"Vs","267.7","m/s","m","m/s",
"496","249","102","SCAP","-122.0259","37.4028","Downhole",,,"Vp","0",,"m","m/s",
"497","250","102","HCHS","-122.0822","37.6809","Downhole",,,"Vs","735.4","m/s","m","m/s",
"498","250","102","HCHP","-122.0822","37.6809","Downhole",,,"Vp","0",,"m","m/s",
"499","251","102","LFYS","-122.5116","37.9447","Downhole",,,"Vs","169.7","m/s","m","m/s",
"500","251","102","LFYP","-122.5116","37.9447","Downhole",,,"Vp","0",,"m","m/s",
"501","252","102","PPPS","-122.2965","37.8409","Downhole",,,"Vs","198.7","m/s","m","m/s",
"502","252","102","PPPP","-122.2965","37.8409","Downhole",,,"Vp","0",,"m","m/s",
"503","253","102","FMTS","-121.9311","37.5353","Downhole",,,"Vs","284.8","m/s","m","m/s",
"504","253","102","FMTP","-121.9311","37.5353","Downhole",,,"Vp","0",,"m","m/s",
"505","254","113","SFSS","-121.8813","37.5968","Downhole",,,"Vs","400.6","m/s","m","m/s",
"506","254","113","SFSP","-121.8813","37.5968","Downhole",,,"Vp","0",,"m","m/s",
"507","255","113","ANDS","-121.6325","37.164","Downhole",,,"Vs","488.8","m/s","m","m/s",
"508","255","113","ANDP","-121.6325","37.164","Downhole",,,"Vp","0",,"m","m/s",
"509","256","113","CVRS","-121.8078","37.4529","Downhole",,,"Vs","477.9","m/s","m","m/s",
"510","256","113","CVRP","-121.8078","37.4529","Downhole",,,"Vp","0",,"m","m/s",
"511","257","113","WMRS","-121.2502","36.6644","Downhole",,,"Vs","331.2","m/s","m","m/s",
"512","257","113","WMRP","-121.2502","36.6644","Downhole",,,"Vp","0",,"m","m/s",
"513","258","113","CALS","-121.1965","36.6731","Downhole",,,"Vs","391","m/s","m","m/s",
"514","258","113","CALP","-121.1965","36.6731","Downhole",,,"Vp","0",,"m","m/s",
"515","259","113","WEBS","-121.1447","36.5313","Downhole",,,"Vs","304.1","m/s","m","m/s",
"516","259","113","WEBP","-121.1447","36.5313","Downhole",,,"Vp","0",,"m","m/s",
"517","260","113","APTS","-121.4121","36.8892","Downhole",,,"Vs","215.5","m/s","m","m/s",
"518","260","113","APTP","-121.4121","36.8892","Downhole",,,"Vp","0",,"m","m/s",
"519","261","100","LVIS","-122.4001","37.8019","Downhole",,,"Vs","197","m/s","m","m/s",
"520","261","100","LVIP","-122.4001","37.8019","Downhole",,,"Vp","0",,"m","m/s",
"521","262","100","EMBS","-122.3952","37.7956","Downhole",,,"Vs","168.5","m/s","m","m/s",
"522","262","100","EMBP","-122.3952","37.7956","Downhole",,,"Vp","0",,"m","m/s",
"523","263","100","BCSS","-122.4066","37.7771","Downhole",,,"Vs","172.4","m/s","m","m/s",
"524","263","100","BCSP","-122.4066","37.7771","Downhole",,,"Vp","0",,"m","m/s",
"525","264","108","RINS","-118.478","34.281","Downhole",,,"Vs","332.8","m/s","m","m/s",
"526","264","108","RINP","-118.478","34.281","Downhole",,,"Vp","0",,"m","m/s",
"527","265","108","WOCS","-118.518","34.2081","Downhole",,,"Vs","280.9","m/s","m","m/s",
"528","265","108","WOCP","-118.518","34.2081","Downhole",,,"Vp","0",,"m","m/s",
"529","266","108","SOPS","-118.4403","34.1607","Downhole",,,"Vs","301.6","m/s","m","m/s",
"530","266","108","SOPP","-118.4403","34.1607","Downhole",,,"Vp","0",,"m","m/s",
"531","267","108","SVAS","-118.4781","34.249","Downhole",,,"Vs","365","m/s","m","m/s",
"532","267","108","SVAP","-118.4781","34.249","Downhole",,,"Vp","0",,"m","m/s",
"533","268","108","SCWS","-118.4902","34.3117","Downhole",,,"Vs","251.2","m/s","m","m/s",
"534","268","108","SCWP","-118.4902","34.3117","Downhole",,,"Vp","0",,"m","m/s",
"535","269","108","SOWS","-118.4316","34.1543","Downhole",,,"Vs","257.6","m/s","m","m/s",
"536","269","108","SOWP","-118.4316","34.1543","Downhole",,,"Vp","0",,"m","m/s",
"537","270","108","LADS","-118.4848","34.2931","Downhole",,,"Vs","629","m/s","m","m/s",
"538","270","108","LADP","-118.4848","34.2931","Downhole",,,"Vp","0",,"m","m/s",
"539","271","108","KESS","-118.6673","34.2633","Downhole",,,"Vs","557.4","m/s","m","m/s",
"540","271","108","KESP","-118.6673","34.2633","Downhole",,,"Vp","0",,"m","m/s",
"541","272","108","ELCS","-118.606","34.2117","Downhole",,,"Vs","267.5","m/s","m","m/s",
"542","272","108","ELCP","-118.606","34.2117","Downhole",,,"Vp","0",,"m","m/s",
"543","273","108","OVH2S","-118.4451","34.3281","Downhole",,,"Vs","440.5","m/s","m","m/s",
"544","273","108","OVH2P","-118.4451","34.3281","Downhole",,,"Vp","0",,"m","m/s",
"545","274","108","JMBS","-118.4966","34.3111","Downhole",,,"Vs","373.1","m/s","m","m/s",
"546","274","108","JMBP","-118.4966","34.3111","Downhole",,,"Vp","0",,"m","m/s",
"547","275","108","JGBS","-118.4992","34.313","Downhole",,,"Vs","525.8","m/s","m","m/s",
"548","275","108","JGBP","-118.4992","34.313","Downhole",,,"Vp","0",,"m","m/s",
"549","276","2","HLR3S","-122.1489","37.4781","Downhole",,,"Vs","234.2","m/s","m","m/s",
"550","276","2","HLR3P","-122.1489","37.4781","Downhole",,,"Vp","0",,"m","m/s",
"551","277","2","RP1S","-122.1371","37.5071","Downhole",,,"Vs","142.7","m/s","m","m/s",
"552","277","2","RP1P","-122.1371","37.5071","Downhole",,,"Vp","0",,"m","m/s",
"553","278","1","CE11023_S1","-115.5119","33.2389","AM/MASW",,,"Vs","0",,"m","m/s",
"554","279","1","CE11625_S1","-115.9879","33.5645","MASW/SASW",,,"Vs","0",,"m","m/s",
"555","280","1","CE11684_S1","-115.6571","33.3978","MASW/SASW",,,"Vs","0",,"m","m/s",
"556","280","1","CE11684_S2","-115.6571","33.3978","SASW",,,"Vs","0",,"m","m/s",
"557","280","1","CE11684_S3","-115.6571","33.3978","MASW",,,"Vs","0",,"m","m/s",
"558","281","1","CE12076_S1","-116.1806","33.6772","AM/MASW",,,"Vs","0",,"m","m/s",
"559","282","1","CE12108_S1","-116.4609","33.8169","AM/MASW",,,"Vs","0",,"m","m/s",
"560","283","1","CE12149_S1","-116.5093","33.9606","AM/MASW",,,"Vs","0",,"m","m/s",
"561","284","1","CE12952_S1","-116.3748","33.7571","AM/MASW",,,"Vs","0",,"m","m/s",
"562","285","1","CE13096_S1","-117.2669","33.6999","MASW",,,"Vs","0",,"m","m/s",
"563","286","1","CE13099_S1","-117.5927","33.8775","AM/MASW",,,"Vs","0",,"m","m/s",
"564","287","1","CE13100_S1","-117.6343","33.8753","AM/MASW",,,"Vs","0",,"m","m/s",
"565","288","1","CE13922_S1","-117.3327","33.6678","MALW",,,"Vs","0",,"m","m/s",
"566","288","1","CE13922_S2","-117.3327","33.6678","MALW",,,"Vs","0",,"m","m/s",
"567","289","1",,"-117.2059","33.6495","MALW",,,"Vs","0",,"m","m/s",
"568","290","1",,"-118.1346","33.7761","AM/MASW",,,"Vs","0",,"m","m/s",
"569","291","1",,"-117.2059","33.6495","AM/MASW",,,"Vs","0",,"m","m/s",
"570","292","1",,"-118.2","33.7704","AM/MASW",,,"Vs","0",,"m","m/s",
"571","293","1","CE23063_S1","-117.899","34.5028","AM/MASW",,,"Vs","0",,"m","m/s",
"572","293","1","CE23063_S2","-117.899","34.5028","AM/MASW",,,"Vs","0",,"m","m/s",
"573","293","1","CE23063_S3","-117.899","34.5028","AM/MASW",,,"Vs","0",,"m","m/s",
"574","294","1","CE23897_S1","-117.2543","34.1328","MASW",,,"Vs","0",,"m","m/s",
"575","295","1",,"-117.6482","34.4389","AM/MASW",,,"Vs","0",,"m","m/s",
"576","296","1",,"-118.1007","34.1044","AM/MASW/SASW",,,"Vs","0",,"m","m/s",
"577","297","1","CE24644_S1","-118.7248","34.7437","MASW",,,"Vs","0",,"m","m/s",
"578","297","1","CE24644_S2","-118.7248","34.7437","MASW",,,"Vs","0",,"m","m/s",
"579","298","1","CE24706_S1A","-118.1293","34.5486","AM/MASW",,,"Vs","0",,"m","m/s",
"580","298","1","CE24706_S1B","-118.1293","34.5486","AM/MASW",,,"Vs","0",,"m","m/s",
"581","298","1","CE24706_S2A","-118.1293","34.5486","AM/MASW",,,"Vs","0",,"m","m/s",
"582","298","1","CE24706_S2B","-118.1293","34.5486","AM/MASW",,,"Vs","0",,"m","m/s",
"583","299","1",,"-118.8829","34.8642","MASW",,,"Vs","0",,"m","m/s",
"584","300","1",,"-118.0285","34.5717","AM/MASW",,,"Vs","0",,"m","m/s",
"585","301","1",,"-118.1823","34.6048","AM/MASW",,,,"0",,,,
"586","302","1",,"-119.4806","38.5133","AM/MASW/SASW",,,,"0",,,,
"587","303","1","CIADO-S1","-117.434","34.5515","MASW",,,"Vs","0",,"m","m/s",
"588","304","1","CIALP-S1","-118.3","34.6867","MASW",,,"Vs","0",,"m","m/s",
"589","305","1","CIARV-ARV1-S1","-118.8305","35.1264","MASW",,,"Vs","0",,"m","m/s",
"590","305","1","CIARV-ARV1-S2","-118.8305","35.1264","MASW",,,"Vs","0",,"m","m/s",
"591","305","1","CIARV-ARV2-S1","-118.8305","35.1264","MASW",,,"Vs","0",,"m","m/s",
"592","306","1","CIBAK-S1","-119.1049","35.3433","AM/MASW/SASW",,,"Vs","0",,"m","m/s",
"593","307","1","CIBAR-S1","-116.6726","32.6795","MASW",,,"Vs","0",,"m","m/s",
"594","308","1","CIBBR-S1","-116.9214","34.2622","MASW",,,"Vs","0",,"m","m/s",
"595","309","1","CIBBS_S1","-116.9812","33.9205","AM/MASW",,,"Vs","0",,"m","m/s",
"596","310","1","CIBC3-S1-FM","-115.4537","33.6558","MASW",,,"Vs","0",,"m","m/s",
"597","310","1","CIBC3-S1-AM","-115.4537","33.6558","MASW",,,"Vs","0",,"m","m/s",
"598","311","1","CIBCW-S1","-119.4123","34.9395","MASW",,,"Vs","0",,"m","m/s",
"599","312","1","CIBEL_S1","-115.9978","33.9993","MASW",,,"Vs","0",,"m","m/s",
"600","313","1","CIBFS_S1","-117.6584","34.2383","MASW",,,"Vs","0",,"m","m/s",
"601","314","1","CIBHP_S1-N","-118.3614","33.9901","AM/MASW",,,"Vs","0",,"m","m/s",
"602","314","1","CIBHP_S1-S","-118.3614","33.9901","AM/MASW",,,"Vs","0",,"m","m/s",
"603","315","1","CIBLA_S1","-116.3903","34.0693","MASW",,,"Vs","0",,"m","m/s",
"604","316","1","CIBLY_S1-SE","-114.5239","33.7515","MASW",,,"Vs","0",,"m","m/s",
"605","316","1","CIBLY_S1-NW","-114.5239","33.7515","MASW",,,"Vs","0",,"m","m/s",
"606","317","1","CIBOM_S1","-115.7291","33.3649","MASW",,,"Vs","0",,"m","m/s",
"607","317","1","CIBOM_S2","-115.7291","33.3649","SASW",,,"Vs","0",,"m","m/s",
"608","317","1","CIBOM_S3","-115.7291","33.3649","SASW",,,"Vs","0",,"m","m/s",
"609","318","1","CIBOR_S1","-116.4161","33.2675","MASW",,,"Vs","0",,"m","m/s",
"610","319","1","CIBTP_S1","-118.5746","34.6826","MASW",,,"Vs","0",,"m","m/s",
"611","320","1","CICAC_S1","-118.1214","34.1361","AM/MASW",,,"Vs","0",,"m","m/s",
"612","321","1","CICAR_S1","-119.8467","35.3083","MASW",,,"Vs","0",,"m","m/s",
"613","322","1","CICBC_S1","-118.1279","34.1388","AM/MASW",,,"Vs","0",,"m","m/s",
"614","323","1","CICCC_S1","-117.3634","35.5251","MASW",,,"Vs","0",,"m","m/s",
"615","324","1",,"-117.802","36.5488","MASW",,,"Vs","0",,"m","m/s",
"616","325","1","CICHF_S1-AM","-118.0265","34.3327","MASW",,,"Vs","0",,"m","m/s",
"617","325","1","CICHF_S2-FM","-118.0265","34.3327","MASW",,,"Vs","0",,"m","m/s",
"618","325","1","CICHF_S2-AM","-118.0265","34.3327","MASW",,,"Vs","0",,"m","m/s",
"619","326","1","CICHN_S1","-117.6809","33.9978","AM/MASW",,,"Vs","0",,"m","m/s",
"620","327","1","CICIA_S1","-118.416","33.4028","MASW",,,"Vs","0",,"m","m/s",
"621","328","1","CICLC-S1","-117.596","35.8149","MASW",,,"Vs","0",,"m","m/s",
"622","328","1","CICLC-S2","-117.596","35.8149","S-wave Refraction",,,"Vs","0",,"m","m/s",
"623","329","1","CICRP_S1","-118.1289","34.136","AM/MASW",,,"Vs","0",,"m","m/s",
"624","330","1","CICTC_S1","-115.9892","33.6547","MASW",,,"Vs","0",,"m","m/s",
"625","331","1","CICTD_S1","-118.4446","33.3559","MASW/SASW",,,"Vs","0",,"m","m/s",
"626","332","1","CICWC_S1","-118.0811","36.439","MASW",,,"Vs","0",,"m","m/s",
"627","333","1","CIDAN_S1","-115.3809","34.6378","MASW/SASW",,,"Vs","0",,"m","m/s",
"628","334","1","CIDNR_S1","-116.6308","33.5671","MASW",,,"Vs","0",,"m","m/s",
"629","335","1","CIDPP_S1","-116.9407","32.9988","MALW",,,"Vs","0",,"m","m/s",
"630","336","1","CIDRE_S1","-115.4463","32.805","MASW",,,"Vs","0",,"m","m/s",
"631","337","1","CIDSC_S1","-116.1042","35.142","S-wave Refraction",,,"Vs","0",,"m","m/s",
"632","338","1","CIDVT_S1","-116.1002","32.659","MASW",,,"Vs","0",,"m","m/s",
"633","339","1","CIEDW2_S1","-117.9931","34.8822","MALW",,,"Vs","0",,"m","m/s",
"634","340","1","CIEML_S1","-116.847","32.8905","S-wave Refraction",,,"Vs","0",,"m","m/s",
"635","341","1","CIERR_S1","-115.8226","33.1161","SASW",,,"Vs","0",,"m","m/s",
"636","341","1","CIERR_S2","-115.8226","33.1161","MASW",,,"Vs","0",,"m","m/s",
"637","342","1","CIFHO_S1","-116.9372","34.0928","MASW",,,"Vs","0",,"m","m/s",
"638","343","1","CIFIG_S1","-119.9878","34.728","MALW",,,"Vs","0",,"m","m/s",
"639","344","1","CIFUR_S1","-116.8643","36.4671","MASW",,,"Vs","0",,"m","m/s",
"640","345","1","CIGATR_S1","-120.5019","34.5531","MASW",,,"Vs","0",,"m","m/s",
"641","345","1","CIGATR_S2","-120.5019","34.5531","MASW",,,"Vs","0",,"m","m/s",
"642","346","1","CIGLA_S1","-114.8272","33.0505","MASW",,,"Vs","0",,"m","m/s",
"643","346","1","CIGLA_S2","-114.8272","33.0505","MASW",,,"Vs","0",,"m","m/s",
"644","346","1","CIGLA_S3","-114.8272","33.0505","MASW",,,"Vs","0",,"m","m/s",
"645","346","1","CIGLA_S4","-114.8272","33.0505","MASW",,,"Vs","0",,"m","m/s",
"646","347","1","CIGMR_S1","-115.6596","34.7849","S-wave Refraction",,,"Vs","0",,"m","m/s",
"647","348","1","CIGOR_S1","-117.2293","33.1545","MASW",,,"Vs","0",,"m","m/s",
"648","348","1","CIGOR_S2","-117.2293","33.1545","MASW",,,"Vs","0",,"m","m/s",
"649","348","1","CIGOR_S3","-117.2293","33.1545","MASW",,,"Vs","0",,"m","m/s",
"650","349","1","CIGRA_S1","-117.3661","36.9964","SASW",,,"Vs","0",,"m","m/s",
"651","349","1","CIGRA_S2","-117.3661","36.9964","MASW",,,"Vs","0",,"m","m/s",
"652","350","1","CIGSC_S1","-116.8064","35.3014","MASW",,,"Vs","0",,"m","m/s",
"653","351","1","CIHEC_S1","-116.3369","34.8298","MASW",,,"Vs","0",,"m","m/s",
"654","352","1","CIIDO_S1","-116.2224","33.7979","MASW",,,"Vs","0",,"m","m/s",
"655","353","1","CIIKP_S1","-116.1094","32.6506","MASW",,,"Vs","0",,"m","m/s",
"656","354","1","CIIRM_S1","-115.1449","34.1577","MASW",,,"Vs","0",,"m","m/s",
"657","355","1","CIISA_S1","-118.4744","35.6622","MASW",,,"Vs","0",,"m","m/s",
"658","356","1","CIJEM_S1","-116.5983","33.0798","MASW",,,"Vs","0",,"m","m/s",
"659","356","1","CIJEM_S2","-116.5983","33.0798","MASW",,,"Vs","0",,"m","m/s",
"660","356","1","CIJEM_S3","-116.5983","33.0798","MASW",,,"Vs","0",,"m","m/s",
"661","356","1","CIJEM_S4","-116.5983","33.0798","MASW",,,"Vs","0",,"m","m/s",
"662","357","1","CIJRC2_S1","-117.8084","35.9822","SASW",,,"Vs","0",,"m","m/s",
"663","358","1","CIJVA_S1","-116.6123","34.3661","MASW",,,"Vs","0",,"m","m/s",
"664","359","1","CILAF_S1","-118.3323","33.8684","AM/MASW/ReMi",,,"Vs","0",,"m","m/s",
"665","360","1","CILCP_S1","-120.2796","34.7356","MASW",,,"Vs","0",,"m","m/s",
"666","360","1","CILCP_S2","-120.2792","34.736","SASW",,,"Vs","0",,"m","m/s",
"667","361","1","CILDF_S1","-115.1845","35.1309","MASW",,,"Vs","0",,"m","m/s",
"668","361","1","CILDF_S2","-115.1845","35.1309","MASW",,,"Vs","0",,"m","m/s",
"669","362","1","CILDR_S1","-118.3403","34.9909","MASW/SASW",,,"Vs","0",,"m","m/s",
"670","363","1","CILEV_S1","-118.2888","34.6134","MALW",,,"Vs","0",,"m","m/s",
"671","363","1","CILEV_S2","-118.2888","34.6134","MALW",,,"Vs","0",,"m","m/s",
"672","363","1","CILEV_S3","-118.2888","34.6134","MALW",,,"Vs","0",,"m","m/s",
"673","363","1","CILEV_S4","-118.2888","34.6134","MALW",,,"Vs","0",,"m","m/s",
"674","364","1","CILJR_S1","-118.8678","34.8079","MALW",,,"Vs","0",,"m","m/s",
"675","365","1","CILPC_S1","-117.5451","34.3149","MASW",,,"Vs","0",,"m","m/s",
"676","366","1","CILRL_S1","-117.683","35.4792","MASW/SASW",,,"Vs","0",,"m","m/s",
"677","367","1","CILUG_S1","-117.367","34.3651","SASW",,,"Vs","0",,"m","m/s",
"678","367","1","CILUG_S2","-117.367","34.3651","MASW",,,"Vs","0",,"m","m/s",
"679","368","1","CIMCT_S1","-116.0394","34.2264","S-wave Refraction",,,"Vs","0",,"m","m/s",
"680","369","1","CIMIK_S1","-118.1242","34.135","AM/MASW/ReMi",,,"Vs","0",,"m","m/s",
"681","370","1","CIMLAC_S1","-118.836","37.6304","SASW",,,"Vs","0",,"m","m/s",
"682","370","1","CIMLAC_S2","-118.836","37.6304","MASW",,,"Vs","0",,"m","m/s",
"683","371","1","CIMPI_S1-FM","-119.1464","34.813","MASW",,,"Vs","0",,"m","m/s",
"684","371","1","CIMPI_S2-AM","-119.1464","34.813","MASW",,,"Vs","0",,"m","m/s",
"685","372","1","CIMPP_S1","-119.8138","34.8879","MASW",,,"Vs","0",,"m","m/s",
"686","372","1","CIMPP_S2","-119.8138","34.8879","MASW",,,"Vs","0",,"m","m/s",
"687","372","1","CIMPP_S3","-119.8138","34.8879","MASW",,,"Vs","0",,"m","m/s",
"688","373","1","CIMSC_S1","-116.6484","34.0398","MASW",,,"Vs","0",,"m","m/s",
"689","374","1","CIMSJ_S1","-116.9677","33.8094","AM/MASW/ReMi",,,"Vs","0",,"m","m/s",
"690","375","1","CIMTP_S1","-115.5534","35.4855","MASW",,,"Vs","0",,"m","m/s",
"691","376","1","CINBS_S1","-116.5573","34.7813","MASW/SASW",,,"Vs","0",,"m","m/s",
"692","377","1","CINEE2_S1","-114.6194","34.7671","MASW",,,"Vs","0",,"m","m/s",
"693","377","1","CINEE2_S2","-114.6194","34.7671","SASW",,,"Vs","0",,"m","m/s",
"694","377","1","CINEE2_S3","-114.6194","34.7671","SASW",,,"Vs","0",,"m","m/s",
"695","378","1","CINJQ_S1","-120.1765","34.5349","SASW",,,"Vs","0",,"m","m/s",
"696","378","1","CINJQ_S2","-120.1765","34.5349","MASW",,,"Vs","0",,"m","m/s",
"697","378","1","CINJQ_S3","-120.1765","34.5349","MASW",,,"Vs","0",,"m","m/s",
"698","379","1","CINSS2_S1","-115.9462","33.5545","MASW/SASW",,,"Vs","0",,"m","m/s",
"699","379","1","CINSS2_S2","-115.9462","33.5545","MASW",,,"Vs","0",,"m","m/s",
"700","379","1","CINSS2_S3","-115.9462","33.5545","SASW",,,"Vs","0",,"m","m/s",
"701","380","1","CIOLP_S1","-116.9308","32.6078","MASW",,,"Vs","0",,"m","m/s",
"702","381","1","CIPASC_S1-FM","-118.187","34.172","MASW",,,"Vs","0",,"m","m/s",
"703","381","1","CIPASC_S2-AM","-118.187","34.172","MASW",,,"Vs","0",,"m","m/s",
"704","382","1","CIPDM_S1","-114.1441","34.3027","MASW",,,"Vs","0",,"m","m/s",
"705","383","1","CIPHL_S1","-120.5459","35.4083","MASW",,,"Vs","0",,"m","m/s",
"706","383","1","CIPHL_S2","-120.5459","35.4083","MASW",,,"Vs","0",,"m","m/s",
"707","383","1","CIPHL_S3","-120.5459","35.4083","MASW",,,"Vs","0",,"m","m/s",
"708","383","1","CIPHL_S4","-120.5459","35.4083","MASW",,,"Vs","0",,"m","m/s",
"709","383","1","CIPHL_S5","-120.5459","35.4083","MASW",,,"Vs","0",,"m","m/s",
"710","383","1","CIPHL_S6","-120.5459","35.4083","S-wave Refraction",,,"Vs","0",,"m","m/s",
"711","384","1","CIPLC_S1","-116.5124","33.8241","AM/MASW",,,"Vs","0",,"m","m/s",
"712","385","1","CIPLM_S1","-116.863","33.354","MASW",,,"Vs","0",,"m","m/s",
"713","386","1","CIPLS_S1","-117.6088","33.7951","MASW",,,"Vs","0",,"m","m/s",
"714","387","1","CIPMD_S1","-116.3787","33.6469","MASW",,,"Vs","0",,"m","m/s",
"715","388","1","CIRCT_S1","-119.2439","36.3063","AM/MASW/SASW/ReMi",,,"Vs","0",,"m","m/s",
"716","389","1","CIRRX_S1","-116.9958","34.875","MASW/SASW",,,"Vs","0",,"m","m/s",
"717","390","1","CIRSB_S1","-117.3264","33.9734","AM/MASW",,,"Vs","0",,"m","m/s",
"718","390","1","CIRSB_S2","-117.3264","33.9734","AM/MASW",,,"Vs","0",,"m","m/s",
"719","391","1","CIRSS S1","-117.328","33.9742","AM/MASW",,,"Vs","360",,"m","m/s",
"720","392","1","CIRXH_S1","-115.6228","33.1838","MASW",,,"Vs","0",,"m","m/s",
"721","393","1","CISAL_S1","-115.9865","33.2803","MASW",,,"Vs","0",,"m","m/s",
"722","394","1","CISAN_S1","-117.8873","33.7064","AM/MASW",,,"Vs","0",,"m","m/s",
"723","395","1","CISBB2_S1","-117.8247","34.688","MASW",,,"Vs","0",,"m","m/s",
"724","396","1","CISBC_S1","-119.7138","34.4414","MASW",,,"Vs","0",,"m","m/s",
"725","397","1","CISBI_S1-FM","-119.0296","33.48","MASW",,,"Vs","0",,"m","m/s",
"726","397","1","CISBI_S1-AM","-119.0296","33.48","MASW",,,"Vs","0",,"m","m/s",
"727","397","1","CISBI_S2-FM","-119.0296","33.48","MASW",,,"Vs","0",,"m","m/s",
"728","397","1","CISBI_S2-AM","-119.0296","33.48","MASW",,,"Vs","0",,"m","m/s",
"729","398","1","CISBPX_S1-FM","-117.2355","34.2324","MASW",,,"Vs","0",,"m","m/s",
"730","398","1","CISBPX_S1-AM","-117.2355","34.2324","MASW",,,"Vs","0",,"m","m/s",
"731","399","1","CISCI2_S1","-118.5477","32.9802","MASW",,,"Vs","0",,"m","m/s",
"732","400","1","CISCZ2_S1","-119.6342","33.9951","MASW",,,"Vs","0",,"m","m/s",
"733","400","1","CISCZ2_S2","-119.6342","33.9951","MASW",,,"Vs","0",,"m","m/s",
"734","400","1","CISCZ2_S3","-119.6342","33.9951","MASW",,,"Vs","0",,"m","m/s",
"735","401","1","CISDG_S1-FM","-117.1365","32.7842","MASW",,,"Vs","0",,"m","m/s",
"736","401","1","CISDG_S1-AM","-117.1365","32.7842","MASW",,,"Vs","0",,"m","m/s",
"737","401","1","CISDG_S2","-117.1365","32.7842","MASW",,,"Vs","0",,"m","m/s",
"738","402","1","CISDR_1","-116.9437","32.7356","S-wave Refraction",,,"Vs","0",,"m","m/s",
"739","403","1","CISHO_S1","-116.2748","35.8997","SASW",,,"Vs","0",,"m","m/s",
"740","403","1","CISHO_S2","-116.2748","35.8997","MASW",,,"Vs","0",,"m","m/s",
"741","404","1","CISIO_S1","-119.1671","34.292","AM/MASW",,,"Vs","0",,"m","m/s",
"742","405","1","CISLA_S1","-117.2831","35.8918","MASW",,,"Vs","0",,"m","m/s",
"743","406","1","CISLB_S1","-115.8667","33.4849","MASW/SASW",,,"Vs","0",,"m","m/s",
"744","406","1","CISLB_S2","-115.8667","33.4849","MASW",,,"Vs","0",,"m","m/s",
"745","406","1","CISLB_S3","-115.8667","33.4849","SASW",,,"Vs","0",,"m","m/s",
"746","407","1","CISLR_S1","-116.7976","33.8332","MASW",,,"Vs","0",,"m","m/s",
"747","407","1","CISLR_S2","-116.7976","33.8332","MALW",,,"Vs","0",,"m","m/s",
"748","407","1","CISLR_S3","-116.7976","33.8332","S-wave Refraction",,,"Vs","0",,"m","m/s",
"749","408","1","CISMM_S1","-119.9956","35.3146","MASW/SASW",,,"Vs","0",,"m","m/s",
"750","409","1","CISMR_S1-FM","-120.6129","35.3766","MASW",,,"Vs","0",,"m","m/s",
"751","409","1","CISMR_S1-AM","-120.6129","35.3766","MASW",,,"Vs","0",,"m","m/s",
"752","410","1","CISMV_S1","-118.7429","34.2692","AM/MASW",,,"Vs","0",,"m","m/s",
"753","411","1","CISMW_S1","-120.4096","35.0102","MASW",,,"Vs","0",,"m","m/s",
"754","412","1","CISNCC_S1","-119.5235","33.2476","MASW",,,"Vs","0",,"m","m/s",
"755","413","1","CISNO_S1","-116.8088","34.0356","MASW",,,"Vs","0",,"m","m/s",
"756","414","1","CISPG2_S1-FM","-118.7666","36.2001","MASW",,,"Vs","0",,"m","m/s",
"757","414","1","CISPG2_S1-AM","-118.7666","36.2001","MASW",,,"Vs","0",,"m","m/s",
"758","414","1","CISPG2_S2-FM","-118.7666","36.2001","MASW",,,"Vs","0",,"m","m/s",
"759","414","1","CISPG2_S2-AM","-118.7666","36.2001","MASW",,,"Vs","0",,"m","m/s",
"760","415","1","CISWS_S1","-115.8006","32.9452","MASW",,,"Vs","0",,"m","m/s",
"761","415","1","CISWS_S2","-115.8006","32.9452","MASW",,,"Vs","0",,"m","m/s",
"762","416","1","CISYP_S1","-119.9791","34.5265","MASW",,,"Vs","0",,"m","m/s",
"763","417","1","CITA2_S1-FM","-117.6791","34.3829","MASW",,,"Vs","0",,"m","m/s",
"764","417","1","CITA2_S1-AM","-117.6791","34.3829","MASW",,,"Vs","0",,"m","m/s",
"765","418","1","CITEH_S1-FM","-118.4209","35.2903","MASW",,,"Vs","0",,"m","m/s",
"766","418","1","CITEH_S1-AM","-118.4209","35.2903","MASW",,,"Vs","0",,"m","m/s",
"767","418","1","CITEH_S2","-118.4209","35.2903","S-wave Refraction",,,"Vs","0",,"m","m/s",
"768","419","1","CITFT_S1","-119.4187","35.1452","MASW/SASW",,,"Vs","0",,"m","m/s",
"769","420","1","CITHM_S1","-116.0763","33.6504","MASW",,,"Vs","0",,"m","m/s",
"770","421","1","CITIN_S1","-118.2313","37.0565","MASW",,,"Vs","0",,"m","m/s",
"771","421","1","CITIN_S2","-118.2313","37.0565","MASW",,,"Vs","0",,"m","m/s",
"772","421","1","CITIN_S3","-118.2313","37.0565","MASW",,,"Vs","0",,"m","m/s",
"773","421","1","CITIN_S4","-118.2313","37.0565","MASW",,,"Vs","0",,"m","m/s",
"774","421","1","CITIN_S5","-118.2313","37.0565","MASW",,,"Vs","0",,"m","m/s",
"775","422","1","CITOR","-116.2268","33.5757","P-wave refraction",,,"Vp","0",,"m","m/s",
"776","423","1","CITUQ_S1","-115.9271","35.4364","MASW",,,"Vs","0",,"m","m/s",
"777","424","1","CIUSB_S1","-119.8455","34.4146","AM/MASW/ReMi",,,"Vs","0",,"m","m/s",
"778","425","1","CIVCS_S1","-118.1175","34.4845","AM/MASW/ReMi",,,"Vs","0",,"m","m/s",
"779","426","1","CIVES_S1","-119.0843","35.8407","MASW",,,"Vs","0",,"m","m/s",
"780","427","1","CIVOG_S1","-119.3831","36.3204","AM/MASW/SASW/ReMi",,,"Vs","0",,"m","m/s",
"781","428","1","CIWBS_S1","-118.1409","35.5372","MASW",,,"Vs","0",,"m","m/s",
"782","429","1","CIWES_S1","-115.7327","32.7595","MASW/SASW",,,"Vs","0",,"m","m/s",
"783","430","1","CIWGR_S1","-119.2737","34.511","S-wave Refraction",,,"Vs","0",,"m","m/s",
"784","431","1",,"-118.3797","34.1135","P-wave refraction",,,"Vs","0",,"m","m/s",
"785","432","1","CIWWC_S1","-116.4083","33.9413","MASW",,,"Vs","0",,"m","m/s",
"786","433","6","BELMDNs","-122.3088","37.5113","Downhole","19920724",,"Vs","0",,"ft","ft/s",
"787","433","6","BELMDNp","-122.3088","37.5113","Downhole","19920724",,"Vp","0",,"ft","ft/s",
"788","433","6","BELMNSUSPs","-122.3088","37.5113","Suspension Logging","19920724",,"Vs","0",,"ft","ft/s",
"789","433","6","BELMNSUSPp","-122.3088","37.5113","Suspension Logging","19920724",,"Vp","0",,"ft","ft/s",
"790","434","6","HAVIDNs","-122.2609","37.8739","Downhole","19920809",,"Vs","0",,"ft","ft/s",
"791","434","6","HAVIDNp","-122.2609","37.8739","Downhole","19920809",,"Vp","0",,"ft","ft/s",
"792","434","6","HAVISUSPs","-122.2609","37.8739","Downhole","19920809",,"Vs","0",,"ft","ft/s",
"793","434","6","HAVISUSPp","-122.2609","37.8739","Downhole","19920809",,"Vp","0",,"ft","ft/s",
"794","435","6","CAPIDNs","-121.9536","36.974","Downhole","19920813",,"Vs","0",,"ft","ft/s",
"795","435","6","CAPISUSPs","-121.9536","36.974","Suspension Logging","19920813",,"Vs","0",,"ft","ft/s",
"796","435","6","CAPISUSPp","-121.9536","36.974","Suspension Logging","19920813",,"Vp","0",,"ft","ft/s",
"797","437","6","DIAMDNs","-122.4336","37.7403","Downhole","19920805",,"Vs","0",,"ft","ft/s",
"798","437","6","DIAMDNp","-122.4336","37.7403","Downhole","19920805",,"Vp","0",,"ft","ft/s",
"799","437","6","DIAMSUSPs","-122.4336","37.7403","Suspension Logging","19920805",,"Vs","0",,"ft","ft/s",
"800","437","6","DIAMSUSPp","-122.4336","37.7403","Suspension Logging","19920805",,"Vp","0",,"ft","ft/s",
"801","440","6","HALLDNs","-121.716","37.338","Downhole","19921117",,"Vs","0",,"ft","ft/s",
"802","440","6","HALLDNp","-121.716","37.338","Downhole","19921117",,"Vp","0",,"ft","ft/s",
"803","440","6","HALLSUSPs","-121.716","37.338","Suspension Logging","19921117",,"Vs","0",,"ft","ft/s",
"804","440","6","HALLSUSPp","-121.716","37.338","Suspension Logging","19921117",,"Vp","0",,"ft","ft/s",
"805","441","6","LEXIDNs","-121.9914","37.2011","Downhole","19920726",,"Vs","0",,"ft","ft/s",
"806","441","6","LEXIDNp","-121.9914","37.2011","Downhole","19920726",,"Vp","0",,"ft","ft/s",
"807","441","6","LEXISUSPs","-121.9914","37.2011","Suspension Logging","19920726",,"Vs","0",,"ft","ft/s",
"808","441","6","LEXISUSPp","-121.9914","37.2011","Suspension Logging","19920726",,"Vp","0",,"ft","ft/s",
"809","442","6","MARTDNs","-122.1153","37.9946","Downhole","19920915",,"Vs","0",,"ft","ft/s",
"810","442","6","MARTDNp","-122.1153","37.9946","Downhole","19920915",,"Vp","0",,"ft","ft/s",
"811","442","6","MARTSUSPs","-122.1153","37.9946","Suspension Logging","19920915",,"Vs","0",,"ft","ft/s",
"812","442","6","MARTSUSPp","-122.1153","37.9946","Suspension Logging","19920915",,"Vp","0",,"ft","ft/s",
"813","443","6","MONTSUSPs","-121.898","36.5975","Suspension Logging","19920721",,"Vs","0",,"ft","ft/s",
"814","443","6","MONTSUSPp","-121.898","36.5975","Suspension Logging","19920721",,"Vp","0",,"ft","ft/s",
"815","444","6","PACIDNs","-122.4299","37.7899","Downhole","19920803",,"Vs","0",,"ft","ft/s",
"816","444","6","PACIDNp","-122.4299","37.7899","Downhole","19920803",,"Vp","0",,"ft","ft/s",
"817","444","6","PACISUSPs","-122.4299","37.7899","Suspension Logging","19920803",,"Vs","0",,"ft","ft/s",
"818","444","6","PACISUSPp","-122.4299","37.7899","Suspension Logging","19920803",,"Vp","0",,"ft","ft/s",
"819","446","6","PATTDNs","-121.6837","37.7002","Downhole","19920915",,"Vs","0",,"ft","ft/s",
"820","446","6","PATTDNp","-121.6837","37.7002","Downhole","19920915",,"Vp","0",,"ft","ft/s",
"821","446","6","PATTSUSPs","-121.6837","37.7002","Suspension Logging","19920915",,"Vs","0",,"ft","ft/s",
"822","446","6","PATTSUSPp","-121.6837","37.7002","Suspension Logging","19920915",,"Vp","0",,"ft","ft/s",
"823","447","6","PIEDDNs","-122.2345","37.8221","Downhole","19920728",,"Vs","0",,"ft","ft/s",
"824","447","6","PIEDDNp","-122.2345","37.8221","Downhole","19920728",,"Vp","0",,"ft","ft/s",
"825","447","6","PIEDSUSPs","-122.2345","37.8221","Suspension Logging","19920728",,"Vs","0",,"ft","ft/s",
"826","447","6","PIEDSUSPp","-122.2345","37.8221","Suspension Logging","19920728",,"Vp","0",,"ft","ft/s",
"827","448","6","BONIDNs","-122.528","37.8219","Downhole","19920807",,"Vs","0",,"ft","ft/s",
"828","448","6","BONIDNp","-122.528","37.8219","Downhole","19920807",,"Vp","0",,"ft","ft/s",
"829","448","6","BONISUSPs","-122.528","37.8219","Suspension Logging","19920807",,"Vs","0",,"ft","ft/s",
"830","448","6","BONISUSPp","-122.528","37.8219","Suspension Logging","19920807",,"Vp","0",,"ft","ft/s",
"831","451","6","RINCDNs","-122.3922","37.7863","Downhole","19920731",,"Vs","0",,"ft","ft/s",
"832","451","6","RINCDNp","-122.3922","37.7863","Downhole","19920731",,"Vp","0",,"ft","ft/s",
"833","451","6","RINCSUSPs","-122.3922","37.7863","Suspension Logging","19920731",,"Vs","0",,"ft","ft/s",
"834","452","6","HOLLDNs","-121.395","36.753","Downhole","19920727",,"Vs","0",,"ft","ft/s",
"835","452","6","HOLLDNp","-121.395","36.753","Downhole","19920727",,"Vp","0",,"ft","ft/s",
"836","452","6","HOLLSUSPs","-121.395","36.753","Suspension Logging","19920727",,"Vs","0",,"ft","ft/s",
"837","452","6","HOLLSUSPp","-121.395","36.753","Suspension Logging","19920727",,"Vp","0",,"ft","ft/s",
"838","453","6","SIERDNs","-122.3903","37.6753","Downhole","19920827",,"Vs","0",,"ft","ft/s",
"839","453","6","SIERDNp","-122.3903","37.6753","Downhole","19920827",,"Vp","0",,"ft","ft/s",
"840","453","6","SIERSUSPs","-122.3903","37.6753","Suspension Logging","19920827",,"Vs","0",,"ft","ft/s",
"841","453","6","SIERSUSPp","-122.3903","37.6753","Suspension Logging","19920827",,"Vp","0",,"ft","ft/s",
"842","454","6","OAK2SUSPs","-122.2629","37.8065","Suspension Logging","19920723",,"Vs","0",,"ft","ft/s",
"843","454","6","OAK2SUSPp","-122.2629","37.8065","Suspension Logging","19920723",,"Vp","0",,"ft","ft/s",
"844","456","6","UCSCDNs","-122.0617","37.0013","Downhole","19920828",,"Vs","0",,"ft","ft/s",
"845","456","6","UCSCDNp","-122.0617","37.0013","Downhole","19920828",,"Vp","0",,"ft","ft/s",
"846","458","6","AGNEDNs","-121.9257","37.4109","Downhole","19920829",,"Vs","0",,"ft","ft/s",
"847","458","6","AGNEDNp","-121.9257","37.4109","Downhole","19920829",,"Vp","0",,"ft","ft/s",
"848","458","6","AGNESUSPs","-121.9257","37.4109","Suspension Logging","19920829",,"Vs","0",,"ft","ft/s",
"849","458","6","AGNESUSPp","-121.9257","37.4109","Suspension Logging","19920829",,"Vp","0",,"ft","ft/s",
"850","459","6","MEMODNs","-122.251","37.871","Downhole","19920612",,"Vs","0",,"ft","ft/s",
"851","459","6","MEMODNp","-122.251","37.871","Downhole","19920612",,"Vp","0",,"ft","ft/s",
"852","460","12","MENLDNs","-122.157","37.468","Downhole","19921006",,"Vs","0",,"ft","ft/s",
"853","460","12","MENLDNp","-122.157","37.468","Downhole","19921006",,"Vp","0",,"ft","ft/s",
"854","460","12","MENLSUSPs","-122.157","37.468","Suspension Logging","19921006",,"Vs","0",,"ft","ft/s",
"855","460","12","MENLSUSPp","-122.157","37.468","Suspension Logging","19921006",,"Vp","0",,"ft","ft/s",
"856","461","6","MISSDNs","-121.928","37.523","Downhole","19920928",,"Vs","0",,"ft","ft/s",
"857","461","6","MISSDNp","-121.928","37.523","Downhole","19920928",,"Vp","0",,"ft","ft/s",
"858","461","6","MISSSUSPs","-121.928","37.523","Suspension Logging","19920928",,"Vs","0",,"ft","ft/s",
"859","461","6","MISSSUSPp","-121.928","37.523","Suspension Logging","19920928",,"Vp","0",,"ft","ft/s",
"860","462","6","RICHDNs","-122.3435","37.9376","Downhole","19921004",,"Vs","0",,"ft","ft/s",
"861","462","6","RICHDNp","-122.3435","37.9376","Suspension Logging","19921004",,"Vp","0",,"ft","ft/s",
"862","462","6","RICHSUSPs","-122.3435","37.9376","Suspension Logging","19921004",,"Vs","0",,"ft","ft/s",
"863","462","6","RICHSUSPp","-122.3435","37.9376","Suspension Logging","19921004",,"Vp","0",,"ft","ft/s",
"864","463","6","SFVADNs","-122.505","37.783","Downhole","19920512",,"Vs","0",,"ft","ft/s",
"865","463","6","SFVADNp","-122.505","37.783","Downhole","19920512",,"Vp","0",,"ft","ft/s",
"866","463","6","SFVASUSPs","-122.505","37.783","Suspension Logging","19920512",,"Vs","0",,"ft","ft/s",
"867","463","6","SFVASUSPp","-122.505","37.783","Suspension Logging","19920512",,"Vp","0",,"ft","ft/s",
"868","464","6","SITEDNs","-121.5","37.634","Downhole","19921124",,"Vs","0",,"ft","ft/s",
"869","464","6","SITEDNp","-121.5","37.634","Downhole","19921124",,"Vp","0",,"ft","ft/s",
"870","465","146","RIM10-CH3p","-118.2294","34.0783","Downhole","8/2011",,"Vp","0",,"ft","ft/s",
"871","465","146","RIM10-CH3s","-118.2294","34.0783","Downhole","8/2011",,"Vs","0",,"ft","ft/s",
"872","465","146","DAM10-SON1p","-118.2294","34.0783","Downhole","8/2011",,"Vp","0",,"ft","ft/s",
"873","465","146","DAM10-SON1s","-118.2294","34.0783","Downhole","8/2011",,"Vs","0",,"ft","ft/s",
"874","465","146","DAM10-RW1p","-118.2294","34.0783","Downhole","8/2011",,"Vp","0",,"ft","ft/s",
"875","465","146","DAM10-RW1s","-118.2294","34.0783","Downhole","8/2011",,"Vs","0",,"ft","ft/s",
"876","465","146","DAM10-RW2p","-118.2294","34.0783","Downhole","8/2011",,"Vp","0",,"ft","ft/s",
"877","465","146","DAM10-RW2s","-118.2294","34.0783","Downhole","8/2011",,"Vs","0",,"ft","ft/s",
"878","465","146","DAM10-RW4p","-118.2294","34.0783","Downhole","8/2011",,"Vp","0",,"ft","ft/s",
"879","465","146","DAM10-RW4s","-118.2294","34.0783","Downhole","8/2011",,"Vs","0",,"ft","ft/s",
"880","466","1","NCBBGB_S1","-121.0396","36.5775","MALW",,,"Vs","0",,"m","m/s",
"881","466","1","NCBBGB_S2","-121.0396","36.5775","MALW",,,"Vs","0",,"m","m/s",
"882","467","1","NCBJOB_S1","-121.314","36.6104","MASW",,,"Vs","0",,"m","m/s",
"883","468","1","NCCADB_S1","-121.6274","37.1637","MALW",,,"Vs","0",,"m","m/s",
"884","469","1","NCCAL_S1","-121.7993","37.4506","MASW",,,"Vs","0",,"m","m/s",
"885","470","1","NCCCOB_S1","-121.6734","37.258","MASW",,,"Vs","0",,"m","m/s",
"886","470","1","NCCCOB_S2","-121.6734","37.258","MASW",,,"Vs","0",,"m","m/s",
"887","471","1","NCCHR_S1","-121.7683","37.3727","MASW",,,"Vs","0",,"m","m/s",
"888","471","1","NCCHR_S2","-121.7683","37.3727","MASW",,,"Vs","0",,"m","m/s",
"889","472","1","NCCNI_S1","-121.9647","37.6075","MASW",,,"Vs","0",,"m","m/s",
"890","472","1","NCCNI_S2","-121.9647","37.6075","MASW",,,"Vs","0",,"m","m/s",
"891","472","1","NCCNI_S3","-121.9647","37.6075","MALW",,,"Vs","0",,"m","m/s",
"892","473","1","NCCSL_S1","-122.1187","37.7235","MASW",,,"Vs","0",,"m","m/s",
"893","474","1","NCHCAB_S1","-121.4851","37.026","MASW",,,"Vs","0",,"m","m/s",
"894","474","1","NCHCAB_S2","-121.4851","37.026","MASW",,,"Vs","0",,"m","m/s",
"895","475","1","NCJBMB_S1","-122.1535","37.3179","MASW",,,"Vs","0",,"m","m/s",
"896","475","1","NCJBMB_S2","-122.1535","37.3179","MALW",,,"Vs","0",,"m","m/s",
"897","476","1","NCJBNB_S1","-122.1564","37.1201","MALW",,,"Vs","0",,"m","m/s",
"898","476","1","NCJBNB_S2","-122.1564","37.1201","S-wave Refraction",,,"Vs","0",,"m","m/s",
"899","476","1","NCJBNB_S3","-122.1564","37.1201","S-wave Refraction",,,"Vs","0",,"m","m/s",
"900","477","1","NCJELB_S1","-121.8265","36.9268","MASW",,,"Vs","0",,"m","m/s",
"901","478","1","NCJFP_S1","-122.1908","37.36","MALW",,,"Vs","0",,"m","m/s",
"902","479","1","NCJLAB_S1","-121.7352","37.1542","MASW",,,"Vs","0",,,,
"903","480","1","NCJSFB_S1","-122.1762","37.4033","MASW/SASW",,,"Vs","0",,"m","m/s",
"904","481","1","NCJSGB_S1","-122.0501","37.2836","MASW",,,"Vs","0",,"m","m/s",
"905","482","1",,"-118.9444","37.7604","P-wave refraction",,,"Vs","0",,"m","m/s",
"906","483","1","NCMDPB_S1","-119.0792","37.6319","MASW",,,"Vs","0",,"m","m/s",
"907","484","1","NCMMLB_S1","-118.9795","37.6592","MASW",,,"Vs","0",,"m","m/s",
"908","485","1","NCMMX1_S1","-118.9605","37.6171","S-wave Refraction",,,"Vs","0",,"m","m/s",
"909","486","1","NCPAGB_S1","-120.2491","35.7302","MALW",,,"Vs","0",,"m","m/s",
"910","486","1","NCPAGB_S2","-120.2491","35.7302","MASW",,,"Vs","0",,"m","m/s",
"911","487","1","NCPHOB_S1","-120.4801","35.8672","MASW/SASW",,,"Vs","0",,"m","m/s",
"912","488","1","NCPHSB_S1","-121.0548","35.8238","MASW",,,"Vs","0",,"m","m/s",
"913","489","1","NCPMPB_S1","-120.802","36.2163","MALW",,,"Vs","0",,"m","m/s",
"914","490","1","NCPSM_S1","-120.5956","36.069","MASW",,,"Vs","0",,"m","m/s",
"915","491","47","Vs","-121.2911","37.9112","SCPT","20061214","high","Vs","0","ft/s","ft","ft/s",
"916","492","47","Vs","-121.3204","37.9162","SCPT","20061213","high","Vs","0",,"ft","ft/s",
"917","493","47","Vs","-121.3319","37.8808","SCPT","20061213","high","Vs","0",,"ft","ft/s",
"918","494","47","Vs","-121.3199","37.8559","SCPT","20061219","high","Vs","0",,"ft","ft/s",
"919","495","47","Vs","-121.3104","37.8292","SCPT","20070201","high","Vs","0",,"ft","ft/s",
"920","496","47","Vs","-121.3173","37.8136","SCPT","20070130","high","Vs","0",,"ft","ft/s",
"921","497","47","Vs","-121.3099","37.7968","SCPT","20070131","high","Vs","0",,"ft","ft/s",
"922","498","47","Vs","-121.2917","37.7729","SCPT","20070131","high","Vs","0",,"ft","ft/s",
"923","499","49","Vs","-121.3064","37.9192","SCPT","20080126","high","Vs","0",,"ft","ft/s",
"924","500","49","Vs","-121.3228","37.9232","SCPT","20080126","high","Vs","0",,"ft","ft/s",
"925","501","49","Vs","-121.3448","37.9416","SCPT","20080125","high","Vs","0",,"ft","ft/s",
"926","502","42","ELC-VS","-118.6051","34.2117","Suspension Logging","19960926",,"Vs","0",,"m","m/s",
"927","502","42","ELC-VP","-118.6051","34.2117","Suspension Logging","19960926",,"Vp","0",,"m","m/s",
"928","503","42","JGB-VS","-118.4983","34.313","Suspension Logging","19970320",,"Vs","0",,"m","m/s",
"929","503","42","JGB-VP","-118.4983","34.313","Suspension Logging","19970320",,"Vp","0",,"m","m/s",
"930","504","42","JMB-VS","-118.4957","34.3111","Suspension Logging","19960905",,"Vs","0",,"m","m/s",
"931","504","42","JMB-VP","-118.4957","34.3111","Suspension Logging","19960905",,"Vp","0",,"m","m/s",
"932","505","42","LAD-VS","-118.4839","34.2931","Suspension Logging","19960913",,"Vs","0",,"m","m/s",
"933","505","42","LAD-VP","-118.4839","34.2931","Suspension Logging","19960913",,"Vp","0",,"m","m/s",
"934","506","42","OVH2-VS","-118.4442","34.3281","Suspension Logging","19960822",,"Vs","0",,"m","m/s",
"935","506","42","OVH2-VP","-118.4442","34.3281","Suspension Logging","19960822",,"Vp","0",,"m","m/s",
"936","507","108","RIN-VS","-118.4771","34.281","Downhole",,,"Vs","0",,"m","m/s",
"937","507","108","RIN-VP","-118.4771","34.281","Downhole",,,"Vp","0",,"m","m/s",
"938","508","42","SVA-VS","-118.4772","34.249","Suspension Logging","19960822",,"Vs","0",,"m","m/s",
"939","508","42","SVA-VP","-118.4772","34.249","Suspension Logging","19960822",,"Vp","0",,"m","m/s",
"940","509","42","SOP-VS","-118.4394","34.1607","Suspension Logging","19960822",,"Vs","0",,"m","m/s",
"941","509","42","SOP-VP","-118.4394","34.1607","Suspension Logging","19960822",,"Vp","0",,"m","m/s",
"942","510","42","SOW-VS","-118.4307","34.1543","Suspension Logging","19960822",,"Vs","0",,"m","m/s",
"943","510","42","SOW-VP","-118.4307","34.1543","Suspension Logging","19960822",,"Vp","0",,"m","m/s",
"944","511","42","SCW-VS","-118.4893","34.3117","Suspension Logging","19960822",,"Vs","0",,"m","m/s",
"945","511","42","SCW-VP","-118.4893","34.3117","Suspension Logging","19960822",,"Vp","0",,"m","m/s",
"946","512","42","ARL-VS","-118.44","34.236","Suspension Logging","19960926",,"Vs","0",,"m","m/s",
"947","512","42","ARL-VP","-118.44","34.236","Suspension Logging","19960926",,"Vp","0",,"m","m/s",
"948","513","42","BLD-VS","-118.362","34.008","Suspension Logging","19970320",,"Vs","0",,"m","m/s",
"949","513","42","BLD-VP","-118.362","34.008","Suspension Logging","19970320",,"Vp","0",,"m","m/s",
"950","514","42","KAG-VS","-118.376","34.296","Suspension Logging","19960905",,"Vs","0",,"m","m/s",
"951","514","42","KAG-VP","-118.376","34.296","Suspension Logging","19960905",,"Vp","0",,"m","m/s",
"952","515","42","LCN-VS","-118.378","34.036","Suspension Logging","19961004",,"Vs","0",,"m","m/s",
"953","515","42","LCN-VP","-118.378","34.036","Suspension Logging","19961004",,"Vp","0",,"m","m/s",
"954","516","42","NWH-VS","-118.534","34.387","Suspension Logging","19960913",,"Vs","0",,"m","m/s",
"955","516","42","NWH-VP","-118.534","34.387","Suspension Logging","19960913",,"Vp","0",,"m","m/s",
"956","517","42","PAC-VS","-118.398","34.335","Suspension Logging","19960822",,"Vs","0",,"m","m/s",
"957","517","42","PAC-VP","-118.398","34.335","Suspension Logging","19960822",,"Vp","0",,"m","m/s",
"958","518","42","SPV2-VS","-118.478","34.249","Suspension Logging","19961106",,"Vs","0",,"m","m/s",
"959","519","42","TAR-VS","-118.536","34.16","Suspension Logging","19961205",,"Vs","0",,"m","m/s",
"960","519","42","TAR-VP","-118.536","34.16","Suspension Logging","19961205",,"Vp","0",,"m","m/s",
"961","520","41","LH9-VS","-118.56","34.608","Suspension Logging","19970923",,"Vs","0",,"m","m/s",
"962","520","41","LH9-VP","-118.56","34.608","Suspension Logging","19970923",,"Vp","0",,"m","m/s",
"963","521","41","PIC-VS","-118.623","34.391","Suspension Logging","19970520",,"Vs","0",,"m","m/s",
"964","521","41","PIC-VP","-118.623","34.391","Suspension Logging","19970520",,"Vp","0",,"m","m/s",
"965","522","41","PI2-VS","-118.662","34.392","Suspension Logging","19970521",,"Vs","0",,"m","m/s",
"966","522","41","PI2-VP","-118.662","34.392","Suspension Logging","19970521",,"Vp","0",,"m","m/s",
"967","523","41","PI3-VS","-118.378","34.036","Suspension Logging","19970522",,"Vs","0",,"m","m/s",
"968","523","41","PI3-VP","-118.378","34.036","Suspension Logging","19970522",,"Vp","0",,"m","m/s",
"969","524","41","RRS2-VS","-118.534","34.387","Suspension Logging","19970503",,"Vs","0",,"m","m/s",
"970","524","41","RRS2-VP","-118.534","34.387","Suspension Logging","19970503",,"Vp","0",,"m","m/s",
"971","525","40","SCE-VS","-118.48","34.312","Suspension Logging",,,"Vs","0",,"m","m/s",
"972","525","40","SCE-VP","-118.48","34.312","Suspension Logging",,,"Vp","0",,"m","m/s",
"973","526","40","SC2-VS","-118.481","34.313","Suspension Logging","19980610",,"Vs","0",,"m","m/s",
"974","526","40","SC2-VP","-118.481","34.313","Suspension Logging","19980610",,"Vp","0",,"m","m/s",
"975","527","40","WAN-VS","-118.453","34.054","Suspension Logging","19980618",,"Vs","0",,"m","m/s",
"976","527","40","WAN-VP","-118.453","34.054","Suspension Logging","19980618",,"Vp","0",,"m","m/s",
"977","528","40","WAS-VS","-118.449","34.05","Suspension Logging","19980622",,"Vs","0",,"m","m/s",
"978","528","40","WAS-VP","-118.449","34.05","Suspension Logging","19980622",,"Vp","0",,"m","m/s",
"979","529","40","116-VS","-118.256","33.923","Suspension Logging","19970808",,"Vs","0",,"m","m/s",
"980","529","40","116-VP","-118.256","33.923","Suspension Logging","19970808",,"Vp","0",,"m","m/s",
"981","530","40","WAT-VS","-118.241","33.837","Suspension Logging","19970726",,"Vs","0",,"m","m/s",
"982","530","40","WAT-VP","-118.241","33.837","Suspension Logging","19970726",,"Vp","0",,"m","m/s",
"983","531","40","BIR-VS","-118.138","33.922","Suspension Logging","19970712",,"Vs","0",,"m","m/s",
"984","531","40","BIR-VP","-118.138","33.922","Suspension Logging","19970712",,"Vp","0",,"m","m/s",
"985","532","40","PR2-VS","-118.088","33.972","Suspension Logging","19980613",,"Vs","0",,"m","m/s",
"986","532","40","PR2-VP","-118.088","33.972","Suspension Logging","19980613",,"Vp","0",,"m","m/s",
"987","533","40","GPK-VS","-118.3","34.118","Suspension Logging","19980330",,"Vs","0",,"m","m/s",
"988","533","40","GPK-VP","-118.3","34.118","Suspension Logging","19980330",,"Vp","0",,"m","m/s",
"989","534","40","LA0-VS","-118.455","34.106","Suspension Logging","19980619",,"Vs","0",,"m","m/s",
"990","534","40","LA0-VP","-118.455","34.106","Suspension Logging","19980619",,"Vp","0",,"m","m/s",
"991","535","40","EMO-VS","-115.449","32.774","Suspension Logging","19971029",,"Vs","0",,"m","m/s",
"992","535","40","EMO-VP","-115.449","32.774","Suspension Logging","19971029",,"Vp","0",,"m","m/s",
"993","536","40","LUC-VS","-118.335","33.74","Suspension Logging","19980525",,"Vs","0",,"ft","ft/s",
"994","536","40","LUC-VP","-118.335","33.74","Suspension Logging","19980525",,"Vp","0",,"ft","ft/s",
"995","537","40","OBR-VS","-118.178","34.037","Suspension Logging","19980517",,"Vs","0",,"ft","ft/s",
"996","537","40","OBR-VP","-118.178","34.037","Suspension Logging","19980517",,"Vp","0",,"ft","ft/s",
"997","538","40","WON-VS","-118.381","34.114","Suspension Logging","19980516",,"Vs","0",,"m","m/s",
"998","538","40","WON-VP","-118.381","34.114","Suspension Logging","19980516",,"Vp","0",,"m","m/s",
"999","539","39","WST-VS","-118.289","34.082","Suspension Logging","19981107",,"Vs","0",,"ft","ft/s",
"1000","539","39","WST-VP","-118.289","34.082","Suspension Logging","19981107",,"Vp","0",,"ft","ft/s",
"1001","540","39","SAT-VS","-118.356","34.046","Suspension Logging","19981115",,"Vs","0",,"ft","ft/s",
"1002","540","39","SAT-VP","-118.356","34.046","Suspension Logging","19981115",,"Vp","0",,"ft","ft/s",
"1003","541","39","BVA-VS","-118.462","34.063","Suspension Logging","19980916",,"Vs","0",,"ft","ft/s",
"1004","541","39","BVA-VP","-118.462","34.063","Suspension Logging","19980916",,"Vp","0",,"ft","ft/s",
"1005","542","39","SSU-VS","-118.714","34.231","Suspension Logging","19980929",,"Vs","0",,"ft","ft/s",
"1006","542","39","SSU-VP","-118.714","34.231","Suspension Logging","19980929",,"Vp","0",,"ft","ft/s",
"1007","543","39","SS2-VS","-118.717","34.239","Suspension Logging","19980929",,"Vs","0",,"ft","ft/s",
"1008","543","39","SS2-VP","-118.717","34.239","Suspension Logging","19980929",,"Vp","0",,"ft","ft/s",
"1009","544","39","KAT-VS","-118.6664","34.2633","Downhole","19981115",,"Vs","0",,"m","m/s",
"1010","544","39","KAT-VP","-118.6664","34.2633","Downhole","19981115",,"Vp","0",,"m","m/s",
"1011","545","39","LRS-VS","-118.358","34.177","Suspension Logging","19980911",,"Vs","0",,"ft","ft/s",
"1012","545","39","LRS-VP","-118.358","34.177","Suspension Logging","19980911",,"Vp","0",,"ft","ft/s",
"1013","546","39","WOC-VS","-118.5171","34.2081","Downhole",,,"Vs","0",,"m","m/s",
"1014","546","39","WOC-VP","-118.5171","34.2081","Downhole",,,"Vp","0",,"m","m/s",
"1015","547","38","LBM-VS","-118.162","33.996","Suspension Logging","20010416",,"Vs","0",,"m","m/s",
"1016","547","38","LBM-VP","-118.162","33.996","Suspension Logging","20010416",,"Vp","0",,"m","m/s",
"1017","548","38","GR3-VS","-121.538","36.987","Suspension Logging",,,"Vs","0",,"m","m/s",
"1018","548","38","GR3-VP","-121.538","36.987","Suspension Logging",,,"Vp","0",,"m","m/s",
"1019","549","38","HVL-VS","-121.714","37.338","Suspension Logging",,,"Vs","0",,"m","m/s",
"1020","549","38","HVL-VP","-121.714","37.338","Suspension Logging",,,"Vp","0",,"m","m/s",
"1021","550","38","IBM-VS","-121.824","37.206","Suspension Logging",,,"Vs","0",,"m","m/s",
"1022","550","38","IBM-VP","-121.824","37.206","Suspension Logging",,,"Vp","0",,"m","m/s",
"1023","551","38","JTR-VS","-116.314","34.13","Suspension Logging",,,"Vs","0",,"m","m/s",
"1024","551","38","JTR-VP","-116.314","34.13","Suspension Logging",,,"Vp","0",,"m","m/s",
"1025","552","38","PTS-VS","-115.7","32.93","Suspension Logging",,,"Vs","0",,"m","m/s",
"1026","552","38","PTS-VP","-115.7","32.93","Suspension Logging",,,"Vp","0",,"m","m/s",
"1027","553","38","PRF-VS","-118.215","33.746","Suspension Logging",,,"Vs","0",,"m","m/s",
"1028","553","38","PRF-VP","-118.215","33.746","Suspension Logging",,,"Vp","0",,"m","m/s",
"1029","554","38","SMT-VS","-115.825","32.955","Suspension Logging",,,"Vs","0",,"m","m/s",
"1030","554","38","SMT-VP","-115.825","32.955","Suspension Logging",,,"Vp","0",,"m","m/s",
"1031","555","38","YRM-VS","-116.823","34.904","Suspension Logging",,,"Vs","0",,"m","m/s",
"1032","555","38","YRM-VP","-116.823","34.904","Suspension Logging",,,"Vp","0",,"m","m/s",
"1033","556","51","Vs","-121.6551","38.5153","SCPT","20080320","high","Vs","0",,"ft","ft/s",
"1034","557","51","Vs","-121.6883","38.52","SCPT","20080324","high","Vs","0",,"ft","ft/s",
"1035","558","51","Vs","-121.7289","38.5183","SCPT","20080327","high",,"0",,"ft","ft/s",
"1036","559","51","Vs","-121.767","38.5189","SCPT","20080328","high","Vs","0",,"ft","ft/s",
"1037","560","51","Vs","-121.7199","38.5898","SCPT","20080305","high","Vs","0",,"ft","ft/s",
"1038","561","51","Vs","-121.6855","38.5895","SCPT","20080307","high","Vs","0",,"ft","ft/s",
"1039","562","51","Vs","-121.6474","38.5872","SCPT","20080311","high","Vs","0",,"ft","ft/s",
"1040","563","51","Vs","-121.6389","38.5672","SCPT","20080312","high","Vs","0",,"ft","ft/s",
"1041","564","51","Vs","-121.6311","38.549","SCPT","20080317","high","Vs","0",,"ft","ft/s",
"1042","565","48","Vs","-121.4738","38.6573","SCPT","20070919","high","Vs","0",,"ft","ft/s",
"1043","566","48","Vs","-121.4669","38.6685","SCPT","20070915","high","Vs","0",,"ft","ft/s",
"1044","567","50","Vs","-121.4741","38.6444","SCPT","20070913","high","Vs","0",,"ft","ft/s",
"1045","568","50","Vs","-121.493","38.7437","SCPT","20070912","high","Vs","0",,"ft","ft/s",
"1046","569","50","Vs","-121.5213","38.8136","SCPT","20070911","high","Vs","0",,"ft","ft/s",
"1047","570","50","Vs","-121.4733","38.6404","SCPT","20070914","high","Vs","0",,"ft","ft/s",
"1048","571","52","Vs","-121.6533","38.629","SCPT","20080415","high","Vs","0",,"ft","ft/s",
"1049","572","52","Vs","-121.7055","38.6782","SCPT","20080416","high","Vs","0",,"ft","ft/s",
"1050","573","52","Vs","-121.7173","38.72","SCPT","20080422","high","Vs","0",,"ft","ft/s",
"1051","574","74","701BRE_S1","-117.9793","33.8113","SASW","20040917",,"Vs","0",,"m","m/s",
"1052","575","74","702STG_S1","-117.7675","33.6631","SASW","20040918",,"Vs","0",,"m","m/s",
"1053","576","74","703SRN_S1","-117.7889","33.8272","SASW","20040918",,"Vs","0",,"m","m/s",
"1054","577","74","704OLI_S1","-117.9214","33.9452","SASW","20040919",,"Vs","0",,"m","m/s",
"1055","578","74","705CPP_S1","-117.808","34.0607","SASW","20040919",,"Vs","0",,"m","m/s",
"1056","579","74","706GSA_S1","-118.1276","34.1366","SASW","20040919",,"Vs","0",,"m","m/s",
"1057","580","74","707CHN_S1","-117.6773","33.9997","SASW","20040920",,"Vs","0",,"m","m/s",
"1058","581","74","708CRN_S1","-117.5594","33.8753","SASW","20040920",,"Vs","0",,"m","m/s",
"1059","582","74","709MLS_S1","-117.5646","34.0084","SASW","20040920",,"Vs","0",,"m","m/s",
"1060","583","74","710PDU_S1","-117.6396","34.118","SASW","20040921",,"Vs","0",,"m","m/s",
"1061","584","74","711FON_S1","-117.4382","34.1","SASW","20040921",,"Vs","0",,"m","m/s",
"1062","585","74","712CLT_S1","-117.3117","34.0934","SASW","20040921",,"Vs","0",,"m","m/s",
"1063","586","74","700FMP_S1","-118.2944","33.7134","SASW","20040917",,"Vs","0",,"m","m/s",
"1064","1808","144","SMCH_S1","-118.4918","34.0112","Suspension Logging","19960113",,"Vs","0",,"ft","ft/s",
"1065","1808","144","SMCH_P1","-118.4918","34.0112","Suspension Logging","19960113",,"Vp","0",,"ft","ft/s",
"1066","1809","135","UCLA_B1_S1","-118.4414","34.0665","Suspension Logging","20040715",,"Vs","0",,"m","m/s",
"1067","1809","135","UCLA_B1_P1","-118.4414","34.0665","Suspension Logging","20040715",,"Vp","0",,"m","m/s",
"1068","1810","133","UCR-5_RiveraLibr","-117.3276","33.9733","Suspension Logging","19980729",,"Vs","0",,"m","m/s",
"1069","1810","133","UCR-5_RiveraLibr","-117.3276","33.9733","Suspension Logging","19980729",,"Vp","0",,"m","m/s",
"1070","1810","133","UCR_PL16_S1","-117.3256","33.9752","Suspension Logging","19990719",,"Vs","0",,"m","m/s",
"1071","1810","133","UCR_PL16_P1","-117.3256","33.9752","Suspension Logging","19990719",,"Vp","0",,"m","m/s",
"1072","1810","133","UCR_PL13_S1","-117.3231","33.9736","Suspension Logging","19990721",,"Vs","0",,"m","m/s",
"1073","1810","133","UCR_PL13_P1","-117.3231","33.9736","Suspension Logging","19990721",,"Vp","0",,"m","m/s",
"1074","1811","134","UCSB_CLC-2_S1","-119.8437","34.4136","Suspension Logging","19970324",,"Vs","0",,"m","m/s",
"1075","1811","134","UCSB_CLC-2_P1","-119.8437","34.4136","Suspension Logging","19970324",,"Vp","0",,"m","m/s",
"1076","1811","134","UCSB-1_S2","-119.8437","34.4136","SCPT","19960910",,"Vs","0",,"ft","ft/s",
"1077","1812","28","UCSD_CLC-1_S1","-117.2269","32.8784","Suspension Logging","19970625",,"Vs","0",,"m","m/s",
"1078","1812","28","UCSD_CLC-1_P1","-117.2269","32.8784","Suspension Logging","19970625",,"Vp","0",,"m","m/s",
"1079","1812","28","UCSD_CPT-1","-117.2267","32.8783","SCPT","19961031",,"Vs","0",,"m","m/s",
"1080","1812","28","UCSD_CPT-2","-117.2259","32.8757","SCPT","19961031",,"Vs","0",,"m","m/s",
"1081","1812","28","UCSD_CPT-3","-117.2265","32.8764","SCPT","19961031",,"Vs","0",,"m","m/s",
"1082","1812","28","UCSD_CPT-4","-117.2229","32.878","SCPT","19961031",,"Vs","0",,"m","m/s",
"1083","1813","73","602RDA_VS1","-116.4008","33.3485","SASW",,"high","Vs","0",,"m","m/s",
"1084","1814","73","603ATC_VS1","-116.4008","33.3485","SASW","20031213","high","Vs","0",,"m","m/s",
"1085","1815","73","604ATV_VS1","-116.5925","33.4792","SASW","20031213","high","Vs","0",,"m","m/s",
"1086","1816","73","605SRM_VS1","-116.4008","33.3485","SASW","20031213","high","Vs","0",,"m","m/s",
"1087","1817","73","606APF_VS1","-116.4008","33.3485","SASW","20031213","high","Vs","0",,"m","m/s",
"1088","1818","73","607MHS_VS1","-116.1321","33.5986","SASW","20031215","high","Vs","0",,"m","m/s",
"1089","1819","73","608WBR_VS1","-116.0968","33.6401","SASW","20031215","high","Vs","0",,"m","m/s",
"1090","1820","73","609IFK_VS1","-116.7174","33.7077","SASW","20031216","high","Vs","0",,"m","m/s",
"1091","1821","73","610SPV_VS1","-116.8537","33.9845","SASW","20031216","high","Vs","0",,"m","m/s",
"1092","1822","73","611BTV_VS1","-116.8251","33.8691","SASW","20031216","high","Vs","0",,"m","m/s",
"1093","1823","73","612DCP_VS1","-117.3308","34.2236","SASW","20031217","high","Vs","0",,"m","m/s",
"1094","1824","73","613TSH_VS1","-117.3328","34.1621","SASW","20031217","high","Vs","0",,"m","m/s",
"1095","1825","73","614DRW_VS1","-117.2508","34.1656","SASW","20031216","high","Vs","0",,"m","m/s",
"1096","1826","73","615RCU_VS1","-117.579","34.1692","SASW","20031218","high","Vs","0",,"m","m/s",
"1097","1827","73","616SFS_VS1","-117.4268","34.1924","SASW","20031218","high","Vs","0",,"m","m/s",
"1098","1828","73","617LGP_VS1","-117.0114","37.1723","SASW","20031227","high","Vs","0",,"m","m/s",
"1099","1829","73","618GUN_VS1","-122.1064","37.2392","SASW","20031228","high","Vs","0",,"m","m/s",
"1100","1830","73","619COY_VS1","-121.5528","37.1242","SASW","20031216","high","Vs","0",,"m","m/s",
"1101","1831","73","620AND_VS1","-121.6317","37.1655","SASW","20031216","high","Vs","0",,"m","m/s",
"1102","1832","73","621FVC_VS1","-122.3082","37.4687","SASW","20031229","high","Vs","0",,"m","m/s",
"1103","1833","73","622CHP_VS1","-122.0913","37.5527","SASW","20031230","high","Vs","0",,"m","m/s",
"1104","1834","73","623UCM_VS1","-122.0069","37.6004","SASW","20031230","high","Vs","0",,"m","m/s",
"1105","1835","73","624SOP_VS1","-121.8301","37.5145","SASW","20031230","high","Vs","0",,"m","m/s",
"1106","1836","73","625SSF_VS1","-122.3876","37.6751","SASW","20031216","high","Vs","0",,"m","m/s",
"1107","1837","73","626CLF_VS1","-122.5117","37.7799","SASW","20040102","high","Vs","0",,"m","m/s",
"1108","1838","73","627PVC_VS1","-120.4673","35.9731","SASW","20040105","high","Vs","0",,"m","m/s",
"1109","1839","73","628LHM_VS1","-118.480616666667","34.6524333333333","SASW","20040106","high","Vs","0",,"m","m/s",
"1110","1840","73","629FRT_VS1","-118.8995","34.8707","SASW","20040106","high","Vs","0",,"m","m/s",
"1111","1841","73","630ANT_VS1","-118.3608","34.7574","SASW","20040106","high","Vs","0",,"m","m/s",
"1112","1842","73","631FMD_VS1","-118.4277","34.7043","SASW","20040106","high","Vs","0",,"m","m/s",
"1113","1843","73","632MOV_VS1","-118.3782","35.0418","SASW","20040107","high","Vs","0",,"m","m/s",
"1114","1844","73","633CSP_VS1","-117.3152","34.3078","SASW","20040107","high","Vs","0",,"m","m/s",
"1115","1845","73","634WSW_VS1","-117.6607","34.3689","SASW","20040108","high","Vs","0",,"m","m/s",
"1116","1846","73","635JFK_VS1","-117.7364","34.3811","SASW","20040108","high","Vs","0",,"m","m/s",
"1117","1847","73","636SOD_VS1","-117.0991","34.1106","SASW","20040108","high","Vs","0",,"m","m/s",
"1118","1848","73","637HBP_VS1","-117.7986","34.1589","SASW","20040108","high","Vs","0",,"m","m/s",
"1119","1849","73","638RCO_VS1","-117.2237","34.0043","SASW","20040109","high","Vs","0",,"m","m/s",
"1120","1850","73","639RIV_VS1","-117.3215","33.8936","SASW","20040109","high","Vs","0",,"m","m/s",
"1121","1851","73","640CMD_VS1","-117.4501","33.8537","SASW","20040109","high","Vs","0",,"m","m/s",
"1122","1852","73","641PER_VS1","-117.2297","33.7856","SASW","20040109","high","Vs","0",,"m","m/s",
"1123","1853","73","642NVO_VS1","-117.1329","33.8183","SASW","20040109","high","Vs","0",,"m","m/s",
"1124","1854","73","643MVA_VS1","-117.2048","33.6482","SASW","20040110","high","Vs","0",,"m","m/s",
"1125","1855","73","644LKE_VS1","-117.3326","33.401","SASW","20040110","high","Vs","0",,"m","m/s",
"1126","1856","73","645CCD_VS1","-117.8398","33.9124","SASW","20040110","high","Vs","0",,"m","m/s",
"1127","1857","73","646HHC_VS1","-117.9437","33.9901","SASW","20040110","high","Vs","0",,"m","m/s",
"1128","1858","73","647SAD_VS1","-118.0206","34.1841","SASW","20040111","high","Vs","0",,"m","m/s",
"1129","1859","73","648CWD_VS1","-117.9652","34.2448","SASW","20040111","high","Vs","0",,"m","m/s",
"1130","1860","73","649MVO_VS1","-118.0667","34.2269","SASW","20040111","high","Vs","0",,"m","m/s",
"1131","1861","73","650MBS_VS1","-117.6626","34.2323","SASW","20040112","high","Vs","0",,"m","m/s",
"1132","1862","73","651TUJ_VS1","-118.2268","34.287","SASW","20040112","high","Vs","0",,"m","m/s",
"1133","1863","73","652SFD_VS1","-118.7515","34.4593","SASW","20040112","high","Vs","0",,"m","m/s",
"1134","1864","73","653SVL_VS1","-118.6703","34.2632","SASW","20040113","high","Vs","0",,"m","m/s",
"1135","1865","73","654HST_VS1","-118.3018","34.204","SASW","20040113","high","Vs","0",,"m","m/s",
"1136","1866","73","655LAF_VS1","-118.4373","34.0893","SASW","20040113","high","Vs","0",,"m","m/s",
"1137","1867","73","656RPV_VS1","-118.3981","34.7454","SASW","20040113","high","Vs","0",,"m","m/s",
"1138","1868","73","651TUJ_VS1","-118.6391","34.0453","SASW","20040114","high","Vs","0",,"m","m/s",
"1139","1869","73","651TUJ_VS1","-118.5972","34.1668","SASW","20040112","high","Vs","0",,"m","m/s",
"1140","1870","73","659CAM_VS1","-118.9948","34.2238","SASW","20040114","high","Vs","0",,"m","m/s",
"1141","1871","73","660SLO_VS1","-120.6607","35.2846","SASW","20040115","high","Vs","0",,"m","m/s",
"1142","1872","73","661JBO_VS1","-121.5783","36.8616","SASW","20040115","high","Vs","0",,"m","m/s",
"1143","1873","26","807PAR_VS1","-120.4329","35.8985","SASW",,,"Vs","0",,"m","m/s",
"1144","1873","26","807PAR_VP1","-120.4329","35.8985","SASW",,,"Vp","0",,"m","m/s",
"1145","1873","26","807PAR_VS2","-120.4329","35.8985","SASW",,,"Vs","0",,"m","m/s",
"1146","1873","26","807PAR_VP2","-120.4329","35.8985","SASW",,,"Vp","0",,"m","m/s",
"1147","1874","26","807PAR_VS1","-120.4325","35.8986","SASW",,,"Vs","0",,"m","m/s",
"1148","1874","26","807PAR_VP1","-120.4325","35.8986","SASW",,,"Vp","0",,"m","m/s",
"1149","1874","26","807PAR_VS2","-120.4325","35.8986","SASW",,,"Vs","0",,"m","m/s",
"1150","1874","26","807PAR_VP2","-120.4325","35.8986","SASW",,,"Vp","0",,"m","m/s",
"1151","1875","26","809CHO_VS1","-120.2894","35.7328","SASW",,,"Vs","0",,"m","m/s",
"1152","1875","26","809CHO_VP1","-120.2894","35.7328","SASW",,,"Vp","0",,"m","m/s",
"1153","1875","26","809CHO_VS2","-120.2894","35.7328","SASW",,,"Vs","0",,"m","m/s",
"1154","1875","26","809CHO_VP2","-120.2894","35.7328","SASW",,,"Vs","0",,"m","m/s",
"1155","1876","26","810CHO_VS1","-120.2753","35.743","SASW",,,"Vs","0",,"m","m/s",
"1156","1876","26","810CHO_VP1","-120.2753","35.743","SASW",,,"Vp","0",,"m","m/s",
"1157","1876","26","810CHO_VS2","-120.2753","35.743","SASW",,,"Vs","0",,"m","m/s",
"1158","1876","26","810CHO_VP2","-120.2753","35.743","SASW",,,"Vp","0",,"m","m/s",
"1159","1877","26","811TUR_VS1","-120.3599","35.8779","SASW",,,"Vs","0",,"m","m/s",
"1160","1877","26","811TUR_VP1","-120.3599","35.8779","SASW",,,"Vp","0",,"m","m/s",
"1161","1877","26","811TUR_VS2","-120.3599","35.8779","SASW",,,"Vs","0",,"m","m/s",
"1162","1877","26","811TUR_VP2","-120.3599","35.8779","SASW",,,"Vp","0",,"m","m/s",
"1163","1878","26","812CHO_VS1","-120.3792","35.818","SASW",,,"Vs","0",,"m","m/s",
"1164","1878","26","812CHO_VP1","-120.3792","35.818","SASW",,,"Vp","0",,"m","m/s",
"1165","1878","26","812CHO_VS2","-120.3792","35.818","SASW",,,"Vs","0",,"m","m/s",
"1166","1878","26","812CHO_VP2","-120.3792","35.818","SASW",,,"Vp","0",,"m","m/s",
"1167","1879","26","813CHO_VS1","-120.3163","35.7072","SASW",,,"Vs","0",,"m","m/s",
"1168","1879","26","813CHO_VP1","-120.3163","35.7072","SASW",,,"Vp","0",,"m","m/s",
"1169","1879","26","813CHO_VS2","-120.3163","35.7072","SASW",,,"Vs","0",,"m","m/s",
"1170","1879","26","813CHO_VP2","-120.3163","35.7072","SASW",,,"Vp","0",,"m","m/s",
"1171","1880","26","814VIN_VS1","-120.5348","35.922","SASW",,,"Vs","0",,"m","m/s",
"1172","1880","26","814VIN_VP1","-120.5348","35.922","SASW",,,"Vp","0",,"m","m/s",
"1173","1880","26","814VIN_VS2","-120.5348","35.922","SASW",,,"Vs","0",,"m","m/s",
"1174","1880","26","814VIN_VP2","-120.5348","35.922","SASW",,,"Vp","0",,"m","m/s",
"1175","1881","26","815CHO_VS1","-120.3288","35.6963","SASW",,,"Vs","0",,"m","m/s",
"1176","1881","26","815CHO_VP1","-120.3288","35.6963","SASW",,,"Vp","0",,"m","m/s",
"1177","1881","26","815CHO_VS2","-120.3288","35.6963","SASW",,,"Vs","0",,"m","m/s",
"1178","1881","26","815CHO_VP2","-120.3288","35.6963","SASW",,,"Vp","0",,"m","m/s",
"1179","1882","26","816CHO_VS1","-120.2657","35.7521","SASW",,,"Vs","0",,"m","m/s",
"1180","1882","26","816CHO_VP1","-120.2657","35.7521","SASW",,,"Vp","0",,"m","m/s",
"1181","1882","26","816CHO_VS2","-120.2657","35.7521","SASW",,,"Vs","0",,"m","m/s",
"1182","1882","26","816CHO_VP2","-120.2657","35.7521","SASW",,,"Vp","0",,"m","m/s",
"1183","1883","26","817EAD_VS1","-120.4229","35.8952","SASW",,,"Vs","0",,"m","m/s",
"1184","1883","26","817EAD_VP1","-120.4229","35.8952","SASW",,,"Vp","0",,"m","m/s",
"1185","1883","26","817EAD_VS2","-120.4229","35.8952","SASW",,,"Vs","0",,"m","m/s",
"1186","1883","26","817EAD_VP2","-120.4229","35.8952","SASW",,,"Vp","0",,"m","m/s",
"1187","1884","26","818PAR_VS1","-120.457","35.9266","SASW",,,"Vs","0",,"m","m/s",
"1188","1884","26","818PAR_VP1","-120.457","35.9266","SASW",,,"Vp","0",,"m","m/s",
"1189","1884","26","818PAR_VS2","-120.457","35.9266","SASW",,,"Vs","0",,"m","m/s",
"1190","1884","26","818PAR_VP2","-120.457","35.9266","SASW",,,"Vp","0",,"m","m/s",
"1191","1885","26","819VIN_VS1","-120.4671","35.9731","SASW",,,"Vs","0",,"m","m/s",
"1192","1885","26","819VIN_VP1","-120.4671","35.9731","SASW",,,"Vp","0",,"m","m/s",
"1193","1885","26","819VIN_VS2","-120.4671","35.9731","SASW",,,"Vs","0",,"m","m/s",
"1194","1885","26","819VIN_VP2","-120.4671","35.9731","SASW",,,"Vp","0",,"m","m/s",
"1195","1886","26","820CHO_VS1","-120.4051","35.8701","SASW",,,"Vs","0",,"m","m/s",
"1196","1886","26","820CHO_VP1","-120.4051","35.8701","SASW",,,"Vp","0",,"m","m/s",
"1197","1886","26","820CHO_VS2","-120.4051","35.8701","SASW",,,"Vs","0",,"m","m/s",
"1198","1886","26","820CHO_VP2","-120.4051","35.8701","SASW",,,"Vp","0",,"m","m/s",
"1199","1887","26","821TUR_VS1","-120.3826","35.8767","SASW",,,"Vs","0",,"m","m/s",
"1200","1887","26","821TUR_VP1","-120.3826","35.8767","SASW",,,"Vp","0",,"m","m/s",
"1201","1887","26","821TUR_VS2","-120.3826","35.8767","SASW",,,"Vs","0",,"m","m/s",
"1202","1887","26","821TUR_VP2","-120.3826","35.8767","SASW",,,"Vp","0",,"m","m/s",
"1203","1888","26","822PAR_VS1","-120.4595","35.908","SASW",,,"Vs","0",,"m","m/s",
"1204","1888","26","822PAR_VP1","-120.4595","35.908","SASW",,,"Vp","0",,"m","m/s",
"1205","1888","26","822PAR_VS2","-120.4595","35.908","SASW",,,"Vs","0",,"m","m/s",
"1206","1888","26","822PAR_VP2","-120.4595","35.908","SASW",,,"Vp","0",,"m","m/s",
"1207","1889","26","823PAR_VS1","-120.4813","35.9211","SASW",,,"Vs","0",,"m","m/s",
"1208","1889","26","823PAR_VP1","-120.4813","35.9211","SASW",,,"Vp","0",,"m","m/s",
"1209","1889","26","823PAR_VS2","-120.4813","35.9211","SASW",,,"Vs","0",,"m","m/s",
"1210","1889","26","823PAR_VP2","-120.4813","35.9211","SASW",,,"Vp","0",,"m","m/s",
"1211","1890","26","824VCY_VS1","-120.4247","35.9399","SASW",,,"Vs","0",,"m","m/s",
"1212","1890","26","824VCY_VP1","-120.4247","35.9399","SASW",,,"Vp","0",,"m","m/s",
"1213","1890","26","824VCY_VS2","-120.4247","35.9399","SASW",,,"Vs","0",,"m","m/s",
"1214","1890","26","824VCY_VP2","-120.4247","35.9399","SASW",,,"Vp","0",,"m","m/s",
"1215","1891","26","825VCN_VS1","-120.4831","35.9573","SASW",,,"Vs","0",,"m","m/s",
"1216","1891","26","825VCN_VP1","-120.4831","35.9573","SASW",,,"Vp","0",,"m","m/s",
"1217","1891","26","825VCN_VS2","-120.4831","35.9573","SASW",,,"Vs","0",,"m","m/s",
"1218","1891","26","825VCN_VP2","-120.4831","35.9573","SASW",,,"Vp","0",,"m","m/s",
"1219","1892","26","826FZ_VS1","-120.3989","35.8955","SASW",,,"Vs","0",,"m","m/s",
"1220","1892","26","826FZ_VP1","-120.3989","35.8955","SASW",,,"Vp","0",,"m","m/s",
"1221","1892","26","826FZ_VS2","-120.3989","35.8955","SASW",,,"Vs","0",,"m","m/s",
"1222","1892","26","826FZ_VP2","-120.3989","35.8955","SASW",,,"Vp","0",,"m","m/s",
"1223","1893","26","827SAF_VS1","-120.5521","35.9741","SASW",,,"Vs","0",,"m","m/s",
"1224","1893","26","827SAF_VP1","-120.5521","35.9741","SASW",,,"Vp","0",,"m","m/s",
"1225","1893","26","827SAF_VS2","-120.5521","35.9741","SASW",,,"Vs","0",,"m","m/s",
"1226","1893","26","827SAF_VP2","-120.5521","35.9741","SASW",,,"Vp","0",,"m","m/s",
"1227","1894","26","828VIN_VS1","-120.5629","35.8829","SASW",,,"Vs","0",,"m","m/s",
"1228","1894","26","828VIN_VP1","-120.5629","35.8829","SASW",,,"Vp","0",,"m","m/s",
"1229","1894","26","828VIN_VS2","-120.5629","35.8829","SASW",,,"Vs","0",,"m","m/s",
"1230","1894","26","828VIN_VP2","-120.5629","35.8829","SASW",,,"Vp","0",,"m","m/s",
"1231","1895","26","829VIN_VS1","-120.5513","35.9033","SASW",,,"Vs","0",,"m","m/s",
"1232","1895","26","829VIN_VP1","-120.5513","35.9033","SASW",,,"Vp","0",,"m","m/s",
"1233","1895","26","829VIN_VS2","-120.5513","35.9033","SASW",,,"Vs","0",,"m","m/s",
"1234","1895","26","829VIN_VP2","-120.5513","35.9033","SASW",,,"Vp","0",,"m","m/s",
"1235","1896","26","830CHO_VS1","-120.2488","35.7671","SASW",,,"Vs","0",,"m","m/s",
"1236","1896","26","830CHO_VP1","-120.2488","35.7671","SASW",,,"Vp","0",,"m","m/s",
"1237","1896","26","830CHO_VS2","-120.2488","35.7671","SASW",,,"Vs","0",,"m","m/s",
"1238","1896","26","830CHO_VP2","-120.2488","35.7671","SASW",,,"Vp","0",,"m","m/s",
"1239","1897","26","831VIN_VS1","-120.4974","35.9336","SASW",,,"Vs","0",,"m","m/s",
"1240","1897","26","831VIN_VP1","-120.4974","35.9336","SASW",,,"Vp","0",,"m","m/s",
"1241","1897","26","831VIN_VS2","-120.4974","35.9336","SASW",,,"Vs","0",,"m","m/s",
"1242","1897","26","831VIN_VP2","-120.4974","35.9336","SASW",,,"Vp","0",,"m","m/s",
"1243","1898","26","832UPS_VS1","-120.5059","35.8214","SASW",,,"Vs","0",,"m","m/s",
"1244","1898","26","832UPS_VP1","-120.5059","35.8214","SASW",,,"Vp","0",,"m","m/s",
"1245","1898","26","832UPS_VS2","-120.5059","35.8214","SASW",,,"Vs","0",,"m","m/s",
"1246","1898","26","832UPS_VP2","-120.5059","35.8214","SASW",,,"Vp","0",,"m","m/s",
"1247","1899","26","833UPS_VS1","-120.5011","35.8248","SASW",,,"Vs","0",,"m","m/s",
"1248","1899","26","833UPS_VP1","-120.5011","35.8248","SASW",,,"Vp","0",,"m","m/s",
"1249","1899","26","833UPS_VS2","-120.5011","35.8248","SASW",,,"Vs","0",,"m","m/s",
"1250","1899","26","833UPS_VP2","-120.5011","35.8248","SASW",,,"Vp","0",,"m","m/s",
"1251","1900","26","834FZ_VS1","-120.4461","35.8791","SASW",,,"Vs","0",,"m","m/s",
"1252","1900","26","834FZ_VP1","-120.4461","35.8791","SASW",,,"Vp","0",,"m","m/s",
"1253","1900","26","834FZ_VS2","-120.4461","35.8791","SASW",,,"Vs","0",,"m","m/s",
"1254","1900","26","834FZ_VP2","-120.4461","35.8791","SASW",,,"Vp","0",,"m","m/s",
"1255","1901","26","835CHO_VS1","-120.3418","35.6842","SASW",,,"Vs","0",,"m","m/s",
"1256","1901","26","835CHO_VP1","-120.3418","35.6842","SASW",,,"Vp","0",,"m","m/s",
"1257","1901","26","835CHO_VS2","-120.3418","35.6842","SASW",,,"Vs","0",,"m","m/s",
"1258","1901","26","835CHO_VP2","-120.3418","35.6842","SASW",,,"Vp","0",,"m","m/s",
"1259","1902","26","836TUR_VS1","-120.351","35.8824","SASW",,,"Vs","0",,"m","m/s",
"1260","1902","26","836TUR_VP1","-120.351","35.8824","SASW",,,"Vp","0",,"m","m/s",
"1261","1902","26","836TUR_VS2","-120.351","35.8824","SASW",,,"Vs","0",,"m","m/s",
"1262","1902","26","836TUR_VP2","-120.351","35.8824","SASW",,,"Vp","0",,"m","m/s",
"1263","1903","26","837CHO_VS1","-120.3041","35.7151","SASW",,,"Vs","0",,"m","m/s",
"1264","1903","26","837CHO_VP1","-120.3041","35.7151","SASW",,,"Vp","0",,"m","m/s",
"1265","1903","26","837CHO_VS2","-120.3041","35.7151","SASW",,,"Vs","0",,"m","m/s",
"1266","1903","26","837CHO_VP2","-120.3041","35.7151","SASW",,,"Vp","0",,"m","m/s",
"1267","1904","26","838CHO_VS1","-120.3998","35.6369","SASW",,,"Vs","0",,"m","m/s",
"1268","1904","26","838CHO_VP1","-120.3998","35.6369","SASW",,,"Vp","0",,"m","m/s",
"1269","1904","26","838CHO_VS2","-120.3998","35.6369","SASW",,,"Vs","0",,"m","m/s",
"1270","1904","26","838CHO_VP2","-120.3998","35.6369","SASW",,,"Vp","0",,"m","m/s",
"1271","1905","26","839CHO_VS1","-120.297","35.7239","SASW",,,"Vs","0",,"m","m/s",
"1272","1905","26","839CHO_VP1","-120.297","35.7239","SASW",,,"Vp","0",,"m","m/s",
"1273","1905","26","839CHO_VS2","-120.297","35.7239","SASW",,,"Vs","0",,"m","m/s",
"1274","1905","26","839CHO_VP2","-120.297","35.7239","SASW",,,"Vp","0",,"m","m/s",
"1275","1906","26","840RFU_VS1","-120.257","35.6199","SASW",,,"Vs","0",,"m","m/s",
"1276","1906","26","840RFU_VP1","-120.257","35.6199","SASW",,,"Vp","0",,"m","m/s",
"1277","1906","26","840RFU_VS2","-120.257","35.6199","SASW",,,"Vs","0",,"m","m/s",
"1278","1906","26","840RFU_VP2","-120.257","35.6199","SASW",,,"Vp","0",,"m","m/s",
"1279","1907","26","841KFU_VS1","-120.2056","35.7153","SASW",,,"Vs","0",,"m","m/s",
"1280","1907","26","841KFU_VP1","-120.2056","35.7153","SASW",,,"Vp","0",,"m","m/s",
"1281","1907","26","841KFU_VS2","-120.2056","35.7153","SASW",,,"Vs","0",,"m","m/s",
"1282","1907","26","841KFU_VP2","-120.2056","35.7153","SASW",,,"Vp","0",,"m","m/s",
"1283","1908","26","842FFU_VS1","-120.4873","35.9108","SASW",,,"Vs","0",,"m","m/s",
"1284","1908","26","842FFU_VP1","-120.4873","35.9108","SASW",,,"Vp","0",,"m","m/s",
"1285","1908","26","842FFU_VS2","-120.4873","35.9108","SASW",,,"Vs","0",,"m","m/s",
"1286","1908","26","842FFU_VP2","-120.4873","35.9108","SASW",,,"Vp","0",,"m","m/s",
"1287","1909","26","843MFU_VS1","-120.4959","35.9564","SASW",,,"Vs","0",,"m","m/s",
"1288","1909","26","843MFU_VP1","-120.4959","35.9564","SASW",,,"Vp","0",,"m","m/s",
"1289","1909","26","843MFU_VS2","-120.4959","35.9564","SASW",,,"Vs","0",,"m","m/s",
"1290","1909","26","843MFU_VP2","-120.4959","35.9564","SASW",,,"Vp","0",,"m","m/s",
"1291","1910","26","844JFU_VS1","-120.4309","35.939","SASW",,,"Vs","0",,"m","m/s",
"1292","1910","26","844JFU_VP1","-120.4309","35.939","SASW",,,"Vp","0",,"m","m/s",
"1293","1910","26","844JFU_VS2","-120.4309","35.939","SASW",,,"Vs","0",,"m","m/s",
"1294","1910","26","844JFU_VP2","-120.4309","35.939","SASW",,,"Vp","0",,"m","m/s",
"1295","1911","26","845VIN_VS1","-120.51","35.9268","SASW",,,"Vs","0",,"m","m/s",
"1296","1911","26","845VIN_VP1","-120.51","35.9268","SASW",,,"Vp","0",,"m","m/s",
"1297","1911","26","845VIN_VS2","-120.51","35.9268","SASW",,,"Vs","0",,"m","m/s",
"1298","1911","26","845VIN_VP2","-120.51","35.9268","SASW",,,"Vp","0",,"m","m/s",
"1299","1912","26","846UPS_VS1","-120.5001","35.8277","SASW",,,"Vs","0",,"m","m/s",
"1300","1912","26","846UPS_VP1","-120.5001","35.8277","SASW",,,"Vp","0",,"m","m/s",
"1301","1912","26","846UPS_VS2","-120.5001","35.8277","SASW",,,"Vs","0",,"m","m/s",
"1302","1912","26","846UPS_VP2","-120.5001","35.8277","SASW",,,"Vp","0",,"m","m/s",
"1303","1913","26","847WFU_VS1","-120.5118","35.8145","SASW",,,"Vs","0",,"m","m/s",
"1304","1913","26","847WFU_VP1","-120.5118","35.8145","SASW",,,"Vp","0",,"m","m/s",
"1305","1913","26","847WFU_VS2","-120.5118","35.8145","SASW",,,"Vs","0",,"m","m/s",
"1306","1913","26","847WFU_VP2","-120.5118","35.8145","SASW",,,"Vp","0",,"m","m/s",
"1307","1914","26","848FZ_VS1","-120.4214","35.8586","SASW",,,"Vs","0",,"m","m/s",
"1308","1914","26","848FZ_VP1","-120.4214","35.8586","SASW",,,"Vp","0",,"m","m/s",
"1309","1914","26","848FZ_VS2","-120.4214","35.8586","SASW",,,"Vs","0",,"m","m/s",
"1310","1914","26","848FZ_VP2","-120.4214","35.8586","SASW",,,"Vp","0",,"m","m/s",
"1311","1915","26","849FZ_VS1","-120.3958","35.836","SASW",,,"Vs","0",,"m","m/s",
"1312","1915","26","849FZ_VP1","-120.3958","35.836","SASW",,,"Vp","0",,"m","m/s",
"1313","1915","26","849FZ_VS2","-120.3958","35.836","SASW",,,"Vs","0",,"m","m/s",
"1314","1915","26","849FZ_VP2","-120.3958","35.836","SASW",,,"Vp","0",,"m","m/s",
"1315","1916","26","850FZ_VS1","-120.345","35.8019","SASW",,,"Vs","0",,"m","m/s",
"1316","1916","26","850FZ_VP1","-120.345","35.8019","SASW",,,"Vp","0",,"m","m/s",
"1317","1916","26","850FZ_VS2","-120.345","35.8019","SASW",,,"Vs","0",,"m","m/s",
"1318","1916","26","850FZ_VP2","-120.345","35.8019","SASW",,,"Vp","0",,"m","m/s",
"1319","1917","26","851SC_VS1","-120.2713","35.8331","SASW",,,"Vs","0",,"m","m/s",
"1320","1917","26","851SC_VP1","-120.2713","35.8331","SASW",,,"Vp","0",,"m","m/s",
"1321","1917","26","851SC_VS2","-120.2713","35.8331","SASW",,,"Vs","0",,"m","m/s",
"1322","1917","26","851SC_VP2","-120.2713","35.8331","SASW",,,"Vp","0",,"m","m/s",
"1323","1918","26","852SC_VS1","-120.2831","35.8105","SASW",,,"Vs","0",,"m","m/s",
"1324","1918","26","852SC_VP1","-120.2831","35.8105","SASW",,,"Vp","0",,"m","m/s",
"1325","1918","26","852SC_VS2","-120.2831","35.8105","SASW",,,"Vs","0",,"m","m/s",
"1326","1918","26","852SC_VP2","-120.2831","35.8105","SASW",,,"Vp","0",,"m","m/s",
"1327","1919","26","853SC_VS1","-120.2948","35.7878","SASW",,,"Vs","0",,"m","m/s",
"1328","1919","26","853SC_VP1","-120.2948","35.7878","SASW",,,"Vp","0",,"m","m/s",
"1329","1919","26","853SC_VS2","-120.2948","35.7878","SASW",,,"Vs","0",,"m","m/s",
"1330","1919","26","853SC_VP2","-120.2948","35.7878","SASW",,,"Vp","0",,"m","m/s",
"1331","1920","26","854GH_VS1","-120.412","35.7958","SASW",,,"Vs","0",,"m","m/s",
"1332","1920","26","854GH_VP1","-120.412","35.7958","SASW",,,"Vp","0",,"m","m/s",
"1333","1920","26","854GH_VS2","-120.412","35.7958","SASW",,,"Vs","0",,"m","m/s",
"1334","1920","26","854GH_VP2","-120.412","35.7958","SASW",,,"Vp","0",,"m","m/s",
"1335","1921","26","855GH_VS1","-120.3922","35.8113","SASW",,,"Vs","0",,"m","m/s",
"1336","1921","26","855GH_VP1","-120.3922","35.8113","SASW",,,"Vp","0",,"m","m/s",
"1337","1921","26","855GH_VS2","-120.3922","35.8113","SASW",,,"Vs","0",,"m","m/s",
"1338","1921","26","855GH_VP2","-120.3922","35.8113","SASW",,,"Vp","0",,"m","m/s",
"1339","1922","26","856FZ_VS1","-120.3075","35.7581","SASW",,,"Vs","0",,"m","m/s",
"1340","1922","26","856FZ_VP1","-120.3075","35.7581","SASW",,,"Vp","0",,"m","m/s",
"1341","1922","26","856FZ_VS2","-120.3075","35.7581","SASW",,,"Vs","0",,"m","m/s",
"1342","1922","26","856FZ_VP2","-120.3075","35.7581","SASW",,,"Vp","0",,"m","m/s",
"1343","1923","26","857GH_VS1","-120.3346","35.8695","SASW",,,"Vs","0",,"m","m/s",
"1344","1923","26","857GH_VP1","-120.3346","35.8695","SASW",,,"Vp","0",,"m","m/s",
"1345","1923","26","857GH_VS2","-120.3346","35.8695","SASW",,,"Vs","0",,"m","m/s",
"1346","1923","26","857GH_VP2","-120.3346","35.8695","SASW",,,"Vp","0",,"m","m/s",
"1347","1924","26","858GH_VS1","-120.3485","35.8428","SASW",,,"Vs","0",,"m","m/s",
"1348","1924","26","858GH_VP1","-120.3485","35.8428","SASW",,,"Vp","0",,"m","m/s",
"1349","1924","26","858GH_VS2","-120.3485","35.8428","SASW",,,"Vs","0",,"m","m/s",
"1350","1924","26","858GH_VP2","-120.3485","35.8428","SASW",,,"Vp","0",,"m","m/s",
"1351","1925","26","859GFU_VS1","-120.3477","35.8324","SASW",,,"Vs","0",,"m","m/s",
"1352","1925","26","859GFU_VP1","-120.3477","35.8324","SASW",,,"Vp","0",,"m","m/s",
"1353","1925","26","859GFU_VS2","-120.3477","35.8324","SASW",,,"Vs","0",,"m","m/s",
"1354","1925","26","859GFU_VP2","-120.3477","35.8324","SASW",,,"Vp","0",,"m","m/s",
"1355","1926","3","SL-1 ReMi 1 : av","-122.3389","37.9689","ReMi","11.12.2002",,"Vs","892","ft/s","ft","ft/s",
"1356","1926","3","SL-1 ReMi 2 : so","-122.3389","37.9689","ReMi","11.12.2002",,"Vs","879","ft/s","ft","ft/s",
"1357","1926","3","SL-1 ReMi 1 : ha","-122.3389","37.9689","ReMi","11.12.2002",,"Vs","971","ft/s","ft","ft/s",
"1358","1927","25","CPT-01","-121.7862","37.3245","SCPT","5.29.2008",,"Vs","0",,"ft","ft/s",
"1359","1928","140","CPT-2","-121.8843","37.3149","SCPT","7.6.2012",,"Vs","0",,"ft","ft/s",
"1360","1929","140","CPT-1","-121.8224","37.2884","SCPT","7.20.2012",,"Vs","0",,"ft","ft/s",
"1361","1930","139","CPT-2","-121.8207","37.3535","SCPT","11.26.2012",,"Vs","0",,"ft","ft/s",
"1362","1931","127","CPT-01","-122.163","37.7085","SCPT","7.29.2014",,"Vs","0",,"ft","ft/s",
"1363","1932","24","CPT-4","-121.7933","37.3321","SCPT","3.16.2016",,"Vs","2265","ft/s","ft","ft/s",
"1364","1933","188","CPT-01","-122.2358","37.5378","SCPT","October, 2016",,"Vs","0",,"ft","ft/s",
"1365","1933","188","CPT-02","-122.2357","37.538","SCPT","October, 2016",,"Vs","0",,"ft","ft/s",
"1366","1934","56","SEISMIC SURVEY L","-122.2479","37.828","ReMi","6.10.2016",,"Vs","1470","ft/s","ft","ft/s",
"1367","1935","96","Community day sc","-122.2484","40.1827","ReMi","6.26.2012",,"Vs","1174","ft/s","ft","ft/s",
"1368","1936","93","S1","-121.7972","39.7384","ReMi","09.20.2013",,"Vs","2260","ft/s","ft","ft/s",
"1369","1937","91","S1","-121.8403","39.734","ReMi","11.25.2014",,"Vs","1076","ft/s","ft","ft/s",
"1370","1938","91","S-1","-120.2117","39.3248","ReMi","4.16.2015",,"Vs","787","ft/s","ft","ft/s",
"1371","1939","95","70453-01","-122.2369","40.156","ReMi","8.5.2013",,"Vs","1312","ft/s","ft","ft/s",
"1372","1940","4","CPT-1","-122.0085","38.3635","SCPT","4.1.2016",,"Vs","0",,"ft","ft/s",
"1373","1941","88","william land ele","-121.4968","38.5671","ReMi","2.2.2016",,"Vs","1197","ft/s","ft","ft/s",
"1374","1942","86","Truckee Elementa","-120.2202","39.325","ReMi","January, 2016",,"Vs","1532","ft/s","ft","ft/s",
"1375","1943","87","S-1","-120.456","39.316","ReMi","2.19.2016",,"Vs","4609","ft/s","ft","ft/s",
"1376","1944","88","Sutter Union Hig","-121.7558","39.165","ReMi","05.20.2015",,"Vs","1150","ft/s","ft","ft/s",
"1377","1945","90","Maywood middle s","-122.1702","39.9192","ReMi","8.17.2016",,"Vs","1635","ft/s","ft","ft/s",
"1378","1946","83","ReMi Alignment","-121.6138","39.7627","ReMi","11.28.2016",,"Vs","1922","ft/s","ft","ft/s",
"1379","1947","81","Chico High Schoo","-121.8504","39.732","ReMi","2.13.2017",,"Vs","1227","ft/s","ft","ft/s",
"1380","1948","84","193 leora court","-121.8827","39.7804","ReMi","05.05.2016",,"Vs","2273","ft/s","ft","ft/s",
"1381","1949","82","Chico Unified Sc","-121.8139","39.7598","ReMi","4.7.2009",,"Vs","1201","ft/s","ft","ft/s",
"1382","1950","69","CPT-2","-118.3853","34.0042","SCPT","October 8, 2003",,"Vs","0",,"ft","ft/s",
"1383","1951","35","SL1","-119.1213","37.9554","ReMi","1.19.2009",,"Vs","1023","ft/s","ft","ft/s",
"1384","1952","60","CPT-2","-118.5773","34.1862","SCPT","11.19.2009",,"Vs","0",,"ft","ft/s",
"1385","1953","117","B117 Vs","-118.6627","34.494","Suspension Logging","10.25.2010",,"Vs","0",,"ft","ft/s",
"1386","1953","117","B118 Vs","-118.6582","34.4958","Suspension Logging","10.25.2010",,"Vs","0",,"ft","ft/s",
"1387","1953","117","B117 Vp","-118.6582","34.4958","Suspension Logging","10.25.2010",,"Vp","0",,"ft","ft/s",
"1388","1953","117","B118 Vp","-118.6582","34.4958","Suspension Logging","10.25.2010",,"Vp","0",,"ft","ft/s",
"1389","1954","34","RL-1","-118.2713","34.0317","ReMi","8.11.2011",,"Vs","0",,"ft","ft/s",
"1390","1955","54","CPT-1","-118.1409","33.7765","SCPT","01.02.2013",,"Vs","0",,"ft","ft/s",
"1391","1955","54","CPT-4","-118.1409","33.7755","SCPT","01.02.2013",,"Vs","0",,"ft","ft/s",
"1392","1956","75","SW-1","-117.8841","33.9815","AM/MASW","4.28.2015",,"Vs","1268.1","ft/s","ft","ft/s",
"1393","1956","75","SW-2","-117.8834","33.983","AM/MASW","4.28.2015",,"Vs","1107.7","ft/s","ft","ft/s",
"1394","1956","75","SW-3","-117.8847","33.9819","AM/MASW","4.28.2015",,"Vs","1115.3","ft/s","ft","ft/s",
"1395","1957","66","C-3","-118.4111","34.0617","SCPT","4.16.2014",,"Vs","0",,"ft","ft/s",
"1396","1958","193","L01","-118.0342","34.0197","ReMi","6.16.2015",,"Vs","0",,"ft","ft/s",
"1397","1958","193","L02","-118.0339","34.0194","ReMi","6.16.2015",,"Vs","0",,"ft","ft/s",
"1398","1959","98","S-1","-117.809","34.118","AM/MASW","10.21.2015",,"Vs","1135.6","ft/s","ft","ft/s",
"1399","1960","97","SW-1","-118.3207","34.1992","AM/MASW","6.25.2015",,"Vs","1061.4","ft/s","ft","ft/s",
"1400","1961","77","SW-1","-118.094","34.1616","AM/MASW","12.13.2016",,"Vs","0",,"ft","ft/s",
"1401","1962","128","DH-402 Vs","-119.2529","34.2771","Suspension Logging","5.14.2011",,"Vs","0",,"ft","ft/s",
"1402","1962","128","DH-402 Vp","-119.2529","34.2771","Suspension Logging","5.14.2011",,"Vp","0",,"ft","ft/s",
"1403","1963","147","SEISMIC LINE S-1","-117.3812","33.9721","AM/MASW","3.16.2010",,"Vs","0",,"ft","ft/s",
"1404","1964","148","SEISMIC LINE S-1","-117.3094","34.0855","AM/MASW","3.9.2010",,"Vs","0",,"ft","ft/s",
"1405","1965","132","SW-1","-116.2405","33.7123","ReMi","6.30.2011",,"Vs","947","ft/s","ft","ft/s",
"1406","1966","119","SL-1","-117.8881","33.7585","ReMi","12.23.2010",,"Vs","925","ft/s","ft","ft/s",
"1407","1967","67","Line 1","-116.9135","32.7992","MASW","4.6.2013",,"Vs","1843.5","ft/s","ft","ft/s",
"1408","1968","76","SW-1","-117.5476","34.1321","AM/MASW","7.28.2014",,"Vs","1581.1","ft/s","ft","ft/s",
"1409","1969","131","SW-1","-117.1222","33.6537","ReMi","5.19.2009",,"Vs","2687","ft/s","ft","ft/s",
"1410","1970","99","RL-1","-117.1184","32.9083","ReMi","6.16.2015",,"Vs","2096","ft/s","ft","ft/s",
"1411","1971","55","CPT-2","-118.0094","33.7522","SCPT","12.29.2015",,"Vs","0",,"ft","ft/s",
"1412","1972","27","SL-1","-117.8883","33.7585","ReMi","12.16.2010",,"Vs","0",,"ft","ft/s",
"1413","1973","57","CPT-2","-117.918","33.6167","SCPT","8.16.2016",,"Vs","0",,"ft","ft/s",
"1414","1974","85","Oroville Hospita","-121.5412","39.5069","ReMi","5.31.2016",,"Vs","1896","ft/s","ft","ft/s",
"1415","1975","21","TRB-28 Vs","-122.0416","37.9128","Downhole","3.1.2005",,"Vs","0",,"ft","ft/s",
"1416","1975","21","TRB-28 Vp","-122.0416","37.9128","Downhole","3.1.2005",,"Vp","0",,"ft","ft/s",
"1417","1976","94","Glenn Medical Ce","-122.2081","39.5223","ReMi","10.5.2103",,"Vs","987","ft/s","ft","ft/s",
"1418","1977","191","Mercy Hospital B","-119.0277","35.3723","SASW","11.17.2008",,"Vs","0",,"ft","ft/s",
"1419","1978","19","CPT-1","-120.0444","36.9443","SCPT",,,"Vs","0",,"ft","ft/s",
"1420","1978","19","CPT-2","-120.0452","36.9434","SCPT",,,"Vs","0",,"ft","ft/s",
"1421","1979","62","B-3","-117.9291","33.6239","Suspension Logging","1.5.2006",,"Vs","0",,"ft","ft/s",
"1422","1980","61","G-1 Vs","-117.8651","33.7817","Downhole","9.6.2005",,"Vs","0",,"m","m/s",
"1423","1980","61","G-1 Vp","-117.8651","33.7817","Downhole","9.6.2005",,"Vp","0",,"m","m/s",
"1424","1981","63","CPT-2","-117.9265","33.8947","SCPT","3.8.2006",,"Vs","0",,"ft","ft/s",
"1425","1982","152","B-1 Case #1","-116.5432","33.84","Downhole","9.21.1989",,"Vs","0",,"ft","ft/s",
"1426","1982","152","B-1 Case #2","-116.5432","33.84","Downhole","9.21.1989",,"Vs","0",,"ft","ft/s",
"1427","1983","150","BORING B1","-117.3832","33.9768","Downhole","1.6.2008",,"Vs","0",,"ft","ft/s",
"1428","1983","150","BORING B1","-117.3832","33.9768","Downhole","1.6.2008",,"Vp","0",,"ft","ft/s",
"1429","1984","151","S-1","-117.2624","34.0549","ReMi","4.2.2006",,"Vs","1194","ft/s","ft","ft/s",
"1430","1985","71","CPT-2","-117.6432","34.0696","Downhole","7.27.2011",,"Vs","0",,"ft","ft/s",
"1431","1986","64","SASW","-117.6359","34.1025","SASW","6.30.2004",,"Vs","1527","ft/s","ft","ft/s",
"1432","1986","64","SASW","-117.6359","34.1025","SASW","6.30.2004",,"Vp","1527","ft/s","ft","ft/s",
"1433","1987","20","B-5","-122.3829","37.5932","Downhole","3.1.2002",,"Vs","0",,"ft","ft/s",
"1434","1987","20","B-5","-122.3829","37.5932","Downhole","3.1.2002",,"Vp","0",,"ft","ft/s",
"1435","1988","126","Line A Vs","-121.9786","37.5566","SASW","9.10. 2003",,"Vs","0",,"ft","ft/s",
"1436","1988","126","Line A Vp","-121.9786","37.5566","SASW","9.10. 2003",,"Vp","0",,"ft","ft/s",
"1437","1988","126","Line B Vs","-121.9787","37.5574","SASW","9.10. 2003",,"Vs","0",,"ft","ft/s",
"1438","1988","126","Line B Vp","-121.9787","37.5574","SASW","9.10. 2003",,"Vp","0",,"ft","ft/s",
"1439","1989","59","Vs in Los Angele","-118.1867","34.0193","ReMi","1.28.2009",,"Vs","1265","ft/s","ft","ft/s",
"1440","1990","149","S-1","-118.4867","34.158","ReMi","6.15.2009",,"Vs","987","ft/s","ft","ft/s",
"1441","1991","190","Vs","-118.2576","34.1282","SASW","11.13.2008",,"Vs","1123","ft/s","ft","ft/s",
"1442","1991","190","Vp","-118.2576","34.1282","SASW","11.13.2008",,"Vp","0",,"ft","ft/s",
"1443","1992","192","CPT-1","-118.5332","34.2205","SCPT","11.17.2003",,"Vs","0",,"ft","ft/s",
"1444","1993","189","S01","-118.1577","33.9305","ReMi","2.19.2009",,"Vs","1001","ft/s","ft","ft/s",
"1445","1994","16","ReMi LINE 2008","-117.0828","32.6338","ReMi","9.8.2008",,"Vs","1056","ft/s","ft","ft/s",
"1446","1995","136","B-1","-117.0835","32.6332","Downhole","February.1999",,"Vs","1305","ft/s","ft","ft/s",
"1447","1995","136","B-2","-117.0833","32.6343","Downhole","February.1999",,"Vs","1163","ft/s","ft","ft/s",
"1448","1996","17","B-1","-117.151","32.7972","Downhole","3.24.2000",,"Vs","0",,"ft","ft/s",
"1449","1996","17","B-2","-117.151","32.7975","Downhole","3.24.2000",,"Vs","0",,"ft","ft/s",
"1450","1997","137","B-4A","-117.1608","32.7518","Downhole","6,15, 1977",,"Vs","0",,"ft","ft/s",
"1451","1998","72","SASW Vs","-117.2242","32.8856","SASW","1.8.2008",,"Vs","0",,"ft","ft/s",
"1452","1998","72","SASW Vp","-117.2242","32.8856","SASW","1.8.2008",,"Vp","0",,"ft","ft/s",
"1453","1999","13","ARRAY 1 Vs","-117.1546","32.7998","SASW","6.13.2001",,"Vs","0",,"ft","ft/s",
"1454","1999","13","ARRAY 1 Vp","-117.1546","32.7998","SASW","6.13.2001",,"Vp","0",,"ft","ft/s",
"1455","2000","23","B-1 Vs","-122.457","37.7627","Downhole","12.20.2002",,"Vs","0",,"ft","ft/s",
"1456","2000","23","B-1 Vp","-122.457","37.7627","Downhole","12.20.2002",,"Vp","0",,"ft","ft/s",
"1457","2001","44","BH-2 Vs","-123.2035","39.153","Downhole","1.29.2008",,"Vs","0",,"ft","ft/s",
"1458","2001","44","BH-2 Vp","-123.2035","39.153","Downhole","1.29.2008",,"Vp","0",,"ft","ft/s",
"1459","2002","37","LP-9 Vs","-122.1741","37.4366","Suspension Logging","8.7.2007",,"Vs","0",,"ft","ft/s",
"1460","2002","37","LP-9 Vp","-122.1741","37.4366","Suspension Logging","8.7.2007",,"Vp","0",,"ft","ft/s",
"1461","2003","118","SCPT-1","-118.13","33.9201","SCPT","6.25.2016",,"Vs","0",,"ft","ft/s",
"1462","2003","118","SCPT-7","-118.1278","33.9201","SCPT","6.25.2016",,"Vs","0",,"ft","ft/s",
"1463","2004","22","B1-4","-122.4219","37.7863","Downhole","5.20.2004",,"Vs","0",,"ft","ft/s",
"1464","2004","22","B1-9","-122.423","37.7857","Downhole","5.20.2004",,"Vs","0",,"ft","ft/s",
"1465","2005","18","B-1A Vs","-117.1219","33.1221","Suspension Logging","05.05.2005",,"Vs","0",,"ft","ft/s",
"1466","2005","18","B-1 Vs","-117.1215","33.1215","Suspension Logging","06.28.2005",,"Vs","0",,"ft","ft/s",
"1467","2005","18","B-2 Vs","-117.1193","33.1231","Suspension Logging","06.28.2005",,"Vs","0",,"ft","ft/s",
"1468","2005","18","B-3 Vs","-117.1223","33.1202","Suspension Logging","06.29.2005",,"Vs","0",,"ft","ft/s",
"1469","2005","18","B-1A Vp","-117.1219","33.1221","Suspension Logging","05.05.2005",,"Vp","0",,"ft","ft/s",
"1470","2005","18","B-1 Vp","-117.1215","33.1215","Suspension Logging","06.28.2005",,"Vp","0",,"ft","ft/s",
"1471","2005","18","B-2 Vp","-117.1193","33.1231","Suspension Logging","06.28.2005",,"Vp","0",,"ft","ft/s",
"1472","2005","18","B-3 Vp","-117.1223","33.1202","Suspension Logging","06.29.2005",,"Vp","0",,"ft","ft/s",
"1473","2006","43","RR-1 Vs","-122.0058","37.5998","Suspension Logging","9.17.2015",,"Vs","0",,"ft","ft/s",
"1474","2006","43","RR-1 Vp","-122.0058","37.5998","Suspension Logging","9.17.2015",,"Vp","0",,"ft","ft/s",
"1475","2007","5","CPT-1","-121.7754","38.5605","SCPT","12.03.2014",,"Vs","0",,"ft","ft/s",
"1476","2007","5","CPT-2","-121.7754","38.5601","SCPT","12.03.2014",,"Vs","0",,"ft","ft/s",
"1477","2008","78","Fountain Valley ","-117.9323","33.7138","Downhole","7.20.1986",,"Vs","0",,"ft","ft/s",
"1478","2051","65","KU S-wave Refrac","-88.8428","37.10176","S-wave Refraction",,,"Vs","255","m/s","m","m/s",
"1479","2052","65","KU S-wave Refrac","-88.80004","37.11617","S-wave Refraction",,,"Vs","189","m/s","m","m/s",
"1480","2053","65","KU S-wave Refrac","-88.82374","37.12172","S-wave Refraction",,,"Vs","176.8","m/s","m","m/s",
"1481","2054","65","KU S-wave Refrac","-88.8167","37.09683","S-wave Refraction",,,"Vs","274.3","m/s","m","m/s",
"1482","2055","65","KU S-wave Refrac","-88.78476","37.0971","S-wave Refraction",,,"Vs","234.7","m/s","m","m/s",
"1483","2056","65","KU S-wave Refrac","-88.76535","37.11699","S-wave Refraction",,,"Vs","192","m/s","m","m/s",
"1484","2057","65","KU S-wave Refrac","-88.76844","37.05582","S-wave Refraction",,,"Vs","364.9","m/s","m","m/s",
"1485","2058","65","KU S-wave Refrac","-88.80639","37.13591","S-wave Refraction",,,"Vs","185.6","m/s","m","m/s",
"1486","2059","65","KU S-wave Refrac","-88.79077","37.14798","S-wave Refraction",,,"Vs","259.1","m/s","m","m/s",
"1487","2060","65","KU S-wave Refrac","-88.76569","37.14442","S-wave Refraction",,,"Vs","243.8","m/s","m","m/s",
"1488","2061","65","KU S-wave Refrac","-88.77754","37.13303","S-wave Refraction",,,"Vs","257.6","m/s","m","m/s",
"1489","2062","65","KU S-wave Refrac","-88.74114","37.13866","S-wave Refraction",,,"Vs","246.9","m/s","m","m/s",
"1490","2063","65","KU S-wave Refrac","-88.68481","37.12645","S-wave Refraction",,,"Vs","268.2","m/s","m","m/s",
"1491","2064","65","KU S-wave Refrac","-88.52699","37.04759","S-wave Refraction",,,"Vs","298.7","m/s","m","m/s",
"1492","2065","65","KU S-wave Refrac","-88.59534","37.03237","S-wave Refraction",,,"Vs","242.4","m/s","m","m/s",
"1493","2066","65","KU S-wave Refrac","-88.57456","37.0528","S-wave Refraction",,,"Vs","247.7","m/s","m","m/s",
"1494","2067","65","KU S-wave Refrac","-88.53351","37.01083","S-wave Refraction",,,"Vs","280.7","m/s","m","m/s",
"1495","2068","65","KU S-wave Refrac","-88.61337","37.10012","S-wave Refraction",,,"Vs","201.2","m/s","m","m/s",
"1496","2069","65","KU S-wave Refrac","-88.60255","37.09408","S-wave Refraction",,,"Vs","216.4","m/s","m","m/s",
"1497","2070","65","KU S-wave Refrac","-88.59122","37.0827","S-wave Refraction",,,"Vs","243.8","m/s","m","m/s",
"1498","2071","65","KU S-wave Refrac","-88.6168","37.06693","S-wave Refraction",,,"Vs","237.7","m/s","m","m/s",
"1499","2072","65","KU S-wave Refrac","-88.59156","37.00466","S-wave Refraction",,,"Vs","271.3","m/s","m","m/s",
"1500","2073","65","KU S-wave Refrac","-88.6168","37.01207","S-wave Refraction",,,"Vs","369.6","m/s","m","m/s",
"1501","2074","65","KU S-wave Refrac","-88.65699","37.09203","S-wave Refraction",,,"Vs","250.4","m/s","m","m/s",
"1502","2075","65","KU S-wave Refrac","-88.73513","37.08928","S-wave Refraction",,,"Vs","261.8","m/s","m","m/s",
"1503","2076","65","KU S-wave Refrac","-88.68447","37.07571","S-wave Refraction",,,"Vs","256.6","m/s","m","m/s",
"1504","2077","65","KU S-wave Refrac","-88.66231","37.08627","S-wave Refraction",,,"Vs","274.3","m/s","m","m/s",
"1505","2078","65","KU S-wave Refrac","-88.63209","37.1089","S-wave Refraction",,,"Vs","228.6","m/s","m","m/s",
"1506","2079","65","KU S-wave Refrac","-88.67794","37.09354","S-wave Refraction",,,"Vs","289.6","m/s","m","m/s",
"1507","2080","65","KU S-wave Refrac","-88.6654","37.09628","S-wave Refraction",,,"Vs","281.6","m/s","m","m/s",
"1508","2081","65","KU S-wave Refrac","-88.63587","37.08682","S-wave Refraction",,,"Vs","262.1","m/s","m","m/s",
"1509","2082","65","KU S-wave Refrac","-88.663","37.05747","S-wave Refraction",,,"Vs","283.5","m/s","m","m/s",
"1510","2083","65","KU S-wave Refrac","-88.64978","37.03977","S-wave Refraction",,,"Vs","305.1","m/s","m","m/s",
"1511","2084","65","KU S-wave Refrac","-88.67519","37.06419","S-wave Refraction",,,"Vs","346.2","m/s","m","m/s",
"1512","2085","65","KU S-wave Refrac","-88.62865","37.02565","S-wave Refraction",,,"Vs","342.4","m/s","m","m/s",
"1513","2086","65","KU S-wave Refrac","-88.64943","37.07022","S-wave Refraction",,,"Vs","396.2","m/s","m","m/s",
"1514","2087","65","KU S-wave Refrac","-88.65819","37.11699","S-wave Refraction",,,"Vs","256","m/s","m","m/s",
"1515","2088","65","KU S-wave Refrac","-87.545","37.876","S-wave Refraction",,,"Vs","480.66","m/s","m","m/s",
"1516","2089","65","KU S-wave Refrac","-87.548","37.883","S-wave Refraction",,,"Vs","489.4","m/s","m","m/s",
"1517","2090","65","KU S-wave Refrac","-87.57","37.884","S-wave Refraction",,,"Vs","290.12","m/s","m","m/s",
"1518","2091","65","KU S-wave Refrac","-87.516","37.829","S-wave Refraction",,,"Vs","451.91","m/s","m","m/s",
"1519","2092","65","KU S-wave Refrac","-87.541","37.85","S-wave Refraction",,,"Vs","303.6","m/s","m","m/s",
"1520","2093","65","KU S-wave Refrac","-87.554","37.808","S-wave Refraction",,,"Vs","436.42","m/s","m","m/s",
"1521","2094","65","KU S-wave Refrac","-87.562","37.844","S-wave Refraction",,,"Vs","308.23","m/s","m","m/s",
"1522","2095","65","KU S-wave Refrac","-87.568","37.821","S-wave Refraction",,,"Vs","399.4","m/s","m","m/s",
"1523","2096","65","KU S-wave Refrac","-87.568","37.835","S-wave Refraction",,,"Vs","405.9","m/s","m","m/s",
"1524","2097","65","KU S-wave Refrac","-87.57","37.83","S-wave Refraction",,,"Vs","466.69","m/s","m","m/s",
"1525","2098","65","KU S-wave Refrac","-87.571","37.853","S-wave Refraction",,,"Vs","301.85","m/s","m","m/s",
"1526","2099","65","KU S-wave Refrac","-87.581","37.812","S-wave Refraction",,,"Vs","368.08","m/s","m","m/s",
"1527","2100","65","KU S-wave Refrac","-87.588","37.834","S-wave Refraction",,,"Vs","250.67","m/s","m","m/s",
"1528","2101","65","KU S-wave Refrac","-87.591","37.797","S-wave Refraction",,,"Vs","236.9","m/s","m","m/s",
"1529","2102","65","KU S-wave Refrac","-87.592","37.786","S-wave Refraction",,,"Vs","215.08","m/s","m","m/s",
"1530","2103","65","KU S-wave Refrac","-87.594","37.841","S-wave Refraction",,,"Vs","280.1","m/s","m","m/s",
"1531","2104","65","KU S-wave Refrac","-87.594","37.825","S-wave Refraction",,,"Vs","310.1","m/s","m","m/s",
"1532","2105","65","KU S-wave Refrac","-87.601","37.822","S-wave Refraction",,,"Vs","0","m/s","m","m/s",
"1533","2106","65","KU S-wave Refrac","-87.607","37.814","S-wave Refraction",,,"Vs","221.89","m/s","m","m/s",
"1534","2107","65","KU S-wave Refrac","-87.612","37.806","S-wave Refraction",,,"Vs","245.91","m/s","m","m/s",
"1535","2108","65","KU S-wave Refrac","-87.612","37.779","S-wave Refraction",,,"Vs","394.61","m/s","m","m/s",
"1536","2109","65","KU S-wave Refrac","-87.62","37.817","S-wave Refraction",,,"Vs","241.52","m/s","m","m/s",
"1537","2110","65","KU S-wave Refrac","-87.629","37.804","S-wave Refraction",,,"Vs","277.91","m/s","m","m/s",
"1538","2111","65","KU S-wave Refrac","-87.642","37.795","S-wave Refraction",,,"Vs","283.45","m/s","m","m/s",
"1539","2112","65","KU S-wave Refrac","-87.656","37.806","S-wave Refraction",,,"Vs","245.5","m/s","m","m/s",
"1540","2113","65","KU S-wave Refrac","-87.674","37.814","S-wave Refraction",,,"Vs","224.11","m/s","m","m/s",
"1926","2499","65","KU S-wave Refrac","-90.05","35.32","S-wave Refraction",,,"Vs","272","m/s","m","m/s",
"1927","2500","65","KU S-wave Refrac","-90.049","35.284","S-wave Refraction",,,"Vs","0","m/s","m","m/s",
"1928","2501","65","KU S-wave Refrac","-89.954","35.338","S-wave Refraction",,,"Vs","220","m/s","m","m/s",
"1929","2502","65","KU S-wave Refrac","-89.942","35.279","S-wave Refraction",,,"Vs","223","m/s","m","m/s",
"1930","2503","65","KU S-wave Refrac","-89.89","35.333","S-wave Refraction",,,"Vs","0","m/s","m","m/s",
"1931","2504","65","KU S-wave Refrac","-89.846","35.293","S-wave Refraction",,,"Vs","270","m/s","m","m/s",
"1932","2505","65","KU S-wave Refrac","-89.762","35.286","S-wave Refraction",,,"Vs","216","m/s","m","m/s",
"1933","2506","65","KU S-wave Refrac","-89.667","35.321","S-wave Refraction",,,"Vs","252","m/s","m","m/s",
"1934","2507","65","KU S-wave Refrac","-90.219","35.195","S-wave Refraction",,,"Vs","199","m/s","m","m/s",
"1935","2508","65","KU S-wave Refrac","-90.23","35.193","S-wave Refraction",,,"Vs","180","m/s","m","m/s",
"1936","2509","65","KU S-wave Refrac","-90.115","35.24","S-wave Refraction",,,"Vs","205","m/s","m","m/s",
"1937","2510","65","KU S-wave Refrac","-90.103","35.145","S-wave Refraction",,,"Vs","193","m/s","m","m/s",
"1938","2511","65","KU S-wave Refrac","-90.057","35.156","S-wave Refraction",,,"Vs","188","m/s","m","m/s",
"1939","2512","65","KU S-wave Refrac","-90.013","35.241","S-wave Refraction",,,"Vs","266","m/s","m","m/s",
"1940","2513","65","KU S-wave Refrac","-89.986","35.196","S-wave Refraction",,,"Vs","225","m/s","m","m/s",
"1941","2514","65","KU S-wave Refrac","-89.969","35.22","S-wave Refraction",,,"Vs","238","m/s","m","m/s",
"1942","2515","65","KU S-wave Refrac","-89.92","35.161","S-wave Refraction",,,"Vs","181","m/s","m","m/s",
"1943","2516","65","KU S-wave Refrac","-89.909","35.192","S-wave Refraction",,,"Vs","266","m/s","m","m/s",
"1944","2517","65","KU S-wave Refrac","-89.87","35.188","S-wave Refraction",,,"Vs","256","m/s","m","m/s",
"1945","2518","65","KU S-wave Refrac","-89.856","35.169","S-wave Refraction",,,"Vs","0","m/s","m","m/s",
"1946","2519","65","KU S-wave Refrac","-89.849","35.158","S-wave Refraction",,,"Vs","344","m/s","m","m/s",
"1947","2520","65","KU S-wave Refrac","-89.812","35.132","S-wave Refraction",,,"Vs","204","m/s","m","m/s",
"1948","2521","65","KU S-wave Refrac","-89.8","35.209","S-wave Refraction",,,"Vs","292","m/s","m","m/s",
"1949","2522","65","KU S-wave Refrac","-89.755","35.167","S-wave Refraction",,,"Vs","0","m/s","m","m/s",
"1950","2523","65","KU S-wave Refrac","-89.766","35.248","S-wave Refraction",,,"Vs","209","m/s","m","m/s",
"1951","2524","65","KU S-wave Refrac","-89.65","35.201","S-wave Refraction",,,"Vs","0","m/s","m","m/s",
"1952","2525","65","KU S-wave Refrac","-90.338","35.029","S-wave Refraction",,,"Vs","199","m/s","m","m/s",
"1953","2526","65","KU S-wave Refrac","-90.227","35.081","S-wave Refraction",,,"Vs","181","m/s","m","m/s",
"1954","2527","65","KU S-wave Refrac","-90.113","35.005","S-wave Refraction",,,"Vs","213","m/s","m","m/s",
"1955","2528","65","KU S-wave Refrac","-90.068","35.034","S-wave Refraction",,,"Vs","0","m/s","m","m/s",
"1956","2529","65","KU S-wave Refrac","-90.002","35.058","S-wave Refraction",,,"Vs","264","m/s","m","m/s",
"1957","2530","65","KU S-wave Refrac","-89.983","35.125","S-wave Refraction",,,"Vs","0","m/s","m","m/s",
"1958","2531","65","KU S-wave Refrac","-89.966","35.035","S-wave Refraction",,,"Vs","326","m/s","m","m/s",
"1959","2532","65","KU S-wave Refrac","-89.91","35.05","S-wave Refraction",,,"Vs","0","m/s","m","m/s",
"1960","2533","65","KU S-wave Refrac","-89.904","35.083","S-wave Refraction",,,"Vs","315","m/s","m","m/s",
"1961","2534","65","KU S-wave Refrac","-89.884","35.023","S-wave Refraction",,,"Vs","0","m/s","m","m/s",
"1962","2535","65","KU S-wave Refrac","-89.857","35.076","S-wave Refraction",,,"Vs","263","m/s","m","m/s",
"1963","2536","65","KU S-wave Refrac","-89.834","35.061","S-wave Refraction",,,"Vs","210","m/s","m","m/s",
"1964","2537","65","KU S-wave Refrac","-89.903","35.079","S-wave Refraction",,,"Vs","287","m/s","m","m/s",
"1965","2538","65","KU S-wave Refrac","-89.796","35.042","S-wave Refraction",,,"Vs","217","m/s","m","m/s",
"1966","2539","65","KU S-wave Refrac","-89.763","35.031","S-wave Refraction",,,"Vs","0","m/s","m","m/s",
"1967","2540","65","KU S-wave Refrac","-89.655","35.19","S-wave Refraction",,,"Vs","0","m/s","m","m/s",
"1968","2541","65","KU S-wave Refrac","-89.652","35.02","S-wave Refraction",,,"Vs","0","m/s","m","m/s",
"1969","2542","65","KU S-wave Refrac","-90.185","34.958","S-wave Refraction",,,"Vs","194","m/s","m","m/s",
"1970","2543","65","KU S-wave Refrac","-90.167","34.894","S-wave Refraction",,,"Vs","187","m/s","m","m/s",
"1971","2544","65","KU S-wave Refrac","-90.118","34.977","S-wave Refraction",,,"Vs","304","m/s","m","m/s",
"1972","2545","65","KU S-wave Refrac","-90.009","34.961","S-wave Refraction",,,"Vs","218","m/s","m","m/s",
"1973","2546","65","KU S-wave Refrac","-89.958","34.94","S-wave Refraction",,,"Vs","0","m/s","m","m/s",
"1974","2547","65","KU S-wave Refrac","-90.118","34.971","S-wave Refraction",,,"Vs","0","m/s","m","m/s",
"1975","2548","65","KU S-wave Refrac","-89.854","34.991","S-wave Refraction",,,"Vs","0","m/s","m","m/s",
"1976","2549","65","KU S-wave Refrac","-89.856","34.959","S-wave Refraction",,,"Vs","0","m/s","m","m/s",
"1977","2550","65","KU S-wave Refrac","-89.835","34.957","S-wave Refraction",,,"Vs","0","m/s","m","m/s",
"1978","2551","65","KU S-wave Refrac","-89.799","34.984","S-wave Refraction",,,"Vs","0","m/s","m","m/s",
"1979","2552","65","KU S-wave Refrac","-89.795","34.9","S-wave Refraction",,,"Vs","0","m/s","m","m/s",
"1980","2553","65","KU S-wave Refrac","-90.334","34.828","S-wave Refraction",,,"Vs","173","m/s","m","m/s",
"1981","2554","65","KU S-wave Refrac","-90.293","34.847","S-wave Refraction",,,"Vs","193","m/s","m","m/s",
"1982","2555","65","KU S-wave Refrac","-90.234","34.822","S-wave Refraction",,,"Vs","189","m/s","m","m/s",
"1983","2556","65","KU S-wave Refrac","-90.227","34.847","S-wave Refraction",,,"Vs","179","m/s","m","m/s",
"1984","2557","65","KU S-wave Refrac","-90.203","34.861","S-wave Refraction",,,"Vs","205","m/s","m","m/s",
"1985","2558","65","KU S-wave Refrac","-90.149","34.803","S-wave Refraction",,,"Vs","258","m/s","m","m/s",
"1986","2559","65","KU S-wave Refrac","-90.085","34.83","S-wave Refraction",,,"Vs","237","m/s","m","m/s",
"1987","2560","65","KU S-wave Refrac","-88.337","37.746","S-wave Refraction",,,"Vs","706","m/s","m","m/s",
"1988","2561","65","KU S-wave Refrac","-88.36","37.751","S-wave Refraction",,,"Vs","753","m/s","m","m/s",
"1989","2562","65","KU S-wave Refrac","-88.36","37.755","S-wave Refraction",,,"Vs","754","m/s","m","m/s",
"1990","2563","65","KU S-wave Refrac","-88.36","37.755","S-wave Refraction",,,"Vs","754","m/s","m","m/s",
"1991","2564","65","KU S-wave Refrac","-88.377","37.758","S-wave Refraction",,,"Vs","850","m/s","m","m/s",
"1992","2565","65","KU S-wave Refrac","-88.377","37.758","S-wave Refraction",,,"Vs","850","m/s","m","m/s",
"1993","2566","65","KU S-wave Refrac","-88.379","37.759","S-wave Refraction",,,"Vs","675","m/s","m","m/s",
"1994","2567","65","KU S-wave Refrac","-89.125","37.788","S-wave Refraction",,,"Vs","279","m/s","m","m/s",
"1995","2568","65","KU S-wave Refrac","-89.13","37.788","S-wave Refraction",,,"Vs","486","m/s","m","m/s",
"1996","2569","65","KU S-wave Refrac","-87.358","38.128","S-wave Refraction",,,"Vs","675","m/s","m","m/s",
"1997","2570","65","KU S-wave Refrac","-87.356","38.12","S-wave Refraction",,,"Vs","749","m/s","m","m/s",
"1998","2571","65","KU S-wave Refrac","-87.391","38.226","S-wave Refraction",,,"Vs","753","m/s","m","m/s",
"1999","2572","65","KU S-wave Refrac","-87.391","38.226","S-wave Refraction",,,"Vs","753","m/s","m","m/s",
"2000","2573","65","KU S-wave Refrac","-87.281","38.09","S-wave Refraction",,,"Vs","832","m/s","m","m/s",
"2001","2574","65","KU S-wave Refrac","-87.35","38.253","S-wave Refraction",,,"Vs","933","m/s","m","m/s",
"2002","2575","65","KU S-wave Refrac","-87.365","38.363","S-wave Refraction",,,"Vs","250","m/s","m","m/s",
"2003","2576","65","KU S-wave Refrac","-87.455","38.335","S-wave Refraction",,,"Vs","580","m/s","m","m/s",
"2004","2577","65","KU S-wave Refrac","-87.363","38.284","S-wave Refraction",,,"Vs","730","m/s","m","m/s",
"2005","2578","65","KU S-wave Refrac","-87.445","38.336","S-wave Refraction",,,"Vs","389","m/s","m","m/s",
"2006","2579","65","KU S-wave Refrac","-87.35","38.304","S-wave Refraction",,,"Vs","435","m/s","m","m/s",
"2007","2580","65","KU S-wave Refrac","-87.341","38.337","S-wave Refraction",,,"Vs","314","m/s","m","m/s",
"2008","2581","65","KU S-wave Refrac","-87.293","38.353","S-wave Refraction",,,"Vs","780","m/s","m","m/s",
"2009","2582","65","KU S-wave Refrac","-87.282","38.352","S-wave Refraction",,,"Vs","705","m/s","m","m/s",
"2010","2583","65","KU S-wave Refrac","-87.275","38.352","S-wave Refraction",,,"Vs","883","m/s","m","m/s",
"2011","2584","65","KU S-wave Refrac","-87.278","38.353","S-wave Refraction",,,"Vs","690","m/s","m","m/s",
"2012","2585","65","KU S-wave Refrac","-87.275","38.352","S-wave Refraction",,,"Vs","883","m/s","m","m/s",
"2013","2586","65","KU S-wave Refrac","-86.945","38.167","S-wave Refraction",,,"Vs","1044","m/s","m","m/s",
"2014","2587","65","KU S-wave Refrac","-87.708","37.926","S-wave Refraction",,,"Vs","774","m/s","m","m/s",
"2015","2588","65","KU S-wave Refrac","-87.435","38.765","S-wave Refraction",,,"Vs","679","m/s","m","m/s",
"2016","2589","65","KU S-wave Refrac","-87.473","38.801","S-wave Refraction",,,"Vs","580","m/s","m","m/s",
"2017","2590","65","KU S-wave Refrac","-87.011","38.605","S-wave Refraction",,,"Vs","595","m/s","m","m/s",
"2018","2591","65","KU S-wave Refrac","-85.638","38.245","S-wave Refraction",,,"Vs","1195.99","m/s","m","m/s",
"2019","2592","65","KU S-wave Refrac","-85.687","38.287","S-wave Refraction",,,"Vs","368.94","m/s","m","m/s",
"2020","2593","65","KU S-wave Refrac","-85.633","38.36","S-wave Refraction",,,"Vs","275.38","m/s","m","m/s",
"2021","2594","65","KU S-wave Refrac","-85.643","38.313","S-wave Refraction",,,"Vs","257.98","m/s","m","m/s",
"2022","2595","65","KU S-wave Refrac","-85.722","38.268","S-wave Refraction",,,"Vs","186.39","m/s","m","m/s",
"2023","2596","65","KU S-wave Refrac","-85.74","38.238","S-wave Refraction",,,"Vs","600.91","m/s","m","m/s",
"2024","2597","65","KU S-wave Refrac","-85.703","38.162","S-wave Refraction",,,"Vs","857.05","m/s","m","m/s",
"2025","2598","65","KU S-wave Refrac","-85.67","38.181","S-wave Refraction",,,"Vs","981.8","m/s","m","m/s",
"2026","2599","65","KU S-wave Refrac","-85.83","38.261","S-wave Refraction",,,"Vs","251.41","m/s","m","m/s",
"2027","2600","65","KU S-wave Refrac","-85.781","38.24","S-wave Refraction",,,"Vs","253.56","m/s","m","m/s",
"2028","2601","65","KU S-wave Refrac","-85.825","38.245","S-wave Refraction",,,"Vs","345.3","m/s","m","m/s",
"2029","2602","65","KU S-wave Refrac","-85.86","38.183","S-wave Refraction",,,"Vs","270","m/s","m","m/s",
"2030","2603","65","KU S-wave Refrac","-85.895","38.155","S-wave Refraction",,,"Vs","290.3","m/s","m","m/s",
"2031","2604","65","KU S-wave Refrac","-85.777","38.213","S-wave Refraction",,,"Vs","246.9","m/s","m","m/s",
"2032","2605","65","KU S-wave Refrac","-85.82","38.198","S-wave Refraction",,,"Vs","254.19","m/s","m","m/s",
"2033","2606","65","KU S-wave Refrac","-89.118","35.127","S-wave Refraction",,,"Vs","342","m/s","m","m/s",
"2034","2607","65","KU S-wave Refrac","-89.193","35.209","S-wave Refraction",,,"Vs","343","m/s","m","m/s",
"2035","2608","65","KU S-wave Refrac","-89.316","35.197","S-wave Refraction",,,"Vs","297","m/s","m","m/s",
"2036","2609","65","KU S-wave Refrac","-89.417","35.242","S-wave Refraction",,,"Vs","340","m/s","m","m/s",
"2037","2610","65","KU S-wave Refrac","-89.109","35.73","S-wave Refraction",,,"Vs","294","m/s","m","m/s",
"2038","2611","65","KU S-wave Refrac","-89.238","35.847","S-wave Refraction",,,"Vs","244","m/s","m","m/s",
"2039","2612","65","KU S-wave Refrac","-89.384","35.44","S-wave Refraction",,,"Vs","263","m/s","m","m/s",
"2040","2613","65","KU S-wave Refrac","-89.417","35.321","S-wave Refraction",,,"Vs","291","m/s","m","m/s",
"2041","2614","65","KU S-wave Refrac","-89.165","35.43","S-wave Refraction",,,"Vs","296","m/s","m","m/s",
"2042","2615","65","KU S-wave Refrac","-89.161","35.311","S-wave Refraction",,,"Vs","323","m/s","m","m/s",
"2043","2616","65","KU S-wave Refrac","-88.952","35.146","S-wave Refraction",,,"Vs","305","m/s","m","m/s",
"2044","2617","65","KU S-wave Refrac","-88.93","35.336","S-wave Refraction",,,"Vs","0","m/s","m","m/s",
"2045","2618","65","KU S-wave Refrac","-88.918","35.417","S-wave Refraction",,,"Vs","259","m/s","m","m/s",
"2046","2619","65","KU S-wave Refrac","-87.026433","37.878441","S-wave Refraction",,,"Vs","314","m/s","m","m/s",
"2047","2620","65","KU S-wave Refrac","-86.902033","37.897614","S-wave Refraction",,,"Vs","274.4","m/s","m","m/s",
"2048","2621","65","KU S-wave Refrac","-86.90092","37.924566","S-wave Refraction",,,"Vs","324","m/s","m","m/s",
"2049","2622","65","KU S-wave Refrac","-87.238008","37.743504","S-wave Refraction",,,"Vs","200","m/s","m","m/s",
"2050","2623","65","KU S-wave Refrac","-87.238468","37.742359","S-wave Refraction",,,"Vs","214","m/s","m","m/s",
"2051","2624","65","KU S-wave Refrac","-87.667513","37.803584","S-wave Refraction",,,"Vs","869.4","m/s","m","m/s",
"2052","2625","65","KU S-wave Refrac","-87.668434","37.802567","S-wave Refraction",,,"Vs","1045","m/s","m","m/s",
"2053","2626","65","KU S-wave Refrac","-87.707351","37.820452","S-wave Refraction",,,"Vs","240.7","m/s","m","m/s",
"2054","2627","65","KU S-wave Refrac","-87.702038","37.871818","S-wave Refraction",,,"Vs","264.8","m/s","m","m/s",
"2055","2628","65","KU S-wave Refrac","-87.154805","37.811213","S-wave Refraction",,,"Vs","885.7","m/s","m","m/s",
"2056","2629","65","KU S-wave Refrac","-87.021387","37.752989","S-wave Refraction",,,"Vs","687.4","m/s","m","m/s",
"2057","2630","65","KU S-wave Refrac","-87.019218","37.752393","S-wave Refraction",,,"Vs","781.9","m/s","m","m/s",
"2058","2631","65","KU S-wave Refrac","-87.017146","37.751822","S-wave Refraction",,,"Vs","711.4","m/s","m","m/s",
"2059","2632","65","KU S-wave Refrac","-87.015","37.751226","S-wave Refraction",,,"Vs","707.5","m/s","m","m/s",
"2060","2633","65","KU S-wave Refrac","-87.100411","37.65098","S-wave Refraction",,,"Vs","726.5","m/s","m","m/s",
"2061","2634","65","KU S-wave Refrac","-87.158309","37.653793","S-wave Refraction",,,"Vs","995.8","m/s","m","m/s",
"2062","2635","65","KU S-wave Refrac","-87.157807","37.653901","S-wave Refraction",,,"Vs","757.6","m/s","m","m/s",
"2063","2636","65","KU S-wave Refrac","-87.100775","37.678852","S-wave Refraction",,,"Vs","619.4","m/s","m","m/s",
"2064","2637","65","KU S-wave Refrac","-87.100718","37.679281","S-wave Refraction",,,"Vs","756.2","m/s","m","m/s",
"2065","2638","65","KU S-wave Refrac","-86.927706","37.924931","S-wave Refraction",,,"Vs","304","m/s","m","m/s",
"2066","2639","65","KU S-wave Refrac","-86.927931","37.925515","S-wave Refraction",,,"Vs","304","m/s","m","m/s",
"2067","2640","65","KU S-wave Refrac","-86.848108","37.926425","S-wave Refraction",,,"Vs","679.7","m/s","m","m/s",
"2068","2641","65","KU S-wave Refrac","-86.847417","37.925788","S-wave Refraction",,,"Vs","878","m/s","m","m/s",
"2069","2642","65","KU S-wave Refrac","-86.774264","37.925542","S-wave Refraction",,,"Vs","359.1","m/s","m","m/s",
"2070","2643","65","KU S-wave Refrac","-87.172353","37.792983","S-wave Refraction",,,"Vs","1043","m/s","m","m/s",
"2071","2644","65","KU S-wave Refrac","-87.248976","37.775393","S-wave Refraction",,,"Vs","218","m/s","m","m/s",
"2072","2645","65","KU S-wave Refrac","-87.218173","37.76999","S-wave Refraction",,,"Vs","239","m/s","m","m/s",
"2073","2646","65","KU S-wave Refrac","-87.213172","37.759957","S-wave Refraction",,,"Vs","247","m/s","m","m/s",
"2074","2647","65","KU S-wave Refrac","-87.179507","37.760368","S-wave Refraction",,,"Vs","629","m/s","m","m/s",
"2075","2648","65","KU S-wave Refrac","-87.158625","37.761316","S-wave Refraction",,,"Vs","201","m/s","m","m/s",
"2076","2649","65","KU S-wave Refrac","-87.162152","37.748271","S-wave Refraction",,,"Vs","218","m/s","m","m/s",
"2077","2650","65","KU S-wave Refrac","-87.149438","37.735606","S-wave Refraction",,,"Vs","227","m/s","m","m/s",
"2078","2651","65","KU S-wave Refrac","-87.118198","37.696017","S-wave Refraction",,,"Vs","673","m/s","m","m/s",
"2079","2652","65","KU S-wave Refrac","-87.10285","37.732194","S-wave Refraction",,,"Vs","236","m/s","m","m/s",
"2080","2653","65","KU S-wave Refrac","-87.112927","37.774454","S-wave Refraction",,,"Vs","276","m/s","m","m/s",
"2081","2654","65","KU S-wave Refrac","-87.100558","37.764138","S-wave Refraction",,,"Vs","290","m/s","m","m/s",
"2082","2655","65","KU S-wave Refrac","-87.179454","37.74092","S-wave Refraction",,,"Vs","261","m/s","m","m/s",
"2083","2656","65","KU S-wave Refrac","-87.062099","37.783576","S-wave Refraction",,,"Vs","276","m/s","m","m/s",
"2085","2658","65","KU S-wave Refrac","-87.019528","37.808024","S-wave Refraction",,,"Vs","610","m/s","m","m/s",
"2086","2659","65","KU S-wave Refrac","-87.007818","37.77421","S-wave Refraction",,,"Vs","487","m/s","m","m/s",
"2087","2660","65","KU S-wave Refrac","-87.038872","37.763543","S-wave Refraction",,,"Vs","860","m/s","m","m/s",
"2088","2661","65","KU S-wave Refrac","-87.081966","37.728954","S-wave Refraction",,,"Vs","1189","m/s","m","m/s",
"2089","2662","65","KU S-wave Refrac","-87.043649","37.686465","S-wave Refraction",,,"Vs","1050","m/s","m","m/s",
"2090","2663","65","KU S-wave Refrac","-87.112927","37.774454","S-wave Refraction",,,"Vs","276","m/s","m","m/s",
"2122","3081","170","B-7 (Bent EN30)s","-122.266633","37.82808","Suspension Logging",,,"Vs",NULL,,"m","m/s",NULL
"2123","3081","170","B-7 (Bent EN30)p","-122.266633","37.82808","Suspension Logging",,,"Vp",NULL,,"m","m/s",NULL
"2124","3082","58","DIKE-SH","-122.257989","37.738624","Crosshole",,,"Vs",NULL,,"m","m/s",NULL
"2125","3082","58","HBI-P6-SH","-122.237107","37.723472","Crosshole",,,"Vs",NULL,,"m","m/s",NULL
"2126","3082","58","HBI-P6-SV","-122.237107","37.723472","Crosshole",,,"Vs",NULL,,"m","m/s",NULL
"2127","3082","58","HBI-P6-P","-122.237107","37.723472","Crosshole",,,"Vp",NULL,,"m","m/s",NULL
"2128","3082","58","DIKE-SV","-122.257989","37.738624","Crosshole",,,"Vs",NULL,,"m","m/s",NULL
"2129","3082","58","DIKE-P","-122.257989","37.738624","Crosshole",,,"Vp",NULL,,"m","m/s",NULL
"2130","3082","58","DIKE-S","-122.257989","37.738624","SASW",,,"Vs",NULL,,"m","m/s",NULL
"2131","3083",NULL,"Vs - DH-02","-121.751613","38.0192266","Suspension Logging","20061116",,"Vs",NULL,"m/s","m","m/s",NULL
"2132","3083",NULL,"Vp - DH-02","-121.751613","38.0192266","Suspension Logging","20061116",,"Vp",NULL,"m/s","m","m/s",NULL
"2133","3083",NULL,"Vs - DH-03","-121.7519164","38.0231016","Suspension Logging","20070201",,"Vs",NULL,"m/s","m","m/s",NULL
"2134","3083",NULL,"Vp - DH-03","-121.7519164","38.0231016","Suspension Logging","20070201",,"Vp",NULL,"m/s","m","m/s",NULL
"2135","3083",NULL,"Vs - DH-04","-121.7519271","38.0262618","Suspension Logging","20070207",,"Vs",NULL,"m/s","m","m/s",NULL
"2136","3083",NULL,"Vp - DH-04","-121.7519271","38.0262618","Suspension Logging","20070207",,"Vp",NULL,"m/s","m","m/s",NULL
"2137","3083",NULL,"Vs - DH-07","-121.7516346","38.0369262","Suspension Logging","20061121",,"Vs",NULL,"m/s","m","m/s",NULL
"2138","3083",NULL,"Vp - DH-07","-121.7516346","38.0369262","Suspension Logging","20061121",,"Vp",NULL,"m/s","m","m/s",NULL
"2139","3083",NULL,"Vs - DH-08","-121.7515463","38.0405398","Suspension Logging","20061118",,"Vs",NULL,"m/s","m","m/s",NULL
"2140","3083",NULL,"Vp - DH-08","-121.7515463","38.0405398","Suspension Logging","20061118",,"Vp",NULL,"m/s","m","m/s",NULL
"2141","3084",NULL,"Vs - sCPT 06-01","-121.7517259","38.017229","SCPT","20061114",,"Vs",NULL,"ft/s","ft","ft/s",NULL
"2142","3084",NULL,"Vs - sCPT 06-02","-121.7517659","38.017716","SCPT","20061113",,"Vs",NULL,"ft/s","ft","ft/s",NULL
"2143","3084",NULL,"Vs - sCPT 06-03","-121.7517674","38.0181416","SCPT","20061114",,"Vs",NULL,"ft/s","ft","ft/s",NULL
"2144","3084",NULL,"Vs - sCPT 06-04","-121.7517776","38.0188057","SCPT","20061114",,"Vs",NULL,"ft/s","ft","ft/s",NULL
"2145","3084",NULL,"Vs - sCPT 06-18","-121.7514244","38.0302162","SCPT","20061117",,"Vs",NULL,"ft/s","ft","ft/s",NULL
"2146","3084",NULL,"Vs - sCPT 06-20","-121.7516284","38.0319936","SCPT","20061121",,"Vs",NULL,"ft/s","ft","ft/s",NULL
"2147","3084",NULL,"Vs - sCPT 06-21","-121.7516322","38.0325277","SCPT","20061121",,"Vs",NULL,"ft/s","ft","ft/s",NULL
"2148","3084",NULL,"Vs - sCPT 06-22","-121.7516258","38.0330737","SCPT","20061121",,"Vs",NULL,"ft/s","ft","ft/s",NULL
"2149","3084",NULL,"Vs - sCPT 06-23","-121.7516373","38.0341819","SCPT","20061120",,"Vs",NULL,"ft/s","ft","ft/s",NULL
"2150","3084",NULL,"Vs - sCPT 06-24","-121.7516404","38.0347777","SCPT","20061120",,"Vs",NULL,"ft/s","ft","ft/s",NULL
"2151","3084",NULL,"Vs - sCPT 06-25","-121.7516343","38.0352503","SCPT","20061116",,"Vs",NULL,"ft/s","ft","ft/s",NULL
"2152","3084",NULL,"Vs - sCPT 06-26","-121.7516362","38.0358674","SCPT","20061115",,"Vs",NULL,"ft/s","ft","ft/s",NULL
"2153","3084",NULL,"Vs - sCPT 06-27","-121.7516463","38.0364606","SCPT","20061115",,"Vs",NULL,"ft/s","ft","ft/s",NULL
"2154","3084",NULL,"Vs - sCPT 06-28","-121.7516534","38.0375179","SCPT","20061115",,"Vs",NULL,"ft/s","ft","ft/s",NULL
"2155","3084",NULL,"Vs - sCPT 06-28a","-121.7516535","38.0375179","SCPT","20061115",,"Vs",NULL,"ft/s","ft","ft/s",NULL
"2156","3084",NULL,"Vs - sCPT 06-29","-121.7516606","38.0380452","SCPT","20061116",,"Vs",NULL,"ft/s","ft","ft/s",NULL
"2157","3084",NULL,"Vs - sCPT 06-30","-121.6658956","32.5983371","SCPT","20061116",,"Vp",NULL,"ft/s","ft","ft/s",NULL
"2158","3084",NULL,"Vs - sCPT 06-31","-121.7516724","38.0388904","SCPT","20061120",,"Vs",NULL,"ft/s","ft","ft/s",NULL
"2159","3084",NULL,"Vs - sCPT 06-32","-121.7514928","38.0394111","SCPT","20061117",,"Vs",NULL,"ft/s","ft","ft/s",NULL
"2160","3084",NULL,"Vs - sCPT 06-33","-121.7514489","38.0401958","SCPT","20061122",,"Vs",NULL,"ft/s","ft","ft/s",NULL
"2161","3084",NULL,"Vs - sCPT 06-34","-121.751797","38.0410529","SCPT","20061113",,"Vs",NULL,"ft/s","ft","ft/s",NULL
"2162","3084",NULL,"Vs - sCPT 06-35","-121.7517897","38.0423389","SCPT","20061113",,"Vs",NULL,"ft/s","ft","ft/s",NULL
"2163","3085","58","SFOBB-1-SH","-122.319313","37.823194","Crosshole",,,"Vs",NULL,,"m","m/s",NULL
"2164","3085","58","SFOBB-2-S","-122.307715","37.8240901","SCPT",,,"Vs",NULL,,"m","m/s",NULL
"2165","3085","58","SFOBB-1-SV","-122.319313","37.823194","Crosshole",,,"Vs",NULL,,"m","m/s",NULL
"2166","3085","58","SFOBB-1-P","-122.319313","37.823194","Crosshole",,,"Vp",NULL,,"m","m/s",NULL
"2167","3085","58","SFOBB-1-S2","-122.319313","37.823194","SCPT",,,"Vs",NULL,,"m","m/s",NULL
"2168","3086",NULL,"Vs - DHP-1a","-121.532896","37.958376","Suspension Logging","19930707",,"Vs",NULL,"ft/s","ft","ft/s",NULL
"2169","3086",NULL,"Vp - DHP-1a","-121.532896","37.958376","Suspension Logging","19930707",,"Vp",NULL,"ft/s","ft","ft/s",NULL
"2172","3088","145","B1s","-122.11014","37.83871","Suspension Logging",,,"Vs",NULL,,"m","m/s",NULL
"2173","3088","145","B1p","-122.11014","37.83871","Suspension Logging",,,"Vp",NULL,,"m","m/s",NULL
"2174","3089",NULL,"Vs - Run 1","-121.614485","37.782122","Suspension Logging","20160509",,"Vs",NULL,"ft/s","ft","ft/s",NULL
"2175","3089",NULL,"Vp - Run 1","-121.614485","37.782122","Suspension Logging","20160509",,"Vp",NULL,"ft/s","ft","ft/s",NULL
"2176","3089",NULL,"Vs - Run 2","-121.614485","37.782122","Suspension Logging","20160511",,"Vs",NULL,"ft/s","ft","ft/s",NULL
"2177","3089",NULL,"Vp - Run 2","-121.614485","37.782122","Suspension Logging","20160511",,"Vp",NULL,"ft/s","ft","ft/s",NULL
"2178","3090",NULL,"01-07s","-117.8439","34.0008","Suspension Logging",,,"Vs","345","m/s","m","m/s",NULL
"2179","3090",NULL,"01-07p","-117.8439","34.0008","Suspension Logging",,,"Vp","345","m/s","m","m/s",NULL
"2180","3091","159","B1s","-118.486935","34.26878","Suspension Logging",,,"Vs",NULL,,"m","m/s",NULL
"2181","3091","159","B1p","-118.486935","34.26878","Suspension Logging",,,"Vp",NULL,,"m","m/s",NULL
"2182","3092","195","99-2 (Bent 7-R)s","-119.033566","34.21697","Suspension Logging",,,"Vs","289","m/s","m","m/s",NULL
"2183","3092","195","99-2 (Bent 7-R)p","-119.033566","34.21697","Suspension Logging",,,"Vp","289","m/s","m","m/s",NULL
"2184","3092","195","99-3 (Abut 1)s","-119.032164","34.21646","Suspension Logging",,,"Vs","261","m/s","m","m/s",NULL
"2185","3092","195","99-3 (Abut 1)p","-119.032164","34.21646","Suspension Logging",,,"Vp","261","m/s","m","m/s",NULL
"2186","3093",NULL,"Vs - DCB-DH-003","-121.56039","37.82729","Suspension Logging","20111006",,"Vs",NULL,"ft/s","ft","ft/s",NULL
"2187","3093",NULL,"Vp - DCB-DH-003","-121.56039","37.82729","Suspension Logging","20111006",,"Vp",NULL,"ft/s","ft","ft/s",NULL
"2188","3093",NULL,"Vs - DH-3C","-121.5604","37.8273","Suspension Logging","19940428",,"Vs",NULL,"ft/s","ft","ft/s",NULL
"2189","3093",NULL,"Vp - DH-3C","-121.5604","37.8273","Suspension Logging","19940428",,"Vp",NULL,"ft/s","ft","ft/s",NULL
"2190","3094","167","B1s","-118.875045","34.82421","Suspension Logging",,,"Vs",NULL,,"m","m/s",NULL
"2191","3094","167","B1p","-118.875045","34.82421","Suspension Logging",,,"Vp",NULL,,"m","m/s",NULL
"2192","3095","194","98BA-1S","-120.850953","35.213451","Suspension Logging",,,"Vs",NULL,,"m","m/s",NULL
"2193","3095","194","98BA-3S","-120.851554","35.21412","Suspension Logging",,,"Vs",NULL,,"m","m/s",NULL
"2194","3096","181","00-1s","-121.6037","39.6157","Suspension Logging",,,"Vs","632","m/s","m","m/s",NULL
"2195","3096","181","00-1p","-121.6037","39.6157","Suspension Logging",,,"Vp","632","m/s","m","m/s",NULL
"2196","3097","162","FairOakss","-118.150856","34.152344","Suspension Logging",,,"Vs",NULL,,"m","m/s",NULL
"2197","3097","162","FairOaksp","-118.150856","34.152344","Suspension Logging",,,"Vp",NULL,"m/s","m","m/s",NULL
"2198","3098","145","FLBH-02-09s","-122.848","40.6727","Suspension Logging",,,"Vs",NULL,,"m","m/s",NULL
"2199","3098","145","FLBH-02-09p","-122.848","40.6727","Suspension Logging",,,"Vp",NULL,,"m","m/s",NULL
"2200","3099","155","02-B6s","-116.59387","32.50113","Suspension Logging",,,"Vs",NULL,,"m","m/s",NULL
"2201","3099","155","02-B6p","-116.59387","32.50113","Suspension Logging",,,"Vp",NULL,,"m","m/s",NULL
"2202","3100","160","B6s","-118.540467","34.349739","Suspension Logging",,,"Vs",NULL,,"m","m/s",NULL
"2203","3100","160","B6p","-118.540467","34.349739","Suspension Logging",,,"Vp",NULL,,"m","m/s",NULL
"2204","3101","179","00-1s","-121.6192","39.5992","Suspension Logging",,,"Vs","415","m/s","m","m/s",NULL
"2205","3101","179","00-1p","-121.6192","39.5992","Suspension Logging",,,"Vp","415","m/s","m","m/s",NULL
"2206","3102","178","00-1s","-121.6192","39.5993","Suspension Logging",,,"Vs",NULL,,"m","m/s",NULL
"2207","3102","178","00-1p","-121.6192","39.59923","Suspension Logging",,,"Vp",NULL,,"m","m/s",NULL
"2208","3103","31","HBPP_S","-124.210732","40.741645","Crosshole/downhole","1997",,"Vs",NULL,,"m","m/s",NULL
"2209","3104","171","02-B2s","-122.2216","37.7702","Suspension Logging",,,"Vs",NULL,,"m","m/s",NULL
"2210","3104","171","02-B2p","-122.2216","37.7702","Suspension Logging",,,"Vp",NULL,,"m","m/s",NULL
"2211","3104","171","02-B4s","-122.22","37.7681","Suspension Logging",,,"Vs",NULL,,"m","m/s",NULL
"2212","3104","171","02-B4s","-122.22","37.7681","Suspension Logging",,,"Vp",NULL,,"m","m/s",NULL
"2213","3105",NULL,"Hintons","-120.06684","39.37468","Suspension Logging",,,"Vs",NULL,,"m","m/s",NULL
"2214","3105",NULL,"Hintonp","-120.06684","39.37468","Suspension Logging",,,"Vp",NULL,,"m","m/s",NULL
"2215","3106",NULL,"Vs - DSP-08","-121.412317","37.938245","Suspension Logging","20111229",,"Vs",NULL,"ft/s","ft","ft/s",NULL
"2216","3106",NULL,"Vp - DSP-08","-121.412317","37.938245","Suspension Logging","20111229",,"Vp",NULL,"ft/s","ft","ft/s",NULL
"2217","3107",NULL,"Vs - DSP-07","-121.517291","38.360603","Suspension Logging","20111130",,"Vs",NULL,"ft/s","ft","ft/s",NULL
"2218","3107",NULL,"Vp - DSP-07","-121.517291","38.360603","Suspension Logging","20111130",,"Vp",NULL,"ft/s","ft","ft/s",NULL
"2219","3108","173","99-1s","-122.256005","38.14086","Suspension Logging",,,"Vs","294","m/s","m","m/s",NULL
"2220","3108","173","99-1p","-122.256005","38.14086","Suspension Logging",,,"Vp","294","m/s","m","m/s",NULL
"2221","3109","174","99-1 (bent 6)s","-122.3531","37.8164","Suspension Logging ",,,"Vs","297","m/s","m","m/s",NULL
"2222","3109","174","99-1 (bent 6)p","-122.3531","37.8164","Suspension Logging ",,,"Vp","297","m/s","m","m/s",NULL
"2223","3110","175","99-1 (Abut 2R)s","-122.268501","38.12612","Suspension logging",,,"Vs",NULL,,"m","m/s",NULL
"2224","3110","175","99-1 (Abut 2R)p","-122.268501","38.12612","Suspension logging",,,"Vp",NULL,,"m","m/s",NULL
"2225","3111","156","02-B4s","-117.12544","32.77964","Suspension Logging",,,"Vs",NULL,,"m","m/s",NULL
"2226","3111","156","02-B4p","-117.12544","32.77964","Suspension Logging",,,"Vp",NULL,,"m","m/s",NULL
"2227","3111","156","02-B5s","-117.12479","32.7799","Suspension Logging",,,"Vs",NULL,,"m","m/s",NULL
"2228","3111","156","02-B5p","-117.12479","32.7799","Suspension Logging",,,"Vp",NULL,,"m","m/s",NULL
"2229","3112","145","B2s","-121.99627","37.39087","Suspension Logging",,,"Vs",NULL,,"m","m/s",NULL
"2230","3112","145","B2p","-121.99627","37.39087","Suspension Logging",,,"Vp",NULL,,"m","m/s",NULL
"2231","3113","161","B1s","-118.141815","34.151937","Suspension Logging",,,"Vs",NULL,,"m","m/s",NULL
"2232","3113","161","B1p","-118.141815","34.151937","Suspension Logging",,,"Vp",NULL,,"m","m/s",NULL
"2233","3114","184","Boring 04-2s","-121.5221","41.9983","Suspension Logging",,,"Vs",NULL,"m/s","m","m/s",NULL
"2234","3114","184","Boring 04-2p","-121.5221","41.9983","Suspension Logging",,,"Vp",NULL,"m/s","m","m/s",NULL
"2235","3115","183","05-01s","-124.0931","40.9169","Suspension Logging",,,"Vs","319","m/s","m","m/s",NULL
"2236","3115","183","05-01sp","-124.0931","40.9169","Suspension Logging",,,"Vp","319","m/s","m","m/s",NULL
"2237","3116","145","40s","-117.83018","33.84087","Suspension Logging",,,"Vs",NULL,,"m","m/s",NULL
"2238","3116","145","40p","-117.83018","33.84087","Suspension Logging",,,"Vp",NULL,,"m","m/s",NULL
"2239","3116","145","43s","-117.82962","33.84054","Suspension Logging",,,"Vs",NULL,,"m","m/s",NULL
"2240","3116","145","43s","-117.82962","33.84054","Suspension Logging",,,"Vs",NULL,,"m","m/s",NULL
"2241","3117","158","98-1 (Abut 1)s","-117.094083","34.902","Suspension Logging",,,"Vs",NULL,,"m","m/s",NULL
"2242","3117","158","98-1 (Abut 1)p","-117.094083","34.902","Suspension Logging",,,"Vp",NULL,,"m","m/s",NULL
"2243","3117","158","98-6 (Abut 8)s","-117.094205","34.8992","Suspension Logging",,,"Vs",NULL,,"m","m/s",NULL
"2244","3117","158","98-6 (Abut 8)p","-117.094205","34.8992","Suspension Logging",,,"Vp",NULL,,"m","m/s",NULL
"2245","3118",NULL,"Vs - DHP-5C - 1","-121.8849","38.0924","Suspension Logging","19940603",,"Vs",NULL,"ft/s","ft","ft/s",NULL
"2246","3118",NULL,"Vp - DHP-5C - 1","-121.8849","38.0924","Suspension Logging","19940603",,"Vp",NULL,"ft/s","ft","ft/s",NULL
"2247","3118",NULL,"Vs - DHP-5C - 2","-121.8849","38.0924","Suspension Logging","19940616",,"Vs",NULL,"ft/s","ft","ft/s",NULL
"2248","3118",NULL,"Vp - DHP-5C - 2","-121.8849","38.0924","Suspension Logging","19940616",,"Vp",NULL,"ft/s","ft","ft/s",NULL
"2249","3118",NULL,"Vs - DHP-5J3","-121.8849","38.09239","Suspension Logging","20000621",,"Vs",NULL,"m/s","m","m/s",NULL
"2250","3118",NULL,"Vp - DHP-5J3","-121.8849","38.09239","Suspension Logging","20000621",,"Vp",NULL,"m/s","m","m/s",NULL
"2307","3120",NULL,"Vs - NSJ-MRCPT-5","-121.482325","37.886108","SCPT","20020826",,"Vs",NULL,"ft/s","ft","ft/s",NULL
"2308","3120",NULL,"Vs - NSJ-MRCPT-7","-121.482287","37.885067","SCPT","20020827",,"Vs",NULL,"ft/s","ft","ft/s",NULL
"2309","3121","182","98-4(abut. 4)s","-123.806521","39.42878","Suspension Logging",,,"Vs",NULL,,"m","m/s",NULL
"2310","3121","182","98-4(abut. 4)p","-123.806521","39.42878","Suspension Logging",,,"Vp",NULL,,"m","m/s",NULL
"2311","3121","182","98-10(abut 1)s","-123.807224","39.42641","Suspension Logging",,,"Vs",NULL,,"m","m/s",NULL
"2312","3121","182","98-10(abut-1)p","-123.807224","39.42641","Suspension Logging",,,"Vp",NULL,,"m","m/s",NULL
"2313","3122","182","96-2s","-123.806817","39.42808","Suspension Logging",,,"Vs",NULL,,"m","m/s",NULL
"2314","3122","182","96-2p","-123.806817","39.42808","Suspension Logging",,,"Vp",NULL,,"m","m/s",NULL
"2315","3122","182","96-3s","-123.80697","39.42716","Suspension Logging",,,"Vs",NULL,,"m","m/s",NULL
"2316","3122","182","96-3p","-123.80697","39.42716","Suspension Logging",,,"Vp",NULL,,"m","m/s",NULL
"2317","3123","185","B1s","-118.161592","34.14711","Suspension Logging",,,"Vs",NULL,,"m","m/s",NULL
"2318","3123","185","B1p","-118.161592","34.14711","Suspension Logging",,,"Vp",NULL,,"m","m/s",NULL
"2319","3124","58","POO-1-S","-122.338904","37.80523","SCPT ",,,"Vs",NULL,,"m","m/s",NULL
"2320","3124","58","POO-2-S","-122.338061","37.804793","SCPT ",,,"Vs",NULL,,"m","m/s",NULL
"2321","3124","58","POO-3-S","-122.339929","37.804202","Uphole",,,"Vs",NULL,,"m","m/s",NULL
"2322","3124","58","POO-2-S2","-122.338061","37.804793","Uphole ",,,"Vs",NULL,,"m","m/s",NULL
"2323","3124","58","POO-2-S3","-122.338061","37.804793","SASW",,,"Vs",NULL,,"m","m/s",NULL
"2324","3124","58","POO-2-SH","-122.338061","37.804793","Crosshole",,,"Vs",NULL,,"m","m/s",NULL
"2325","3124","58","POO-2-SV","-122.338061","37.804793","Crosshole",,,"Vs",NULL,,"m","m/s",NULL
"2326","3124","58","POO-2-P","-122.338061","37.804793","Crosshole",,,"Vp",NULL,,"m","m/s",NULL
"2327","3124","58","POO-3-S2","-122.339929","37.804202","SCPT ",,,"Vs",NULL,,"m","m/s",NULL
"2328","3125","58","POR-2-SH","-122.35942","37.910459","Crosshole",,,"Vs",NULL,,"m","m/s",NULL
"2329","3125","58","POR-2-SV","-122.35942","37.910459","Crosshole",,,"Vs",NULL,,"m","m/s",NULL
"2330","3125","58","POR-2-P","-122.35942","37.910459","Crosshole",,,"Vp",NULL,,"m","m/s",NULL
"2331","3125","58","POR-2-S","-122.35942","37.910459","SCPT",,,"Vs",NULL,,"m","m/s",NULL
"2332","3125","58","POR-2-S2","-122.35942","37.910459","SASW",,,"Vs",NULL,,"m","m/s",NULL
"2333","3125","58","POR-2-S3","-122.35942","37.910459","Uphole ",,,"Vs",NULL,,"m","m/s",NULL
"2334","3125","58","POR-3-S","-122.359498","37.90998","SCPT",,,"Vs",NULL,,"m","m/s",NULL
"2335","3125","58","POR-3-S2","-122.359498","37.90998","Uphole",,,"Vs",NULL,,"m","m/s",NULL
"2336","3125","58","POR-4-S","-122.359184","37.909985","Uphole",,,"Vs",NULL,,"m","m/s",NULL
"2337","3125","58","POR-RH-SH","-122.358396","37.913425","Crosshole",,,"Vs",NULL,,"m","m/s",NULL
"2338","3125","58","POR-RH-SH","-122.358396","37.913425","Crosshole",,,"Vs",NULL,,"m","m/s",NULL
"2339","3125","58","POR-RH-P","-122.358396","37.913425","Crosshole",,,"Vp",NULL,,"m","m/s",NULL
"2340","3125","58","POR-RH-S","-122.358396","37.913425","SASW",,,"Vs",NULL,,"m","m/s",NULL
"2341","3125","58","POR-RH-S2","-122.358396","37.913425","Uphole",,,"Vs",NULL,,"m","m/s",NULL
"2342","3126","165","99-1s","-119.142594","34.16598","Suspension Logging",,,"Vp",NULL,,"m","m/s",NULL
"2343","3126","165","99-1p","-119.142594","34.16598","Suspension Logging",,,"Vp",NULL,,"m","m/s",NULL
"2344","3127",NULL,"Vs - sCPT-6","-122.1133333","38.37","SCPT","20150909",,"Vs",NULL,"ft/s","ft","ft/s",NULL
"2345","3128","154","B5-01s","-115.5102","32.9562","Suspension Logging",,,"Vs",NULL,,"m","m/s",NULL
"2346","3128","154","B5-01p","-115.5102","32.9562","Suspension Logging",,,"Vp",NULL,,"m","m/s",NULL
"2347","3129","29","SCPO_S1_B1","-118.630179","34.433922","Suspension Logging ","19980808",,"Vs",NULL,,"m","m/s",NULL
"2348","3129","29","SCPO_S2","-118.630179","34.433922","SCPT","19980808",,"Vs",NULL,,"m","m/s",NULL
"2349","3129","29","SCPO_S3","-118.628952","34.434439","SCPT","19980808",,"Vs",NULL,,"m","m/s",NULL
"2350","3129","29","SCPO_S4_B2","-118.628952","34.434439","Suspension Logging ","19980808",,"Vs",NULL,,"m","m/s",NULL
"2351","3130","153","01-05s","-122.4219","37.7703","Suspension Logging",,,"Vs",NULL,,"m","m/s",NULL
"2352","3130","153","01-08s","-122.4203","37.7703","Suspension Logging",,,"Vs",NULL,,"m","m/s",NULL
"2353","3130","153","01-08p","-122.4203","37.7703","Suspension Logging",,,"Vp",NULL,,"m","m/s",NULL
"2354","3130","153","01-11s","-122.4186","37.7701","Suspension Logging",,,"Vs",NULL,,"m","m/s",NULL
"2355","3130","153","01-11p","-122.4186","37.7701","Suspension Logging",,,"Vp",NULL,,"m","m/s",NULL
"2356","3130","153","01-02s","-122.4226","37.7711","Suspension Logging",,,"Vs",NULL,,"m","m/s",NULL
"2357","3130","153","01-02p","-122.4226","37.7711","Suspension Logging",,,"Vp",NULL,,"m","m/s",NULL
"2358","3131","29","SRES_S1","-118.595597","34.39056","Suspension Logging ","19980808",,"Vs",NULL,,"m","m/s",NULL
"2359","3131","29","SRES_P1","-118.595597","34.39056","Suspension Logging ","19980808",,"Vp",NULL,,"m","m/s",NULL
"2360","3131","29","SRES_S2","-118.595149","34.390549","SCPT","19980808",,"Vs",NULL,,"m","m/s",NULL
"2361","3131","29","SRES_S3","-118.595086","34.390766","SCPT","19980808",,"Vs",NULL,,"m","m/s",NULL
"2362","3131","29","SRES_S4","-118.595422","34.390819","SCPT","19980808",,"Vs",NULL,,"m","m/s",NULL
"2363","3132",NULL,"Vs","-121.518455","38.382668","Suspension Logging","20120928",,"Vs",NULL,"ft/s","ft","ft/s",NULL
"2364","3132",NULL,"Vp","-121.518455","38.382668","Suspension Logging","20120928",,"Vp",NULL,"ft/s","ft","ft/s",NULL
"2365","3133",NULL,"Vs","-121.544377","38.101046","Suspension Logging","20120920",,"Vs",NULL,"ft/s","ft","ft/s",NULL
"2366","3133",NULL,"Vp","-121.544377","38.101046","Suspension Logging","20120920",,"Vp",NULL,"ft/s","ft","ft/s",NULL
"2367","3134","168","98-1s","-120.701802","35.18424","Suspension Logging",,,"Vs",NULL,,"m","m/s",NULL
"2368","3134","168","98-1p","-120.701802","35.18424","Suspension Logging",,,"Vp",NULL,,"m","m/s",NULL
"2369","3135","172","95B1R (Pier 58)s","-122.41429","37.933092","Suspension Logging",,,"Vs",NULL,,"m","m/s",NULL
"2370","3135","172","95B1R (Pier 58)p","-122.41429","37.933092","Suspension Logging",,,"Vp",NULL,,"m","m/s",NULL
"2371","3135","172","95B2R (Pier 32/3","-122.448843","37.93539","Suspension Logging",,,"Vs",NULL,,"m","m/s",NULL
"2372","3135","172","95B2R (Pier 32/3","-122.448843","37.93539","Suspension Logging",,,"Vp",NULL,,"m","m/s",NULL
"2373","3135","172","95B3R/95B9R (Pie","-122.44638","37.93532","Suspension Logging",,,"Vs",NULL,,"m","m/s",NULL
"2374","3135","172","95B3R/95B9R (Pie","-122.44638","37.93532","Suspension Logging",,,"Vp",NULL,,"m","m/s",NULL
"2375","3135","172","95B4R (Pier 25)s","-122.456234","37.93741","Suspension Logging",,,"Vs",NULL,,"m","m/s",NULL
"2376","3135","172","95B4R (Pier 25)p","-122.456234","37.93741","Suspension Logging",,,"Vp",NULL,,"m","m/s",NULL
"2377","3135","172","95B5R (Pier 35)s","-122.442846","37.93562","Suspension Logging",,,"Vs",NULL,,"m","m/s",NULL
"2378","3135","172","95B5R (Pier 35)p","-122.442846","37.93562","Suspension Logging",,,"Vp",NULL,,"m","m/s",NULL
"2379","3135","172","95B6R (Pier 2)s","-122.46746","37.94066","Suspension Logging",,,"Vs",NULL,,"m","m/s",NULL
"2380","3135","172","95B6R (Pier 2)p","-122.46746","37.94066","Suspension Logging",,,"Vp",NULL,,"m","m/s",NULL
"2381","3135","172","95-7 (Pier 21)s","-122.46004","37.93857","Suspension Logging",,,"Vs",NULL,,"m","m/s",NULL
"2382","3135","172","95-7 (Pier 21)p","-122.46004","37.93857","Suspension Logging",,,"Vp",NULL,,"m","m/s",NULL
"2383","3135","172","95-8 (Pier 21)s","-122.460004","37.93865","Suspension Logging",,,"Vs",NULL,,"m","m/s",NULL
"2384","3135","172","95-8 (Pier 21)p","-122.460004","37.93865","Suspension Logging",,,"Vp",NULL,,"m","m/s",NULL
"2385","3135","172","95-10 (Pier 47)s","-122.429374","37.93401","Suspension Logging",,,"Vs",NULL,,"m","m/s",NULL
"2386","3135","172","95-10 (Pier 47)p","-122.429374","37.93401","Suspension Logging",,,"Vp",NULL,,"m","m/s",NULL
"2387","3135","172","95-11 (Pier 48)s","-122.425674","37.93374","Suspension Logging",,,"Vs",NULL,,"m","m/s",NULL
"2388","3135","172","95-11 (Pier 48)p","-122.425674","37.93374","Suspension Logging",,,"Vp",NULL,,"m","m/s",NULL
"2389","3135","172","96-2 (Piers 10 a","-122.476137","37.94195","Suspension Logging",,,"Vs",NULL,,"m","m/s",NULL
"2390","3135","172","96-2 (Piers 10 a","-122.476137","37.94195","Suspension Logging",,,"Vp",NULL,,"m","m/s",NULL
"2391","3135","172","96-5 (Piers 31/3","122.472499","37.94178","Suspension Logging",,,"Vs",NULL,,"m","m/s",NULL
"2392","3135","172","96-5 (Piers 31/3","122.472499","37.94178","Suspension Logging",,,"Vp",NULL,,"m","m/s",NULL
"2393","3135","172","96-7 (Pier 8)s","-122.465982","37.93973","Suspension Logging",,,"Vs",NULL,,"m","m/s",NULL
"2394","3135","172","96-7 (Pier 8)p","-122.465982","37.93973","Suspension Logging",,,"Vp",NULL,,"m","m/s",NULL
"2395","3135","172","96-8 (Piers 55/5","-122.468355","37.94106","Suspension Logging",,,"Vs",NULL,,"m","m/s",NULL
"2396","3135","172","96-8 (Piers 55/5","-122.468355","37.94106","Suspension Logging",,,"Vp",NULL,,"m","m/s",NULL
"2397","3135","172","95-9s","-122.446531","37.93612","Suspension Logging",,,"Vs",NULL,,"m","m/s",NULL
"2398","3135","172","95-9p","-122.446531","37.93612","Suspension Logging",,,"Vs",NULL,,"m","m/s",NULL
"2399","3136","166","98-1 (Abut 1)s","-120.287965","34.63247","Suspension Logging",,,"Vs",NULL,,"m","m/s",NULL
"2400","3136","166","98-1 (Abut 1)p","-120.287965","34.63247","Suspension Logging",,,"Vp",NULL,,"m","m/s",NULL
"2401","3137","164","00-3 (Piers 12 &","-119.1901","34.2426","Suspension Logging",,,"Vs",NULL,,"m","m/s",NULL
"2402","3137","164","00-3 (Piers 12 &","-119.1901","34.2426","Suspension Logging",,,"Vp",NULL,,"m","m/s",NULL
"2403","3138",NULL,"Vs - DHP-4C","-121.7453","38.0311","Suspension Logging","19940715",,"Vs",NULL,"ft/s","ft","ft/s",NULL
"2404","3138",NULL,"Vp - DHP-4C","-121.7453","38.0311","Suspension Logging","19940715",,"Vp",NULL,"ft/s","ft","ft/s",NULL
"2405","3138",NULL,"Vs - DHP-4D","-121.7453","38.03109","Suspension Logging","2000626",,"Vs",NULL,"ft/s","m","ft/s",NULL
"2406","3138",NULL,"Vp - DHP-4D","-121.7453","38.03109","Suspension Logging","2000626",,"Vp",NULL,"ft/s","m","ft/s",NULL
"2407","3139",NULL,"Vs - DHP-6C","-121.5401","38.1197","Suspension Logging","19940916",,"Vs",NULL,"ft/s","ft","ft/s",NULL
"2408","3139",NULL,"Vp - DHP-6C","-121.5401","38.1197","Suspension Logging","19940916",,"Vp",NULL,"ft/s","ft","ft/s",NULL
"2409","3140","169","98-4 (Bent 7)s","-121.905107","37.346113","Suspension Logging",,,"Vs",NULL,,"m","m/s",NULL
"2410","3140","169","98-4 (Bent 7)p","-121.905107","37.346113","Suspension Logging",,,"Vp",NULL,,"m","m/s",NULL
"2411","3140","169","98-1 (Pier 4)s","-121.904181","37.34705","Suspension Logging",,,"Vs",NULL,,"m","m/s",NULL
"2412","3140","169","98-1 (Pier 4)p","-121.904181","37.34705","Suspension Logging",,,"Vp",NULL,,"m","m/s",NULL
"2413","3141","177","97-1 (abut 1)s","-120.163728","39.33433","Suspension Logging",,,"Vs","507","m/s","m","m/s",NULL
"2414","3141","177","97-1 (abut 1)p","-120.163728","39.33433","Suspension Logging",,,"Vp","507","m/s","m","m/s",NULL
"2415","3141","177","98-1 (abut 3-L)s","-120.163428","39.33418","Suspension Logging",,,"Vs","435","m/s","m","m/s",NULL
"2416","3141","177","98-1 (abut 3-L)s","-120.163428","39.33418","Suspension Logging",,,"Vp","435","m/s","m","m/s",NULL
"2417","3141","177","98-3 (abut 1)s","-120.163754","39.33401","Suspension Logging",,,"Vs","626","m/s","m","m/s",NULL
"2418","3141","177","98-3 (abut 1)p","-120.163754","39.33401","Suspension Logging",,,"Vp","626","m/s","m","m/s",NULL
"2419","3141","177","97-5 (bent 5)s","-120.161531","39.33158","Suspension Logging",,,"Vs",NULL,,"m","m/s",NULL
"2420","3141","177","97-5 (bent 5)p","-120.161531","39.33158","Suspension Logging",,,"Vp",NULL,,"m","m/s",NULL
"2421","3141","177","97-6 (bent 6)s","-120.160944","39.33088","Suspension Logging",,,"Vs",NULL,,"m","m/s",NULL
"2422","3141","177","97-6 (bent 6)p","-120.160944","39.33088","Suspension Logging",,,"Vp",NULL,,"m","m/s",NULL
"2423","3141","177","98-4 (bent 4)s","-120.16224","39.33245","Suspension Logging",,,"Vs",NULL,,"m","m/s",NULL
"2424","3141","177","98-4 (bent 4)p","-120.16224","39.33245","Suspension Logging",,,"Vp",NULL,,"m","m/s",NULL
"2425","3141","177","98-5 (bent 5)s","-120.161823","39.33197","Suspension Logging",,,"Vs",NULL,,"m","m/s",NULL
"2426","3141","177","98-5 (bent 5)p","-120.161823","39.33197","Suspension Logging",,,"Vp",NULL,,"m","m/s",NULL
"2427","3141","177","98-6 (bent 5)s","-120.161361","39.33135","Suspension Logging",,,"Vs",NULL,,"m","m/s",NULL
"2428","3141","177","98-6 (bent 5)p","-120.161361","39.33135","Suspension Logging",,,"Vp",NULL,,"m","m/s",NULL
"2429","3141","177","98-8 (abut 8)s","-120.160647","39.33038","Suspension Logging",,,"Vs",NULL,,"m","m/s",NULL
"2430","3141","177","98-8 (abut 8)p","-120.160647","39.33038","Suspension Logging",,,"Vp",NULL,,"m","m/s",NULL
"2431","3142","163","95B1Rs","-118.276921","33.75033","Suspension Logging",,,"Vs",NULL,,"m","m/s",NULL
"2432","3142","163","95B1Rp","-118.276921","33.75033","Suspension Logging",,,"Vp",NULL,,"m","m/s",NULL
"2433","3142","163","95B2Rs","-118.275369","33.75014","Suspension Logging",,,"Vs",NULL,,"m","m/s",NULL
"2434","3142","163","95B2Rp","-118.275369","33.75014","Suspension Logging",,,"Vp",NULL,,"m","m/s",NULL
"2435","3142","163","95B3Rs","-118.273985","33.7499","Suspension Logging",,,"Vs",NULL,,"m","m/s",NULL
"2436","3142","163","95B3Rs","-118.273985","33.7499","Suspension Logging",,,"Vp",NULL,,"m","m/s",NULL
"2437","3142","163","95B4Rs","-118.274142","33.751","Suspension Logging",,,"Vs",NULL,,"m","m/s",NULL
"2438","3142","163","95B4Rp","-118.274142","33.751","Suspension Logging",,,"Vp",NULL,,"m","m/s",NULL
"2439","3142","163","95B5Rs","-118.275069","33.75149","Suspension Logging",,,"Vs",NULL,,"m","m/s",NULL
"2440","3142","163","95B5Rp","-118.275069","33.75149","Suspension Logging",,,"Vp",NULL,,"m","m/s",NULL
"2441","3143",NULL,"Vs - sCPT-01","-121.31148","37.950943","SCPT","20131213",,"Vs",NULL,"ft/s","ft","ft/s",NULL
"2442","3144","157","95-2 (Pier 33)s","-117.141928","32.69976","Suspension Logging",,,"Vs",NULL,,"m","m/s",NULL
"2443","3144","157","95-2 (Pier 33)s","-117.141928","32.69976","Suspension Logging",,,"Vp",NULL,,"m","m/s",NULL
"2444","3144","157","96-16 (Bent 41F,","-117.143865","32.69976","Suspension Logging",,,"Vs",NULL,,"m","m/s",NULL
"2445","3144","157","96-16 (Bent 41F,","-117.143865","32.69976","Suspension Logging",,,"Vp",NULL,,"m","m/s",NULL
"2446","3144","157","96-17 (Abut S48)","-117.141704","32.70012","Suspension Logging",,,"Vs",NULL,,"m","m/s",NULL
"2447","3144","157","96-17 (Abut S48)","-117.141704","32.70012","Suspension Logging",,,"Vp",NULL,,"m","m/s",NULL
"2448","3144","157","96-21s","-117.164415","32.68903","Suspension Logging",,,"Vs",NULL,,"m","m/s",NULL
"2449","3144","157","96-21p","-117.164415","32.68903","Suspension Logging",,,"Vp",NULL,,"m","m/s",NULL
"2450","3144","157","96-28s","-117.164415","32.689","Suspension Logging",,,"Vs",NULL,,"m","m/s",NULL
"2451","3144","157","96-28p","-117.164415","32.689","Suspension Logging",,,"Vp",NULL,,"m","m/s",NULL
"2452","3144","157","96-29s","-117.143865","32.69976","Suspension Logging",,,"Vs",NULL,,"m","m/s",NULL
"2453","3144","157","96-29p","-117.143865","32.69976","Suspension Logging",,,"Vp",NULL,,"m","m/s",NULL
"2454","3144","157","96-34 (Toll Plaz","-117.16627","32.69019","Suspension Logging",,,"Vs",NULL,,"m","m/s",NULL
"2455","3144","157","96-34 (Toll Plaz","-117.16627","32.69019","Suspension Logging",,,"Vp",NULL,,"m","m/s",NULL
"2456","3144","157","96-35 (Toll Plaz","-117.16758","32.69114","Suspension Logging",,,"Vs",NULL,,"m","m/s",NULL
"2457","3144","157","96-35 (Toll Plaz","-117.16758","32.69114","Suspension Logging",,,"Vp",NULL,,"m","m/s",NULL
"2458","3144","157","96-52 (Bents R48","-117.141486","32.7008","Suspension Logging",,,"Vs",NULL,,"m","m/s",NULL
"2459","3144","157","96-52 (Bents R48","-117.141486","32.7008","Suspension Logging",,,"Vp",NULL,,"m","m/s",NULL
"2460","3144","157","96-53Rs","-117.1145897","32.69721","Suspension Logging",,,"Vs",NULL,,"m","m/s",NULL
"2461","3144","157","96-53Rp","-117.1145897","32.69721","Suspension Logging",,,"Vp",NULL,,"m","m/s",NULL
"2462","3144","157","96-54s","-117.155799","32.68784","Suspension Logging",,,"Vs",NULL,,"ft","ft/s",NULL
"2463","3144","157","96-54p","-117.155799","32.68784","Suspension Logging",,,"Vp",NULL,,"ft","ft/s",NULL
"2464","3144","157","96-55s","-117.161948","32.68749","Suspension Logging",,,"Vs",NULL,,"ft","ft/s",NULL
"2465","3144","157","96-55p","-117.161948","32.68749","Suspension Logging",,,"Vp",NULL,,"m","m/s",NULL
"2466","3144","157","96-56s","-117.163042","32.68827","Suspension Logging",,,"Vs",NULL,,"ft","ft/s",NULL
"2467","3144","157","96-56p","-117.163042","32.68827","Suspension Logging",,,"Vp",NULL,,"ft","ft/s",NULL
"2468","3144","157","96-57s","-117.161026","32.68661","Suspension Logging",,,"Vs",NULL,,"ft","ft/s",NULL
"2469","3144","157","96-57p","-117.161026","32.68661","Suspension Logging",,,"Vp",NULL,,"ft","ft/s",NULL
"2470","3144","157","96-58s","-117.158861","32.68686","Suspension Logging",,,"Vs",NULL,,"ft","ft/s",NULL
"2471","3144","157","96-58p","-117.158861","32.68686","Suspension Logging",,,"Vp",NULL,,"ft","km/s",NULL
"2472","3144","157","96-59s","-117.157449","32.68708","Suspension Logging",,,"Vs",NULL,,"ft","ft/s",NULL
"2473","3144","157","96-59p","-117.157449","32.68708","Suspension Logging",,,"Vp",NULL,,"ft","ft/s",NULL
"2474","3144","157","96-60s","-117.154081","32.68892","Suspension Logging",,,"Vs",NULL,,"ft","ft/s",NULL
"2475","3144","157","96-60p","-117.154081","32.68892","Suspension Logging",,,"Vp",NULL,,"ft","ft/s",NULL
"2476","3144","157","96-64s","-117.1596","32.68634","Suspension Logging",,,"Vs",NULL,,"ft","ft/s",NULL
"2477","3144","157","96-64p","-117.1596","32.68634","Suspension Logging",,,"Vp",NULL,,"ft","ft/s",NULL
"2478","3144","157","96-65s","-117.150231","32.69286","Suspension Logging",,,"Vs",NULL,,"ft","ft/s",NULL
"2479","3144","157","96-65p","-117.150231","32.69286","Suspension Logging",,,"Vp",NULL,,"ft","ft/s",NULL
"2480","3144","157","96-66s","-117.149214","32.6939","Suspension Logging",,,"Vs",NULL,,"ft","ft/s",NULL
"2481","3144","157","96-66p","-117.149214","32.6939","Suspension Logging",,,"Vp",NULL,,"ft","ft/s",NULL
"2482","3144","157","96-67s","-117.162636","32.68799","Suspension Logging",,,"Vs",NULL,,"ft","ft/s",NULL
"2483","3144","157","96-67p","-117.162636","32.68799","Suspension Logging",,,"Vp",NULL,,"ft","ft/s",NULL
"2484","3144","157","96-68Rs","-117.163734","32.68854","Suspension Logging",,,"Vs",NULL,,"m","m/s",NULL
"2485","3144","157","96-68Rp","-117.163734","32.68854","Suspension Logging",,,"Vp",NULL,,"m","m/s",NULL
"2486","432","1","CIWWC_S1 - Vp","-116.4083","33.9413","P-wave refraction",NULL,NULL,"Vp",NULL,NULL,"m","m/s",NULL
"2487","3145",NULL,"64_S1","-118.202","33.765","Refraction",,,"Vs",NULL,,"ft","ft/s",NULL
"2488","3145",NULL,"64_P1","-118.202","33.765","Refraction",,,"Vp",NULL,,"ft","ft/s",NULL
"2489","3146",NULL,"65_S1","-118.439","34.06","Refraction",,,"Vs",NULL,,"ft","ft/s",NULL
"2490","3146",NULL,"65_P1","-118.439","34.06","Refraction",,,"Vp",NULL,,"ft","ft/s",NULL
"2491","3147",NULL,"66_S1","-118.2433","34.0502","Downhole",,,"Vs",NULL,,"ft","ft/s",NULL
"2492","3147",NULL,"66_P1","-118.2433","34.0502","Downhole",,,"Vp",NULL,,"ft","ft/s",NULL
"2493","3148",NULL,"67_S1","-118.117","33.873","Downhole",,,"Vs",NULL,,"ft","ft/s",NULL
"2494","3148",NULL,"67_P1","-118.117","33.873","Downhole",,,"Vp",NULL,,"ft","ft/s",NULL
"2495","3149",NULL,"68_S1","-118.409","34.056","Refraction",,,"Vs",NULL,,"ft","ft/s",NULL
"2496","3149",NULL,"68_P1","-118.409","34.056","Refraction",,,"Vp",NULL,,"ft","ft/s",NULL
"2497","3150",NULL,"69_S1","-117.958","34.019","Downhole",,,"Vs",NULL,,"ft","ft/s",NULL
"2498","3150",NULL,"69_P1","-117.958","34.019","Downhole",,,"Vp",NULL,,"ft","ft/s",NULL
"2499","3151",NULL,"70_S1","-118.255","33.808","Refraction",,,"Vs",NULL,,"ft","ft/s",NULL
"2500","3151",NULL,"70_P1","-118.255","33.808","Refraction",,,"Vp",NULL,,"ft","ft/s",NULL
"2501","3152",NULL,"71_S1","-118.597","34.179","Refraction",,,"Vs",NULL,,"ft","ft/s",NULL
"2502","3152",NULL,"71_P1","-118.597","34.179","Refraction",,,"Vp",NULL,,"ft","ft/s",NULL
"2503","3153",NULL,"72_S1","-118.597","34.179","Refraction",,,"Vs",NULL,,"ft","ft/s",NULL
"2504","3153",NULL,"72_P1","-118.597","34.179","Refraction",,,"Vp",NULL,,"ft","ft/s",NULL
"2505","3154",NULL,"73_P1","-118.181","34.165","Refraction (6 Surveys)",,,"Vp",NULL,,"ft","ft/s",NULL
"2506","3154",NULL,"73_P2","-118.181","34.165","Refraction (6 Surveys)",,,"Vp",NULL,,"ft","ft/s",NULL
"2507","3155",NULL,"74_S1","-122.025","37.414","Crosshole",,,"Vs",NULL,,"ft","ft/s",NULL
"2508","3155",NULL,"74_P1","-122.025","37.414","Crosshole",,,"Vp",NULL,,"ft","ft/s",NULL
"2509","3156",NULL,"75_S1","-117.917","34.024","Refraction",,,"Vs",NULL,,"ft","ft/s",NULL
"2510","3156",NULL,"75_P1","-117.917","34.024","Refraction",,,"Vp",NULL,,"ft","ft/s",NULL
"2511","3157",NULL,"76_S1","-118.761","34.268","Downhole",,,"Vs",NULL,,"ft","ft/s",NULL
"2512","3157",NULL,"76_P1","-118.761","34.268","Downhole",,,"Vp",NULL,,"ft","ft/s",NULL
"2513","3158",NULL,"77_S1","-118.436","34.284","Refraction",,,"Vs",NULL,,"ft","ft/s",NULL
"2514","3158",NULL,"77_P1","-118.436","34.284","Refraction",,,"Vp",NULL,,"ft","ft/s",NULL
"2515","3159",NULL,"78_S1","-119.093","34.427","Refraction (4 Surveys)",,,"Vs",NULL,,"ft","ft/s",NULL
"2516","3159",NULL,"78_P1","-119.093","34.427","Refraction (4 Surveys)",,,"Vp",NULL,,"ft","ft/s",NULL
"2517","3159",NULL,"78_P2","-119.093","34.427","Refraction (4 Surveys)",,,"Vp",NULL,,"ft","ft/s",NULL
"2518","3160",NULL,"79_S1","-118.269","34.142","Downhole",,,"Vs",NULL,,"ft","ft/s",NULL
"2519","3160",NULL,"79_P1","-118.269","34.142","Downhole",,,"Vp",NULL,,"ft","ft/s",NULL
"2520","3161",NULL,"80_S1","-118.44","34.157","Downhole",,,"Vs",NULL,,"ft","ft/s",NULL
"2521","3161",NULL,"80_P1","-118.44","34.157","Downhole",,,"Vp",NULL,,"ft","ft/s",NULL
"2522","3162",NULL,"81_S1","-119.016","35.373","Downhole",,,"Vs",NULL,,"ft","ft/s",NULL
"2523","3162",NULL,"81_P1","-119.016","35.373","Downhole",,,"Vp",NULL,,"ft","ft/s",NULL
"2524","3163",NULL,"82_S1","-118.432","34.064","Downhole",,,"Vs",NULL,,"ft","ft/s",NULL
"2525","3163",NULL,"82_P1","-118.432","34.064","Downhole",,,"Vp",NULL,,"ft","ft/s",NULL
"2526","3164",NULL,"83_S1","-118.214","33.767","Downhole",,,"Vs",NULL,,"ft","ft/s",NULL
"2527","3164",NULL,"83_P1","-118.214","33.767","Downhole",,,"Vp",NULL,,"ft","ft/s",NULL
"2528","3165",NULL,"84_S1","-118.132","34.062","Downhole",,,"Vs",NULL,,"ft","ft/s",NULL
"2529","3165",NULL,"84_P1","-118.132","34.062","Downhole",,,"Vp",NULL,,"ft","ft/s",NULL
"2530","3166",NULL,"85_S1","-118.379","34.073","Downhole",,,"Vs",NULL,,"ft","ft/s",NULL
"2531","3166",NULL,"85_P1","-118.379","34.073","Downhole",,,"Vp",NULL,,"ft","ft/s",NULL
"2532","3167",NULL,"86_P1","-117.897","33.789","Downhole",,,"Vp",NULL,,"ft","ft/s",NULL
"2533","3168",NULL,"87_S1","-118.442","34.063","Downhole",,,"Vs",NULL,,"ft","ft/s",NULL
"2534","3168",NULL,"87_P1","-118.442","34.063","Downhole",,,"Vp",NULL,,"ft","ft/s",NULL
"2535","3169",NULL,"88_S1","-118.171405","34.201477","Downhole",,,"Vs",NULL,,"ft","ft/s",NULL
"2536","3169",NULL,"88_P1","-118.171405","34.201477","Downhole",,,"Vp",NULL,,"ft","ft/s",NULL
"2537","3170",NULL,"89_S1","-117.864","33.671","Downhole",,,"Vs",NULL,,"ft","ft/s",NULL
"2538","3171",NULL,"90_S1","-117.864","33.669","Downhole",,,"Vs",NULL,,"ft","ft/s",NULL
"2539","3171",NULL,"90_P1","-117.864","33.669","Downhole",,,"Vp",NULL,,"ft","ft/s",NULL
"2540","3172",NULL,"91_S1","-117.856","33.664","Downhole",,,"Vs",NULL,,"ft","ft/s",NULL
"2541","3172",NULL,"91_P1","-117.856","33.664","Downhole",,,"Vp",NULL,,"ft","ft/s",NULL
"2542","3173",NULL,"92_S1","-117.862","33.657","Downhole",,,"Vs",NULL,,"ft","ft/s",NULL
"2543","3173",NULL,"92_P1","-117.862","33.657","Downhole",,,"Vp",NULL,,"ft","ft/s",NULL
"2544","3174",NULL,"93_S1","-118.3","34.098","Downhole",,,"Vs",NULL,,"ft","ft/s",NULL
"2545","3174",NULL,"93_P1","-118.3","34.098","Downhole",,,"Vp",NULL,,"ft","ft/s",NULL
"2546","3175",NULL,"94_S1","-118.4502","34.2332","Downhole",,,"Vs",NULL,,"ft","ft/s",NULL
"2547","3175",NULL,"94_P1","-118.4502","34.2332","Downhole",,,"Vp",NULL,,"ft","ft/s",NULL
"2548","3176",NULL,"95_S1","-121.95","37.294","Downhole",,,"Vs",NULL,,"ft","ft/s",NULL
"2549","3177",NULL,"96_S1","-117.077","32.634","Downhole",,,"Vs",NULL,,"ft","ft/s",NULL
"2550","3177",NULL,"96_P1","-117.077","32.634","Downhole",,,"Vp",NULL,,"ft","ft/s",NULL
"2551","3178",NULL,"97_S1","-116.957","32.795","Refraction",,,"Vs",NULL,,"ft","ft/s",NULL
"2552","3178",NULL,"97_P1","-116.957","32.795","Downhole",,,"Vp",NULL,,"ft","ft/s",NULL
"2553","3179",NULL,"98_S1","-117.16","32.751","Downhole",,,"Vs",NULL,,"ft","ft/s",NULL
"2554","3180",NULL,"77_S1","-117.144207","32.871934","Downhole",,,"Vs",NULL,,"ft","ft/s",NULL
"2555","3181",NULL,"100_S1","-118.494","34.014","Downhole",,,"Vs",NULL,,"ft","ft/s",NULL
"2556","3181",NULL,"100_P1","-118.494","34.014","Downhole",,,"Vp",NULL,,"ft","ft/s",NULL
"2557","3182",NULL,"101_S1","-117.885","33.69","Downhole",,,"Vs",NULL,,"ft","ft/s",NULL
"2558","3182",NULL,"101_P1","-117.885","33.69","Downhole",,,"Vp",NULL,,"ft","ft/s",NULL
"2559","3183",NULL,"102_S1","-118.445","34.068","Downhole",,,"Vs",NULL,,"ft","ft/s",NULL
"2560","3183",NULL,"102_P1","-118.445","34.068","Downhole",,,"Vp",NULL,,"ft","ft/s",NULL
"2561","3184",NULL,"77_S1","-118.2487","34.0538","Refraction",,,"Vs",NULL,,"ft","ft/s",NULL
"2562","3184",NULL,"77_P1","-118.2487","34.0538","Refraction",,,"Vp",NULL,,"ft","ft/s",NULL
"2563","3185",NULL,"104_S1","-118.387","33.93","Downhole",,,"Vs",NULL,,"ft","ft/s",NULL
"2564","3185",NULL,"104_P1","-118.387","33.93","Downhole",,,"Vp",NULL,,"ft","ft/s",NULL
"2565","3186",NULL,"105_S1","-118.477","34.028","Downhole",,,"Vs",NULL,,"ft","ft/s",NULL
"2566","3187",NULL,"106_S1","-118.257","34.045","Downhole",,,"Vs",NULL,,"ft","ft/s",NULL
"2567","3187",NULL,"106_P1","-118.257","34.045","Downhole",,,"Vp",NULL,,"ft","ft/s",NULL
"2568","3188",NULL,"77_S1","-118.251","34.144","Downhole",,,"Vs",NULL,,"ft","ft/s",NULL
"2569","3188",NULL,"77_P1","-118.251","34.144","Downhole",,,"Vp",NULL,,"ft","ft/s",NULL
"2570","3189",NULL,"108_S1","-118.1799","34.046","Downhole",,,"Vs",NULL,,"ft","ft/s",NULL
"2571","3190",NULL,"109_S1","-117.876","33.619","Downhole",,,"Vs",NULL,,"ft","ft/s",NULL
"2572","3190",NULL,"109_P1","-117.876","33.619","Downhole",,,"Vp",NULL,,"ft","ft/s",NULL
"2573","3191",NULL,"110_S1","-117.885","33.692","Downhole",,,"Vs",NULL,,"ft","ft/s",NULL
"2574","3191",NULL,"110_P1","-117.885","33.692","Downhole",,,"Vp",NULL,,"ft","ft/s",NULL
"2575","3192",NULL,"111_S1","-118.291","34.097","Downhole",,,"Vs",NULL,,"ft","ft/s",NULL
"2576","3193",NULL,"31_S1","-118.27923","34.05989","Refraction","19750701",,"Vs",NULL,"ft/s","ft","ft/s",NULL
"2577","3194",NULL,"32_S1","-118.29566","34.05992","Refraction","19750801",,"Vs",NULL,"ft/s","ft","ft/s",NULL
"2578","3195",NULL,"33_S1","-188.30065","34.065","Refraction","19750801",,"Vs",NULL,"ft/s","ft","ft/s",NULL
"2579","3196",NULL,"34_S1","-118.25071","34.05309","Refraction","19750701",,"Vs",NULL,"ft/s","ft","ft/s",NULL
"2580","3197",NULL,"35_S1","-118.25024","34.05649","Refraction","19750701",,"Vs",NULL,"ft/s","ft","ft/s",NULL
"2581","3198",NULL,"36_S1","-118.25448","34.05557","Refraction","19750201",,"Vs",NULL,"ft/s","ft","ft/s",NULL
"2582","3199",NULL,"37_S1","-118.27209","34.04849","Refraction","19750201",,"Vs",NULL,"ft/s","ft","ft/s",NULL
"2583","3200",NULL,"38_S1","-118.26705","34.05023","Refraction","19750801",,"Vs",NULL,"ft/s","ft","ft/s",NULL
"2584","3201",NULL,"39_S1","-118.28401","34.0213","Refraction","19750901",,"Vs",NULL,"ft/s","ft","ft/s",NULL
"2585","3202",NULL,"40_S1","-118.1974","33.99802","Refraction","19750901",,"Vs",NULL,"ft/s","ft","ft/s",NULL
"2586","3203",NULL,"41_S1","-118.30684","34.0599","Refraction","19750801",,"Vs",NULL,"ft/s","ft","ft/s",NULL
"2587","3204",NULL,"42_S1","-118.35736","34.06228","Refraction","19750801",,"Vs",NULL,"ft/s","ft","ft/s",NULL
"2588","3205",NULL,"43_S1","-118.36581","34.06259","Refraction","19750801",,"Vs",NULL,"ft/s","ft","ft/s",NULL
"2589","3206",NULL,"44_S1","-118.39159","34.0668","Refraction","19750801",,"Vs",NULL,"ft/s","ft","ft/s",NULL
"2590","3207",NULL,"45_S1","-118.39123","34.07798","Refraction","19750201",,"Vs",NULL,"ft/s","ft","ft/s",NULL
"2591","3208",NULL,"46_S1","-118.40872","34.06838","Refraction","19750801",,"Vs",NULL,"ft/s","ft","ft/s",NULL
"2592","3209",NULL,"47_S1","-118.41171","34.09233","Refraction","19750801",,"Vs",NULL,"ft/s","ft","ft/s",NULL
"2593","3210",NULL,"48_S1","-118.44687","34.07189","Refraction","19750901",,"Vs",NULL,"ft/s","ft","ft/s",NULL
"2594","3211",NULL,"49_S1","-118.2044","34.05941","Refraction","19750801",,"Vs",NULL,"ft/s","ft","ft/s",NULL
"2595","3212",NULL,"50_S1","-118.21262","34.05713","Refraction","19750801",,"Vs",NULL,"ft/s","ft","ft/s",NULL
"2596","3213",NULL,"51_S1","-118.12162","34.13632","Refraction","19750801",,"Vs",NULL,"ft/s","ft","ft/s",NULL
"2597","3214",NULL,"52_S1","-118.12655","34.13689","Refraction","19750801",,"Vs",NULL,"ft/s","ft","ft/s",NULL
"2598","3215",NULL,"53_S1","-118.17","34.149","Refraction","19750801",,"Vs",NULL,"ft/s","ft","ft/s",NULL
"2599","3216",NULL,"54_S1","-118.176","34.198","Refraction","19750801",,"Vs",NULL,"ft/s","ft","ft/s",NULL
"2600","3217",NULL,"55_S1","-118.15081","34.08487","Refraction","19750801",,"Vs",NULL,"ft/s","ft","ft/s",NULL
"2601","3218",NULL,"56_S1","-118.43737","33.95918","Refraction","19750801",,"Vs",NULL,"ft/s","ft","ft/s",NULL
"2602","3219",NULL,"57_S1","-118.38766","33.80005","Refraction","19750901",,"Vs",NULL,"ft/s","ft","ft/s",NULL
"2603","3220",NULL,"58_S1","-118.082","34.019","Refraction","19750901",,"Vs",NULL,"ft/s","ft","ft/s",NULL
"2604","3221",NULL,"59_S1","-118.05432","34.03439","Refraction","19750901",,"Vs",NULL,"ft/s","ft","ft/s",NULL
"2605","3222",NULL,"60_S1","-118.72","34.81","Refraction","19750901",,"Vs",NULL,"ft/s","ft","ft/s",NULL
"2606","3223",NULL,"61_S1","-117.97971","34.51063","Refraction","19750901",,"Vs",NULL,"ft/s","ft","ft/s",NULL
"2607","3224",NULL,"62_S1","-118.195","33.767","Refraction","19750801",,"Vs",NULL,"ft/s","ft","ft/s",NULL
"2608","3225",NULL,"63_S1","-188.1221","33.7822","Refraction","19750801",,"Vs",NULL,"ft/s","ft","ft/s",NULL
"2609","3226","45","LTC_S_B1","-118.650634","34.125748","Suspension ","20000306",,"Vs",NULL,,"m","m/s",NULL
"2610","3226","45","LTC_P_B1","-118.650634","34.125748","Suspension ","20000306",,"Vp",NULL,,"m","m/s",NULL
"2611","3226","45","LTC_S_B2","-118.650634","34.125748","Suspension ","20000313",,"Vs",NULL,,"m","m/s",NULL
"2612","3226","45","LTC_P_B2","-118.650634","34.125748","Suspension ","20000313",,"Vp",NULL,,"m","m/s",NULL
"2613","3227","30","Switchyard_Vs1","-120.251649","36.307529","SCPT","19980605",,"Vs",NULL,,"m","m/s",NULL
"2614","3227","30","Plant_Vs1","-120.250669","36.308158","SCPT","19980605",,"Vs",NULL,,"m","m/s",NULL
"2615","3227","30","Switchyard_Vs2","-120.251649","36.307529","Suspension ","19980605",,"Vs",NULL,,"m","m/s",NULL
"2616","3227","30","Plant_Vs2","-120.250669","36.308158","Suspension ","19980605",,"Vs",NULL,,"m","m/s",NULL
"2623","4460","53","CE.13197","-117.997112","33.661216","Surface Wave Testing","May-17",NULL,"Vs","287","m/s","m","m/s",NULL
"2624","4461","53","CE.13849","-117.81774","33.853418","Surface Wave Testing","May-17",NULL,"Vs","303","m/s","m","m/s",NULL
"2625","4462","53","CE.13915","-117.344394","33.97916","Surface Wave Testing","May-17",NULL,"Vs","536","m/s","m","m/s",NULL
"2626","4463","53","CE.22791","-116.872406","34.241363","Surface Wave Testing","May-17",NULL,"Vs","335","m/s","m","m/s",NULL
"2627","4464","53","CE.23091","-117.511232","34.013935","Surface Wave Testing","May-17",NULL,"Vs","881","m/s","m","m/s",NULL
"2628","4465","53","CE.23525","-117.748067","34.056871","Surface Wave Testing","May-17",NULL,"Vs","287","m/s","m","m/s",NULL
"2629","4466","53","CE.23542","-117.293091","34.065609","Surface Wave Testing","May-17",NULL,"Vs","301","m/s","m","m/s",NULL
"2630","4467","53","CE.23780","-117.287201","34.096981","Surface Wave Testing","May-17",NULL,"Vs","363","m/s","m","m/s",NULL
"2631","4468","53","CE.23899","-117.397819","34.068985","Surface Wave Testing","May-17",NULL,"Vs","390","m/s","m","m/s",NULL
"2632","4469","53","CE.24611","-118.246817","34.058987","Surface Wave Testing","May-17",NULL,"Vs","392","m/s","m","m/s",NULL
"2633","4470","53","CE.24851","-118.346286","34.070124","Surface Wave Testing","May-17",NULL,"Vs","424","m/s","m","m/s",NULL
"2634","4471","53","CE.24853","-118.285721","34.077626","Surface Wave Testing","May-17",NULL,"Vs","441","m/s","m","m/s",NULL
"2635","4472","53","CE.24185","-118.864651","34.287635","MASW","May-17",NULL,"Vs","454","m/s","m","m/s",NULL
"2636","4473","115","CE.57218","-121.7417","37.2241","MASW","Mar-18",NULL,"Vs","445","m/s","m","m/s",NULL
"2637","4474","115","CE.48906","-122.0211","36.9781","MASW","Mar-18",NULL,"Vs","297","m/s","m","m/s",NULL
"2638","4475","115","CE.47524","-121.3973","36.8483","MASW","Mar-18",NULL,"Vs","228","m/s","m","m/s",NULL
"2639","4476","115","CE.47126","-121.5369","36.8453","MASW","Mar-18",NULL,"Vs","288","m/s","m","m/s",NULL
"2640","4477","115","CE.57203","-121.5714","37.0355","MASW","Mar-18",NULL,"Vs","323","m/s","m","m/s",NULL
"2641","4478","115","CE.47377","-121.8979","36.5974","MASW","Mar-18",NULL,"Vs","572","m/s","m","m/s",NULL
"2642","4479","115","CE.57370","-121.764","37.2903","MASW","Mar-18",NULL,"Vs","436","m/s","m","m/s",NULL
"2643","4480","115","CE.47762","-121.6342","36.6973","MASW","Mar-18",NULL,"Vs","237","m/s","m","m/s",NULL
"2644","4481","115","CE.47567","-121.7789","36.8076","MASW","Mar-18",NULL,"Vs","288","m/s","m","m/s",NULL
"2645","4482","115","CE.47179","-121.6432","36.6715","MASW","Mar-18",NULL,"Vs","266","m/s","m","m/s",NULL
"2646","4483","115","CE.47189","-121.3963","36.7526","MASW","Mar-18",NULL,"Vs","505","m/s","m","m/s",NULL
"2647","4484","115","CE.58135","-122.0615","37.0014","MASW","Mar-18",NULL,"Vs","408","m/s","m","m/s",NULL
"2648","4485","115","CE.57371","-121.8289","37.273","MASW","Mar-18",NULL,"Vs","282","m/s","m","m/s",NULL
"2649","4486","115","CE.47404","-121.9019","36.6129","MASW","Mar-18",NULL,"Vs","825","m/s","m","m/s",NULL
"2650","4487","115","CE.47405","-121.8615","36.5991","MASW","Mar-18",NULL,"Vs","379","m/s","m","m/s",NULL
"2651","4488","116","CE.13172","-117.1507","33.4971","MASW","Jun-16",NULL,"Vs","350","m/s","m","m/s",NULL
"2652","4489","116","CE.13079","-117.443","33.9174","MASW","Jun-16",NULL,"Vs","305","m/s","m","m/s",NULL
"2653","4490","116","CE.13925","-117.2355","33.9019","MASW","May-16",NULL,"Vs","380","m/s","m","m/s",NULL
"2654","4491","116","CE.13927","-117.1731","33.9212","MASW","May-16",NULL,"Vs","325","m/s","m","m/s",NULL
"2655","4492","116","CE.12092","-116.9114","33.4818","MASW","Jun-16",NULL,"Vs","274","m/s","m","m/s",NULL
"2656","4493","116","CE.12102","-116.9592","33.7869","MASW","Jun-16",NULL,"Vs","289","m/s","m","m/s",NULL
"2657","4494","116","CE.13921","-117.4865","33.9753","MASW","May-16",NULL,"Vs","427","m/s","m","m/s",NULL
"2658","4495","116","CE.13924","-117.1274","33.7475","MASW","Jun-16",NULL,"Vs","475","m/s","m","m/s",NULL
"2659","4496","116","CE.13080","-117.2519","33.9677","MASW","Jun-16",NULL,"Vs","420","m/s","m","m/s",NULL
"2660","4497","116","CE.12923","-116.9322","33.7448","MASW","Jun-16",NULL,"Vs","273","m/s","m","m/s",NULL
"2661","4498","116","CE.12331","-116.9797","33.7289","MASW","Jun-16",NULL,"Vs","297","m/s","m","m/s",NULL
"2662","4499","116","CE.13123","-117.4453","33.9506","MASW","Jun-16",NULL,"Vs","547","m/s","m","m/s",NULL
"2663","4620","68","Kaiser Ontario","-117.608605","34.033581","SCPT","01/17/2002",NULL,"Vs",NULL,"ft/s","ft","ft/s",NULL
"2667","4622","221","Boring 3 VS","-118.2429","34.0506","downhole","19740410",,"Vs",NULL,,"ft","ft/s",NULL
"2668","4622","221","Boring 3 VP","-118.2429","34.0506","downhole","19740410",,"Vp",NULL,,"ft","ft/s",NULL
"2669","4623","222","Boring VS","-118.2709","34.1426","downhole","19751121",,"Vs",NULL,,"ft","ft/s",NULL
"2670","4623","222","Boring VP","-118.2709","34.1426",,"19751121",,"Vp",NULL,,"ft","ft/s",NULL
"2673","4625","223","Boring 1 VS","-118.4421","34.0673","downhole","19760726",,"Vs",NULL,,"ft","ft/s",NULL
"2674","4625","223","Boring 1 VP","-118.4421","34.0673","downhole","19760726",,"Vp",NULL,,"ft","ft/s",NULL
"2675","4626","224","Boring 5 VS","-117.8853","33.6913","downhole","19770211",,"Vs",NULL,,"ft","ft/s",NULL
"2676","4626","224","Boring 5 VP","-117.8853","33.6913","downhole","19770211",,"Vp",NULL,,"ft","ft/s",NULL
"2677","4627","225","Boring 1 VS","-118.4937","34.014","downhole","19760825",,"Vs",NULL,,"ft","ft/s",NULL
"2678","4627","225","Boring 1 VP","-118.4937","34.014","downhole","19760825",,"Vp",NULL,,"ft","ft/s",NULL
"2679","4628","226","Boring 2 VS","-119.0159","35.3729","downhole","19761113",,"Vs",NULL,,,,NULL
"2680","4628","226","Boring 2 VP","-119.0159","35.3729","downhole","19761113",,"Vp",NULL,,,,NULL
"2685","4629","227","Boring 5 VS","-118.1326","34.0642","downhole","19770311",,"Vs",NULL,,,,NULL
"2686","4629","227","Boring 5 VP","-118.1326","34.0642","downhole","19770311",,"Vp",NULL,,,,NULL
"2687","4633","229","Boring 5 VS","-118.217","33.76","downhole","19761230/1977010",,"Vs",NULL,,"ft","ft/s",NULL
"2688","4633","229","Boring 5 VP","-118.217","33.76","downhole","19761230/1977010",,"Vp",NULL,,"ft","ft/s",NULL
"2689","4634","230","Boring 2 VS","-118.4318","34.0643","downhole","19761202",,"Vs",NULL,,"ft","ft/s",NULL
"2690","4635","231","Boring 3 VS","-118.4498","34.2335","Downhole",,,"Vs",NULL,,"ft","ft/s",NULL
"2691","4635","231","Boring 3 VP","-118.4498","34.2335","Downhole",,,"Vp",NULL,,"ft","ft/s",NULL
"2692","4636","232","Boring 4 VS","-118.3004","34.0975","Downhole","1977031415",,"Vs",NULL,,"ft","ft/s",NULL
"2693","4636","232","Boring 4 VP","-118.3004","34.0975","Downhole","1977031415",,"Vp",NULL,,"ft","ft/s",NULL
"2694","4637","233","Boring 2 VS","-121.9501","37.2942","downhole","19770416",,"Vs",NULL,,,"ft/s",NULL
"2695","4638","234","Boring 3 VS","-117.8648","33.6711","downhole","19770502/03",,"Vs",NULL,,,,NULL
"2696","4639","235","Boring 5 VS","-118.4458","34.0698","downhole","19770725",,"Vs",NULL,,"ft","ft/s",NULL
"2697","4639","235","Boring 5 VP","-118.4458","34.0698","downhole","19770725",,"Vp",NULL,,"ft","ft/s",NULL
"2698","4640","236","Boring 1 VS","-118.1802","34.0462","downhole","19770830",,"Vs",NULL,,"ft","ft/s",NULL
"2699","4641","237","Boring 3 VS","-118.4773","34.0289","downhole","19770912",,"Vs",NULL,,"ft","ft/s",NULL
"2700","4641","237","Boring 2 VP","-118.4773","34.0289","downhole","19770912",,"Vp",NULL,,"ft","ft/s",NULL
"2701","4642","238","Boring 1 VS","-118.249","34.0534","downhole","19770929",,"Vs",NULL,,"ft","ft/s",NULL
"2702","4642","238","Boring 1 VP","-118.249","34.0534","downhole","19770929",,"Vp",NULL,,"ft","ft/s",NULL
"2703","4643","239","Boring 2 VS","-117.8855","33.6931","downhole","19771026",,"Vs",NULL,,"ft","ft/s",NULL
"2704","4643","239","Boring 2 VP","-117.8855","33.6931","downhole","19771026",,"Vp",NULL,,"ft","ft/s",NULL
"2705","4644","240","Boring 3 VS","-118.431","34.066","downhole","19771104/08",,"Vs",NULL,,"ft","ft/s",NULL
"2706","4644","240","Boring 3 VP","-118.431","34.066","downhole","19771104/08",,"Vp",NULL,,"ft","ft/s",NULL
"2707","4645","241","Boring 0 VS","-118.2346","33.7815","downhole","19780517",,"Vs",NULL,,"ft","ft/s",NULL
"2708","4645","241","Boring 0 VP","-118.2346","33.7815","downhole","19780517",,"Vp",NULL,,"ft","ft/s",NULL
"2709","4646","242","Boring 8 VS","-118.217","34.0502","downhole","19780129",,"Vs",NULL,,"ft","ft/s",NULL
"2710","4647","243","Boring 57 VS","-118.3892","33.9143","downhole","19781012",,"Vs",NULL,,"ft",,NULL
"2711","4647","243","Boring 57 VP","-118.3892","33.9143","downhole","19781012",,"Vp",NULL,,"ft",,NULL
"2712","4648","244","Boring 3 VS","-118.1895","33.767","downhole","19780215",,"Vs",NULL,,"ft","ft/s",NULL
"2713","4648","244","Boring 3 VP","-118.1895","33.767","downhole","19780215",,"Vp",NULL,,"ft","ft/s",NULL
"2714","4649","245","Boring 5 VS","-118.288","34.0232","downhole",,,"Vs",NULL,,"ft","ft/s",NULL
"2715","4649","245","Boring 5 VP","-118.288","34.0232","downhole",,,"Vs",NULL,,"ft","ft/s",NULL
"2716","4650","246","Boring 5 VS","-118.4983","34.0193","Downhole","19780403",,"Vs",NULL,,"ft","ft/s",NULL
"2717","4650","246","Boring 5 VP","-118.4983","34.0193",,,,"Vp",NULL,,"ft","ft/s",NULL
"2718","4651","247","Boring 2 VS","-118.2702","34.0638","Downhole","19780605",,"Vs",NULL,,"ft","ft/s",NULL
"2719","4651","247","Boring 2 VP","-118.2702","34.0638",,"19780605",,"Vp",NULL,,"ft","ft/s",NULL
"2720","4652","248","Boring 2 VS","-118.1345","34.1456","downhole","19780705",,"Vs",NULL,,"ft","ft/s",NULL
"2721","4652","248","Boring 2 VP","34.1456","34.1456","downhole","19780705",,"Vp",NULL,,"ft","ft/s",NULL
"2722","4653","249","Boring 2 VS","-118.2883","33.7728","downhole","19780518",,"Vs",NULL,,"ft","ft/s",NULL
"2723","4653","249","Boring 2 VP","-118.2883","33.7728","downhole","19780518",,"Vs",NULL,,"ft","ft/s",NULL
"2724","4654","250","Boring 2 VS","-118.3128","34.1859","downhole","19780615",,"Vs",NULL,,"ft","ft/s",NULL
"2725","4654","250","Boring 2 VP","-118.3128","34.1859","downhole","19780615",,"Vp",NULL,,"ft","ft/s",NULL
"2726","4655","251","Boring 2 VS","-117.8655","33.6625","downhole","19780609",,"Vs",NULL,,"ft","ft/s",NULL
"2727","4655","251","Boring 2 VP","-117.8655","33.6625","downhole","19780609",,"Vp",NULL,,"ft","ft/s",NULL
"2728","4656","252","Boring 2 VS","-118.2392","33.8106","downhole","19781115",,"Vs",NULL,,"ft","ft/s",NULL
"2729","4656","252","Boring 2 VP","-118.2392","33.8106","downhole","19781115",,"Vp",NULL,,"ft","ft/s",NULL
"2730","4657","253","Boring 1 VS","-117.862","33.6749","downhole","19781120/1978120",,"Vs",NULL,,"ft","ft/s",NULL
"2731","4657","253","Boring 1 VP","-117.862","33.6749","downhole","19781120/1978120",,"Vp",NULL,,"ft","ft/s",NULL
"2732","4658","254","Boring 5A VS","-118.3336","34.1544","downhole","19790323",,"Vs",NULL,,"ft","ft/s",NULL
"2733","4658","254","Boring 5A VP","-118.3336","34.1544","downhole","19790323",,"Vp",NULL,,"ft","ft/s",NULL
"2734","4659","255","Boring 3 VS","-118.0693","34.0714","downhole","19790103/04",,"Vs",NULL,,"ft","ft/s",NULL
"2735","4659","255","Boring 3 VP","-118.0693","34.0714","downhole","19790103/04",,"Vp",NULL,,"ft","ft/s",NULL
"2736","4660","70","Boring 4 VS","-118.4493","34.2211","Downhole","19790322",,"Vs",NULL,,"ft","ft/s",NULL
"2737","4660","70","Boring 4 VP","-118.4493","34.2211","Downhole","19790322",,"Vp",NULL,,"ft","ft/s",NULL
"2738","4661","256","Boring 3 VS","-118.2542","34.1571","downhole","19790804",,"Vs",NULL,,"ft","ft/s",NULL
"2739","4661","256","Boring 3 VP","-118.2542","34.1571","downhole","19790804",,"Vp",NULL,,"ft","ft/s",NULL
"2740","4662","257","Boring 3 VS","-118.1336","34.7831","downhole","19790730",,"Vs",NULL,,"ft","ft/s",NULL
"2741","4662","257","Boring 3 VP","-118.1336","34.7831","downhole","19790730",,"Vp",NULL,,"ft","ft/s",NULL
"2742","4663","258","Boring 1 VS","-118.3703","33.9452","downhole","19790830",,"Vs",NULL,,"ft","ft/s",NULL
"2743","4663","258","Boring 1 VP","-118.3703","33.9452","downhole","19790830",,"Vp",NULL,,"ft","ft/s",NULL
"2744","4664","259","Boring 10 VS","-117.8778","33.6174","downhole","19791012/15",,"Vs",NULL,,"ft","ft/s",NULL
"2745","4664","259","Boring 10 VP","-117.8778","33.6174","downhole","19791012/15",,"Vp",NULL,,"ft","ft/s",NULL
"2746","4665","260","Boring 2 VS","-118.236","33.815","downhole","19800730",,"Vs",NULL,,"ft","ft/s",NULL
"2747","4665","260","Boring 2 VP","-118.236","33.815","downhole","19800730",,"Vp",NULL,,"ft","ft/s",NULL
"2748","4666","261","Boring 0 VS","-118.3717","33.8953","downhole","19801124",,"Vs",NULL,,"ft","ft/s",NULL
"2749","4666","261","Boring 0 VP","-118.3717","33.8953","downhole","19801124",,"Vp",NULL,,"ft","ft/s",NULL
"2750","4667","262","Boring 9 VS","-118.3839","33.9302","downhole","19810430",,"Vs",NULL,,"ft","ft/s",NULL
"2751","4667","262","Boring 9 VP","-118.3839","33.9302","downhole","19810430",,"Vp",NULL,,"ft","ft/s",NULL
"2752","4668","263","Boring 8 VS","-117.9421","33.8403","downhole","19810406",,"Vs",NULL,,"ft","ft/s",NULL
"2753","4668","263","Boring 8 VP","-117.9421","33.8403","downhole","19810406",,"Vp",NULL,,"ft","ft/s",NULL
"2754","4669","264","Boring 7 VS","-118.2545","34.1545","downhole","19810307/10",,"Vs",NULL,,"ft","ft/s",NULL
"2755","4669","264","Boring 7 VP","-118.2545","34.1545","downhole","19810307/10",,"Vp",NULL,,"ft","ft/s",NULL
"2756","4670","265","Boring 1 VS","-117.1214","33.9195","downhole","19810413",,"Vs",NULL,,"ft","ft/s",NULL
"2757","4670","265","Boring 1 VP","-117.1214","33.9195","downhole","19810413",,"Vp",NULL,,"ft","ft/s",NULL
"2758","4671","266","Boring 3 VS","-118.1749","33.7652","downhole","19810520/27",,"Vs",NULL,,"ft","ft/s",NULL
"2759","4671","266","Boring 3 VP","-118.1749","33.7652","downhole","19810520/27",,"Vp",NULL,,"ft","ft/s",NULL
"2760","4672","267","Boring 2 VS","-118.3964","34.0753","downhole","19811117",,"Vs",NULL,,"ft","ft/s",NULL
"2761","4673","268","Boring 4 VS","-118.1418","34.1428","downhole","19820106",,"Vs",NULL,,"ft","ft/s",NULL
"2762","4673","268","Boring 4 VP","-118.1418","34.1428","downhole","19820106",,"Vp",NULL,,"ft","ft/s",NULL
"2763","4674","269","Boring 2 VS","-118.125","34.0978","downhole","19820114/15",,"Vs",NULL,,"ft","ft/s",NULL
"2764","4674","269","Boring 2 VP","-118.125","34.0978","downhole","19820114/15",,"Vp",NULL,,"ft","ft/s",NULL
"2765","4675","270","Boring 2 VS","-118.1503","34.0814","downhole","19820204",,"Vs",NULL,,"ft","ft/s",NULL
"2766","4675","270","Boring 2 VP","-118.1503","34.0814","downhole","19820204",,"Vp",NULL,,"ft","ft/s",NULL
"2767","4676","271","Boring 1 VS","-118.2667","34.0366","downhole","19821103",,"Vs",NULL,,"ft","ft/s",NULL
"2768","4676","271","Boring 1 VP","-118.2667","34.0366","downhole","19821103",,"Vp",NULL,,"ft","ft/s",NULL
"2769","4677","272","Boring B-13 VS","-88.0458","41.6587","downhole","19821203",,"Vs",NULL,,"ft","ft/s",NULL
"2770","4677","272","Boring B-13 VP","-88.0458","41.6587","downhole","19821203",,"Vp",NULL,,"ft","ft/s",NULL
"2773","5637",NULL,"99-4s","-117.233978","32.91759","Suspension",,,"Vs",NULL,,"m","m/s",NULL
"2774","5637",NULL,"99-4p","-117.233978","32.91759","Suspension",,,"Vp",NULL,,"m","m/s",NULL
"2779","5640",NULL,"2K3-4 (Bents 4 a","-118.5057","34.3294","Suspension",,,"Vs","407","m/s","m","m/s",NULL
"2780","5640",NULL,"2K3-4 (Bents 4 a","-118.5057","34.3294","Suspension",,,"Vp","407","m/s","m","m/s",NULL
"2781","5640",NULL,"2K3-5 (Bent 6)s","-118.5061","34.3303","Suspension",,,"Vs","306","m/s","m","m/s",NULL
"2782","5640",NULL,"2K3-5 (Bent 6)p","-118.5061","34.3303","Suspension",,,"Vp","306","m/s","m","m/s",NULL
"2783","5640",NULL,"2K3-6 (Bent 7)s","-118.5067","34.3313","Suspension",,,"Vs","332","m/s","m","m/s",NULL
"2784","5640",NULL,"2K3-6 (Bent 7)p","-118.5067","34.3313","Suspension",,,"Vp","332","m/s","m","m/s",NULL
"2785","5641",NULL,"03-2K3-1s","-117.8431","34.5065","Suspension",,,"Vs",NULL,,"m","m/s",NULL
"2786","5641",NULL,"03-2K3-1p","-117.8431","34.5065","Suspension",,,"Vp",NULL,,"m","m/s",NULL
"2787","5642",NULL,"99-4s","-117.233978","32.91759","Suspension",,,"Vs",NULL,,"m","m/s",NULL
"2788","5642",NULL,"99-4p","-117.233978","32.91759","Suspension",,,"Vp",NULL,,"m","m/s",NULL
"2789","5643",NULL,"96-37s","-122.225609","38.0563","Suspension",,,"Vs","187","m/s","m","m/s",NULL
"2790","5643",NULL,"96-37p","-122.225609","38.0563","Suspension",,,"Vp","187","m/s","m","m/s",NULL
"2791","5643",NULL,"96-29s","-122.226427","38.06574","Suspension",,,"Vs","484","m/s","m","m/s",NULL
"2792","5643",NULL,"96-29p","-122.226427","38.06574","Suspension",,,"Vp","484","m/s","m","m/s",NULL
"2793","5643",NULL,"95-1s","-122.226271","38.05773","Suspension",,,"Vs",NULL,,"m","m/s",NULL
"2794","5643",NULL,"95-1s","-122.226271","38.05773","Suspension",,,"Vs",NULL,,"m","m/s",NULL
"2795","5643",NULL,"95-2s","-122.226271","38.06033","Suspension",,,"Vs",NULL,,"m","m/s",NULL
"2796","5643",NULL,"95-2p","-122.226271","38.06033","Suspension",,,"Vp",NULL,,"m","m/s",NULL
"2797","5643",NULL,"95-3s","-122.225805","38.06436","Suspension",,,"Vs",NULL,,"m","m/s",NULL
"2798","5643",NULL,"95-3p","-122.225805","38.06436","Suspension",,,"Vp",NULL,,"m","m/s",NULL
"2799","5643",NULL,"95-5s","-122.227047","38.05317","Suspension",,,"Vs",NULL,,"m","m/s",NULL
"2800","5643",NULL,"95-5p","-122.227047","38.05317","Suspension",,,"Vp",NULL,,"m","m/s",NULL
"2801","5643",NULL,"95-7s","-122.226084","38.05366","Suspension",,,"Vs","324","m/s","m","m/s",NULL
"2802","5643",NULL,"95-7p","-122.226084","38.05366","Suspension",,,"Vp","324","m/s","m","m/s",NULL
"2803","5643",NULL,"96-28s","-122.227328","38.05237","Suspension",,,"Vs","307","m/s","m","m/s",NULL
"2804","5643",NULL,"96-28p","-122.227328","38.05237","Suspension",,,"Vp","307","m/s","m","m/s",NULL
"2805","5643",NULL,"96-31s","-122.225728","38.05528","Suspension",,,"Vs","142","m/s","m","m/s",NULL
"2806","5643",NULL,"96-31p","-122.225728","38.05528","Suspension",,,"Vp","142","m/s","m","m/s",NULL
"2807","5643",NULL,"96-32s","-122.226628","38.05476","Suspension",,,"Vs","142","m/s","m","m/s",NULL
"2808","5643",NULL,"96-32p","-122.226628","38.05476","Suspension",,,"Vp","142","m/s","m","m/s",NULL
"2809","5643",NULL,"96-35s","-122.225354","38.05581","Suspension",,,"Vs","266","m/s","m","m/s",NULL
"2810","5643",NULL,"96-38s","-122.226597","38.05384","Suspension",,,"Vs",NULL,,"m","m/s",NULL
"2811","5643",NULL,"96-38p","-122.226597","38.05384","Suspension",,,"Vp",NULL,,"m","m/s",NULL
"2816","5645",NULL,"00-1s","-121.6779","39.6128","Suspension",,,"Vs",NULL,,"m","m/s",NULL
"2817","5645",NULL,"00-1p","-121.6779","39.6128","Suspension"," ",,"Vp",NULL,,"m","m/s",NULL
"2818","5645",NULL,"00-2s","-121.6192","39.6126","Suspension"," ",,"Vs",NULL,,"m","m/s",NULL
"2819","5645",NULL,"00-2p","-121.6192","39.6126","Suspension"," ",,"Vp",NULL,,"m","m/s",NULL
"2820","5646",NULL,"96-15","-117.141928","32.699758","Suspension",,,"Vs",NULL,,"m","m/s",NULL
"2823","5648",NULL,"98-3","-121.922901","37.454413","Suspension",,,"Vs",NULL,,"m","m/s",NULL
"2848","5662",NULL,"02-1s","-115.4313","35.5264","Suspension",,,"Vs",NULL,,"m","m/s",NULL
"2849","5662",NULL,"02-1p","-115.4313","35.5264","Suspension",,,"Vp",NULL,,"m","m/s",NULL
"2850","5663",NULL,"05-5 (abutment 5","-121.6189","41.0174","Suspension",,,"Vs",NULL,,"m","m/s",NULL
"2851","5663",NULL,"05-5 (abutment 5","-121.6189","41.0174","Suspension",,,"Vp",NULL,,"m","m/s",NULL
"2852","5663",NULL,"05-4 (Pier 4)s","-121.6193","41.0173","Suspension",,,"Vs",NULL,,"m","m/s",NULL
"2853","5663",NULL,"05-4 (Pier 4)p","-121.6193","41.0173","Suspension",,,"Vp",NULL,,"m","m/s",NULL
"2854","5663",NULL,"04-3 (Pier 3)s","-121.6206","41.0166","Suspension",,,"Vs",NULL,,"m","m/s",NULL
"2855","5663",NULL,"04-3 (Pier 3)p","-121.6206","41.0166","Suspension",,,"Vp",NULL,,"m","m/s",NULL
"2856","5664",NULL,"04-2 vs","-121.5221","41.9983","Suspension",,,"Vs",NULL,,"m","m/s",NULL
"2857","5664",NULL,"04-2 vp","-121.5221","41.9983","Suspension",,,"Vp",NULL,,"m","m/s",NULL
"2858","5665",NULL,"00-4s","-121.6932","39.6223","Suspension",,,"Vs",NULL,,"m","m/s",NULL
"2859","5665",NULL,"00-4p","-121.6932","39.6223","Suspension",,,"Vp",NULL,,"m","m/s",NULL
"2860","5666",NULL,"00-2s","-121.6932","39.6197","Suspension",,,"Vs",NULL,,"m","m/s",NULL
"2861","5666",NULL,"00-2p","-121.6932","39.6197","Suspension",,,"Vp",NULL,,"m","m/s",NULL
"2862","5667",NULL,"B02-3s","-117.3561","33.9936","Suspension",,,"Vs",NULL,,"m","m/s",NULL
"2863","5667",NULL,"B02-3p","-117.3561","33.9936","Suspension",,,"Vp",NULL,,"m","m/s",NULL
"2864","5668",NULL,"98N-1 (AB-22)s","-122.129885","38.05143","Suspension",,,"Vs",NULL,,"m","m/s",NULL
"2865","5668",NULL,"98N-1 (AB-22)p","-122.129885","38.05143","Suspension",,,"Vp",NULL,,"m","m/s",NULL
"2866","5669",NULL,"B99-2s","-117.223516","32.90461","Suspension",,,"Vs",NULL,,"m","m/s",NULL
"2867","5669",NULL,"B99-2s","-117.223516","32.90461","Suspension",,,"Vp",NULL,,"m","m/s",NULL
"2868","5669",NULL,"B99-3s","-117.223139","32.90419","Suspension",,,"Vs",NULL,,"m","m/s",NULL
"2869","5669",NULL,"B99-3p","-117.223139","32.90419","Suspension",,,"Vp",NULL,,"m","m/s",NULL
"2870","5669",NULL,"B99-4s","-117.22131","32.9023","Suspension",,,"Vs",NULL,,"m","m/s",NULL
"2871","5669",NULL,"B99-4p","-117.22131","32.9023","Suspension",,,"Vp",NULL,,"m","m/s",NULL
"2872","5670",NULL,"97-1 (Pier 6)s","-122.117654","38.03728","Suspension",,,"Vs",NULL,,"m","m/s",NULL
"2873","5670",NULL,"97-1 (Pier 6)p","-122.117654","38.03728","Suspension",,,"Vp",NULL,,"m","m/s",NULL
"2874","5670",NULL,"97-5 (Pier 10)s","-122.121748","38.04284","Suspension",,,"Vs",NULL,,"m","m/s",NULL
"2875","5670",NULL,"97-5 (Pier 10)p","-122.121748","38.04284","Suspension",,,"Vp",NULL,,"m","m/s",NULL
"2876","5670",NULL,"97-6 (Pier 11)s","-122.122702","38.04408","Suspension",,,"Vs",NULL,,"m","m/s",NULL
"2877","5670",NULL,"97-6 (Pier 11)p","-122.122702","38.04408","Suspension",,,"Vp",NULL,,"m","m/s",NULL
"2878","5670",NULL,"97-7 (Pier 12)s","-122.123664","38.04532","Suspension",,,"Vs",NULL,,"m","m/s",NULL
"2879","5670",NULL,"97-7 (Pier 12)p","-122.123664","38.04532","Suspension",,,"Vp",NULL,,"m","m/s",NULL
"2880","5670",NULL,"97-8 (Pier 13)s","-122.124541","38.04648","Suspension",,,"Vs",NULL,,"m","m/s",NULL
"2881","5670",NULL,"97-8 (Pier 13)p","-122.124541","38.04648","Suspension",,,"Vp",NULL,,"m","m/s",NULL
"2882","5670",NULL,"97-9 (Pier 14)s","-122.125334","38.0475","Suspension",,,"Vs",NULL,,"m","m/s",NULL
"2883","5670",NULL,"97-9 (Pier 14)p","-122.125334","38.0475","Suspension",,,"Vp",NULL,,"m","m/s",NULL
"2884","5670",NULL,"98-2 (Pier 7)s","-122.118514","38.03866","Suspension",,,"Vs",NULL,,"m","m/s",NULL
"2885","5670",NULL,"98-2 (Pier 7)p","-122.118514","38.03866","Suspension",,,"Vp",NULL,,"m","m/s",NULL
"2886","5670",NULL,"98-3 (Pier 8)s","-122.119722","38.04022","Suspension",,,"Vs",NULL,,"m","m/s",NULL
"2887","5670",NULL,"98-3 (Pier 8)p","-122.119722","38.04022","Suspension",,,"Vp",NULL,,"m","m/s",NULL
"2888","5670",NULL,"98-4 (Pier 9)s","-122.120804","38.0416","Suspension",,,"Vs",NULL,,"m","m/s",NULL
"2889","5670",NULL,"98-4 (Pier 9)p","-122.120804","38.0416","Suspension",,,"Vp",NULL,,"m","m/s",NULL
"2890","5670",NULL,"98-10 (Pier 15)s","-122.126068","38.04832","Suspension",,,"Vs",NULL,,"m","m/s",NULL
"2891","5670",NULL,"98-10 (Pier 15)p","-122.126068","38.04832","Suspension",,,"Vp",NULL,,"m","m/s",NULL
"2892","5670",NULL,"98-11 (Pier 16)s","-122.126614","38.04903","Suspension",,,"Vs",NULL,,"m","m/s",NULL
"2893","5670",NULL,"98-11 (Pier 16)p","-122.126614","38.04903","Suspension",,,"Vp",NULL,,"m","m/s",NULL
"2894","5670",NULL,"98-12 (Pier 17)s","-122.126944","38.04973","Suspension",,,"Vs",NULL,,"m","m/s",NULL
"2895","5670",NULL,"98-12 (Pier 17)p","-122.126944","38.04973","Suspension",,,"Vp",NULL,,"m","m/s",NULL
"2896","5670",NULL,"98-13 (Pier 18)s","-122.127205","38.05032","Suspension",,,"Vs",NULL,,"m","m/s",NULL
"2897","5670",NULL,"98-13 (Pier 18)p","-122.127205","38.05032","Suspension",,,"Vp",NULL,,"m","m/s",NULL
"2898","5670",NULL,"98-S4 (Bent4)s","-122.116752","38.03418","Suspension",,,"Vs",NULL,,"m","m/s",NULL
"2899","5670",NULL,"98-S4 (Bent4)p","-122.116752","38.03418","Suspension",,,"Vp",NULL,,"m","m/s",NULL
"2900","5670",NULL,"00-1 (Pier 9)s","-122.071493","38.02297","Suspension",,,"Vs",NULL,,"m","m/s",NULL
"2901","5670",NULL,"00-1 (Pier 9)p","-122.071493","38.02297","Suspension",,,"Vp",NULL,,"m","m/s",NULL
"2902","5670",NULL,"00-2 (Pier 9)s","-122.1222","38.0395","Suspension",,,"Vs",NULL,,"m","m/s",NULL
"2903","5670",NULL,"00-2 (Pier 9)p","-122.1222","38.0395","Suspension",,,"Vp",NULL,,"m","m/s",NULL
"2904","5670",NULL,"02-4/A-8 (Pier 8","-122.1231","38.0407","Suspension",,,"Vs",NULL,,"m","m/s",NULL
"2905","5670",NULL,"02-4/A-8 (Pier 8","-122.1231","38.0407","Suspension",,,"Vp",NULL,,"m","m/s",NULL
"2906","5670",NULL,"02-6s","-122.1254","38.0435","Suspension",,,"Vs",NULL,,"m","m/s",NULL
"2907","5670",NULL,"02-6p","-122.1254","38.0435","Suspension",,,"Vp",NULL,,"m","m/s",NULL
"2908","5670",NULL,"Boring 1 (Pier 9","-122.1254","38.0435","Suspension",,,"Vs",NULL,,"m","m/s",NULL
"2909","5670",NULL,"Boring 1 (Pier 9","-122.1254","38.0435","Suspension",,,"Vp",NULL,,"m","m/s",NULL
"2910","5670",NULL,"B5B3R (Pier 4)s","-122.072075","38.02291","Suspension",,,"Vs",NULL,,"m","m/s",NULL
"2911","5670",NULL,"B5B3R (Pier 4)p","-122.072075","38.02291","Suspension",,,"Vp",NULL,,"m","m/s",NULL
"2912","5670",NULL,"B6 (Pier 4)s","-122.072082","38.02292","Suspension",,,"Vs",NULL,,"m","m/s",NULL
"2913","5670",NULL,"B6 (Pier 4)p","-122.072082","38.02292","Suspension",,,"Vp",NULL,,"m","m/s",NULL
"2914","5670",NULL,"B8 (Pier 8)s","-122.072082","38.02292","Suspension",,,"Vs",NULL,,"m","m/s",NULL
"2915","5670",NULL,"B8 (Pier 8)p","-122.072082","38.02292","Suspension",,,"Vp",NULL,,"m","m/s",NULL
"2916","5670",NULL,"B9 (Pier 4)s","-122.072084","38.02292","Suspension",,,"Vs",NULL,,"m","m/s",NULL
"2917","5670",NULL,"B9 (Pier 4)p","-122.072084","38.02292","Suspension",,,"Vp",NULL,,"m","m/s",NULL
"2918","5670",NULL,"Boring 10 (Pier ","-122.071465","38.02302","Suspension",,,"Vs",NULL,,"m","m/s",NULL
"2919","5670",NULL,"Boring 10 (Pier ","-122.071465","38.02302","Suspension",,,"Vp",NULL,,"m","m/s",NULL
"2920","5670",NULL,"95-12 (Pier 5)s","-122.065737","38.02003","Suspension",,,"Vs",NULL,,"m","m/s",NULL
"2921","5670",NULL,"95-12 (Pier 5)p","-122.065737","38.02003","Suspension",,,"Vp",NULL,,"m","m/s",NULL
"2922","5670",NULL,"95B13R (Pier 7)s","-122.070477","38.02195","Suspension",,,"Vs",NULL,,"m","m/s",NULL
"2923","5670",NULL,"95B13R (Pier 7)p","-122.070477","38.02195","Suspension",,,"Vp",NULL,,"m","m/s",NULL
"2924","5670",NULL,"96-4 (Pier 7)s","-122.070622","38.0219","Suspension",,,"Vs",NULL,,"m","m/s",NULL
"2925","5670",NULL,"96-4 (Pier 7)p","-122.070622","38.0219","Suspension",,,"Vp",NULL,,"m","m/s",NULL
"2926","5670",NULL,"96-5 (Pier 8)s","-122.071082","38.02268","Suspension",,,"Vs",NULL,,"m","m/s",NULL
"2927","5670",NULL,"96-5 (Pier 8)p","-122.071082","38.02268","Suspension",,,"Vp",NULL,,"m","m/s",NULL
"2960","5683",NULL,"00-3s","-121.6232","39.5825","Suspension",,,"Vs",NULL,,"m","m/s",NULL
"2961","5683",NULL,"00-3p","-121.6232","39.5825","Suspension",,,"Vp",NULL,,"m","m/s",NULL
"2962","5683",NULL,"00-1s","-121.6225","39.5821","Suspension",,,"Vs",NULL,,"m","m/s",NULL
"2963","5683",NULL,"00-1p","-121.6225","39.5821","Suspension",,,"Vp",NULL,,"m","m/s",NULL
"2964","5684",NULL,"B99-2 (Bent 4)s","-117.221303","32.90104","Suspension",,,"Vs",NULL,,"m","m/s",NULL
"2965","5684",NULL,"B99-2 (Bent 4)p","-117.221303","32.90104","Suspension",,,"Vp",NULL,,"m","m/s",NULL
"2966","5684",NULL,"B99-9 (Bent 12)s","-117.224241","32.90371","Suspension",,,"Vs",NULL,,"m","m/s",NULL
"2967","5684",NULL,"B99-9 (Bent 12)p","-117.224241","32.90371","Suspension",,,"Vp",NULL,,"m","m/s",NULL
"2968","5684",NULL,"B99-11 (Bent 15)","-117.225517","32.90508","Suspension",,,"Vs",NULL,,"m","m/s",NULL
"2969","5684",NULL,"B99-11 (Bent 15)","-117.225517","32.90508","Suspension",,,"Vp",NULL,,"m","m/s",NULL
"2974","5687",NULL,"95B1R (Bents 5 a","-122.3907","37.7862","Suspension",,,"Vs",NULL,,"m","m/s",NULL
"2975","5687",NULL,"95B1R (Bents 5 a","-122.3907","37.7862","Suspension",,,"Vp",NULL,,"m","m/s",NULL
"3000","5691",NULL,"95-4s","-122.3911","37.7856","Suspension",,,"Vs",NULL,,"m","m/s",NULL
"3001","5691",NULL,"95-4p","-122.3911","37.7856","Suspension",,,"Vp",NULL,,"m","m/s",NULL
"3002","5691",NULL,"95-5 (Pier A)s","-122.3914","37.7856","Suspension",,,"Vs",NULL,,"m","m/s",NULL
"3003","5691",NULL,"95-5 (Pier A)p","-122.3914","37.7856","Suspension",,,"Vp",NULL,,"m","m/s",NULL
"3004","5692",NULL,"B95-2s","-122.3908","37.786","Suspension",,,"Vs",NULL,,"m","m/s",NULL
"3005","5692",NULL,"B95-2p","-122.3908","37.786","Suspension",,,"Vp",NULL,,"m","m/s",NULL
"3006","5692",NULL,"B95-3s","-122.39101","37.7859","Suspension",,,"Vs",NULL,,"m","m/s",NULL
"3007","5692",NULL,"B95-3p","-122.39101","37.7859","Suspension",,,"Vp",NULL,,"m","m/s",NULL
"3008","5693",NULL,"B99-4s","-117.24066","32.93125","Suspension",,,"Vs",NULL,,"m","m/s",NULL
"3009","5693",NULL,"B99-4p","-117.24066","32.93125","Suspension",,,"Vp",NULL,,"m","m/s",NULL
"3010","5694",NULL,"2K3-6s","-118.5051","34.3294","Suspension",,,"Vs",NULL,,"m","m/s",NULL
"3011","5694",NULL,"2K3-6p","-118.5051","34.3294","Suspension",,,"Vp",NULL,,"m","m/s",NULL
"3012","5695",NULL,"Pier 5s","-123.7626","39.5483",,,,"Vs",NULL,,"m","m/s",NULL
"3013","5695",NULL,"Pier 5p","-123.7626","39.5483",,,,"Vp",NULL,,"m","m/s",NULL
"3017","5698",NULL,"00-2p","-121.6502","39.5961","Suspension",,,"Vp",NULL,,"m","m/s",NULL
"3018","5698",NULL,"00-2s","-121.6502","39.5961","Suspension",,,"Vs",NULL,,"m","m/s",NULL
"3019","5698",NULL,"00-1s","-121.6509","39.5957","Suspension",,,"Vs",NULL,,"m","m/s",NULL
"3020","5699",NULL,"B-12s","-123.34369","39.42204","Suspension",,,"Vs",NULL,,"m","m/s",NULL
"3021","5699",NULL,"B-12p","-123.34369","39.42204","Suspension",,,"Vp",NULL,,"m","m/s",NULL
"3022","5699",NULL,"B-2s","-123.33908","39.41254","Suspension",,,"Vs",NULL,"m/s","m","m/s",NULL
"3023","5699",NULL,"B-2p","-123.33908","39.41254","Suspension",,,"Vp",NULL,"m/s","m","m/s",NULL
"3024","5700",NULL,"B-73s","-123.35063","39.42302","Suspension",,,"Vs",NULL,,"m","m/s",NULL
"3025","5700",NULL,"B-73p","-123.35063","39.42302","Suspension",,,"Vp",NULL,,"m","m/s",NULL
"3049","5718",NULL,"B-06-002s","-121.7514445","38.0188634","Suspension",,,"Vs",NULL,,"ft","m/s",NULL
"3050","5718",NULL,"B-06-002p","-121.7514445","38.0188634","Suspension",,,"Vp",NULL,,"ft","m/s",NULL
"3051","5718",NULL,"B-06-003s","-121.7515397","38.023604","Suspension",,,"Vs",NULL,,"ft","m/s",NULL
"3052","5718",NULL,"B-06-003p","-121.7515397","38.023604","Suspension",,,"Vp",NULL,,"ft","m/s",NULL
"3053","5718",NULL,"B-06-004s","-121.7515103","38.0258165","Suspension",,,"Vs",NULL,,"ft","m/s",NULL
"3054","5718",NULL,"B-06-004p","-121.7515103","38.0258165","Suspension",,,"Vp",NULL,,"ft","m/s",NULL
"3055","5718",NULL,"B-06-007s","-121.75165","38.0372277","Suspension",,,"Vs",NULL,,"ft","m/s",NULL
"3056","5718",NULL,"B-06-007p","-121.75165","38.0372277","Suspension",,,"Vp",NULL,,"ft","m/s",NULL
"3057","5718",NULL,"B-06-008s","-121.7516412","38.04098","Suspension",,,"Vs",NULL,,"ft","m/s",NULL
"3058","5718",NULL,"B-06-008p","-121.7516412","38.04098","Suspension",,,"Vp",NULL,,"ft","m/s",NULL
"3059","5719",NULL,"97-1s","-121.912739","36.53604","Suspension",,,"Vs","168","m/s","m","m/s",NULL
"3060","5719",NULL,"97-1p","-121.912739","36.53604","Suspension",,,"Vp","168","m/s","m","m/s",NULL
"3061","5720",NULL,"02-B-15s","-117.0793","33.0201","Suspension",,"poor","Vs",NULL,,"m","m/s",NULL
"3062","5720",NULL,"02-B-15p","-117.0793","33.0201","Suspension",,"poor","Vp",NULL,,"m","m/s",NULL
"3063","5720",NULL,"02-B-13s Northbo","-117.0786","33.0201","Suspension",,"poor","Vs","789","m/s","m","m/s",NULL
"3064","5720",NULL,"02-B-6s","-117.0794","33.0198","Suspension",,"poor","Vs",NULL,,"m","m/s",NULL
"3065","5720",NULL,"02-B-6p","-117.0794","33.0198","Suspension",,"poor","Vp",NULL,,"m","m/s",NULL
"3066","5720",NULL,"02-B-14s","-117.0787","33.0198","Suspension",,"poor","Vs",NULL,,"m","m/s",NULL
"3067","5720",NULL,"02-B-14p","-117.0787","33.0198","Suspension",,"poor","Vp",NULL,,"m","m/s",NULL
"3068","5720",NULL,"02-B-16s","-117.0787","33.0195","Suspension",,"poor","Vs",NULL,,"m","m/s",NULL
"3069","5720",NULL,"02-B-16p","-117.0787","33.0195","Suspension",,"poor","Vp",NULL,,"m","m/s",NULL
"3070","5720",NULL,"02-B-19s","-117.0794","33.0194","Suspension",,"poor","Vs","410","m/s","m","m/s",NULL
"3071","5720",NULL,"02-B-19p","-117.0794","33.0194","Suspension",,"poor","Vp","410","m/s","m","m/s",NULL
"3072","5720",NULL,"02-B-17s","-117.0787","33.0191","Suspension",,"poor","Vs","488","m/s","m","m/s",NULL
"3073","5720",NULL,"02-B-17p","-117.0787","33.0191","Suspension",,"poor","Vp","488","m/s","m","m/s",NULL
"3074","5720",NULL,"02-B-21s","-117.0793","33.0187","Suspension",,"poor","Vs","476","m/s","m","m/s",NULL
"3075","5720",NULL,"02-B-21p","-117.0793","33.0187","Suspension",,"poor","Vp",NULL,"m/s","m","m/s",NULL
"3076","5720",NULL,"02-B-18s","-117.0789","33.0183","Suspension",,"poor","Vs",NULL,,"m","m/s",NULL
"3077","5720",NULL,"02-B-18p","-117.0789","33.0183","Suspension",,"poor","Vp",NULL,,"m","m/s",NULL
"3078","5720",NULL,"02-B-20s","-117.0794","33.0181","Suspension",,"medium","Vs","393","m/s","m","m/s",NULL
"3079","5720",NULL,"02-B-20p","-117.0794","33.0181","Suspension",,"medium","Vp","393","m/s","m","m/s",NULL
"3080","5720",NULL,"02-B-22s","-117.079","33.0177","Suspension",,"poor","Vs","414","m/s","m","m/s",NULL
"3081","5720",NULL,"02-B-22s","-117.079","33.0177","Suspension",,"poor","Vp","414","m/s","m","m/s",NULL
"3082","5720",NULL,"02-B-11s","-117.0789","33.0174","Suspension",,"poor","Vs",NULL,,"m","m/s",NULL
"3083","5720",NULL,"02-B-11p","-117.0789","33.0174","Suspension",,"poor","Vp",NULL,,"m","m/s",NULL
"3084","5721",NULL,"98-105s","-122.227527","38.0523","Suspension",,,"Vs","366","m/s","m","m/s",NULL
"3085","5721",NULL,"98-105p","-122.227527","38.0523","Suspension",,,"Vp","366","m/s","m","m/s",NULL
"3086","5722",NULL,"98-118s","-122.227527","38.0523","Suspension",,,"Vs","451","m/s","m","m/s",NULL
"3087","5722",NULL,"98-118p","-122.227527","38.0523","Suspension",,,"Vp","451","m/s","m","m/s",NULL
"3088","5722",NULL,"98-106s","-122.228109","38.05292","Suspension",,,"Vs","299","m/s","m","m/s",NULL
"3089","5722",NULL,"98-106p","-122.228109","38.05292","Suspension",,,"Vp","299","m/s","m","m/s",NULL
"3090","5722",NULL,"98-110s","-122.228075","38.05438","Suspension",,,"Vs","382","m/s","m","m/s",NULL
"3091","5722",NULL,"98-110p","-122.228075","38.05438","Suspension",,,"Vp","382","m/s","m","m/s",NULL
"3092","5723",NULL,"98-119s","-122.224932","38.05531","Suspension",,,"Vs","137","m/s","m","m/s",NULL
"3093","5723",NULL,"98-119p","-122.224932","38.05531","Suspension",,,"Vp","137","m/s","m","m/s",NULL
"3094","5723",NULL,"98-103s","-122.226052","38.05359","Suspension",,,"Vs","350","m/s","m","m/s",NULL
"3095","5723",NULL,"98-103p","-122.226052","38.05359","Suspension",,,"Vp","350","m/s","m","m/s",NULL
"3096","5723",NULL,"98-104s","-122.228066","38.05231","Suspension",,,"Vs","471","m/s","m","m/s",NULL
"3097","5723",NULL,"98-104p","-122.228066","38.05231","Suspension",,,"Vp","471","m/s","m","m/s",NULL
"3098","5724",NULL,"98-109s","-122.229868","38.05505","Suspension",,,"Vs",NULL,"m/s","m","m/s",NULL
"3099","5724",NULL,"98-109p","-122.229868","38.05505","Suspension",,,"Vp",NULL,"m/s","m","m/s",NULL
"3100","5724",NULL,"98-112s","-122.228809","38.054828","Suspension",,,"Vs",NULL,,"m","m/s",NULL
"3101","5724",NULL,"98-112p","-122.228809","38.054828","Suspension",,,"Vp",NULL,,"m","m/s",NULL
"3102","5725",NULL,"94-21s","-118.507339","34.33871","Suspension",,,"Vs",NULL,,"m","m/s",NULL
"3103","5725",NULL,"94-21p","-118.507339","34.33871","Suspension",,,"Vp",NULL,,"m","m/s",NULL
"3104","5725",NULL,"94-23s","-118.508878","34.33652","Suspension",,,"Vs",NULL,,"m","m/s",NULL
"3105","5725",NULL,"94-23p","-118.508878","34.33652","Suspension",,,"Vp",NULL,,"m","m/s",NULL
"3106","5725",NULL,"94-34s","-118.5103","34.33624","Suspension",,,"Vs",NULL,,"m","m/s",NULL
"3107","5725",NULL,"94-34p","-118.5103","34.33624","Suspension",,,"Vp",NULL,,"m","m/s",NULL
"3108","5726",NULL,"94-30s","-118.511205","34.33647","Suspension",,,"Vs",NULL,,"m","m/s",NULL
"3109","5726",NULL,"94-30p","-118.511205","34.33647","Suspension",,,"Vp",NULL,,"m","m/s",NULL
"3110","5726",NULL,"94-33s","-118.508368","34.3371","Suspension",,,"Vs",NULL,,"m","m/s",NULL
"3111","5726",NULL,"94-33p","-118.508368","34.3371","Suspension",,,"Vs",NULL,,"m","m/s",NULL
"3112","5727",NULL,"94-22s","-118.508527","34.33678","Suspension",,,"Vs",NULL,,"m","m/s",NULL
"3113","5727",NULL,"94-22p","-118.508527","34.33678","Suspension",,,"Vp",NULL,,"m","m/s",NULL
"3114","5727",NULL,"94-32s","-118.509352","34.33636","Suspension",,,"Vs",NULL,,"m","m/s",NULL
"3115","5727",NULL,"94-32p","-118.509352","34.33636","Suspension",,,"Vp",NULL,,"m","m/s",NULL
"3116","5728",NULL,"00-1s","-121.6391","39.5899",,,,"Vs","494","m/s","m","m/s",NULL
"3117","5728",NULL,"00-1p","-121.6391","39.5899",,,,"Vp","494","m/s","m","m/s",NULL
"3118","5728",NULL,"00-3s","-121.6389","39.5893",,,,"Vs","557","m/s","m","m/s",NULL
"3119","5728",NULL,"00-3p","-121.6389","39.5893",,,,"Vp","557","m/s","m","m/s",NULL
"3120","5729",NULL,"95-6s","-122.3978","37.7806","Suspension",,,"Vs","303","m/s","m","m/s",NULL
"3121","5729",NULL,"95-6p","-122.3978","37.7806","Suspension",,,"Vp","303","m/s","m","m/s",NULL
"3122","5729",NULL,"95-10 (Pier W2)s","-122.3896","37.7872","Suspension",,,"Vs","0","m/s","m","m/s",NULL
"3123","5729",NULL,"95-10 (Pier W2)p","-122.3896","37.7872","Suspension",,,"Vp","0","m/s","m","m/s",NULL
"3124","5729",NULL,"95-11 (Pier W3)s","-122.3864","37.7901","Suspension",,,"Vs","0","m/s","m","m/s",NULL
"3125","5729",NULL,"95-11 (Pier W3)p","-122.3864","37.7901","Suspension",,,"Vp","0","m/s","m","m/s",NULL
"3126","5729",NULL,"95-12 (Pier W4)s","-122.3836","37.7927","Suspension",,,"Vs",NULL,"m/s","m","m/s",NULL
"3127","5729",NULL,"95-12 (Pier W4)p","-122.3836","37.7927","Suspension",,,"Vp",NULL,"m/s","m","m/s",NULL
"3128","5729",NULL,"95-13 (Pier W5)s","-122.3806","37.7955","Suspension",,,"Vs",NULL,"m/s","m","m/s",NULL
"3129","5729",NULL,"95-13 (Pier W5)p","-122.3806","37.7955","Suspension",,,"Vp",NULL,"m/s","m","m/s",NULL
"3130","5729",NULL,"95-14 (Pier W6)s","-122.3753","37.8006","Suspension",,,"Vs",NULL,"m/s","m","m/s",NULL
"3131","5729",NULL,"95-14 (Pier W6)p","-122.3753","37.8006","Suspension",,,"Vp",NULL,"m/s","m","m/s",NULL
"3132","5730",NULL,"94-4 (Bent 36)s","-122.348","37.8183","Suspension",,,"Vs",NULL,,"m","m/s",NULL
"3133","5730",NULL,"94-4 (Bent 36)p","-122.348","37.8183","Suspension",,,"Vp",NULL,,"m","m/s",NULL
"3134","5730",NULL,"94B5Rs","-122.3408","37.82011","Suspension",,,"Vs",NULL,,"m","m/s",NULL
"3135","5730",NULL,"94B5Rp","-122.3408","37.82011","Suspension",,,"Vp",NULL,,"m","m/s",NULL
"3136","5730",NULL,"95-4s","-122.3911","37.7856","Suspension",,,"Vs",NULL,,"m","m/s",NULL
"3137","5730",NULL,"95-4p","-122.3911","37.7856","Suspension",,,"Vp",NULL,,"m","m/s",NULL
"3138","5730",NULL,"95-5 (Pier A)s","-122.3914","37.7856","Suspension",,,"Vs",NULL,,"m","m/s",NULL
"3139","5730",NULL,"95-5 (Pier A)p","-122.3914","37.7856","Suspension",,,"Vp",NULL,,"m","m/s",NULL
"3140","5731",NULL,"96-103s","-122.3994","37.7799","Suspension",,,"Vs",NULL,,"m","m/s",NULL
"3141","5731",NULL,"96-103p","-122.3994","37.7799","Suspension",,,"Vp",NULL,,"m","m/s",NULL
"3142","5732",NULL,"02-5s","-121.5431","38.9733","Suspension",,"poor","Vs",NULL,,"m","m/s",NULL
"3143","5732",NULL,"02-5p","-121.5431","38.9733","Suspension",,"poor","Vs","356","m/s","m","m/s",NULL
"3152","5822","377","Boring DH2 VS","-118.7521","34.4612","Downhole","19810901",NULL,"VS",NULL,"ft/s","ft","ft/s",NULL
"3153","5822","377","Boring DH2 VP","-118.7521","34.4612","Downhole","19810901",NULL,"VP",NULL,"ft/s","ft","ft/s",NULL
"3154","5801","356","Boring 2 VS","-118.3832","34.0907","Downhole","19801112",,"VS","0","ft/s","ft","ft/s",
"3155","5801","356","Boring 2 VP","-118.3832","34.0907","Downhole","19801112",,"VP","0","ft/s","ft","ft/s",
"3156","5803","358","Boring 4 VS","-118.2573","34.146","Downhole","19810407/09",,"VS","0","ft/s","ft","ft/s",
"3157","5803","358","Boring 4 VP","-118.2573","34.146","Downhole","19810407/09",,"VP","0","ft/s","ft","ft/s",
"3158","5806","361","Boring 2 VS","-118.1877","33.7669","Downhole","19810131",,"VS","0","ft/s","ft","ft/s",
"3159","5806","361","Boring 2 VP","-118.1877","33.7669","Downhole","19810131",,"VP","0","ft/s","ft","ft/s",
"3160","5807","362","Boring 4 VS","-117.3726","33.9798","Downhole","19801219/20",,"VS","0","ft/s","ft","ft/s",
"3161","5807","362","Boring 4 VP","-117.3726","33.9798","Downhole","19801219/20",,"VP","0","ft/s","ft","ft/s",
"3164","5735","290","Boring 13 VS","-118.467","34.1551","Downhole","19721012/13",,"VS","0","ft/s","ft","ft/s",
"3165","5735","290","Boring 13 VP","-118.467","34.1551","Downhole","19721012/13",,"VP","0","ft/s","ft","ft/s",
"3166","5736","291","Boring 1 VS","-118.205","34.0626","Downhole","19780330",,"VS","0","ft/s","ft","ft/s",
"3167","5736","291","Boring 1 VP","-118.205","34.0626","Downhole","19780330",,"VP","0","ft/s","ft","ft/s",
"3168","5737","292","Boring 2 VS","-118.625","34.2205","Downhole","19780211",,"VS","0","ft/s","ft","ft/s",
"3169","5738","293","Boring 2 VS","-117.44","34.074","Downhole","19780306/08",,"VS","0","ft/s","ft","ft/s",
"3170","5738","293","Boring 2 VP","-117.44","34.074","Downhole","19780306/08",,"VP","0","ft/s","ft","ft/s",
"3171","5739","294","Boring 3 VS","-117.297","34.1085","Downhole","19780227/28",,"VS","0","ft/s","ft","ft/s",
"3172","5741","296","Boring 27 VS","-118.472","34.0289","Downhole","19780622",,"VS","0","ft/s","ft","ft/s",
"3173","5741","296","Boring 27 VP","-118.472","34.0289","Downhole","19780622",,"VP","0","ft/s","ft","ft/s",
"3174","5742","297","Boring 8 VS","-118.668","34.1916","Downhole","19780920",,"VS","0","ft/s","ft","ft/s",
"3175","5742","297","Boring 8 VP","-118.668","34.1916","Downhole","19780920",,"VP","0","ft/s","ft","ft/s",
"3176","5761","316","Boring 1 VS","-118.43","34.0658","Downhole","19790517",,"VS","0","ft/s","ft","ft/s",
"3177","5761","316","Boring 1 VP","-118.43","34.0658","Downhole","19790517",,"VP","0","ft/s","ft","ft/s",
"3178","5743","298","Boring 2 VS","-118.601","34.1829","Downhole","19780814",,"VS","0","ft/s","ft","ft/s",
"3179","5743","298","Boring 2 VP","-118.601","34.1829","Downhole","19780814",,"VP","0","ft/s","ft","ft/s",
"3180","5744","299","Boring A VS","-118.255","34.0518","Downhole","19780824/25",,"VS","0","ft/s","ft","ft/s",
"3181","5744","299","Boring A VP","-118.255","34.0518","Downhole","19780824/25",,"VP","0","ft/s","ft","ft/s",
"3182","5746","301","Boring 1 VS","-117.317","33.3323","Downhole","19780925/26",,"VS","0","ft/s","ft","ft/s",
"3183","5746","301","Boring 1 VP","-117.317","33.3323","Downhole","19780925/26",,"VP","0","ft/s","ft","ft/s",
"3184","5747","302","Boring 2 VS","-117.318","33.3342","Downhole","19780926/27",,"VS","0","ft/s","ft","ft/s",
"3185","5747","302","Boring 2 VP","-117.318","33.3342","Downhole","19780926/27",,"VP","0","ft/s","ft","ft/s",
"3186","5748","303","Boring 3 VS","-118.273","34.0492","Downhole","19781009",,"VS","0","ft/s","ft","ft/s",
"3187","5748","303","Boring 3 VP","-118.273","34.0492","Downhole","19781009",,"VP","0","ft/s","ft","ft/s",
"3188","5750","305","Boring VS (Plate","-118.302","34.0593","Downhole",,,"VS","0","ft/s","ft","ft/s",
"3189","5755","310","Boring 1 VS","-117.884","33.6917","Downhole","19790410",,"VS","0","ft/s","ft","ft/s",
"3190","5755","310","Boring 1 VP","-117.884","33.6917","Downhole","19790410",,"VP","0","ft/s","ft","ft/s",
"3191","5751","306","Boring 15 VS","-118.379","33.9475","Downhole","19790108",,"VS","0","ft/s","ft","ft/s",
"3192","5751","306","Boring 15 VP","-118.379","33.9475","Downhole","19790108",,"VP","0","ft/s","ft","ft/s",
"3193","5752","307","Boring 2 VS","-118.257","34.0479","Downhole","19710113/14",,"VS","0","ft/s","ft","ft/s",
"3194","5753","308","Boring 7 VS","-118.444","34.0585","Downhole","19790215",,"VS","0","ft/s","ft","ft/s",
"3195","5753","308","Boring 7 VP","-118.444","34.0585","Downhole","19790215",,"VP","0","ft/s","ft","ft/s",
"3196","5754","309","Boring 3 VS","-118.438","34.0603","Downhole","19790216",,"VS","0","ft/s","ft","ft/s",
"3197","5754","309","Boring 3 VP","-118.438","34.0603","Downhole","19790216",,"VP","0","ft/s","ft","ft/s",
"3198","5758","313","Boring 1 VS","-118.434","34.0617","Downhole","19790515",,"VS","0","ft/s","ft","ft/s",
"3199","5758","313","Boring 1 VP","-118.434","34.0617","Downhole","19790515",,"VP","0","ft/s","ft","ft/s",
"3200","5759","314","Boring 2 VS","-118.001","33.859","Downhole","19790507/08/09",,"VS","0","ft/s","ft","ft/s",
"3201","5759","314","Boring 2 VP","-118.001","33.859","Downhole","19790507/08/09",,"VP","0","ft/s","ft","ft/s",
"3202","5764","319","Boring 5 VS","-118.2575","34.0564","Downhole","19790612/13",,"VS","0","ft/s","ft","ft/s",
"3203","5764","319","Boring 5 VP","-118.2575","34.0564","Downhole","19790612/13",,"VP","0","ft/s","ft","ft/s",
"3204","5765","320","Boring 5 VS","-118.4146","34.0607","Downhole","19790623",,"VS","0","ft/s","ft","ft/s",
"3205","5765","320","Boring 5 VP","-118.4146","34.0607","Downhole","19790623",,"VP","0","ft/s","ft","ft/s",
"3206","5767","322","Boring 4 VS","-122.2648","37.5289","Downhole","19790630/0702",,"VS","0","ft/s","ft","ft/s",
"3207","5767","322","Boring 4 VP","-122.2648","37.5289","Downhole","19790630/0702",,"VP","0","ft/s","ft","ft/s",
"3208","5768","323","Boring 4 VS","-118.3724","34.064","Downhole","19790806",,"VS","0","ft/s","ft","ft/s",
"3209","5768","323","Boring 4 VP","-118.3724","34.064","Downhole","19790806",,"VP","0","ft/s","ft","ft/s",
"3210","5773","328","Boring 3 VS","-117.954","33.7156","Downhole","19791015",,"VS","0","ft/s","ft","ft/s",
"3211","5773","328","Boring 3 VP","-117.954","33.7156","Downhole","19791015",,"VP","0","ft/s","ft","ft/s",
"3212","5774","329","Boring 5 VS","-117.168","32.7182","Downhole","19791219",,"VS","0","ft/s","ft","ft/s",
"3213","5774","329","Boring 5 VP","-117.168","32.7182","Downhole","19791219",,"VP","0","ft/s","ft","ft/s",
"3214","5775","330","Boring 2 VS","-118.44","34.0595","Downhole","19791029-1102",,"VS","0","ft/s","ft","ft/s",
"3215","5775","330","Boring 2 VP","-118.44","34.0595","Downhole","19791029-1102",,"VP","0","ft/s","ft","ft/s",
"3216","5776","331","Boring 4 VS","-118.44","34.0595","Downhole","19791203",,"VS","0","ft/s","ft","ft/s",
"3217","5776","331","Boring 4 VP","-118.44","34.0595","Downhole","19791203",,"VP","0","ft/s","ft","ft/s",
"3218","5777","332","Boring 11 VS","-117.862","33.6749","Downhole","19791119/20",,"VS","0","ft/s","ft","ft/s",
"3219","5777","332","Boring 11 VP","-117.862","33.6749","Downhole","19791119/20",,"VP","0","ft/s","ft","ft/s",
"3220","5778","333","Boring 2 VS","-118.428","34.0677","Downhole","19711114",,"VS","0","ft/s","ft","ft/s",
"3221","5778","333","Boring 2 VP","-118.428","34.0677","Downhole","19711114",,"VP","0","ft/s","ft","ft/s",
"3222","5779","334","Boring 6 VS","-118.395","33.9168","Downhole","19791204/05",,"VS","0","ft/s","ft","ft/s",
"3223","5779","334","Boring 6 VP","-118.395","33.9168","Downhole","19791204/05",,"VP","0","ft/s","ft","ft/s",
"3224","5780","335","Boring 4 VS","-118.254","34.0519","Downhole","19800105",,"VS","0","ft/s","ft","ft/s",
"3225","5780","335","Boring 4 VP","-118.254","34.0519","Downhole","19800105",,"VP","0","ft/s","ft","ft/s",
"3226","5781","336","Boring 1 VS","-118.432","34.0634","Downhole","19800121",,"VS","0","ft/s","ft","ft/s",
"3227","5781","336","Boring 1 VP","-118.432","34.0634","Downhole","19800121",,"VP","0","ft/s","ft","ft/s",
"3228","5782","337","Boring 3 VS","-118.415","34.0625","Downhole","19800221",,"VS","0","ft/s","ft","ft/s",
"3229","5782","337","Boring 3 VP","-118.415","34.0625","Downhole","19800221",,"VP","0","ft/s","ft","ft/s",
"3230","5784","339","Boring 5 VS","-118.44","34.0603","Downhole","19800229",,"VS","0","ft/s","ft","ft/s",
"3231","5784","339","Boring 5 VP","-118.44","34.0603","Downhole","19800229",,"VP","0","ft/s","ft","ft/s",
"3232","5786","341","Boring 1 VS","-118.428","34.0669","Downhole","19800314",,"VS","0","ft/s","ft","ft/s",
"3233","5786","341","Boring 1 VP","-118.428","34.0669","Downhole","19800314",,"VP","0","ft/s","ft","ft/s",
"3234","5787","342","Boring 3 VS","-117.9193","33.6928","Downhole",,,"VS","0","ft/s","ft","ft/s",
"3235","5787","342","Boring 3 VP","-117.9193","33.6928","Downhole",,,"VP","0","ft/s","ft","ft/s",
"3236","5788","343","Boring 2 VS","-118.3961","34.0563","Downhole","19800416",,"VS","0","ft/s","ft","ft/s",
"3237","5788","343","Boring 2 VP","-118.3961","34.0563","Downhole","19800416",,"VP","0","ft/s","ft","ft/s",
"3238","5790","345","Boring 4 VS","-118.2964","34.0986","Downhole","19800531",,"VS","0","ft/s","ft","ft/s",
"3239","5790","345","Boring 4 VP","-118.2964","34.0986","Downhole","19800531",,"VP","0","ft/s","ft","ft/s",
"3240","5791","346","Boring 11 VS","-118.2558","34.055","Downhole","19800612",,"VS","0","ft/s","ft","ft/s",
"3241","5791","346","Boring 11 VP","-118.2558","34.055","Downhole","19800612",,"VP","0","ft/s","ft","ft/s",
"3242","5792","347","Boring VS","-119.8438","34.4348","Downhole","19800529",,"VS","0","ft/s","ft","ft/s",
"3243","5792","347","Boring VP","-119.8438","34.4348","Downhole","19800529",,"VP","0","ft/s","ft","ft/s",
"3244","5793","348","Boring 5 VS","-118.4679","34.0446","Downhole","19800904",,"VS","0","ft/s","ft","ft/s",
"3245","5793","348","Boring 5 VP","-118.4679","34.0446","Downhole","19800904",,"VP","0","ft/s","ft","ft/s",
"3246","5794","349","Boring VS","-118.1337","34.1419","Downhole","19800804",,"VS","0","ft/s","ft","ft/s",
"3247","5794","349","Boring VP","-118.1337","34.1419","Downhole","19800804",,"VP","0","ft/s","ft","ft/s",
"3248","5798","353","Boring 21 VS","-118.0869","34.0362","Downhole","19801018",,"VS","0","ft/s","ft","ft/s",
"3249","5798","353","Boring 21 VP","-118.0869","34.0362","Downhole","19801018",,"VP","0","ft/s","ft","ft/s",
"3250","5802","357","Boring 11 VS","-118.192","33.7655","Downhole","19801202",,"VS","0","ft/s","ft","ft/s",
"3251","5802","357","Boring 11 VP","-118.192","33.7655","Downhole","19801202",,"VP","0","ft/s","ft","ft/s",
"3252","5804","359","Boring 3 VS","-118.132","34.1451","Downhole","19801212",,"VS","0","ft/s","ft","ft/s",
"3253","5804","359","Boring 3 VP","-118.132","34.1451","Downhole","19801212",,"VP","0","ft/s","ft","ft/s",
"3254","5805","360","Boring 4 VS","-118.24","34.059","Downhole","19801213/1981030",,"VS","0","ft/s","ft","ft/s",
"3255","5805","360","Boring 4 VP","-118.24","34.059","Downhole","19801213/1981030",,"VP","0","ft/s","ft","ft/s",
"3256","5809","364","Boring 6 VS","-118.189","33.7663","Downhole","19810115",,"VS","0","ft/s","ft","ft/s",
"3257","5809","364","Boring 6 VP","-118.189","33.7663","Downhole","19810115",,"VP","0","ft/s","ft","ft/s",
"3258","5810","365","Boring 17 VS","-118.261","34.0494","Downhole","19810206/07",,"VS","0","ft/s","ft","ft/s",
"3259","5810","365","Boring 17 VP","-118.261","34.0494","Downhole","19810206/07",,"VP","0","ft/s","ft","ft/s",
"3260","5812","367","Boring 4 VS","-118.343","34.1012","Downhole","19810309",,"VS","0","ft/s","ft","ft/s",
"3261","5812","367","Boring 4 VP","-118.343","34.1012","Downhole","19810309",,"VP","0","ft/s","ft","ft/s",
"3262","5813","368","Boring 2 VS","-118.351","34.1405","Downhole","19810319",,"VS","0","ft/s","ft","ft/s",
"3263","5813","368","Boring 2 VP","-118.351","34.1405","Downhole","19810319",,"VP","0","ft/s","ft","ft/s",
"3264","5815","370","Boring 2 VS","-118.37","33.9462","Downhole","19810430",,"VS","0","ft/s","ft","ft/s",
"3265","5815","370","Boring 2 VP","-118.37","33.9462","Downhole","19810430",,"VP","0","ft/s","ft","ft/s",
"3266","5816","371","Boring 3 VS","-118.447","34.0576","Downhole","19810507/08",,"VS","0","ft/s","ft","ft/s",
"3267","5816","371","Boring 3 VP","-118.447","34.0576","Downhole","19810507/08",,"VP","0","ft/s","ft","ft/s",
"3268","5819","374","Boring 4 VS","-118.259","34.0508","Downhole","19810613",,"VS","0","ft/s","ft","ft/s",
"3269","5823","378","Boring 6 VS","-118.353","34.0621","Downhole","19810819",,"VS","0","ft/s","ft","ft/s",
"3270","5823","378","Boring 6 VP","-118.353","34.0621","Downhole","19810819",,"VP","0","ft/s","ft","ft/s",
"3271","5824","379","Boring 2 VS","-118.347","34.198","Downhole","19810828",,"VS","0","ft/s","ft","ft/s",
"3272","5824","379","Boring 2 VP","-118.347","34.198","Downhole","19810828",,"VP","0","ft/s","ft","ft/s",
"3273","5825","380","Boring 4 VS","-118.262","34.0505","Downhole","19810822",,"VS","0","ft/s","ft","ft/s",
"3274","5825","380","Boring 4 VP","-118.262","34.0505","Downhole","19810822",,"VP","0","ft/s","ft","ft/s",
"3275","5826","381","Boring 1 VS","-118.255","34.1514","Downhole","19810827",,"VS","0","ft/s","ft","ft/s",
"3276","5826","381","Boring 1 VP","-118.255","34.1514","Downhole","19810827",,"VP","0","ft/s","ft","ft/s",
"3277","5827","382","Boring 4 VS","-118.339","34.1527","Downhole","19820108",,"VS","0","ft/s","ft","ft/s",
"3278","5827","382","Boring 4 VP","-118.339","34.1527","Downhole","19820108",,"VP","0","ft/s","ft","ft/s",
"3279","5829","384","Boring 3 VS","-118.261","34.0481","Downhole","19810823",,"VS","0","ft/s","ft","ft/s",
"3280","5829","384","Boring 3 VP","-118.261","34.0481","Downhole","19810823",,"VP","0","ft/s","ft","ft/s",
"3281","5831","386","Boring 7 VS","-118.2","33.7638","Downhole","19811006",,"VS","0","ft/s","ft","ft/s",
"3282","5831","386","Boring 7 VP","-118.2","33.7638","Downhole","19811006",,"VP","0","ft/s","ft","ft/s",
"3283","5832","387","Boring 5 VS","-117.205","34.037","Downhole","19811009",,"VS","0","ft/s","ft","ft/s",
"3284","5832","387","Boring 5 VP","-117.205","34.037","Downhole","19811009",,"VP","0","ft/s","ft","ft/s",
"3285","5833","388","Boring 5 VS","-117.125","32.6823","Downhole","19811021",,"VS","0","ft/s","ft","ft/s",
"3286","5833","388","Boring 5 VP","-117.125","32.6823","Downhole","19811021",,"VP","0","ft/s","ft","ft/s",
"3287","5835","390","Boring 3 VS","-118.259","34.0458","Downhole","19811028",,"VS","0","ft/s","ft","ft/s",
"3288","5835","390","Boring 3 VP","-118.259","34.0458","Downhole","19811028",,"VP","0","ft/s","ft","ft/s",
"3289","5836","391","Boring 4 VS","-118.434","34.0612","Downhole","19811118",,"VS","0","ft/s","ft","ft/s",
"3290","5836","391","Boring 4 VP","-118.434","34.0612","Downhole","19811118",,"VP","0","ft/s","ft","ft/s",
"3291","5837","392",,"-117.848","33.7767","Downhole","1981",,"VS","0","ft/s","ft","ft/s",
"3292","5838","393","Boring 7 VS","-118.242","34.0606","Downhole","19840626",,"VS","0","ft/s","ft","ft/s",
"3293","5838","393","Boring 7 VP","-118.242","34.0606","Downhole","19840626",,"VP","0","ft/s","ft","ft/s",
"3294","5840","395","Boring 22 VS","-118.385","33.9464","Downhole","19811211",,"VS","0","ft/s","ft","ft/s",
"3295","5840","395","Boring 22 VP","-118.385","33.9464","Downhole","19811211",,"VP","0","ft/s","ft","ft/s",
"3296","5841","396","Boring 4 VS","-118.397","34.9892","Downhole","19820107",,"VS","0","ft/s","ft","ft/s",
"3297","5841","396","Boring 4 VP","-118.397","34.9892","Downhole","19820107",,"VP","0","ft/s","ft","ft/s",
"3298","5821","376","Boring 4 VS","-118.373","34.0646","Downhole","19810728",,"VS","0","ft/s","ft","ft/s",
"3299","5821","376","Boring 4 VP","-118.373","34.0646","Downhole","19810728",,"VP","0","ft/s","ft","ft/s",
"3300","5844","398","Boring 3 VS","-118.375","34.0699","Downhole","19820115",,"VS","0","ft/s","ft","ft/s",
"3301","5844","398","Boring 3 VP","-118.375","34.0699","Downhole","19820115",,"VP","0","ft/s","ft","ft/s",
"3302","5845","399","Boring 1 VS","-118.287","34.0676","Downhole","19820122",,"VS","0","ft/s","ft","ft/s",
"3303","5845","399","Boring 1 VP","-118.287","34.0676","Downhole","19820122",,"VP","0","ft/s","ft","ft/s",
"3304","5846","400",,"-118.387","34.9885","Downhole","1982",,"VS","0","ft/s","ft","ft/s",
"3305","5847","401","Boring 5 VS","-118.46","33.9824","Downhole","19820422/23/27",,"VS","0","ft/s","ft","ft/s",
"3306","5847","401","Boring 5 VP","-118.46","33.9824","Downhole","19820422/23/27",,"VP","0","ft/s","ft","ft/s",
"3307","5848","402","Boring 1 VS","-118.452","33.9738","Downhole","19820422",,"VS","0","ft/s","ft","ft/s",
"3308","5848","402","Boring 1 VP","-118.452","33.9738","Downhole","19820422",,"VP","0","ft/s","ft","ft/s",
"3309","5849","403","Boring 4 VS","-118.301","34.0616","Downhole","19820212",,"VS","0","ft/s","ft","ft/s",
"3310","5849","403","Boring 4 VP","-118.301","34.0616","Downhole","19820212",,"VP","0","ft/s","ft","ft/s",
"3311","5850","404","Boring 3 VS","-118.353","33.8344","Downhole","19820308",,"VS","0","ft/s","ft","ft/s",
"3312","5850","404","Boring 3 VP","-118.353","33.8344","Downhole","19820308",,"VP","0","ft/s","ft","ft/s",
"3313","5852","407","Boring 1 VS","-117.913","33.6208","Downhole","19820329-31",,"VS","0","ft/s","ft","ft/s",
"3314","5852","407","Boring 1 VP","-117.913","33.6208","Downhole","19820329-31",,"VP","0","ft/s","ft","ft/s",
"3315","5853","408","Boring 5 VS","-118.462","34.0484","Downhole","19831209/10",,"VS","0","ft/s","ft","ft/s",
"3316","5853","408","Boring 5 VP","-118.462","34.0484","Downhole","19831209/10",,"VP","0","ft/s","ft","ft/s",
"3317","5854","409","Boring 4 VS","-118.176","33.7654","Downhole","19830131",,"VS","0","ft/s","ft","ft/s",
"3318","5854","409","Boring 4 VP","-118.176","33.7654","Downhole","19830131",,"VP","0","ft/s","ft","ft/s",
"3319","5855","410","Boring 4 VS","-117.881","33.6918","Downhole","19820603",,"VS","0","ft/s","ft","ft/s",
"3320","5855","410","Boring 4 VP","-117.881","33.6918","Downhole","19820603",,"VP","0","ft/s","ft","ft/s",
"3321","5856","411","Core Hole A VS","-117.508","35.7097","Downhole","19820604-19",,"VS","0","ft/s","ft","ft/s",
"3322","5856","411","Core Hole A VP","-117.508","35.7097","Downhole","19820604-19",,"VP","0","ft/s","ft","ft/s",
"3323","5857","412","Boring 4 VS","-119.211","34.1483","Downhole","19820608/09",,"VS","0","ft/s","ft","ft/s",
"3324","5857","412","Boring 4 VP","-119.211","34.1483","Downhole","19820608/09",,"VP","0","ft/s","ft","ft/s",
"3325","5860","415","Boring 6 VS","-117.342","34.0587","Downhole","19820831",,"VS","0","ft/s","ft","ft/s",
"3326","5860","415","Boring 6 VP","-117.342","34.0587","Downhole","19820831",,"VP","0","ft/s","ft","ft/s",
"3327","5861","416","Boring 4 VS","-118.263","34.0526","Downhole","19820927",,"VS","0","ft/s","ft","ft/s",
"3328","5861","416","Boring 4 VP","-118.263","34.0526","Downhole","19820927",,"VP","0","ft/s","ft","ft/s",
"3329","5862","417","Boring 3 VS","-118.262","34.0467","Downhole","19821104",,"VS","0","ft/s","ft","ft/s",
"3330","5862","417","Boring 3 VP","-118.262","34.0467","Downhole","19821104",,"VP","0","ft/s","ft","ft/s",
"3331","5863","418","Boring 42 VS","-118.227","33.8237","Downhole","19821220",,"VS","0","ft/s","ft","ft/s",
"3332","5863","418","Boring 42 VP","-118.227","33.8237","Downhole","19821220",,"VP","0","ft/s","ft","ft/s",
"3333","5864","419","Boring 2 VS","-117.373","33.9856","Downhole","19821213",,"VS","0","ft/s","ft","ft/s",
"3334","5864","419","Boring 2 VP","-117.373","33.9856","Downhole","19821213",,"VP","0","ft/s","ft","ft/s",
"3335","5865","420","Boring 5 VS","-118.398","34.0207","Downhole","19830107/13",,"VS","0","ft/s","ft","ft/s",
"3336","5865","420","Boring 5 VP","-118.398","34.0207","Downhole","19830107/13",,"VP","0","ft/s","ft","ft/s",
"3337","5866","421","Boring 6 VS","-118.603","34.1782","Downhole","19830111",,"VS","0","ft/s","ft","ft/s",
"3338","5866","421","Boring 6 VP","-118.603","34.1782","Downhole","19830111",,"VP","0","ft/s","ft","ft/s",
"3339","5867","422","Boring 5 VS","-118.241","34.062","Downhole","19830119/24",,"VS","0","ft/s","ft","ft/s",
"3340","5867","422","Boring 5 VP","-118.241","34.062","Downhole","19830119/24",,"VP","0","ft/s","ft","ft/s",
"3341","5868","423","Boring 5 VS","-118.343","34.1528","Downhole","19830126",,"VS","0","ft/s","ft","ft/s",
"3342","5868","423","Boring 5 VP","-118.343","34.1528","Downhole","19830126",,"VP","0","ft/s","ft","ft/s",
"3343","5869","424","Boring 3 VS","-118.243","33.8225","Downhole","19830620",,"VS","0","ft/s","ft","ft/s",
"3344","5869","424","Boring 3 VP","-118.243","33.8225","Downhole","19830620",,"VP","0","ft/s","ft","ft/s",
"3345","5870","425","Boring 15 VS","-118.427","33.9711","Downhole","19830315/19/21",,"VS","0","ft/s","ft","ft/s",
"3346","5870","425","Boring 15 VP","-118.427","33.9711","Downhole","19830315/19/21",,"VP","0","ft/s","ft","ft/s",
"3347","5871","426","Boring 4 VS","-118.401","34.0735","Downhole","19830413",,"VS","0","ft/s","ft","ft/s",
"3348","5871","426","Boring 4 VP","-118.401","34.0735","Downhole","19830413",,"VP","0","ft/s","ft","ft/s",
"3349","5872","427","Boring 5 VS","-118.427","34.0402","Downhole","19830323",,"VS","0","ft/s","ft","ft/s",
"3350","5872","427","Boring 5 VP","-118.427","34.0402","Downhole","19830323",,"VP","0","ft/s","ft","ft/s",
"3351","5873","428","Boring 6 VS","-118.377","33.9324","Downhole","19830406/07",,"VS","0","ft/s","ft","ft/s",
"3352","5873","428","Boring 6 VP","-118.377","33.9324","Downhole","19830406/07",,"VP","0","ft/s","ft","ft/s",
"3353","5874","429","Boring 3 VS","-118.262","34.0586","Downhole","19830524",,"VS","0","ft/s","ft","ft/s",
"3354","5874","429","Boring 3 VP","-118.262","34.0586","Downhole","19830524",,"VP","0","ft/s","ft","ft/s",
"3355","5875","430","Boring 2 VS","-117.174","32.7176","Downhole","19830706",,"VS","0","ft/s","ft","ft/s",
"3356","5875","430","Boring 2 VP","-117.174","32.7176","Downhole","19830706",,"VP","0","ft/s","ft","ft/s",
"3357","5876","431","Boring 9 VS","-118.338","33.9487",,"19831024",,"VS","0","ft/s","ft","ft/s",
"3358","5876","431","Boring 9 VP","-118.338","33.9487",,"19831024",,"VP","0","ft/s","ft","ft/s",
"3359","5877","432","Boring 7 VS","-118.377","33.9449",,"19840106",,"VS","0","ft/s","ft","ft/s",
"3360","5877","432","Boring 7 VP","-118.377","33.9449",,"19840106",,"VP","0","ft/s","ft","ft/s",
"3361","5878","433","Boring 13 VS","-116.352","33.7567",,"19830823",,"VS","0","ft/s","ft","ft/s",
"3362","5878","433","Boring 13 VP","-116.352","33.7567",,"19830823",,"VP","0","ft/s","ft","ft/s",
"3363","5879","434","Boring 3 VS","-116.547","33.825",,"19830831/1983090",,"VS","0","ft/s","ft","ft/s",
"3364","5879","434","Boring 3 VP","-116.547","33.825",,"19830831/1983090",,"VP","0","ft/s","ft","ft/s",
"3365","5880","435","Boring VS","-118.253","34.0417",,"19830907",,"VS","0","ft/s","ft","ft/s",
"3366","5880","435","Boring VP","-118.253","34.0417",,"19830907",,"VP","0","ft/s","ft","ft/s",
"3367","5881","436","Boring 3 VS","-122.061","37.9451",,"19830909/12/15",,"VS","0","ft/s","ft","ft/s",
"3368","5881","436","Boring 3 VP","-122.061","37.9451",,"19830909/12/15",,"VP","0","ft/s","ft","ft/s",
"3369","5882","437","Boring 6 VS","-118.192","33.7673",,"19840713",,"VS","0","ft/s","ft","ft/s",
"3370","5882","437","Boring 6 VP","-118.192","33.7673",,"19840713",,"VP","0","ft/s","ft","ft/s",
"3371","5883","438","Boring 5 VS","-118.249","34.0606",,"19831021",,"VS","0","ft/s","ft","ft/s",
"3372","5883","438","Boring 5 VP","-118.249","34.0606",,"19831021",,"VP","0","ft/s","ft","ft/s",
"3373","5884","439","Boring 5 VS","-118.447","34.1832",,"19831110",,"VS","0","ft/s","ft","ft/s",
"3374","5884","439","Boring 5 VP","-118.447","34.1832",,"19831110",,"VP","0","ft/s","ft","ft/s",
"3375","5885","440","Boring 1 VS","-118.106","34.1007",,"19831108",,"VS","0","ft/s","ft","ft/s",
"3376","5885","440","Boring 1 VP","-118.106","34.1007",,"19831108",,"VP","0","ft/s","ft","ft/s",
"3377","5886","441","Boring 8 VS","-117.47","33.9048",,"19840426",,"VS","0","ft/s","ft","ft/s",
"3378","5886","441","Boring 8 VP","-117.47","33.9048",,"19840426",,"VP","0","ft/s","ft","ft/s",
"3379","5887","442","Boring 2 VS","-118.39","33.9192",,"19850122",,"VS","0","ft/s","ft","ft/s",
"3380","5887","442","Boring 2 VP","-118.39","33.9192",,"19850122",,"VP","0","ft/s","ft","ft/s",
"3381","5888","443","Boring 2 VS","-118.185","33.781",,"19831129",,"VS","0","ft/s","ft","ft/s",
"3382","5888","443","Boring 2 VP","-118.185","33.781",,"19831129",,"VP","0","ft/s","ft","ft/s",
"3383","5889","444","Boring VS","-118.24","34.0477",,"19831130",,"VS","0","ft/s","ft","ft/s",
"3384","5889","444","Boring VP","-118.24","34.0477",,"19831130",,"VP","0","ft/s","ft","ft/s",
"3385","5890","445","Boring 5 VS","-117.853","33.6855",,"19831214",,"VS","0","ft/s","ft","ft/s",
"3386","5890","445","Boring 5 VP","-117.853","33.6855",,"19831214",,"VP","0","ft/s","ft","ft/s",
"3387","5891","446","Boring 9A VS","-118.353","34.0621",,"19841219",,"VS","0","ft/s","ft","ft/s",
"3388","5891","446","Boring 9A VP","-118.353","34.0621",,"19841219",,"VP","0","ft/s","ft","ft/s",
"3389","5892","447","Boring 4 VS","-118.254","34.0513",,"19840306",,"VS","0","ft/s","ft","ft/s",
"3390","5893","448","Boring 10 VS","-118.597","34.1856",,"19840221/22",,"VS","0","ft/s","ft","ft/s",
"3391","5893","448","Boring 10 VP","-118.597","34.1856",,"19840221/22",,"VP","0","ft/s","ft","ft/s",
"3392","5894","449","Boring 2 VS","-117.856","33.6719",,"19840313",,"VS","0","ft/s","ft","ft/s",
"3393","5894","449","Boring 2 VP","-117.856","33.6719",,"19840313",,"VP","0","ft/s","ft","ft/s",
"3394","5895","450","Boring 5 VS","-118.103","33.9829",,"19840309",,"VS","0","ft/s","ft","ft/s",
"3395","5895","450","Boring 5 VP","-118.103","33.9829",,"19840309",,"VP","0","ft/s","ft","ft/s",
"3396","5896","451","Boring 2 VS","-117.261","34.0486",,"19840411",,"VS","0","ft/s","ft","ft/s",
"3397","5896","451","Boring 2 VP","-117.261","34.0486",,"19840411",,"VP","0","ft/s","ft","ft/s",
"3398","5897","452","Boring 7 VS","-118.239","34.0524",,"19840523",,"VS","0","ft/s","ft","ft/s",
"3399","5897","452","Boring 7 VP","-118.239","34.0524",,"19840523",,"VP","0","ft/s","ft","ft/s",
"3400","5898","453","Boring 6 VS","-117.839","33.6822",,"19840517/18",,"VS","0","ft/s","ft","ft/s",
"3401","5898","453","Boring 6 VP","-117.839","33.6822",,"19840517/18",,"VP","0","ft/s","ft","ft/s",
"3402","5899","454","Boring 4 VS","-118.365","34.0978",,"19840625",,"VS","0","ft/s","ft","ft/s",
"3403","5899","454","Boring 4 VP","-118.365","34.0978",,"19840625",,"VP","0","ft/s","ft","ft/s",
"3404","5900","455","Boring 1 VS","-118.358","34.063",,"19840628",,"VS","0","ft/s","ft","ft/s",
"3405","5900","455","Boring 1 VP","-118.358","34.063",,"19840628",,"VP","0","ft/s","ft","ft/s",
"3406","5901","456","Boring VS","-118.501","34.1592",,"19840622",,"VS","0","ft/s","ft","ft/s",
"3407","5901","456","Boring VP","-118.501","34.1592",,"19840622",,"VP","0","ft/s","ft","ft/s",
"3408","5902","457","Boring 2 VS","-118.304","33.8584",,"19840725/1984101",,"VS","0","ft/s","ft","ft/s",
"3409","5902","457","Boring 2 VP","-118.304","33.8584",,"19840725/1984101",,"VP","0","ft/s","ft","ft/s",
"3410","5903","458","Boring 6 VS","-117.864","33.6985",,"19850214",,"VS","0","ft/s","ft","ft/s",
"3411","5903","458","Boring 6 VP","-117.864","33.6985",,"19850214",,"VP","0","ft/s","ft","ft/s",
"3412","5904","459","Boring 2 VS","-117.709","33.6091",,"19840806",,"VS","0","ft/s","ft","ft/s",
"3413","5904","459","Boring 2 VP","-117.709","33.6091",,"19840806",,"VP","0","ft/s","ft","ft/s",
"3414","5905","460","Boring 1 VS","-118.445","34.0582",,"19840906",,"VS","0","ft/s","ft","ft/s",
"3415","5905","460","Boring 1 VP","-118.445","34.0582",,"19840906",,"VP","0","ft/s","ft","ft/s",
"3416","5906","461","Boring 3 VS","-118.443","34.0591",,"19840901",,"VS","0","ft/s","ft","ft/s",
"3417","5906","461","Boring 3 VP","-118.443","34.0591",,"19840901",,"VP","0","ft/s","ft","ft/s",
"3418","5907","462","Boring 4 VS","-118.416","34.0584",,"19840914",,"VS","0","ft/s","ft","ft/s",
"3419","5907","462","Boring 4 VP","-118.416","34.0584",,"19840914",,"VP","0","ft/s","ft","ft/s",
"3420","5908","463","Boring 7 VS","-118.446","34.0354",,"19840919",,"VS","0","ft/s","ft","ft/s",
"3421","5908","463","Boring 7 VP","-118.446","34.0354",,"19840919",,"VP","0","ft/s","ft","ft/s",
"3422","5909","464","Boring 3 VS","-118.394","33.98",,"19841002/13",,"VS","0","ft/s","ft","ft/s",
"3423","5909","464","Boring 3 VP","-118.394","33.98",,"19841002/13",,"VP","0","ft/s","ft","ft/s",
"3424","5910","465","Boring 1 VS","-118.256","34.0498",,"19840130",,"VS","0","ft/s","ft","ft/s",
"3425","5910","465","Boring 1 VP","-118.256","34.0498",,"19840130",,"VP","0","ft/s","ft","ft/s",
"3426","5911","466","Boring 3 VS","-118.394","33.8458",,"19841009",,"VS","0","ft/s","ft","ft/s",
"3427","5911","466","Boring 3 VP","-118.394","33.8458",,"19841009",,"VP","0","ft/s","ft","ft/s",
"3428","5912","467","Boring 6 VS","-117.885","33.6871",,"19841126",,"VS","0","ft/s","ft","ft/s",
"3429","5912","467","Boring 6 VP","-117.885","33.6871",,"19841126",,"VP","0","ft/s","ft","ft/s",
"3430","5913","468","Boring 5 VS","-118.257","34.148",,"19841213/14",,"VS","0","ft/s","ft","ft/s",
"3431","5913","468","Boring 5 VP","-118.257","34.148",,"19841213/14",,"VP","0","ft/s","ft","ft/s",
"3432","5914","469","Boring 2 VS","-118.256","34.1582",,"19841217",,"VS","0","ft/s","ft","ft/s",
"3433","5914","469","Boring 2 VP","-118.256","34.1582",,"19841217",,"VP","0","ft/s","ft","ft/s",
"3434","5915","470","Boring 9 VS","-118.263","34.0509",,"19850110",,"VS","0","ft/s","ft","ft/s",
"3435","5915","470","Boring 9 VP","-118.263","34.0509",,"19850110",,"VP","0","ft/s","ft","ft/s",
"3436","5917","472","Boring 3 VS","-118.456","34.034",,"19850129/30",,"VS","0","ft/s","ft","ft/s",
"3437","5917","472","Boring 3 VP","-118.456","34.034",,"19850129/30",,"VP","0","ft/s","ft","ft/s",
"3438","5918","473","Boring VS","-118.243","33.8195",,"19850222",,"VS","0","ft/s","ft","ft/s",
"3439","5918","473","Boring VP","-118.243","33.8195",,"19850222",,"VP","0","ft/s","ft","ft/s",
"3440","5919","474","Boring 2 VS","-117.881","33.7855",,"19850228",,"VS","0","ft/s","ft","ft/s",
"3441","5919","474","Boring 2 VP","-117.881","33.7855",,"19850228",,"VP","0","ft/s","ft","ft/s",
"3442","5920","475","Boring 10 VS","-118.201","33.7648",,"19850319/29",,"VS","0","ft/s","ft","ft/s",
"3443","5920","475","Boring 10 VP","-118.201","33.7648",,"19850319/29",,"VP","0","ft/s","ft","ft/s",
"3444","5921","476","Boring 3 VS","-118.571","34.2399",,"19850326",,"VS","0","ft/s","ft","ft/s",
"3445","5921","476","Boring 3 VP","-118.571","34.2399",,"19850326",,"VP","0","ft/s","ft","ft/s",
"3446","5922","477","Boring 14 VP","-118.818","34.1558",,"19850417",,"VS","0","ft/s","ft","ft/s",
"3447","5922","477","Boring 14 VS","-118.818","34.1558",,"19850417",,"VP","0","ft/s","ft","ft/s",
"3448","5923","478","Boring 4 VS","-119.175","34.2282",,"19850417",,"VS","0","ft/s","ft","ft/s",
"3449","5923","478","Boring 4 VP","-119.175","34.2282",,"19850417",,"VP","0","ft/s","ft","ft/s",
"3450","5924","479","Boring 1 VS","-117.893","33.788",,"19850429",,"VS","0","ft/s","ft","ft/s",
"3451","5924","479","Boring 1 VP","-117.893","33.788",,"19850429",,"VP","0","ft/s","ft","ft/s",
"3452","5925","480","Boring 4 VS","-118.378","34.0473",,"19850502",,"VS","0","ft/s","ft","ft/s",
"3453","5925","480","Boring 4 VP","-118.378","34.0473",,"19850502",,"VP","0","ft/s","ft","ft/s",
"3454","5926","481","Boring 3 VS","-118.016","34.0307",,"19850607/17",,"VS","0","ft/s","ft","ft/s",
"3455","5926","481","Boring 3 VP","-118.016","34.0307",,"19850607/17",,"VP","0","ft/s","ft","ft/s",
"3456","5927","482","Boring 8 VS","-117.866","33.6553",,"19850703",,"VS","0","ft/s","ft","ft/s",
"3457","5927","482","Boring 8 VP","-117.866","33.6553",,"19850703",,"VP","0","ft/s","ft","ft/s",
"3458","5928","483","Boring VS","-118.134","34.1203",,"19850627/28",,"VS","0","ft/s","ft","ft/s",
"3459","5928","483","Boring VP","-118.134","34.1203",,"19850627/28",,"VP","0","ft/s","ft","ft/s",
"3460","5929","484","Boring 6 VS","-118.269","33.7247",,"19850731/1985081",,"VS","0","ft/s","ft","ft/s",
"3461","5929","484","Boring 6 VP","-118.269","33.7247",,"19850731/1985081",,"VP","0","ft/s","ft","ft/s",
"3462","5930","485","Boring 9 VS","-118.208","33.7677",,"19860813",,"VS","0","ft/s","ft","ft/s",
"3463","5930","485","Boring 9 VP","-118.208","33.7677",,"19860813",,"VP","0","ft/s","ft","ft/s",
"3464","5931","486","Boring 2 VS","-118.291","33.8582",,"19850822",,"VS","0","ft/s","ft","ft/s",
"3465","5931","486","Boring 2 VP","-118.291","33.8582",,"19850822",,"VP","0","ft/s","ft","ft/s",
"3466","5932","487","Boring 3 VS","-117.84","33.6812",,"19850830/1985090",,"VS","0","ft/s","ft","ft/s",
"3467","5932","487","Boring 3 VP","-117.84","33.6812",,"19850830/1985090",,"VP","0","ft/s","ft","ft/s",
"3468","5933","488","Boring 3 VS","-118.26","34.0495",,"19860125",,"VS","0","ft/s","ft","ft/s",
"3469","5933","488","Boring 3 VP","-118.26","34.0495",,"19860125",,"VP","0","ft/s","ft","ft/s",
"3470","5934","489","Boring 4 VS","-117.193","32.7107",,"19851107",,"VS","0","ft/s","ft","ft/s",
"3471","5934","489","Boring 4 VP","-117.193","32.7107",,"19851107",,"VP","0","ft/s","ft","ft/s",
"3472","5935","490","Boring 8 VS","-117.842","33.7422",,"19851030",,"VS","0","ft/s","ft","ft/s",
"3473","5935","490","Boring 8 VP","-117.842","33.7422",,"19851030",,"VP","0","ft/s","ft","ft/s",
"3474","5936","491","Boring 3 VS","-119.8","39.4987",,"19851206/07",,"VS","0","ft/s","ft","ft/s",
"3475","5936","491","Boring 3 VP","-119.8","39.4987",,"19851206/07",,"VP","0","ft/s","ft","ft/s",
"3476","5939","494","Boring 3 VS","-117.773","33.6624",,"19860324",,"VS","0","ft/s","ft","ft/s",
"3477","5939","494","Boring 3 VP","-117.773","33.6624",,"19860324",,"VP","0","ft/s","ft","ft/s",
"3478","5940","495","Boring 1 VS","-118.078","33.759",,"19860423",,"VS","0","ft/s","ft","ft/s",
"3479","5940","495","Boring 1 VP","-118.078","33.759",,"19860423",,"VP","0","ft/s","ft","ft/s",
"3480","5941","496","Boring 2 VS","-117.099","32.7873",,"19860425",,"VS","0","ft/s","ft","ft/s",
"3481","5941","496","Boring 2 VP","-117.099","32.7873",,"19860425",,"VP","0","ft/s","ft","ft/s",
"3482","5942","497","Boring 31 VS","-118.235","34.0282",,"19870618",,"VS","0","ft/s","ft","ft/s",
"3483","5942","497","Boring 31 VP","-118.235","34.0282",,"19870618",,"VP","0","ft/s","ft","ft/s",
"3484","5943","498","Boring 5 VS","-117.214","34.0492",,"19860613",,"VS","0","ft/s","ft","ft/s",
"3485","5943","498","Boring 5 VP","-117.214","34.0492",,"19860613",,"VP","0","ft/s","ft","ft/s",
"3486","5944","499","Boring 4 VS","-118.336","34.1522",,"19860626",,"VS","0","ft/s","ft","ft/s",
"3487","5944","499","Boring 4 VP","-118.336","34.1522",,"19860626",,"VP","0","ft/s","ft","ft/s",
"3488","5945","500","Boring 2 VS","-118.383","34.0826",,"19860724/25",,"VS","0","ft/s","ft","ft/s",
"3489","5945","500","Boring 2 VP","-118.383","34.0826",,"19860724/25",,"VP","0","ft/s","ft","ft/s",
"3490","5946","501","Boring 8 VS","-118.499","34.3797",,"19860729",,"VS","0","ft/s","ft","ft/s",
"3491","5946","501","Boring 8 VP","-118.499","34.3797",,"19860729",,"VP","0","ft/s","ft","ft/s",
"3492","5947","502","Boring 8 VS","-121.288","38.73",,"19861027",,"VS","0","ft/s","ft","ft/s",
"3493","5947","502","Boring 8 VP","-121.288","38.73",,"19861027",,"VP","0","ft/s","ft","ft/s",
"3494","5948","503","Boring 4 VS","-117.077","32.9898",,"19861023",,"VS","0","ft/s","ft","ft/s",
"3495","5948","503","Boring 4 VP","-117.077","32.9898",,"19861023",,"VP","0","ft/s","ft","ft/s",
"3496","5950","505","Boring 3 VS","-118.393","34.0671",,"19861212",,"VS","0","ft/s","ft","ft/s",
"3497","5950","505","Boring 3 VP","-118.393","34.0671",,"19861212",,"VP","0","ft/s","ft","ft/s",
"3498","5951","506","Boring 4 VS","-117.917","33.6902",,"199870131/198702",,"VS","0","ft/s","ft","ft/s",
"3499","5951","506","Boring 4 VP","-117.917","33.6902",,"199870131/198702",,"VP","0","ft/s","ft","ft/s",
"3500","5952","507","Boring 1 VS","-117.377","33.9781",,"199870725",,"VS","0","ft/s","ft","ft/s",
"3501","5952","507","Boring 1 VP","-117.377","33.9781",,"199870725",,"VP","0","ft/s","ft","ft/s",
"3502","5953","508","Boring 7 VS","-122.049","37.5505",,"19870415",,"VS","0","ft/s","ft","ft/s",
"3503","5953","508","Boring 7 VP","-122.049","37.5505",,"19870415",,"VP","0","ft/s","ft","ft/s",
"3504","5954","509","Boring 7 VS","-118.434","34.0618",,"19870417",,"VS","0","ft/s","ft","ft/s",
"3505","5954","509","Boring 7 VP","-118.434","34.0618",,"19870417",,"VP","0","ft/s","ft","ft/s",
"3506","5955","510","Boring 3 VS","-117.303","33.9522",,"19870507",,"VS","0","ft/s","ft","ft/s",
"3507","5955","510","Boring 3 VP","-117.303","33.9522",,"19870507",,"VP","0","ft/s","ft","ft/s",
"3508","5956","511","Boring 5 VS","-117.748","33.655",,"19870604",,"VS","0","ft/s","ft","ft/s",
"3509","5956","511","Boring 5 VP","-117.748","33.655",,"19870604",,"VP","0","ft/s","ft","ft/s",
"3510","5957","512","Boring 1 VS","-118.24","33.8147",,"19870728",,"VS","0","ft/s","ft","ft/s",
"3511","5957","512","Boring 1 VP","-118.24","33.8147",,"19870728",,"VP","0","ft/s","ft","ft/s",
"3512","5958","513","Boring 4 VS","-118.817","34.1552",,"19870805",,"VS","0","ft/s","ft","ft/s",
"3513","5958","513","Boring 4 VP","-118.817","34.1552",,"19870805",,"VP","0","ft/s","ft","ft/s",
"3514","5959","514","Boring 15 VS","-118.041","33.7439",,"19870916",,"VS","0","ft/s","ft","ft/s",
"3515","5959","514","Boring 15 VP","-118.041","33.7439",,"19870916",,"VP","0","ft/s","ft","ft/s",
"3516","5960","515","Boring 3 VS","-118.416","33.9788",,"19870924",,"VS","0","ft/s","ft","ft/s",
"3517","5960","515","Boring 3 VP","-118.416","33.9788",,"19870924",,"VP","0","ft/s","ft","ft/s",
"3518","5961","516","Boring 6 VS","-119.158","34.2189",,"19871204",,"VS","0","ft/s","ft","ft/s",
"3519","5961","516","Boring 6 VP","-119.158","34.2189",,"19871204",,"VP","0","ft/s","ft","ft/s",
"3520","5962","517","Boring 8 VS","-117.134","32.691",,,,"VS","0","ft/s","ft","ft/s",
"3521","5962","517","Boring 8 VP","-117.134","32.691",,,,"VP","0","ft/s","ft","ft/s",
"3522","5963","518","Boring 6 VS","-118.375","34.1649",,"19871102",,"VS","0","ft/s","ft","ft/s",
"3523","5963","518","Boring 6 VP","-118.375","34.1649",,"19871102",,"VP","0","ft/s","ft","ft/s",
"3524","5964","519","Boring 4 VS","-117.378","34.0028",,"19880307/08",,"VS","0","ft/s","ft","ft/s",
"3525","5964","519","Boring 4 VP","-117.378","34.0028",,"19880307/08",,"VP","0","ft/s","ft","ft/s",
"3526","5966","521","Boring 8 VS","-118.6","34.4615",,"19880111",,"VS","0","ft/s","ft","ft/s",
"3527","5966","521","Boring 8 VP","-118.6","34.4615",,"19880111",,"VP","0","ft/s","ft","ft/s",
"3528","5967","522","Boring 15 VS","-118.594","34.4655",,"19880111/15",,"VS","0","ft/s","ft","ft/s",
"3529","5967","522","Boring 15 VP","-118.594","34.4655",,"19880111/15",,"VP","0","ft/s","ft","ft/s",
"3530","5968","523","Boring B2 VS","-118.237","33.8101",,"19880125",,"VS","0","ft/s","ft","ft/s",
"3531","5968","523","Boring B2 VP","-118.237","33.8101",,"19880125",,"VP","0","ft/s","ft","ft/s",
"3532","5969","524","Boring 4 VS","-118.32","34.085",,"19880127/28",,"VS","0","ft/s","ft","ft/s",
"3533","5969","524","Boring 4 VP","-118.32","34.085",,"19880127/28",,"VP","0","ft/s","ft","ft/s",
"3534","5970","525","Boring 8 VS","-117.892","33.6864",,"19880222",,"VS","0","ft/s","ft","ft/s",
"3535","5970","525","Boring 8 VP","-117.892","33.6864",,"19880222",,"VP","0","ft/s","ft","ft/s",
"3536","5972","527","Boring 3 VS","-117.848","33.6724",,"19880316",,"VS","0","ft/s","ft","ft/s",
"3537","5972","527","Boring 3 VP","-117.848","33.6724",,"19880316",,"VP","0","ft/s","ft","ft/s",
"3538","5973","528","Boring 1 VS","-118.463","34.1946",,"19880322/28",,"VS","0","ft/s","ft","ft/s",
"3539","5973","528","Boring 1 VP","-118.463","34.1946",,"19880322/28",,"VP","0","ft/s","ft","ft/s",
"3540","5975","530","Boring 3 VS","-117.666","33.563",,"19880709",,"VS","0","ft/s","ft","ft/s",
"3541","5975","530","Boring 3 VP","-117.666","33.563",,"19880709",,"VP","0","ft/s","ft","ft/s",
"3542","5976","531","Boring 6 VS","-118.292","34.0619",,"19880820",,"VS","0","ft/s","ft","ft/s",
"3543","5976","531","Boring 6 VP","-118.292","34.0619",,"19880820",,"VP","0","ft/s","ft","ft/s",
"3544","5978","533","Boring 6","-117.169","32.7618",,"19890302",,"VS","0","ft/s","ft","ft/s",
"3545","5978","533","Boring 6","-117.169","32.7618",,"19890302",,"VP","0","ft/s","ft","ft/s",
"3546","5979","534","Boring 7","-117.868","33.7779",,"19890501/02",,"VS","0","ft/s","ft","ft/s",
"3547","5979","534","Boring 7","-117.868","33.7779",,"19890501/02",,"VP","0","ft/s","ft","ft/s",
"3548","5980","535","Boring 17","-116.338","33.7294",,"19890202",,"VS","0","ft/s","ft","ft/s",
"3549","5980","535","Boring 17","-116.338","33.7294",,"19890202",,"VP","0","ft/s","ft","ft/s",
"3550","5981","536","Boring 10","-118.444","33.9847",,"19890524/1989061",,"VS","0","ft/s","ft","ft/s",
"3551","5981","536","Boring 10","-118.444","33.9847",,"19890524/1989061",,"VP","0","ft/s","ft","ft/s",
"3552","5982","537","Boring 1","-121.774","37.2404",,"19890203",,"VS","0","ft/s","ft","ft/s",
"3553","5982","537","Boring 1","-121.774","37.2404",,"19890203",,"VP","0","ft/s","ft","ft/s",
"3554","5983","538","Boring 4","-117.877","33.8075",,"19900821",,"VS","0","ft/s","ft","ft/s",
"3555","5983","538","Boring 4","-117.877","33.8075",,"19900821",,"VP","0","ft/s","ft","ft/s",
"3556","5984","539","Boring 8","-118.152","34.0056",,"19890815",,"VS","0","ft/s","ft","ft/s",
"3557","5984","539","Boring 8","-118.152","34.0056",,"19890815",,"VP","0","ft/s","ft","ft/s",
"3558","5990","545","Boring 5","-118.242","33.8186",,"19840315",,"VS","0","ft/s","ft","ft/s",
"3559","5990","545","Boring 5","-118.242","33.8186",,"19840315",,"VP","0","ft/s","ft","ft/s",
"3560","5991","546","Boring 7","-118.243","33.8186",,"19840315",,"VS","0","ft/s","ft","ft/s",
"3561","5991","546","Boring 7","-118.243","33.8186",,"19840315",,"VP","0","ft/s","ft","ft/s",
"3562","6009","564","Boring B2","-118.245","33.8171",,"19851120",,"VS","0","ft/s","ft","ft/s",
"3563","6009","564","Boring B2","-118.245","33.8171",,"19851120",,"VP","0","ft/s","ft","ft/s",
"3564","6010","565","Boring B6","-118.243","33.8171",,"19851119",,"VS","0","ft/s","ft","ft/s",
"3565","6010","565","Boring B6","-118.243","33.8171",,"19851119",,"VP","0","ft/s","ft","ft/s",
"3566","6011","566","Boring B9","-118.246","33.8161",,"19851120",,"VS","0","ft/s","ft","ft/s",
"3567","6011","566","Boring B9","-118.246","33.8161",,"19851120",,"VP","0","ft/s","ft","ft/s",
"3568","6012","567","Boring B11","-118.246","33.8171",,"19851120",,"VS","0","ft/s","ft","ft/s",
"3569","6012","567","Boring B11","-118.246","33.8171",,"19851120",,"VP","0","ft/s","ft","ft/s",
"3570","6013","568","Boring 4","-118.379","33.9019",,"19880812",,"VS","0","ft/s","ft","ft/s",
"3571","6013","568","Boring 4","-118.379","33.9019",,"19880812",,"VP","0","ft/s","ft","ft/s",
"3572","6014","569","Boring 22","-118.388","33.9268",,"19890104",,"VS","0","ft/s","ft","ft/s",
"3573","6014","569","Boring 22","-118.388","33.9268",,"19890104",,"VP","0","ft/s","ft","ft/s",
"3574","5811","366","Boring 8","-117.99","33.7148",,"19810225/26",,"VS","0","ft/s","ft","ft/s",
"3575","5811","366","Boring 8","-117.99","33.7148",,"19810225/26",,"VP","0","ft/s","ft","ft/s",
"3576","5814","369","Boring 5","-118.255","34.1583",,"19810609",,"VS","0","ft/s","ft","ft/s",
"3577","5814","369","Boring 5","-118.255","34.1583",,"19810609",,"VP","0","ft/s","ft","ft/s",
"3578","5745","300","Boring 7","-117.918","33.7995",,"19780918",,"VS","0","ft/s","ft","ft/s",
"3579","5745","300","Boring 7","-117.918","33.7995",,"19780918",,"VP","0","ft/s","ft","ft/s",
"3580","6015","275","Boring 7 VS","-118.766","34.2684","Downhole","19750930",,"VS","0","ft/s","ft","ft/s",
"3582","6017",NULL,"Orange Grove","-120.667194","35.302111","SCPT-1","20220506",,"Vs",NULL,,"ft","ft/s",NULL
"3583","6018",NULL,"HEO Main Station","-121.612656","36.757641","Suspension Logging",,,"Vs",NULL,,"m","m/s",NULL
"3584","6018",NULL,"HEO Main Station","-121.612656","36.757641","Suspension Logging",,,"Vp",NULL,,"m","m/s",NULL
"3585","6019",NULL,"HEO Remote Rock ","-121.5958196","36.7789175","Suspension Logging",,,"Vp",NULL,,"m","m/s",NULL
"3586","6019",NULL,"HEO Remote Rock ","-121.5958196","36.7789175","Suspension Logging",,,"Vs",NULL,,"m","m/s",NULL
"3587","6020",NULL,"BVDAvelLogMain_0","-116.367142","33.326729","Suspension Logging","11/8/1992",,"Vp",NULL,,"m","m/s",NULL
"3588","6020",NULL,"BVDAvelLogMain_0","-116.367142","33.326729","Suspension Logging","11/8/1992",,"Vs",NULL,,"m","m/s",NULL
"3589","6021",NULL,"BPHJRR1_VS","-116.3985035","33.3330118","Suspension Logging",,,"Vs",NULL,,"m","m/s",NULL
"3590","6021",NULL,"BPHJRR1_VP","-116.3985035","33.3330118","Suspension Logging",,,"Vp",NULL,,"m","m/s",NULL
"3591","6022",NULL,"BPHK02_VS","-116.400499","33.3323959","Suspension Logging",,,"Vs",NULL,,"m","m/s",NULL
"3592","6022",NULL,"BPHK02_VP","-116.400499","33.3323959","Suspension Logging",,,"Vp",NULL,,"m","m/s",NULL
"3593","6023",NULL,"GVDBRR1.WK1_Vs","-116.6733928","33.6689921",,,,"Vs",NULL,,"m","m/s",NULL
"3594","6023",NULL,"GVDBRR1.WK1_Vp","-116.6733928","33.6689921",,,,"Vp",NULL,,"m","m/s",NULL
"3595","6023",NULL,"GVDARR1.WK1_Vs","-116.6733928","33.6689921",,,,"Vs",NULL,,"m","m/s",NULL
"3596","6023",NULL,"GVDARR1.WK1_Vp","-116.6733928","33.6689921",,,,"Vp",NULL,,"m","m/s",NULL
"3597","6023",NULL,"SASW-Line1","-116.6743518","33.6688515","SASW",,,"Vs",NULL,,"m","m/s",NULL
"3598","6023",NULL,"SASW-Line2","-116.67329","33.6693857","SASW",,,"Vs",NULL,,"m","m/s",NULL
"3599","6023",NULL,"SASW-Line3","-116.6740215","33.6690366","SASW",,,"Vs",NULL,,"m","m/s",NULL
"3600","6024",NULL,"GVDDRR1_Vs","-116.6737829","33.6687962","Suspension Logging","19980715",,"Vs",NULL,,"m","m/s",NULL
"3601","6024",NULL,"GVDDRR1_Vp","-116.6737829","33.6687962","Suspension Logging","19980715",,"Vp",NULL,,"m","m/s",NULL
"3602","6025",NULL,"SB_WLA_HN[ZNE]_0","-115.5304595","33.097506","Suspension Logging","20031106",,"Vs",NULL,,"ft","ft/s",NULL
"3603","6025",NULL,"SB_WLA_HN[ZNE]_0","-115.5304595","33.097506","Suspension Logging","20031106",,"Vp",NULL,,"ft","ft/s",NULL
"3604","6026",NULL,"Arkansas_VS","-93.230833","35.226667",,,,"Vs",NULL,,"ft","ft/s",NULL
"3605","6027",NULL,"Beaver Valley_VS","-80.433889","40.621944",,,,"Vs",NULL,,"ft","ft/s",NULL
"3606","6028",NULL,"Bellefonte_VS","-85.925667","34.713417",,,,"Vs",NULL,,"ft","ft/s",NULL
"3607","6029",NULL,"Braidwood_VS","-88.228889","41.243611",,,,"Vs",NULL,,"ft","ft/s",NULL
"3608","6030",NULL,"Browns Ferry_VS","-87.118611","34.704167",,,,"Vs",NULL,,"ft","ft/s",NULL
"3609","6031",NULL,"Brunswick_VS","-78.010556","33.958333",,,,"Vs",NULL,,"ft","ft/s",NULL
"3610","6032",NULL,"Byron","-89.281944","42.075",,,,"Vs",NULL,,"ft","ft/s",NULL
"3611","6033",NULL,"Calhoun_VS","-96.076667","41.520833",,,,"Vs",NULL,,"ft","ft/s",NULL
"3612","6034",NULL,"Callaway_VS","-91.781667","38.758333",,,,"Vs",NULL,,"ft","km/s",NULL
"3613","6035",NULL,"Calvert Cliffs_V","-76.441944","38.434722",,,,"Vs",NULL,,"ft","ft/s",NULL
"3614","6036",NULL,"Catawba_VS","-81.069444","35.051389",,,,"Vs",NULL,,"ft","ft/s",NULL
"3615","6037",NULL,"Clinton_VS","-88.834167","40.171944",,,,"Vs",NULL,,"ft","ft/s",NULL
"3616","6038",NULL,"Comanche Peak_VS","-97.785","32.297778",,,,"Vs",NULL,,"ft","ft/s",NULL
"3617","6039",NULL,"Cooper_VS","-95.641111","40.361944",,,,"Vs",NULL,,"ft","ft/s",NULL
"3618","6040",NULL,"David Besse_VS","-83.086399","41.597222",,,,"Vs",NULL,,"ft","ft/s",NULL
"3619","6041",NULL,"DHT-1 Vs","-81.570432","33.558956",,,,"Vs",NULL,,"ft","ft/s",NULL
"3620","6041",NULL,"DHT-1 Vp","-81.570432","33.558956",,,,"Vp",NULL,,"ft","ft/s",NULL
"3621","6042",NULL,"Donald C. Cook_V","-86.566389","41.976111",,,,"Vs",NULL,,"ft","ft/s",NULL
"3622","6043",NULL,"Dresden_VS","-88.271111","41.389722",,,,"Vs",NULL,,"ft","ft/s",NULL
"3623","6044",NULL,"Duane Arnold_VS","-91.777222","42.100556",,,,"Vs",NULL,,"ft","ft/s",NULL
"3624","6045",NULL,"Farley_VS","-85.1125","31.222778",,,,"Vs",NULL,,"ft","ft/s",NULL
"3625","6046",NULL,"Fermi CB-C3_VS","4673.8","6341.4","Suspension logging","20070717-2007081",,"Vs",NULL,,"ft","ft/s",NULL
"3626","6046",NULL,"Fermi CB-C3_VP","4673.8","6341.4","Suspension logging","20070717-2007081",,"Vp",NULL,,"ft","ft/s",NULL
"3627","6047",NULL,"Fermi RB-C4_VS","4448.8","6188.9","Suspension logging","20070614-2007071",,"Vs",NULL,,"ft","ft/s",NULL
"3628","6047",NULL,"Fermi RB-C4_VP","4448.8","6188.9","Suspension logging","20070614-2007071",,"Vp",NULL,,"ft","ft/s",NULL
"3629","6048",NULL,"Fermi RB-C6_VS","4606","6192.8","Suspension logging","20070614-2007091",,"Vs",NULL,,"ft","ft/s",NULL
"3630","6048",NULL,"Fermi RB-C6_VP","4606","6192.8","Suspension logging","20070614-2007091",,"Vp",NULL,,"ft","ft/s",NULL
"3631","6049",NULL,"RB-C8_VS","4534.4","6110.9","Suspension logging","20070613-2007062",,"Vs",NULL,,"ft","ft/s",NULL
"3632","6049",NULL,"RB-C8_VP","4534.4","6110.9","Suspension logging","20070613-2007062",,"Vp",NULL,,"ft","ft/s",NULL
"3633","6050",NULL,"TB-C5_VS","4592.8","6677.7","Suspension Logging","20070607-2007071",,"Vs",NULL,,"ft","ft/s",NULL
"3634","6050",NULL,"TB-C5_VP","4592.8","6677.7","Suspension Logging","20070607-2007071",,"Vp",NULL,,"ft","ft/s",NULL
"3635","6051",NULL,"Fitzpatrick and ","-76.398333","43.523889",,,,"Vs",NULL,,"ft","ft/s",NULL
"3636","6052",NULL,"Ginna_VS","-77.308889","43.291667",,,,"Vs",NULL,,"ft","ft/s",NULL
"3637","6053",NULL,"Grand Gulf_VS","-91.048056","32.0075",,,,"Vs",NULL,,"ft","ft/s",NULL
"3638","6054",NULL,"Harris_VS","-78.956111","35.633333",,,,"Vs",NULL,,"ft","ft/s",NULL
"3639","6055",NULL,"Hatch_VS","-82.344444","31.934167",,,,"Vs",NULL,,"ft","ft/s",NULL
"3640","6056",NULL,"Hope Creek-Salem","-75.538056","39.467778",,,,"Vs",NULL,,"ft","ft/s",NULL
"3641","6057",NULL,"Indian Point_VS","-73.9525","41.271389",,,,"Vs",NULL,,"ft","ft/s",NULL
"3642","6058",NULL,"LaSalle_VS","-88.670833","41.243889",,,,"Vs",NULL,,"ft","ft/s",NULL
"3643","6059",NULL,"Limerick_VS","-75.59","40.22",,,,"Vs",NULL,,"ft","ft/s",NULL
"3644","6060",NULL,"McGuire_VS","-80.948333","35.432222",,,,"Vs",NULL,,"ft","ft/s",NULL
"3645","6061",NULL,"Millstone_VS","-72.168056","41.308611",,,,"Vs",NULL,,"ft","ft/s",NULL
"3646","6062",NULL,"Monticello_VS","-93.848333","45.333333",,,,"Vs",NULL,,"ft","ft/s",NULL
"3647","6063",NULL,"North Anna T-907","-77.7949142","38.05814789","Suspension Logging","20060801-2006080",,"Vs",NULL,,"ft","ft/s",NULL
"3648","6063",NULL,"North Anna T-907","-77.7949142","38.05814789","Suspension Logging","20060801-2006080",,"Vp",NULL,,"ft","ft/s",NULL
"3649","6063",NULL,"North Anna B-907","-77.7949142","38.05814789","Suspension Logging","20060801-2006080",,"Vs",NULL,,"ft","ft/s",NULL
"3650","6063",NULL,"North Anna B-907","-77.7949142","38.05814789","Suspension Logging","20060801-2006080",,"Vp",NULL,,"ft","ft/s",NULL
"3651","6064",NULL,"North AnnaT909_V","-77.794325","38.058383","Suspension Logging","20060817-2006082",,"Vs",NULL,,"ft","ft/s",NULL
"3652","6064",NULL,"North AnnaT909_V","-77.794325","38.058383","Suspension Logging","20060817-2006082",,"Vp",NULL,,"ft","ft/s",NULL
"3653","6064",NULL,"North AnnaB909_V","-77.794325","38.058383","Suspension Logging","20060817-2006082",,"Vs",NULL,,"ft","ft/s",NULL
"3654","6064",NULL,"North AnnaB909_V","-77.794325","38.058383","Suspension Logging","20060817-2006082",,"Vp",NULL,,"ft","ft/s",NULL
"3655","6065",NULL,"Oconee_VS","-82.898611","34.791667",,,,"Vs",NULL,,"ft","ft/s",NULL
"3656","6066",NULL,"Oyster Creek_VS","-74.206389","39.814167",,,,"Vs",NULL,,"ft","ft/s",NULL
"3657","6067",NULL,"Palisades_VS","-86.315278","42.322222",,,,"Vs",NULL,,"ft","ft/s",NULL
"3658","6068",NULL,"Peach Bottom_VS","-76.269167","39.758889",,,,"Vs",NULL,,"ft","ft/s",NULL
"3659","6069",NULL,"Perry_VS","-81.143333","41.801111",,,,"Vs",NULL,,"ft","ft/s",NULL
"3660","6070",NULL,"Pilgrim_VS","-70.579444","41.944444",,,,"Vs",NULL,,"ft","ft/s",NULL
"3661","6071",NULL,"Point Beach_VS","-87.536111","44.280833",,,,"Vs",NULL,,"ft","ft/s",NULL
"3662","6072",NULL,"Prairie Island_V","-92.633056","44.619444",,,,"Vs",NULL,,"ft","ft/s",NULL
"3663","6073",NULL,"Quad Cities_VS","-90.31","41.726111",,,,"Vs",NULL,,"ft","ft/s",NULL
"3664","6074",NULL,"River Bend_VS","-91.331667","30.757222",,,,"Vs",NULL,,"ft","ft/s",NULL
"3665","6075",NULL,"Robinson_VS","-80.158611","34.405278",,,,"Vs",NULL,,"ft","ft/s",NULL
"3666","6076",NULL,"Sequoyah_VS","-85.087778","35.223333",,,,"Vs",NULL,,"ft","ft/s",NULL
"3667","6077",NULL,"South Texas","-96.048056","28.795",,,,"Vs",NULL,,"ft","ft/s",NULL
"3668","6078",NULL,"St. Lucie_VS","-80.246389","27.348611",,,,"Vs",NULL,,"ft","ft/s",NULL
"3669","6079",NULL,"Surry_VS","-76.698333","37.165556",,,,"Vs",NULL,,"ft","ft/s",NULL
"3670","6080",NULL,"Susquehanna_VS","-76.148611","41.091667",,,,"Vs",NULL,,"ft","ft/s",NULL
"3671","6081",NULL,"Three Mile Islan","-76.725","40.153056",,,,"Vs",NULL,,"ft","ft/s",NULL
"3672","6082",NULL,"R-6-1b_VS","-80.3311","25.4335","Suspension Logging","20131014-16",,"Vs",NULL,,"ft","ft/s",NULL
"3673","6082",NULL,"R-6-1b_VP","-80.3311","25.4335",,,,"Vp",NULL,,"ft","ft/s",NULL
"3674","6083",NULL,"Boring R-7-1","-80.334528","25.424194","Suspension Logging","20131015-16",,"Vs",NULL,,"ft","ft/s",NULL
"3675","6083",NULL,"Boring R-7-1","-80.334528","25.424194","Suspension Logging","20131015-16",,"Vp",NULL,,"ft","ft/s",NULL
"3676","6084",NULL,"V.C. Summer_VS","-81.320278","34.295833",,,,"Vs",NULL,,"ft","ft/s",NULL
"3677","6085",NULL,"Vogtle_VS","-81.764722","33.141944",,,,"Vs",NULL,,"ft","ft/s",NULL
"3678","6086",NULL,"Waterford_VS","-90.471111","29.995",,,,"Vs",NULL,,"ft","ft/s",NULL
"3679","6087",NULL,"Watts Bar_VS","-84.790278","35.602778",,,,"Vs",NULL,,"ft","ft/s",NULL
"3680","6088",NULL,"Wolf Creek_VS","-95.688889","38.238889",,,,"Vs",NULL,,"ft","ft/s",NULL
"3681","6089",NULL,"SCPT-A6426-10 - ","-90.1872","38.6416","Seismic CPT",,"high","Vs",NULL,,"ft","ft/s",NULL
"3682","6089",NULL,"MASW-station24 -","-90.1872","38.6416","MASW",,"high","Vs",NULL,,"ft","ft/s",NULL
"3683","6090",NULL,"SCPT-A6429-2 - v","-90.1861","38.63814","Seismic CPT",,"high","Vs",NULL,,"ft","ft/s",NULL
"3684","6090",NULL,"MASW-station1 - ","-90.1861","38.63814","MASW",,"high","Vs",NULL,,"ft","ft/s",NULL
"3685","6091",NULL,"SCPT-A6433-10","-90.1906","38.64745","Seismic CPT",,"high","Vs",NULL,,"ft","ft/s",NULL
"3686","6091",NULL,"MASW-station87 -","-90.1906","38.64745","MASW",,"high","Vs",NULL,,"ft","ft/s",NULL
"3687","6092",NULL,"SCPT-A6434-10 - ","-90.1936","38.65263","Seismic CPT",,"high","Vs",NULL,,"ft","ft/s",NULL
"3688","6092",NULL,"MASW-station140 ","-90.1936","38.65263","MASW",,"high","Vs",NULL,,"ft","ft/s",NULL
"3689","6093",NULL,"SCPT-A6440-10","-90.1921","38.64962","Seismic CPT",,"high","Vs",NULL,,"ft","ft/s",NULL
"3690","6093",NULL,"MASW-station110 ","-90.1921","38.64962","MASW",,"high","Vs",NULL,,"ft","ft/s",NULL
"3691","6094",NULL,"ACTO","-80.06","43.61","S-wave Refraction",,,"Vs",NULL,,"m","m/s",NULL
"3692","6095",NULL,"ALGO","-78.05","45.954","Refraction",,,"Vs",NULL,,"m","m/s",NULL
"3693","6096",NULL,"HSL4 - vs","-90.0998","38.681","Downhole",,"high","Vs",NULL,,"m","m/s",NULL
"3694","6097",NULL,"HSL2 - vs","-90.0926","38.6808","Downhole",,"high","Vs",NULL,,"m","m/s",NULL
"3695","6098",NULL,"Lebanon - vs","-89.8092","38.6487","Downhole",,"high","Vs",NULL,,"m","m/s",NULL
"3696","6099",NULL,"Evansville - vs","-87.4732","38.0409","Seismic CPT",,"high","Vs",NULL,,"m","m/s",NULL
"3697","6100",NULL,"SSC 3 - vp","-88.51575","41.75967","downhole",,,"Vp",NULL,,"ft","ft/s",NULL
"3698","6101",NULL,"SSC 3 - vp","-88.51575","41.75967","downhole",,,"Vp",NULL,,"ft","ft/s",NULL
"3699","6102",NULL,"SSC 3 - vp","-88.51575","41.75967","downhole",,,"Vp",NULL,,"ft","ft/s",NULL
"3700","6103",NULL,"VS(OLD)","-89.740016","36.224038","SCPT",,,"Vs",NULL,,"m","m/s",NULL
"3701","6103",NULL,"VS(XCPT)","-89.739181","36.224708","SCPT",,,"Vs",NULL,,"m","m/s",NULL
"3702","6103",NULL,"VS(CH)","-89.739456","36.224137","SCPT",,,"Vs",NULL,,"m","m/s",NULL
"3703","6103",NULL,"VS(SASW)","-89.739155","36.224747","SASW",,,"Vs",NULL,,"m","m/s",NULL
"3704","6104",NULL,"VS(C-2)","-90.201871","36.790277","SCPT",,,"Vs",NULL,,"m","m/s",NULL
"3705","6104",NULL,"VS(XCPT)","-90.202113","36.790504","SCPT",,,"Vs",NULL,,"m","m/s",NULL
"3706","6104",NULL,"VS(SASW)","-90.202267","36.790499","SASW",,,"Vs",NULL,,"m","m/s",NULL
"3707","6105",NULL,"VS(OLD)","-89.770964","36.060861","SCPT",,,"Vs",NULL,,"m","m/s",NULL
"3708","6105",NULL,"VS(XCPT)","-89.770983","36.060674","SCPT",,,"Vs",NULL,,"m","m/s",NULL
"3709","6105",NULL,"VS(SASW)","-89.770983","36.060674","SASW",,,"Vs",NULL,,"m","m/s",NULL
"3710","6106",NULL,"VS(OLD)","-89.731327","36.837658","SCPT",,,"Vs",NULL,,"m","m/s",NULL
"3711","6106",NULL,"VS(XCPT)","-89.731342","36.837661","SCPT",,,"Vs",NULL,,"m","m/s",NULL
"3712","6106",NULL,"VS(CH)","-89.731213","36.838028","SCPT",,,"Vs",NULL,,"m","m/s",NULL
"3713","6106",NULL,"VS(SASW)","-89.731507","36.837647","SASW",,,"Vs",NULL,,"m","m/s",NULL
"3714","6107",NULL,"VS(OLD)","-90.04647","36.088941","SCPT",,,"Vs",NULL,,"m","m/s",NULL
"3715","6107",NULL,"VS(XCPT)","-90.046673","36.088408","SCPT",,,"Vs",NULL,,"m","m/s",NULL
"3716","6107",NULL,"VS(SASW)","-90.046673","36.088408","SASW",,,"Vs",NULL,,"m","m/s",NULL
"3717","6108",NULL,"VS(OLD)","-89.783849","36.100455","SCPT",,,"Vs",NULL,,"m","m/s",NULL
"3718","6108",NULL,"VS(XCPT)","-89.78325","36.100262","SCPT",,,"Vs",NULL,,"m","m/s",NULL
"3719","6108",NULL,"VS(SASW)","-89.783422","36.100125","SASW",,,"Vs",NULL,,"m","m/s",NULL
"3720","6109",NULL,"BRCO","-81.44","44.24","S-wave Refraction",,,"Vs",NULL,,"m","m/s",NULL
"3721","6110",NULL,"CKR","-77.45","45.99","S-wave Refraction",,,"Vs",NULL,,"m","m/s",NULL
"3722","6111",NULL,"SSC 2 - vp","-88.51575","41.82414","downhole",,,"Vp",NULL,,"ft","ft/s",NULL
"3723","6112",NULL,"Shelby Farms - v","-89.84","35.12","SCPT",,"high","Vs",NULL,,"m","m/s",NULL
"3724","6113",NULL,"Covington - vs","-89.63","35.4","SCPT",,"high","Vs",NULL,,"m","m/s",NULL
"3725","6114",NULL,"Jackson - vs","-88.92","35.64","SCPT",,"high","Vs",NULL,,"m","m/s",NULL
"3726","6115",NULL,"Brownsville - vs","-89.26","35.54","SCPT",,"high","Vs",NULL,,"m","m/s",NULL
"3727","6116",NULL,"GRQ","-75.86","46.61",,,,,NULL,,,,NULL
"3728","6117",NULL,"Bellefontaine Pa","-90.2304","38.6801","Active Source Surface Waves",,"high","Vp",NULL,,"km","km/s",NULL
"3729","6117",NULL,"Bellefontaine Pa","-90.2304","38.6801","Active Source Surface Waves",,"high","Vs",NULL,,"km","km/s",NULL
"3730","6118",NULL,"Riverview Park -","-90.1993","38.7433","Active Source Surface Waves",,"high","Vp",NULL,,"km","km/s",NULL
"3731","6118",NULL,"Riverview Park -","-90.1993","38.7433","Active Source Surface Waves",,"high","Vs",NULL,,"km","km/s",NULL
"3732","6119",NULL,"Edwardsville Ath","-90.0124","38.7873","Active Source Surface Waves",,"high","Vp",NULL,,"km","km/s",NULL
"3733","6119",NULL,"Edwardsville Ath","-90.0124","38.7873","Active Source Surface Waves",,"high","Vs",NULL,,"km","km/s",NULL
"3734","6120",NULL,"Southern Illinoi","-90.0124","38.7873","Active Source Surface Waves",,"high","Vp",NULL,,"km","km/s",NULL
"3735","6120",NULL,"Southern Illinoi","-90.0124","38.7873","Active Source Surface Waves",,"high","Vs",NULL,,"km","km/s",NULL
"3736","6121",NULL,"Jefferson Commun","-90.5585","38.2575","Active Source Surface Waves",,"high","Vp",NULL,,"km","km/s",NULL
"3737","6121",NULL,"Jefferson Commun","-90.5585","38.2575","Active Source Surface Waves",,"high","Vs",NULL,,"km","km/s",NULL
"3738","6122",NULL,"Bellefontaine Pa","-90.2706","38.7411","Active Source Surface Waves",,"high","Vp",NULL,,"km","km/s",NULL
"3739","6122",NULL,"Bellefontaine Pa","-90.2706","38.7411","Active Source Surface Waves",,"high","Vs",NULL,,"km","km/s",NULL
"3740","6123",NULL,"O'Fallon Park - ","-90.219383","38.680987","Active Source Surface Waves",,"high","Vp",NULL,,"km","km/s",NULL
"3741","6123",NULL,"O'Fallon Park - ","-90.219383","38.680987","Active Source Surface Waves",,"high","Vs",NULL,,"km","km/s",NULL
"3742","6124",NULL,"Fairground Park ","-90.2183","38.6642","Active Source Surface Waves",,"high","Vp",NULL,,"km","km/s",NULL
"3743","6124",NULL,"Fairground Park ","-90.2183","38.6642","Active Source Surface Waves",,"high","Vs",NULL,,"km","km/s",NULL
"3744","6125",NULL,"I-64 at Route 36","-90.77752","38.77216","Active Source Surface Waves",,"high","Vs",NULL,,"m","m/s",NULL
"3745","6126",NULL,"I-64 at Peruque ","-90.80473","38.78716","Active Source Surface Waves",,"high","Vs",NULL,,"m","m/s",NULL
"3746","6127",NULL,"Hwy P at Meadow ","-90.76041","38.84665","Active Source Surface Waves",,"high","Vs",NULL,,"m","m/s",NULL
"3747","6128",NULL,"Guthrie Road at ","-90.77828","38.82599","Active Source Surface Waves",,"high","Vs",NULL,,"m","m/s",NULL
"3748","6129",NULL,"Josephville Road","-90.81142","38.82391","Active Source Surface Waves",,"high","Vs",NULL,,"m","m/s",NULL
"3749","6130",NULL,"Continental Driv","-90.83478","38.80717","Active Source Surface Waves",,"high","Vs",NULL,,"m","m/s",NULL
"3750","6131",NULL,"Duello Road at C","-90.82413","38.77517","Active Source Surface Waves",,"high","Vs",NULL,,"m","m/s",NULL
"3751","6132",NULL,"Hwy N at Hopewel","-90.82198","38.76097","Active Source Surface Waves",,"high","Vs",NULL,,"m","m/s",NULL
"3752","6133",NULL,"Hwy N at water t","-90.85987","38.77342","Active Source Surface Waves",,"high","Vs",NULL,,"m","m/s",NULL
"3753","6134",NULL,"Hwy Z at Perry C","-90.85448","38.78819","Active Source Surface Waves",,"high","Vs",NULL,,"m","m/s",NULL
"3754","6135",NULL,"Hwy N at Sommers","-90.78522","38.76332","Active Source Surface Waves",,"high","Vs",NULL,,"m","m/s",NULL
"3755","6136",NULL,"Lake St. Louis B","-90.75897","38.78714","Active Source Surface Waves",,"high","Vs",NULL,,"m","m/s",NULL
"3756","6137",NULL,"I-70 at Lake St.","-90.77023","38.80339","Active Source Surface Waves",,"high","Vs",NULL,,"m","m/s",NULL
"3757","6138",NULL,"I-70 at Wentzvil","-90.87337","38.81032","Active Source Surface Waves",,"high","Vs",NULL,,"m","m/s",NULL
"3758","6139",NULL,"Old Hwy Z at Lit","-90.86869","38.75428","Active Source Surface Waves",,"high","Vs",NULL,,"m","m/s",NULL
"3759","6140",NULL,"Hwy US 61service","-90.85535","38.83088","Active Source Surface Waves",,"high","Vs",NULL,,"m","m/s",NULL
"3760","6141",NULL,"Mexico Rd at wat","-90.84629","38.8445","Active Source Surface Waves",,"high","Vs",NULL,,"m","m/s",NULL
"3761","6142",NULL,"Mette Road at un","-90.8624","38.86181","Active Source Surface Waves",,"high","Vs",NULL,,"m","m/s",NULL
"3762","6143",NULL,"Parr Road at Ced","-90.83081","38.85799","Active Source Surface Waves",,"high","Vs",NULL,,"m","m/s",NULL
"3763","6144",NULL,"Church Road at t","-90.75919","38.86947","Active Source Surface Waves",,"high","Vs",NULL,,"m","m/s",NULL
"3764","6145",NULL,"TRSC - vs","-80.0336","32.8718","Seismic CPT",,"high","Vs",NULL,,"m","m/s",NULL
"3765","6146",NULL,"ADSC - vs","-80.01669","32.81189","Seismic CPT",,"high","Vs",NULL,,"m","m/s",NULL
"3766","6147",NULL,"C2SC - vs","-79.96431","32.79931","Seismic CPT",,"high","Vs",NULL,,"m","m/s",NULL
"3767","6148",NULL,"C1SC - vs","-79.959","32.79831","Seismic CPT",,"high","Vs",NULL,,"m","m/s",NULL
"3768","6149",NULL,"Shelby Forest - ","-90.0178","35.3561","Downhole",,"high","Vp",NULL,,"m","m/s",NULL
"3769","6149",NULL,"Shelby Forest - ","-90.0178","35.3561","Downhole",,"high","Vs",NULL,,"m","m/s",NULL
"3770","6150",NULL,"Marked Tree - vp","-90.38527778","35.54722222","Downhole",,"high","Vp",NULL,,"m","m/s",NULL
"3771","6150",NULL,"Marked Tree - vs","-90.38527778","35.54722222","Downhole",,"high","Vs",NULL,,"m","m/s",NULL
"3772","6151",NULL,"Risco - vp","-89.77277778","36.555","Downhole",,"high","Vp",NULL,,"m","m/s",NULL
"3773","6151",NULL,"Risco - vs","-89.77277778","36.555","Downhole",,"high","Vs",NULL,,"m","m/s",NULL
"3774","6152",NULL,"Nonconnah Creek ","-89.71","35.03","Seismic CPT",,"high","Vs",NULL,,"m","m/s",NULL
"3775","6153",NULL,"Shelby Farms - v","-89.803","35.117","Seismic CPT",,"high","Vs",NULL,,"m","m/s",NULL
"3776","6154",NULL,"Houston Levee - ","-89.732","35.108","Seismic CPT",,"high","Vs",NULL,,"m","m/s",NULL
"3777","6155",NULL,"Wolf R Construct","-89.805","35.114","Seismic CPT",,"high","Vs",NULL,,"m","m/s",NULL
"3778","6156",NULL,"N 2nd St - vs","-90.044","35.192","Seismic CPT",,"high","Vs",NULL,,"m","m/s",NULL
"3779","6157",NULL,"Monpole Tower - ","-90.139","35.154","Seismic CPT",,"high","Vs",NULL,,"m","m/s",NULL
"3780","6158",NULL,"Shelby Farms Sho","-89.842","35.128","Seismic CPT",,"high","Vs",NULL,,"m","m/s",NULL
"3781","6159",NULL,"Shelby Forest - ","-90.018","35.358","Seismic CPT",,"high","Vs",NULL,,"m","m/s",NULL
"3782","6160",NULL,"Santee - vp","-80.43353","33.23579","refraction",,,"Vp",NULL,,"m","m/s",NULL
"3783","6160",NULL,"Santee - vs","-80.43353","33.23579","refraction",,,"Vs",NULL,,"m","m/s",NULL
"3784","6161",NULL,"Fort Jackson - v","-90.912","34.02899","refraction",,,"Vp",NULL,,"m","m/s",NULL
"3785","6161",NULL,"Fort Jackson - v","-90.912","34.02899","refraction",,,"Vs",NULL,,"m","m/s",NULL
"3786","6162",NULL,"Deep Creek - vp","-79.35199","33.69909","refraction",,,"Vp",NULL,,"m","m/s",NULL
"3787","6162",NULL,"Deep Creek - vs","-79.35199","33.69909","refraction",,,"Vs",NULL,,"m","m/s",NULL
"3788","6163",NULL,"Black Mingo - vs","-79.93314","33.5513","refraction",,,"Vs",NULL,,"m","m/s",NULL
"3789","6163",NULL,"Black Mingo - vp","-79.93314","33.5513","refraction",,,"Vp",NULL,,"m","m/s",NULL
"3790","6164",NULL,"Lake Murray Spil","-81.21078","35.05256","refraction",,,"Vs",NULL,,"m","m/s",NULL
"3791","6164",NULL,"Lake Murray Spil","-81.21078","35.05256","refraction",,,"Vp",NULL,,"m","m/s",NULL
"3792","6165",NULL,"USNSN - vs","-80.1784","33.10693","refraction",,,"Vs",NULL,,"m","m/s",NULL
"3793","6165",NULL,"USNSN - vp","-80.1784","33.10693","refraction",,,"Vp",NULL,,"m","m/s",NULL
"3794","6166",NULL,"US 17 - vp","-79.95531","32.78558","refraction",,,"Vp",NULL,,"m","m/s",NULL
"3795","6166",NULL,"US 17 - vs","-79.95531","32.78558","refraction",,,"Vs",NULL,,"m","m/s",NULL
"3796","6167",NULL,"Isle of Palms - ","-79.77552","32.79582","refraction",,,"Vs",NULL,,"m","m/s",NULL
"3797","6167",NULL,"Isle of Palms - ","-79.77552","32.79582","refraction",,,"Vp",NULL,,"m","m/s",NULL
"3798","6168",NULL,"The Citadel - vs","-79.95866","32.79824","refraction",,,"Vs",NULL,,"m","m/s",NULL
"3799","6168",NULL,"The Citadel - vp","-79.95866","32.79824","refraction",,,"Vp",NULL,,"m","m/s",NULL
"3800","6169",NULL,"HAIL - vs","-88.4373","37.7527","Refraction",,,"Vs",NULL,,"m","m/s",NULL
"3801","6169",NULL,"HAIL - vp","-88.4373","37.7527","Refraction",,,"Vp",NULL,,"m","m/s",NULL
"3802","6170",NULL,"USIN - vs","-87.6602","37.96508","Refraction",,,"Vs",NULL,,"m","m/s",NULL
"3803","6170",NULL,"USIN - vp","-87.6602","37.96508","Refraction",,,"Vp",NULL,,"m","m/s",NULL
"3804","6171",NULL,"WVIL - vs","-87.7817","38.4298","Refraction",,,"Vs",NULL,,"m","m/s",NULL
"3805","6171",NULL,"WVIL - vp","-87.7817","38.4298","Refraction",,,"Vp",NULL,,"m","m/s",NULL
"3806","6172",NULL,"OLIL - vs","-88.09912","38.73384","Refraction",,,"Vs",NULL,,"m","m/s",NULL
"3807","6172",NULL,"OLIL - vp","-88.09912","38.73384","Refraction",,,"Vp",NULL,,"m","m/s",NULL
"3808","6173",NULL,"EVIN - vs","-87.5297","37.9716","Refraction",,,"Vs",NULL,,"m","m/s",NULL
"3809","6173",NULL,"EVIN - vp","-87.5297","37.9716","Refraction",,,"Vp",NULL,,"m","m/s",NULL
"3810","6174",NULL,"201 - vs","-98.62949722","34.89190833","Active Source Surface Waves",,"high","Vs",NULL,,"m","m/s",NULL
"3811","6174",NULL,"202 - vs","-98.62767778","34.89158611","Active Source Surface Waves",,"high","Vs",NULL,,"m","m/s",NULL
"3812","6174",NULL,"203 - vs","-98.66173056","34.88163333","Active Source Surface Waves",,"high","Vs",NULL,,"m","m/s",NULL
"3813","6174",NULL,"204 - vs","-98.65991667","34.88081667","Active Source Surface Waves",,"high","Vs",NULL,,"m","m/s",NULL
"3814","6174",NULL,"205 - vs","-98.65701667","34.88154167","Active Source Surface Waves",,"high","Vs",NULL,,"m","m/s",NULL
"3815","6174",NULL,"206 - vs","-98.65429444","34.88304167","Active Source Surface Waves",,"high","Vs",NULL,,"m","m/s",NULL
"3816","6174",NULL,"207 - vs","-98.65233333","34.88374444","Active Source Surface Waves",,"high","Vs",NULL,,"m","m/s",NULL
"3817","6174",NULL,"208 - vs","-98.65039444","34.88345556","Active Source Surface Waves",,"high","Vs",NULL,,"m","m/s",NULL
"3818","6174",NULL,"209 - vs","-98.64261389","34.88403889","Active Source Surface Waves",,"high","Vs",NULL,,"m","m/s",NULL
"3819","6174",NULL,"210 - vs","-98.64101111","34.88346389","Active Source Surface Waves",,"high","Vs",NULL,,"m","m/s",NULL
"3820","6174",NULL,"211 - vs","-98.63907778","34.88368333","Active Source Surface Waves",,"high","Vs",NULL,,"m","m/s",NULL
"3821","6174",NULL,"212 - vs","-98.63690278","34.88405278","Active Source Surface Waves",,"high","Vs",NULL,,"m","m/s",NULL
"3822","6174",NULL,"213 - vs","-98.63503333","34.88364722","Active Source Surface Waves",,"high","Vs",NULL,,"m","m/s",NULL
"3823","6174",NULL,"214 - vs","-98.63334167","34.88320278","Active Source Surface Waves",,"high","Vs",NULL,,"m","m/s",NULL
"3824","6174",NULL,"215 - vs","-98.63095556","34.88443333","Active Source Surface Waves",,"high","Vs",NULL,,"m","m/s",NULL
"3825","6174",NULL,"216 - vs","-98.62850278","34.884425","Active Source Surface Waves",,"high","Vs",NULL,,"m","m/s",NULL
"3826","6174",NULL,"217 - vs","-98.62414722","34.88298333","Active Source Surface Waves",,"high","Vs",NULL,,"m","m/s",NULL
"3827","6174",NULL,"218 - vs","-98.62125","34.88503056","Active Source Surface Waves",,"high","Vs",NULL,,"m","m/s",NULL
"3828","6174",NULL,"219 - vs","-98.61926944","34.88468056","Active Source Surface Waves",,"high","Vs",NULL,,"m","m/s",NULL
"3829","6174",NULL,"220 - vs","-98.61514444","34.87938889","Active Source Surface Waves",,"high","Vs",NULL,,"m","m/s",NULL
"3830","6174",NULL,"221 - vs","-98.61326667","34.87865","Active Source Surface Waves",,"high","Vs",NULL,,"m","m/s",NULL
"3831","6174",NULL,"222 - vs","-98.61140833","34.87863611","Active Source Surface Waves",,"high","Vs",NULL,,"m","m/s",NULL
"3832","6174",NULL,"223 - vs","-98.59840556","34.87192222","Active Source Surface Waves",,"high","Vs",NULL,,"m","m/s",NULL
"3833","6174",NULL,"224 - vs","-98.64750278","34.87556667","Active Source Surface Waves",,"high","Vs",NULL,,"m","m/s",NULL
"3834","6174",NULL,"225 - vs","-98.6453","34.87546389","Active Source Surface Waves",,"high","Vs",NULL,,"m","m/s",NULL
"3835","6174",NULL,"226 - vs","-98.63739167","34.87494722","Active Source Surface Waves",,"high","Vs",NULL,,"m","m/s",NULL
"3836","6174",NULL,"227 - vs","-98.63523056","34.87405","Active Source Surface Waves",,"high","Vs",NULL,,"m","m/s",NULL
"3837","6174",NULL,"228 - vs","-98.63336667","34.87421944","Active Source Surface Waves",,"high","Vs",NULL,,"m","m/s",NULL
"3838","6174",NULL,"229 - vs","-98.631425","34.87393611","Active Source Surface Waves",,"high","Vs",NULL,,"m","m/s",NULL
"3839","6174",NULL,"230 - vs","-98.6293","34.87496389","Active Source Surface Waves",,"high","Vs",NULL,,"m","m/s",NULL
"3840","6174",NULL,"231 - vs","-98.62743056","34.87408056","Active Source Surface Waves",,"high","Vs",NULL,,"m","m/s",NULL
"3841","6174",NULL,"232 - vs","-98.625475","34.87382778","Active Source Surface Waves",,"high","Vs",NULL,,"m","m/s",NULL
"3842","6174",NULL,"233 - vs","-98.62293056","34.87399722","Active Source Surface Waves",,"high","Vs",NULL,,"m","m/s",NULL
"3843","6174",NULL,"234 - vs","-98.62058889","34.87390556","Active Source Surface Waves",,"high","Vs",NULL,,"m","m/s",NULL
"3844","6174",NULL,"235 - vs","-98.61479167","34.87216389","Active Source Surface Waves",,"high","Vs",NULL,,"m","m/s",NULL
"3845","6174",NULL,"236 - vs","-98.61145278","34.87076944","Active Source Surface Waves",,"high","Vs",NULL,,"m","m/s",NULL
"3846","6174",NULL,"237 - vs","-98.60974444","34.87118611","Active Source Surface Waves",,"high","Vs",NULL,,"m","m/s",NULL
"3847","6174",NULL,"238 - vs","-98.60265278","34.87145278","Active Source Surface Waves",,"high","Vs",NULL,,"m","m/s",NULL
"3848","6174",NULL,"239 - vs","-98.601025","34.87058611","Active Source Surface Waves",,"high","Vs",NULL,,"m","m/s",NULL
"3849","6174",NULL,"240 - vs","-98.66236667","34.87546667","Active Source Surface Waves",,"high","Vs",NULL,,"m","m/s",NULL
"3850","6174",NULL,"241 - vs","-98.66046389","34.87495833","Active Source Surface Waves",,"high","Vs",NULL,,"m","m/s",NULL
"3851","6174",NULL,"242 - vs","-98.65819722","34.87482222","Active Source Surface Waves",,"high","Vs",NULL,,"m","m/s",NULL
"3852","6174",NULL,"243 - vs","-98.65587778","34.8733","Active Source Surface Waves",,"high","Vs",NULL,,"m","m/s",NULL
"3853","6174",NULL,"244 - vs","-98.6541","34.87253889","Active Source Surface Waves",,"high","Vs",NULL,,"m","m/s",NULL
"3854","6174",NULL,"245 - vs","-98.65146667","34.87051944","Active Source Surface Waves",,"high","Vs",NULL,,"m","m/s",NULL
"3855","6174",NULL,"246 - vs","-98.64894444","34.86917778","Active Source Surface Waves",,"high","Vs",NULL,,"m","m/s",NULL
"3856","6174",NULL,"247 - vs","-98.64647778","34.86949167","Active Source Surface Waves",,"high","Vs",NULL,,"m","m/s",NULL
"3857","6174",NULL,"248 - vs","-98.64320556","34.86608056","Active Source Surface Waves",,"high","Vs",NULL,,"m","m/s",NULL
"3858","6174",NULL,"249 - vs","-98.64114722","34.86579722","Active Source Surface Waves",,"high","Vs",NULL,,"m","m/s",NULL
"3859","6174",NULL,"250 - vs","-98.63923333","34.86563889","Active Source Surface Waves",,"high","Vs",NULL,,"m","m/s",NULL
"3860","6174",NULL,"251 - vs","-98.63606111","34.86268056","Active Source Surface Waves",,"high","Vs",NULL,,"m","m/s",NULL
"3861","6174",NULL,"252 - vs","-98.63406111","34.86208889","Active Source Surface Waves",,"high","Vs",NULL,,"m","m/s",NULL
"3862","6174",NULL,"253 - vs","-98.63204722","34.86246667","Active Source Surface Waves",,"high","Vs",NULL,,"m","m/s",NULL
"3863","6174",NULL,"254 - vs","-98.62885833","34.86706111","Active Source Surface Waves",,"high","Vs",NULL,,"m","m/s",NULL
"3864","6174",NULL,"255 - vs","-98.62689722","34.86655","Active Source Surface Waves",,"high","Vs",NULL,,"m","m/s",NULL
"3865","6174",NULL,"256 - vs","-98.62501667","34.86601667","Active Source Surface Waves",,"high","Vs",NULL,,"m","m/s",NULL
"3866","6174",NULL,"257 - vs","-98.62256944","34.86748056","Active Source Surface Waves",,"high","Vs",NULL,,"m","m/s",NULL
"3867","6174",NULL,"258 - vs","-98.62062222","34.86713889","Active Source Surface Waves",,"high","Vs",NULL,,"m","m/s",NULL
"3868","6174",NULL,"259 - vs","-98.61796667","34.86526111","Active Source Surface Waves",,"high","Vs",NULL,,"m","m/s",NULL
"3869","6174",NULL,"260 - vs","-98.61603889","34.86463056","Active Source Surface Waves",,"high","Vs",NULL,,"m","m/s",NULL
"3870","6174",NULL,"261 - vs","-98.61402778","34.86353889","Active Source Surface Waves",,"high","Vs",NULL,,"m","m/s",NULL
"3871","6174",NULL,"262 - vs","-98.61188611","34.86339722","Active Source Surface Waves",,"high","Vs",NULL,,"m","m/s",NULL
"3872","6174",NULL,"263 - vs","-98.60964722","34.86306944","Active Source Surface Waves",,"high","Vs",NULL,,"m","m/s",NULL
"3873","6174",NULL,"264 - vs","-98.607825","34.86270833","Active Source Surface Waves",,"high","Vs",NULL,,"m","m/s",NULL
"3874","6174",NULL,"265 - vs","-98.60595556","34.86236111","Active Source Surface Waves",,"high","Vs",NULL,,"m","m/s",NULL
"3875","6174",NULL,"266 - vs","-98.60407778","34.86248889","Active Source Surface Waves",,"high","Vs",NULL,,"m","m/s",NULL
"3876","6174",NULL,"267 - vs","-98.60182778","34.862125","Active Source Surface Waves",,"high","Vs",NULL,,"m","m/s",NULL
"3877","6174",NULL,"268 - vs","-98.66424444","34.87607222","Active Source Surface Waves",,"high","Vs",NULL,,"m","m/s",NULL
"3878","6174",NULL,"269 - vs","-98.66640833","34.87857778","Active Source Surface Waves",,"high","Vs",NULL,,"m","m/s",NULL
"3879","6174",NULL,"270 - vs","-98.66812778","34.87954722","Active Source Surface Waves",,"high","Vs",NULL,,"m","m/s",NULL
"3880","6174",NULL,"271 - vs","-98.67018056","34.87970833","Active Source Surface Waves",,"high","Vs",NULL,,"m","m/s",NULL
"3881","6174",NULL,"272 - vs","-98.67199444","34.87906389","Active Source Surface Waves",,"high","Vs",NULL,,"m","m/s",NULL
"3882","6174",NULL,"273 - vs","-98.67376944","34.87982778","Active Source Surface Waves",,"high","Vs",NULL,,"m","m/s",NULL
"3883","6174",NULL,"274 - vs","-98.67577222","34.87993889","Active Source Surface Waves",,"high","Vs",NULL,,"m","m/s",NULL
"3884","6174",NULL,"275 - vs","-98.6776","34.879425","Active Source Surface Waves",,"high","Vs",NULL,,"m","m/s",NULL
"3885","6174",NULL,"276 - vs","-98.67953056","34.87895833","Active Source Surface Waves",,"high","Vs",NULL,,"m","m/s",NULL
"3886","6174",NULL,"277 - vs","-98.68235278","34.88301944","Active Source Surface Waves",,"high","Vs",NULL,,"m","m/s",NULL
"3887","6174",NULL,"278 - vs","-98.68425833","34.88255556","Active Source Surface Waves",,"high","Vs",NULL,,"m","m/s",NULL
"3888","6174",NULL,"279 - vs","-98.68620833","34.88233333","Active Source Surface Waves",,"high","Vs",NULL,,"m","m/s",NULL
"3889","6174",NULL,"280 - vs","-98.68903611","34.88695278","Active Source Surface Waves",,"high","Vs",NULL,,"m","m/s",NULL
"3890","6174",NULL,"281 - vs","-98.69104444","34.88554722","Active Source Surface Waves",,"high","Vs",NULL,,"m","m/s",NULL
"3891","6174",NULL,"282 - vs","-98.6928","34.88471667","Active Source Surface Waves",,"high","Vs",NULL,,"m","m/s",NULL
"3892","6174",NULL,"283 - vs","-98.69476667","34.88410556","Active Source Surface Waves",,"high","Vs",NULL,,"m","m/s",NULL
"3893","6174",NULL,"284 - vs","-98.69668333","34.88347778","Active Source Surface Waves",,"high","Vs",NULL,,"m","m/s",NULL
"3894","6175",NULL,"340079000124 - v","-80.8376","41.75","Refraction",,"high","Vs",NULL,,"m","m/s",NULL
"3895","6176",NULL,"340079000424 - v","-80.6941","41.8864","Refraction",,"high","Vp",NULL,,"m","m/s",NULL
"3896","6176",NULL,"340079000424 - v","-80.6941","41.8864","Refraction",,"high","Vs",NULL,,"m","m/s",NULL
"3897","6177",NULL,"data from spread","-82.6387","41.4177","Refraction",,"high","Vp",NULL,,"ft","ft/s",NULL
"3898","6177",NULL,"data from spread","-82.6387","41.4177","Refraction",,"high","Vp",NULL,,"ft","ft/s",NULL
"3899","6177",NULL,"data from spread","-82.6387","41.4177","Refraction",,"high","Vp",NULL,,"ft","ft/s",NULL
"3900","6178",NULL,"340439001024 - 1","-82.8","41.4","Refraction",,"high","Vp",NULL,,"ft","ft/s",NULL
"3901","6179",NULL,"340439000724 - v","-82.5932","41.357","Refraction",,"high","Vp",NULL,,"m","ft/s",NULL
"3902","6180",NULL,"P-Wave Velocity ","-82.5798","41.3356","Refraction",,"high","Vp",NULL,,"m","ft/s",NULL
"3903","6181",NULL,"340439000924 - v","-82.5826","41.3313","Refraction",,"high","Vp",NULL,,"m","ft/s",NULL
"3904","6182",NULL,"340459000124 - v","-82.579","39.6651","Refraction",,"high","Vp",NULL,,"m","ft/s",NULL
"3905","6183",NULL,"340479000124 - v","-83.261","39.6353","Passive Source Surface Waves",,"high","Vp",NULL,,"ft","ft/s",NULL
"3906","6183",NULL,"340479000124 - v","-83.261","39.6353","Passive Source Surface Waves",,"high","Vs",NULL,,"ft","ft/s",NULL
"3907","6184",NULL,"340499000724 - v","-82.9867","39.8524","MASW",,,"Vs",NULL,,"ft","ft/s",NULL
"3908","6185",NULL,"340499000124 - v","-82.82662","39.8063","Refraction",,"high","Vp",NULL,,"ft","ft/s",NULL
"3909","6186",NULL,"340499000224 - v","-82.8284","39.8051","Refraction",,"high","Vp",NULL,,"ft","ft/s",NULL
"3910","6187",NULL,"340079000324 - v","-80.8694","41.6851","Refraction",,"high","Vp",NULL,,"m","m/s",NULL
"3911","6187",NULL,"340079000324 - v","-80.8694","41.6851","Refraction",,"high","Vs",NULL,,"m","m/s",NULL
"3912","6188",NULL,"340499000324 - v","-83.1611","39.8355","Refraction",,"high","Vs",NULL,,"ft","ft/s",NULL
"3913","6189",NULL,"340499000624 - 1","-83.1684","39.8239","Refraction",,"high","Vp",NULL,,"ft","ft/s",NULL
"3914","6190",NULL,"340499000524 - v","-83","40.2324","Passive Source Surface Waves",,"high","Vp",NULL,,"ft","ft/s",NULL
"3915","6190",NULL,"340499000524 - v","-83","40.2324","Passive Source Surface Waves",,"high","Vs",NULL,,"ft","ft/s",NULL
"3916","6191",NULL,"340499000424 - 1","-83.1634","40.1297","Refraction",,"high","Vp",NULL,,"ft","ft/s",NULL
"3917","6191",NULL,"340499000424 - 1","-83.1634","40.1297","Refraction",,"high","Vs",NULL,,"ft","ft/s",NULL
"3918","6191",NULL,"340499000424 - 2","-83.1634","40.1297","MASW",,"high","Vs",NULL,,"ft","ft/s",NULL
"3919","6192",NULL,"340519000124 - 1","-83.9285","41.5276","Refraction",,"high","Vp",NULL,,"ft","ft/s",NULL
"3920","6192",NULL,"340519000124 - 2","-83.9285","41.5276","Refraction",,"high","Vs",NULL,,"ft","ft/s",NULL
"3921","6193",NULL,"spread 1 - vp","-81.0802","41.583","Refraction",,"high","Vp",NULL,,"ft","ft/s",NULL
"3922","6193",NULL,"spread 2 - vs","-81.0802","41.583","Refraction",,"high","Vs",NULL,,"ft","ft/s",NULL
"3923","6194",NULL,"340719000224 - v","-83.3894","39.1724","Refraction",,"high","Vp",NULL,,"ft","ft/s",NULL
"3924","6195",NULL,"340719000524 - 1","-83.389","39.172","Refraction",,"high","Vp",NULL,,"ft","ft/s",NULL
"3925","6195",NULL,"340719000524 - 2","-83.389","39.172","Refraction",,"high","Vs",NULL,,"ft","ft/s",NULL
"3926","6196",NULL,"P-Wave Refractio","-83.3484","39.2396","Refraction",,"high","Vp",NULL,,"ft","ft/s",NULL
"3927","6196",NULL,"S-Wave Refractio","-83.3484","39.2396","Refraction",,"high","Vs",NULL,,"ft","ft/s",NULL
"3928","6196",NULL,"340719000624 - M","-83.3484","39.2396","MASW",,"high","Vs",NULL,,"ft","ft/s",NULL
"3929","6197",NULL,"340079000224 - v","-80.9203","41.65401","Refraction",,"high","Vp",NULL,,"ft","ft/s",NULL
"3930","6197",NULL,"340079000224 - v","-80.9203","41.65401","Refraction",,"high","Vs",NULL,,"ft","ft/s",NULL
"3931","6198",NULL,"340739000124 - v","-82.4453","39.5334","Refraction",,"high","Vp",NULL,,"ft","ft/s",NULL
"3932","6199",NULL,"340739000224 - v","-85.4581","39.5575","Refraction",,"high","Vp",NULL,,"ft","ft/s",NULL
"3933","6200",NULL,"340739000324 - v","-82.4226","39.5372","Refraction",,"high","Vp",NULL,,"ft","ft/s",NULL
"3934","6201",NULL,"340739000524 - v","-82.4477","39.5335","Refraction",,"high","Vp",NULL,,"ft","ft/s",NULL
"3935","6202",NULL,"340739000624 - v","-82.449","39.533","Refraction",,"high","Vp",NULL,,"ft","ft/s",NULL
"3936","6203",NULL,"340739000424 - v","-82.5323","39.5958","Refraction",,"high","Vp",NULL,,"ft","ft/s",NULL
"3937","6204",NULL,"340739000824 - v","-82.4309","39.6373","Refraction",,"high","Vp",NULL,,"ft","ft/s",NULL
"3938","6205",NULL,"P-Wave - vp","-82.3914","40.2743","Refraction",,"high","Vp",NULL,,"ft","ft/s",NULL
"3939","6205",NULL,"S-Wave - vs","-82.3914","40.2743","Refraction",,"high","Vs",NULL,,"ft","ft/s",NULL
"3940","6206",NULL,"P-Wave - vp","-83.2904","39.227","Refraction",,"high","Vp",NULL,,"ft","ft/s",NULL
"3941","6206",NULL,"S-Wave - vs","-83.2904","39.227","Refraction",,"high","Vs",NULL,,"ft","ft/s",NULL
"3942","6207",NULL,"341239000124 - 1","-83.0275","41.5125","Refraction",,"high","Vp",NULL,,"ft","ft/s",NULL
"3943","6207",NULL,"341239000124 - 2","-83.0275","41.5125","Refraction",,"high","Vs",NULL,,"ft","ft/s",NULL
"3944","6208",NULL,"340419000224 - v","-82.9805","40.2323","Refraction",,"high","Vp",NULL,,"ft","ft/s",NULL
"3945","6209",NULL,"data from spread","-83.3555","39.2519","Refraction",,"high","Vp",NULL,,"ft","ft/s",NULL
"3946","6209",NULL,"data from spread","-83.3555","39.2519","Refraction",,"high","Vp",NULL,,"ft","ft/s",NULL
"3947","6210",NULL,"spread 1 - vp","-83.3151","39.2271","Refraction",,"high","Vp",NULL,,"ft","ft/s",NULL
"3948","6210",NULL,"spread 2 - vp","-83.3151","39.2271","Refraction",,"high","Vp",NULL,,"ft","ft/s",NULL
"3949","6210",NULL,"spread 3 - vp","-83.3151","39.2271","Refraction",,"high","Vp",NULL,,"ft","ft/s",NULL
"3950","6211",NULL,"341419000524 - v","-83.3102","39.2251","Passive Source Surface Waves",,"high","Vp",NULL,,"ft","ft/s",NULL
"3951","6211",NULL,"341419000524 - v","-83.3102","39.2251","Passive Source Surface Waves",,"high","Vs",NULL,,"ft","ft/s",NULL
"3952","6212",NULL,"spread 1 - vp","-83.2899","39.2228","Refraction",,"high","Vp",NULL,,"ft","ft/s",NULL
"3953","6212",NULL,"spread 2 - vp","-83.2899","39.2228","Refraction",,"high","Vp",NULL,,"ft","ft/s",NULL
"3954","6212",NULL,"spread 3 - vp","-83.2899","39.2228","Refraction",,"high","Vp",NULL,,"ft","ft/s",NULL
"3955","6213",NULL,"341419000224 - v","-83.2904","39.227","Refraction",,"high","Vp",NULL,,"ft","ft/s",NULL
"3956","6213",NULL,"341419000224 - v","-83.2904","39.227","Refraction",,"high","Vs",NULL,,"ft","ft/s",NULL
"3957","6214",NULL,"341739000124 - v","-83.7598","41.2173","Refraction",,"high","Vp",NULL,,"ft","ft/s",NULL
"3958","6214",NULL,"341739000124 - v","-83.7598","41.2173","Refraction",,"high","Vs",NULL,,"ft","ft/s",NULL
"3959","6215",NULL,"340419000324 - v","-82.9815","40.2324","Refraction",,"high","Vp",NULL,,"m","m/s",NULL
"3960","6215",NULL,"340419000324 - v","-82.9815","40.2324","Refraction",,"high","Vs",NULL,,"m","m/s",NULL
"3961","6216",NULL,"340419000424 - v","-82.982","40.2323","Passive Source Surface Waves",,"high","Vs",NULL,,"ft","ft/s",NULL
"3962","6217",NULL,"340419000124 - v","-83.2904","39.227","Refraction",,"high","Vp",NULL,,"ft","ft/s",NULL
"3963","6218",NULL,"data from spread","-82.5091","41.3461","Refraction",,"high","Vp",NULL,,"ft","ft/s",NULL
"3964","6218",NULL,"data from spread","-82.5091","41.3461","Refraction",,"high","Vp",NULL,,"ft","ft/s",NULL
"3965","6219",NULL,"340439000224 - v","-82.5486","41.3632","Refraction",,"high","Vp",NULL,,"ft","ft/s",NULL
"3966","6220",NULL,,"-75.72","45.39",,,,,NULL,,,,NULL
"3967","6221",NULL,"PEMO","-77.24","45.677","Refraction",,,"Vs",NULL,,"m","m/s",NULL
"3968","6222",NULL,"PLANT","-79.11","43.48","S-wave Refraction",,,"Vs",NULL,,"m","m/s",NULL
"3969","6223",NULL,"PKRO","-79.07","43.96","S-wave Refraction",,,"Vs",NULL,,"m","m/s",NULL
"3970","6224",NULL,"PT-1 - vp","-83.00744722","39.0021","Crosshole",,"high","Vp",NULL,,"m","ft/s",NULL
"3971","6224",NULL,"PT-1 - vs","-83.00744722","39.0021","Crosshole",,"high","Vs",NULL,,"ft","ft/s",NULL
"3972","6224",NULL,"PT-2 - vp","-83.00744722","39.0021","Crosshole",,"high","Vp",NULL,,"ft","ft/s",NULL
"3973","6224",NULL,"PT-2 - vs","-83.00744722","39.0021","Crosshole",,"high","Vs",NULL,,"ft","ft/s",NULL
"3974","6224",NULL,"PT-3 - vp","-83.00701111","39.00834167","Crosshole",,"high","Vp",NULL,,"ft","ft/s",NULL
"3975","6224",NULL,"PT-3 - vs","-83.00701111","39.00834167","Crosshole",,"high","Vs",NULL,,"ft","ft/s",NULL
"3976","6224",NULL,"PT-4 - vp","-83.00701111","39.00834167","Crosshole",,"high","Vp",NULL,,"ft","ft/s",NULL
"3977","6224",NULL,"PT-4 - vs","-83.00701111","39.00834167","Crosshole",,"high","Vs",NULL,,"ft","ft/s",NULL
"3978","6224",NULL,"PT-5 - vp","-83.00723056","39.00116389","Crosshole",,"high","Vp",NULL,,"ft","ft/s",NULL
"3979","6224",NULL,"PT-5 - vs","-83.00723056","39.00116389","Crosshole",,"high","Vs",NULL,,"ft","ft/s",NULL
"3980","6224",NULL,"PT-6 - vp","-83.00790556","39.00668889","Crosshole",,"high","Vp",NULL,,"ft","ft/s",NULL
"3981","6224",NULL,"PT-6 - vs","-83.00790556","39.00668889","Crosshole",,"high","Vs",NULL,,"ft","ft/s",NULL
"3982","6224",NULL,"PT-7 - vp","-82.99785833","39.00777778","Crosshole",,"high","Vp",NULL,,"ft","ft/s",NULL
"3983","6224",NULL,"PT-7 - vs","-82.99785833","39.00777778","Crosshole",,"high","Vs",NULL,,"ft","ft/s",NULL
"3984","6224",NULL,"PT-8 - vp","-82.99170556","39.01041111","Crosshole",,"high","Vp",NULL,,"ft","ft/s",NULL
"3985","6224",NULL,"PT-8 - vs","-82.99170556","39.01041111","Crosshole",,"high","Vs",NULL,,"ft","ft/s",NULL
"3986","6224",NULL,"PT-9 - vp","-82.99150278","39.00740278","Crosshole",,"high","Vp",NULL,,"ft","ft/s",NULL
"3987","6224",NULL,"PT-9 - vs","-82.99150278","39.00740278","Crosshole",,"high","Vs",NULL,,"ft","ft/s",NULL
"3988","6224",NULL,"PT-10 - vp","-82.99201111","39.00433056","Crosshole",,"high","Vp",NULL,,"ft","ft/s",NULL
"3989","6224",NULL,"PT-10 - vs","-82.99201111","39.00433056","Crosshole",,"high","Vs",NULL,,"ft","ft/s",NULL
"3990","6224",NULL,"PT-11 - vp","-82.99265833","39.00169722","Crosshole",,"high","Vp",NULL,,"ft","ft/s",NULL
"3991","6224",NULL,"PT-11 - vs","-82.99265833","39.00169722","Crosshole",,"high","Vs",NULL,,"ft","ft/s",NULL
"3992","6224",NULL,"PT-12 - vp","-82.99391111","39.00189167","Crosshole",,"high","Vp",NULL,,"ft","ft/s",NULL
"3993","6224",NULL,"PT-12 - vs","-82.99391111","39.00189167","Crosshole",,"high","Vs",NULL,,"ft","ft/s",NULL
"3994","6224",NULL,"PT-13 - vp","-82.99326111","39.00463333","Crosshole",,"high","Vp",NULL,,"ft","ft/s",NULL
"3995","6224",NULL,"PT-13 - vs","-82.99326111","39.00463333","Crosshole",,"high","Vs",NULL,,"ft","ft/s",NULL
"3996","6224",NULL,"PT-14 - vp","-82.99284444","39.008075","Crosshole",,"high","Vp",NULL,,"ft","ft/s",NULL
"3997","6224",NULL,"PT-14 - vs","-82.99284444","39.008075","Crosshole",,"high","Vs",NULL,,"ft","ft/s",NULL
"3998","6224",NULL,"PT-15 - vp","-82.99288889","39.0111","Crosshole",,"high","Vp",NULL,,"ft","ft/s",NULL
"3999","6224",NULL,"PT-15 - vs","-82.99288889","39.0111","Crosshole",,"high","Vs",NULL,,"ft","ft/s",NULL
"4000","6225",NULL,"ELFO - vs","-81.3163","43.193","Refraction",,"high","Vs",NULL,,"m","m/s",NULL
"4001","6226",NULL,"TORO - vs","-81.52337","45.22573","Refraction",,"high","Vs",NULL,,"m","m/s",NULL
"4002","6227",NULL,"STM - vs","-81.15272","43.23606","Refraction",,"high","Vs",NULL,,"m","m/s",NULL
"4003","6228",NULL,"STCO","-79.17","43.21","S-wave Refraction",,,"Vs",NULL,,"m","m/s",NULL
"4004","6229",NULL,"MIT Strata Cente","-71.089538","42.362602","Seismic CPT",,"high","Vs",NULL,,"m","m/s",NULL
"4005","6229",NULL,"MIT Strata Cente","-71.089538","42.362602","Seismic CPT",,"high","Vs",NULL,,"m","m/s",NULL
"4006","6230",NULL,"CA/T South Bosto","-71.048768","42.349599","Seismic CPT",,"high","Vs",NULL,,"m","m/s",NULL
"4007","6231",NULL,"CA/T East Boston","-71.027225","42.368246","Seismic CPT",,"high","Vs",NULL,,"m","m/s",NULL
"4008","6232",NULL,"Bugg 40 paleoliq","-89.9","35.9","Seismic CPT",,"medium","Vs",NULL,,"m","m/s",NULL
"4009","6233",NULL,"Wolf river paleo","-89.85","35.15","Seismic CPT",,"medium","Vs",NULL,,"m","m/s",NULL
"4010","6234",NULL,"Mud Island - vs","-90.1","35.2","Seismic CPT",,"medium","Vs",NULL,,"m","m/s",NULL
"4011","6235",NULL,"10-1 SCPT - vs","-90.35598","36.69668","Seismic CPT",,"high","Vs",NULL,,"ft","ft/s",NULL
"4012","6235",NULL,"10-1 MASW - vs","-90.35598","36.69668","MASW",,"high","Vs",NULL,,"ft","ft/s",NULL
"4013","6235",NULL,"10-2 SCPT - vs","-90.35578","36.6964","Seismic CPT",,"high","Vs",NULL,,"ft","ft/s",NULL
"4014","6235",NULL,"10-2 MASW - vs","-90.35578","36.6964","MASW",,"high","Vs",NULL,,"ft","ft/s",NULL
"4015","6235",NULL,"10-3 SCPT - vs","-90.35555","36.69603","Seismic CPT",,"high","Vs",NULL,,"ft","ft/s",NULL
"4016","6235",NULL,"10-3 MASW - vs","-90.35555","36.69603","MASW",,"high","Vs",NULL,,"ft","ft/s",NULL
"4017","6235",NULL,"10-4 SCPT - vs","-90.35527","36.69582","Seismic CPT",,"high","Vs",NULL,,"ft","ft/s",NULL
"4018","6235",NULL,"10-4 MASW - vs","-90.35527","36.69582","MASW",,"high","Vs",NULL,,"ft","ft/s",NULL
"4019","6235",NULL,"10-5 SCPT - vs","-90.35527","36.69582","Seismic CPT",,"high","Vs",NULL,,"ft","ft/s",NULL
"4020","6236",NULL,"12-1 SCPT - vs","-90.42238","36.62142","Seismic CPT",,"high","Vs",NULL,,"ft","ft/s",NULL
"4021","6237",NULL,"13-1 SCPT - vs","-90.43014","36.76711","Seismic CPT",,"high","Vs",NULL,,"ft","ft/s",NULL
"4022","6237",NULL,"13-1 MASW - vs","-90.43014","36.76711","MASW",,"high","Vs",NULL,,"ft","ft/s",NULL
"4023","6237",NULL,"13-2 SCPT - vs","-90.43014","36.76711","Seismic CPT",,"high","Vs",NULL,,"ft","ft/s",NULL
"4024","6237",NULL,"13-2 MASW - vs","-90.43014","36.76711","MASW",,"high","Vs",NULL,,"ft","ft/s",NULL
"4025","6237",NULL,"13-3 SCPT - vs","-90.43058","36.76711","Seismic CPT",,"high","Vs",NULL,,"ft","ft/s",NULL
"4026","6237",NULL,"13-3 MASW - vs","-90.43058","36.76711","MASW",,"high","Vs",NULL,,"ft","ft/s",NULL
"4027","6237",NULL,"13-4 SCPT - vs","-90.43056","36.77111","Seismic CPT",,"high","Vs",NULL,,"ft","ft/s",NULL
"4028","6237",NULL,"13-4 MASW - vs","-90.43056","36.77111","MASW",,"high","Vs",NULL,,"ft","ft/s",NULL
"4029","6237",NULL,"13-5 SCPT - vs","-90.43153","36.76714","Seismic CPT",,"high","Vs",NULL,,"ft","ft/s",NULL
"4030","6237",NULL,"13-5 MASW - vs","-90.43153","36.76714","MASW",,"high","Vs",NULL,,"ft","ft/s",NULL
"4031","6238",NULL,"3-1 SCPT - vs","-90.35886","36.77669","Seismic CPT",,"high","Vs",NULL,,"ft","ft/s",NULL
"4032","6238",NULL,"3-1 MASW - vs","-90.35886","36.77669","MASW",,"high","Vs",NULL,,"ft","ft/s",NULL
"4033","6238",NULL,"3-2 SCPT - vs","-90.35886","36.77669","Seismic CPT",,"high","Vs",NULL,,"ft","ft/s",NULL
"4034","6238",NULL,"3-2 MASW - vs","-90.35886","36.77669","MASW",,"high","Vs",NULL,,"ft","ft/s",NULL
"4035","6238",NULL,"3-3 SCPT - vs","-90.35817","36.77717",,,"high","Vs",NULL,,"ft","ft/s",NULL
"4036","6238",NULL,"3-3 MASW - vs","-90.35817","36.77717","MASW",,"high","Vs",NULL,,"ft","ft/s",NULL
"4037","6238",NULL,"3-4 SCPT - vs","-90.35817","36.77717","Seismic CPT",,"high","Vs",NULL,,"ft","ft/s",NULL
"4038","6238",NULL,"3-4 MASW - vs","-90.35817","36.77717","MASW",,"high","Vs",NULL,,"ft","ft/s",NULL
"4039","6238",NULL,"3-5 SCPT - vs","-90.35753","36.77758","Seismic CPT",,"high","Vs",NULL,,"ft","ft/s",NULL
"4040","6238",NULL,"3-5 MASW - vs","-90.35753","36.77758","MASW",,"high","Vs",NULL,,"ft","ft/s",NULL
"4041","6239",NULL,"30-1 SCPT - vs","-90.299","36.79283","Seismic CPT",,"high","Vs",NULL,,"ft","ft/s",NULL
"4042","6240",NULL,"31-1 SCPT - vs","-90.28097","36.77861","Seismic CPT",,"high","Vs",NULL,,"ft","ft/s",NULL
"4043","6240",NULL,"31-1 MASW - vs","-90.28097","36.77861","MASW",,"high","Vs",NULL,,"ft","ft/s",NULL
"4044","6240",NULL,"31-2 SCPT - vs","-90.28094","36.77831","Seismic CPT",,"high","Vs",NULL,,"ft","ft/s",NULL
"4045","6240",NULL,"31-2 MASW - vs","-90.28094","36.77831","MASW",,"high","Vs",NULL,,"ft","ft/s",NULL
"4046","6240",NULL,"31-3 SCPT - vs","-90.281","36.77794","Seismic CPT",,"high","Vs",NULL,,"ft","ft/s",NULL
"4047","6240",NULL,"31-3 MASW - vs","-90.281","36.77794","MASW",,"high","Vs",NULL,,"ft","ft/s",NULL
"4048","6240",NULL,"31-4 SCPT - vs","-90.28097","36.77758","Seismic CPT",,"high","Vs",NULL,,"ft","ft/s",NULL
"4049","6240",NULL,"31-4 MASW - vs","-90.28097","36.77758","MASW",,"high","Vs",NULL,,"ft","ft/s",NULL
"4050","6240",NULL,"31-5 SCPT - vs","-90.28094","36.77725","Seismic CPT",,"high","Vs",NULL,,"ft","ft/s",NULL
"4051","6240",NULL,"31-5 MASW - vs","-90.28094","36.77725","MASW",,"high","Vs",NULL,,"ft","ft/s",NULL
"4052","6241",NULL,"38-1 SCPT - vs","-90.39667","36.7521","Seismic CPT",,"high","Vs",NULL,,"ft","ft/s",NULL
"4053","6242",NULL,"4-1 SCPT - vs","-90.33341","36.79344","Seismic CPT",,"high","Vs",NULL,,"ft","ft/s",NULL
"4054","6243",NULL,"5-1 SCPT - vs","-90.36832","36.79462","Seismic CPT",,"high","Vs",NULL,,"ft","ft/s",NULL
"4055","6244",NULL,"MASW-station159","-90.1944","38.65435","MASW",,"high","Vs",NULL,,"ft","ft/s",NULL
"4056","6245",NULL,"MASW-station84 -","-90.1908","38.64689","MASW",,"high","Vs",NULL,,"ft","ft/s",NULL
"4057","6246",NULL,"OLAP - vs","-89.688","37.572","Refraction",,"high","Vs",NULL,,"m","m/s",NULL
"4058","6247",NULL,"VIEN - vs","-89.892","37.415","Refraction",,"high","Vs",NULL,,"m","m/s",NULL
"4059","6248",NULL,"LATN - vs","-89.399","36.125","Refraction",,"high","Vs",NULL,,"m","m/s",NULL
"4060","6249",NULL,"WIKY - vs","-89.092","36.971","Refraction",,"high","Vs",NULL,,"m","m/s",NULL
"4061","6250",NULL,"COKY - vs","-89.108","36.763","Refraction",,"high","Vs",NULL,,"m","m/s",NULL
"4062","6251",NULL,"CHTN - vs","-89.393","36.946","Refraction",,"high","Vs",NULL,,"m","m/s",NULL
"4063","6252",NULL,"HIKY - vs","-89.183","36.551","Refraction",,"high","Vs",NULL,,"m","m/s",NULL
"4064","6253",NULL,"VSAB - vs","-88.822","37.124","Refraction",,"high","Vs",NULL,,"m","m/s",NULL
"4065","6254",NULL,"RLTN - vs","-89.32","36.396","Refraction",,"high","Vs",NULL,,"m","m/s",NULL
"4066","6255",NULL,"HNBK - vs","-89.296","36.333","Refraction",,"high","Vs",NULL,,"m","m/s",NULL
"4067","6256",NULL,"RIDG - vs","-89.481","36.264","Refraction",,"high","Vs",NULL,,"m","m/s",NULL
"4068","6257",NULL,"Crosshole Measur","-88.835856","37.114295","Crosshole",,"high","Vs",NULL,,"m","m/s",NULL
"4069","6257",NULL,"Conventional Sei","-88.835856","37.114295","Refraction",,"high","Vs",NULL,,"m","m/s",NULL
"4070","6258",NULL,"TWAR - vs","-90.44849","35.36261","Refraction",,"high","Vs",NULL,,"m","m/s",NULL
"4071","6259",NULL,"BLAR - vs","-90.44849","35.36706","Refraction",,"high","Vs",NULL,,"m","m/s",NULL
"4072","6260",NULL,"NFAR - vs","-90.39481","35.45163","Refraction",,"high","Vs",NULL,,"m","m/s",NULL
"4073","6261",NULL,"TYNO","-79.87","43.09","Refraction",,,"Vs",NULL,,"m","m/s",NULL
"4074","6262",NULL,"MORT - vs","-89.566","36.324","Active Source Surface Waves",,"high","Vs",NULL,,"m","m/s",NULL
"4075","6263",NULL,"YARBRO - vs","-89.915","35.981","Active Source Surface Waves",,"high","Vs",NULL,,"m","m/s",NULL
"4076","6264",NULL,"MSAR - vs","-90.147","35.784","Active Source Surface Waves",,"high","Vs",NULL,,"m","m/s",NULL
"4077","6265",NULL,"GNAR - vs","-90.016","35.96","Active Source Surface Waves",,"high","Vs",NULL,,"m","m/s",NULL
"4078","6266",NULL,"LEPANTO - vs","-90.413","35.614","Active Source Surface Waves",,"high","Vs",NULL,,"m","m/s",NULL
"4079","6267",NULL,"SHELBY - vs","-89.843","35.136","Active Source Surface Waves",,"high","Vs",NULL,,"m","m/s",NULL
"4080","6268",NULL,"TNMT - vs","-89.579","36.166","Active Source Surface Waves",,"high","Vs",NULL,,"m","m/s",NULL
"4081","6269",NULL,"GLAT - vs","-89.288","36.269","Active Source Surface Waves",,"high","Vs",NULL,,"m","m/s",NULL
"4082","6270",NULL,"BRGM - vs","-89.859","36.205","Active Source Surface Waves",,"high","Vs",NULL,,"m","m/s",NULL
"4083","6271",NULL,"PENM - vs","-89.628","36.45","Active Source Surface Waves",,"high","Vs",NULL,,"m","m/s",NULL
"4084","6272",NULL,"EPRM - vs","-89.358","36.717","Active Source Surface Waves",,"high","Vs",NULL,,"m","m/s",NULL
"4085","6273",NULL,"WLVO","-78.4","43.92","S-wave Refraction",,,"Vs",NULL,,"m","m/s",NULL
"4086","6274",NULL,"MCAR - vs","-90.2215","35.14496667","Refraction",,"high","Vs",NULL,,"m","m/s",NULL
"4087","6274",NULL,"MCAR - vp","-90.2215","35.14496667","Refraction",,"high","Vp",NULL,,"m","m/s",NULL
"4088","6275",NULL,"CBHT - vs","-89.8657","35.1326","Refraction",,"high","Vs",NULL,,"m","m/s",NULL
"4089","6275",NULL,"CBHT - vp","-89.8657","35.1326","Refraction",,"high","Vp",NULL,,"m","m/s",NULL
"4090","6276",NULL,"CVTN - vs","-89.63486667","35.54453333","Refraction",,"high","Vs",NULL,,"m","m/s",NULL
"4091","6276",NULL,"CVTN - vp","-89.63486667","35.54453333","Refraction",,"high","Vp",NULL,,"m","m/s",NULL
"4092","6277",NULL,"LNXT - vs","-89.48913333","36.10113333","Refraction",,"high","Vs",NULL,,"m","m/s",NULL
"4093","6277",NULL,"LNXT - vp","-89.48913333","36.10113333","Refraction",,"high","Vp",NULL,,"m","m/s",NULL
"4094","6278",NULL,"CUET - vs","-89.97671667","35.00681667","Refraction",,"high","Vs",NULL,,"m","m/s",NULL
"4095","6278",NULL,"CUET - vp","-89.97671667","35.00681667","Refraction",,"high","Vp",NULL,,"m","m/s",NULL
"4096","6279",NULL,"TUMT - vs","-89.9322","34.87621667","Refraction",,"high","Vs",NULL,,"m","m/s",NULL
"4097","6279",NULL,"TUMT - vp","-89.9322","34.87621667","Refraction",,"high","Vp",NULL,,"m","m/s",NULL
"4098","6280",NULL,"Vs","-90.35411","38.41683","Reflection",,"high","Vs",NULL,,"m","m/s",NULL
"4099","6280",NULL,"Vp","-90.35411","38.41683","Reflection",,"high","Vp",NULL,,"m","m/s",NULL
"4100","6281",NULL,"Vs","-90.46135","38.92041","Reflection",,"high","Vs",NULL,,"m","m/s",NULL
"4101","6281",NULL,"Vp","-90.46135","38.92041","Reflection",,"high","Vp",NULL,,"m","m/s",NULL
"4102","6282",NULL,"Vs","-90.22695","38.72054","Reflection",,"high","Vs",NULL,,"m","m/s",NULL
"4103","6282",NULL,"Vp","-90.22695","38.72054","Reflection",,"high","Vp",NULL,,"m","m/s",NULL
"4104","6283",NULL,"Vs","-90.20712","38.64677","Reflection",,"high","Vs",NULL,,"m","m/s",NULL
"4105","6283",NULL,"Vp","-90.20712","38.64677","Reflection",,"high","Vp",NULL,,"m","m/s",NULL
"4106","6284",NULL,"Vs","-90.85249","38.81438","Reflection",,"high","Vs",NULL,,"m","m/s",NULL
"4107","6284",NULL,"Vp","-90.85249","38.81438","Reflection",,"high","Vp",NULL,,"m","m/s",NULL
"4108","6285",NULL,"Vs","-90.18143","38.64138","Reflection",,"high","Vs",NULL,,"m","m/s",NULL
"4109","6285",NULL,"Vp","-90.18143","38.64138","Reflection",,"high","Vp",NULL,,"m","m/s",NULL
"4110","6286",NULL,"Vs","-90.50184","38.64649","Reflection",,"high","Vs",NULL,,"m","m/s",NULL
"4111","6286",NULL,"Vp","-90.50184","38.64649","Reflection",,"high","Vp",NULL,,"m","m/s",NULL
"4112","6287",NULL,"Vs","-90.48152","38.77927","Reflection",,"high","Vs",NULL,,"m","m/s",NULL
"4113","6287",NULL,"Vp","-90.48152","38.77927","Reflection",,"high","Vp",NULL,,"m","m/s",NULL
"4114","6288",NULL,"Vs","-90.64236","38.75953","Reflection",,"high","Vs",NULL,,"m","m/s",NULL
"4115","6288",NULL,"Vp","-90.64236","38.75953","Reflection",,"high","Vp",NULL,,"m","m/s",NULL
"4116","6289",NULL,"Vs","-90.10282","38.68132","Reflection",,"high","Vs",NULL,,"m","m/s",NULL
"4117","6289",NULL,"Vp","-90.10282","38.68132","Reflection",,"high","Vp",NULL,,"m","m/s",NULL
"4118","6290",NULL,"Vs","-90.50264","38.72326","Reflection",,"high","Vs",NULL,,"m","m/s",NULL
"4119","6290",NULL,"Vp","-90.50264","38.72326","Reflection",,"high","Vp",NULL,,"m","m/s",NULL
"4120","6291",NULL,"Vs","-90.62771","38.6663","Reflection",,"high","Vs",NULL,,"m","m/s",NULL
"4121","6291",NULL,"Vp","-90.62771","38.6663","Reflection",,"high","Vp",NULL,,"m","m/s",NULL
"4122","6292",NULL,"Vs","-90.00878","38.64795","Reflection",,"high","Vs",NULL,,"m","m/s",NULL
"4123","6292",NULL,"Vp","-90.00878","38.64795","Reflection",,"high","Vp",NULL,,"m","m/s",NULL
"4124","6293",NULL,"Vs","-90.46401","38.77568","Reflection",,"high","Vs",NULL,,"m","m/s",NULL
"4125","6293",NULL,"Vp","-90.46401","38.77568","Reflection",,"high","Vp",NULL,,"m","m/s",NULL
"4126","6294",NULL,"Vs","-90.44827","38.53283","Reflection",,"high","Vs",NULL,,"m","m/s",NULL
"4127","6294",NULL,"Vp","-90.44827","38.53283","Reflection",,"high","Vp",NULL,,"m","m/s",NULL
"4128","6295",NULL,"Vs","-90.18847","38.63929","Reflection",,"high","Vs",NULL,,"m","m/s",NULL
"4129","6295",NULL,"Vp","-90.18847","38.63929","Reflection",,"high","Vp",NULL,,"m","m/s",NULL
"4130","6296",NULL,"Vs","-90.22863","38.63575","Reflection",,"high","Vs",NULL,,"m","m/s",NULL
"4131","6296",NULL,"Vp","-90.22863","38.63575","Reflection",,"high","Vp",NULL,,"m","m/s",NULL
"4132","6297",NULL,"USGS - T.O. Full","-90.1234","35.0608","Refraction",,"high","Vs",NULL,,"m","m/s",NULL
"4133","6298",NULL,"USGS - St. Franc","-89.864","35.095","Refraction",,"high","Vs",NULL,,"m","m/s",NULL
"4134","6299",NULL,"USGS Site W15 - ","-90.084","35.158","Refraction",,"high","Vs",NULL,,"m","m/s",NULL
"4135","6300",NULL,"USGS - Earth Com","-90.142","35.065","Refraction",,"high","Vs",NULL,,"m","m/s",NULL
"4136","6301",NULL,"USGS - Universit","-89.933","35.116","Refraction",,"high","Vs",NULL,,"m","m/s",NULL
"4137","6302",NULL,"USGS Shelby Farm","-89.841","35.129","Refraction",,"high","Vs",NULL,,"m","m/s",NULL
"4138","6303",NULL,"USGS Site W17 - ","-89.99","35.074","Refraction",,"high","Vs",NULL,,"m","m/s",NULL
"4139","6304",NULL,"USGS Site W13 - ","-90.101","35.108","Refraction",,"high","Vs",NULL,,"m","m/s",NULL
"4140","6305",NULL,"USGS Overton Par","-89.994","35.143","Refraction",,"high","Vs",NULL,,"m","m/s",NULL
"4141","6306",NULL,"USGS St. Jude Ho","-90.042","35.152","Refraction",,"high","Vs",NULL,,"m","m/s",NULL
"4142","6307",NULL,"USGS - Universit","-89.928","35.105","Refraction",,"high","Vs",NULL,,"m","m/s",NULL
"4143","6308",NULL,"USGS Site W11 - ","-89.994","35.072","Refraction",,"high","Vs",NULL,,"m","m/s",NULL
"4144","6309",NULL,"USGS Site W1 - P","-90.117","35.087","Refraction",,"high","Vs",NULL,,"m","m/s",NULL
"4145","6310",NULL,"USGS Shelby Fore","-90.019","35.129","Refraction",,"high","Vs",NULL,,"m","m/s",NULL
"4146","6311",NULL,"USGS - Wolf Rive","-89.802","35.116","Refraction",,"high","Vs",NULL,,"m","m/s",NULL
"4147","6312",NULL,"WBO","-75.28","45","Refraction",,,"Vs",NULL,,"m","m/s",NULL
"4148","6313",NULL,"VSAP - vs","-88.813","37.131","Downhole",,"high","Vs",NULL,,"m","m/s",NULL
"4149","6314",NULL,"PAKY - vs","-88.772","37.068","Refraction",,"high","Vs",NULL,,"m","m/s",NULL
"4150","6315",NULL,"LVKY - vs","-88.829","36.97","Refraction",,"high","Vs",NULL,,"m","m/s",NULL
"4151","6319",NULL,"DCA-CPT-001","-121.522846242","38.1978900085","SCPT","20091022",,"Vs",NULL,,"ft","ft/s",NULL
"4152","6319",NULL,"DCA-CPT-002A","-121.535600104","38.1476843062","SCPT","20090923",,"Vs",NULL,,"ft","ft/s",NULL
"4153","6319",NULL,"DCA-CPT-003","-121.53457427","38.1218437429","SCPT","20091023",,"Vs",NULL,,"ft","ft/s",NULL
"4154","6319",NULL,"DCA-CPT-013","-121.5129351498","38.3656067207","SCPT","20110606",,"Vs",NULL,,"ft","ft/s",NULL
"4155","6319",NULL,"DCA-CPT-014","-121.510756184","38.3615992339","SCPT","20110608",,"Vs",NULL,,"ft","ft/s",NULL
"4156","6319",NULL,"DCA-CPT-024","-121.5168043216","38.3623456193","SCPT","20110606",,"Vs",NULL,,"ft","ft/s",NULL
"4157","6319",NULL,"DCA-CPT-030","-121.5374176654","38.2984063479","SCPT","20110602",,"Vs",NULL,,"ft","ft/s",NULL
"4158","6319",NULL,"DCA-CPT-047","-121.542876379","38.1140954013","SCPT","20120530",,"Vs",NULL,,"ft","ft/s",NULL
"4159","6319",NULL,"DCE-CPT-004","-121.5102027","38.3651389","SCPT","20090818",,"Vs",NULL,,"ft","ft/s",NULL
"4160","6319",NULL,"DCT-CPT-004","-121.4926472","38.20589722","SCPT","20091027",,"Vs",NULL,,"ft","ft/s",NULL
"4161","6319",NULL,"DCT-CPT-007","-121.4968","38.182144","SCPT","20090922",,"Vs",NULL,,"ft","ft/s",NULL
"4162","6319",NULL,"DCT-CPT-009","-121.505178","38.156572","SCPT","20091028",,"Vs",NULL,,"ft","ft/s",NULL
"4163","6319",NULL,"DCT-CPT-011","-121.51325278","38.14658611","SCPT","20091027",,"Vs",NULL,,"ft","ft/s",NULL
"4164","6320",NULL,"DCA-CPT-004","-121.5035722","38.32439167","SCPT","20120927",,"Vs",NULL,,"ft","ft/s",NULL
"4165","6320",NULL,"DCA-CPT-017","-121.5245929782","38.3136400831","SCPT","20110601",,"Vs",NULL,,"ft","ft/s",NULL
"4166","6320",NULL,"DCE-CPT-007","-121.501272","38.3146778","SCPT","20090804",,"Vs",NULL,,"ft","ft/s",NULL
"4167","6320",NULL,"DCE-CPT-007A","-121.501272","38.3146778","SCPT","20090804",,"Vs",NULL,,"ft","ft/s",NULL
"4168","6320",NULL,"DCE-CPT-008","-121.4843472","38.2991472","SCPT","20090805",,"Vs",NULL,,"ft","ft/s",NULL
"4169","6320",NULL,"DCIF-CPT-004","-121.5281610488","38.323723403","SCPT","20110531",,"Vs",NULL,,"ft","ft/s",NULL
"4170","6320",NULL,"DCIF-CPT-005","-121.5506475964","38.3208861359","SCPT","20110609",,"Vs",NULL,,"ft","ft/s",NULL
"4171","6320",NULL,"DCIF-CPT-008","-121.5325314064","38.3256679824","SCPT","20110531",,"Vs",NULL,,"ft","ft/s",NULL
"4172","6320",NULL,"DCIF-CPT-013","-121.5127374048","38.3632001588","SCPT","20120502",,"Vs",NULL,,"ft","ft/s",NULL
"4173","6321",NULL,"DCA-CPT-007","-121.5378309815","38.042547932","SCPT","20120531",,"Vs",NULL,,"ft","ft/s",NULL
"4174","6321",NULL,"DCA-CPT-008","-121.5400718517","38.010832485","SCPT","20120601",,"Vs",NULL,,"ft","ft/s",NULL
"4175","6322",NULL,"DCA-CPT-015","-121.510752589","38.3585635917","SCPT","20110608",,"Vs",NULL,,"ft","ft/s",NULL
"4176","6322",NULL,"DCE-CPT-005","-121.521478","38.3590833","SCPT","20110609",,"Vs",NULL,,"ft","ft/s",NULL
"4177","6322",NULL,"DCN4-CPT-002","-121.52653056","38.35561944","SCPT","20110607",,"Vs",NULL,,"ft","ft/s",NULL
"4178","6322",NULL,"DCN4-CPT-009","-121.524924648","38.3548788056","SCPT","20110607",,"Vs",NULL,,"ft","ft/s",NULL
"4179","6322",NULL,"DCN4-CPT-025","-121.518316255","38.3641851468","SCPT","20120501",,"Vs",NULL,,"ft","ft/s",NULL
"4180","6322",NULL,"DCN4-CPT-032","-121.519019287","38.3656924809","SCPT","20120430",,"Vs",NULL,,"ft","ft/s",NULL
"4181","6322",NULL,"DCN4-CPT-035","-121.5193305","38.361125","SCPT","20120507",,"Vs",NULL,,"ft","ft/s",NULL
"4182","6323",NULL,"DCA-CPT-031B","-121.537601173","38.2937276168","SCPT","20110602",,"Vs",NULL,,"ft","ft/s",NULL
"4183","6324",NULL,"DCA-CPT-032","-121.53833056","38.27569167","SCPT","20121002",,"Vs",NULL,,"ft","ft/s",NULL
"4184","6325",NULL,"DCA-CPT-037","-121.538132526","38.215280299","SCPT","20110603",,"Vs",NULL,,"ft","ft/s",NULL
"4185","6326",NULL,"DCA-CPT-048","-121.545778","38.09059722","SCPT","20120529",,"Vs",NULL,,"ft","ft/s",NULL
"4186","6327",NULL,"DCA-CPT-050","-121.542872595","38.0036357625","SCPT","20120604",,"Vs",NULL,,"ft","ft/s",NULL
"4187","6327",NULL,"DCA-CPT-051A","-121.542564286","37.9858731926","SCPT","20120605",,"Vs",NULL,,"ft","ft/s",NULL
"4188","6327",NULL,"DCA-CPT-053","-121.544254451","37.9625492662","SCPT","20130925",,"Vs",NULL,,"ft","ft/s",NULL
"4189","6327",NULL,"DCA-CPT-054","-121.54597889","37.943799684","SCPT","20120606",,"Vs",NULL,,"ft","ft/s",NULL
"4190","6328",NULL,"DCA-CPT-059","-121.555446088","37.834511121","SCPT","20110714",,"Vs",NULL,,"ft","ft/s",NULL
"4191","6329",NULL,"DCBF-CPT-001","-121.554507263","37.8292273096","SCPT","201107011",,"Vs",NULL,,"ft","ft/s",NULL
"4192","6329",NULL,"DCBF-CPT-002","-121.556227368","37.8289652304","SCPT","20110712",,"Vs",NULL,,"ft","ft/s",NULL
"4193","6329",NULL,"DCBF-CPT-003","-121.557239732","37.8288324041","SCPT","20110712",,"Vs",NULL,,"ft","ft/s",NULL
"4194","6329",NULL,"DCBF-CPT-004","-121.559687714","37.8271614262","SCPT","20110718",,"Vs",NULL,,"ft","ft/s",NULL
"4195","6329",NULL,"DCBF-CPT-005","-121.563767769","37.8266032526","SCPT","20110719",,"Vs",NULL,,"ft","ft/s",NULL
"4196","6329",NULL,"DCBF-CPT-006","-121.566593494","37.8264743597","SCPT","20110720",,"Vs",NULL,,"ft","ft/s",NULL
"4197","6329",NULL,"DCBF-CPT-007","-121.571152152","37.8263115808","SCPT","20110722",,"Vs",NULL,,"ft","ft/s",NULL
"4198","6329",NULL,"DCBF-CPT-008","-121.574612071","37.8264276064","SCPT","20110715",,"Vs",NULL,,"ft","ft/s",NULL
"4199","6329",NULL,"DCBF-CPT-009","-121.57770491","37.8244501666","SCPT","20110713",,"Vs",NULL,,"ft","ft/s",NULL
"4200","6329",NULL,"DCBF-CPT-010","-121.580368456","37.8217922324","SCPT","20110913",,"Vs",NULL,,"ft","ft/s",NULL
"4201","6329",NULL,"DCBF-CPT-011","-121.573456523","37.8262899236","SCPT","20110914",,"Vs",NULL,,"ft","ft/s",NULL
"4202","6329",NULL,"DCBF-CPT-012","-121.576307878","37.8255304751","SCPT","20110912",,"Vs",NULL,,"ft","ft/s",NULL
"4203","6329",NULL,"DCBF-CPT-013","-121.5839667","37.81638611","SCPT","20110721",,"Vs",NULL,,"ft","ft/s",NULL
"4204","6329",NULL,"DCBF-CPT-015","-121.5733834","37.8167056","SCPT","20110908",,"Vs",NULL,,"ft","ft/s",NULL
"4205","6329",NULL,"DCBF-CPT-016","-121.570393129","37.8168000061","SCPT","20110907",,"Vs",NULL,,"ft","ft/s",NULL
"4206","6329",NULL,"DCBF-CPT-018","-121.595779003","37.8241346152","SCPT","20110713",,"Vs",NULL,,"ft","ft/s",NULL
"4207","6329",NULL,"DCBF-CPT-019","-121.578684642","37.8233269541","SCPT","20110913",,"Vs",NULL,,"ft","ft/s",NULL
"4208","6329",NULL,"DCBF-CPT-020","-121.555661","37.82898056","SCPT","20110914",,"Vs",NULL,,"ft","ft/s",NULL
"4209","6329",NULL,"DCBF-CPT-021","-121.580562346","37.8183024147","SCPT","20120607",,"Vs",NULL,,"ft","ft/s",NULL
"4210","6329",NULL,"DCE-CPT-032","-121.595779003","37.82411351","SCPT","20090513",,"Vs",NULL,,"ft","ft/s",NULL
"4211","6330",NULL,"DCN3-CPT-004","-121.5216611","38.37381944","SCPT","20110603",,"Vs",NULL,,"ft","ft/s",NULL
"4212","6331",NULL,"DCT-CPT-013","-121.499020782","38.1182376198","SCPT","20090923",,"Vs",NULL,,"ft","ft/s",NULL
"4213","6332",NULL,"DCT-CPT-037","-121.560903424","37.8483051012","SCPT","20090513",,"Vs",NULL,,"ft","ft/s",NULL
"4214","6333",NULL,"DCW-CPT-025","-121.5973083","37.8221278","SCPT","20090512",,"Vs",NULL,,"ft","ft/s",NULL
"4215","6333",NULL,"DCW-CPT-026","-121.599125604","37.8227815104","SCPT","20090511",,"Vs",NULL,,"ft","ft/s",NULL
"4216","6334",NULL,"DCW-CPT-027","-121.579903596","37.811854608","SCPT","20090512",,"Vs",NULL,,"ft","ft/s",NULL
"4217","6335",NULL,"CPT_08 - VS","-121.563913","37.8516692","SCPT","20150825",,"Vs",NULL,,"ft","ft/s",NULL
"4218","6335",NULL,"CPT_13 - VS","-121.5647655","37.8533862","SCPT","20150825",,"Vs",NULL,,"ft","ft/s",NULL
"4219","6336",NULL,"CPT3 - VS","-121.770974","38.067207","SCPT","20130708",,"Vs",NULL,,"ft","ft/s",NULL
"4220","6336",NULL,"CPT5 - VS","-121.770525","38.0668583","SCPT","20130709",,"Vs",NULL,,"ft","ft/s",NULL
"4221","6337",NULL,"CPT3 - VS","-121.770974","38.067207","SCPT","20130708",,"Vs",NULL,,"ft","ft/s",NULL
"4222","6337",NULL,"CPT5 - VS","-121.780624","38.062098","SCPT","20130711",,"Vs",NULL,,"ft","ft/s",NULL
"4223","6338",NULL,"SCPT1 - VS","-121.4739667","37.98683056","SCPT","20200224",,"Vs",NULL,,"ft","ft/s",NULL
"4224","6338",NULL,"SCPT2 - VS","-121.4778917","37.99530556","SCPT","20200224",,"Vs",NULL,,"ft","ft/s",NULL
"4225","6339",NULL,"RS1-CPT-02 - VS","-121.736832","38.033177","SCPT","20120924",,"Vs",NULL,,"ft","ft/s",NULL
"4226","6340",NULL,"17S1401C - VS","-121.448793","38.257067","SCPT","20140917",,"Vs",NULL,,"ft","ft/s",NULL
"4227","6340",NULL,"18S1401C - VS","-121.44822","38.255738","SCPT","20140918",,"Vs",NULL,,"ft","ft/s",NULL
"4228","6341",NULL,"sCPT - VS","-121.751774","38.035229","SCPT",,,"Vs",NULL,,"ft","ft/s",NULL
"4229","2028",NULL,"NP_DIX_Vs","-121.8427","38.377","SCPT","20201208",NULL,"Vs",NULL,NULL,"ft","ft/s",NULL
"4230","2028",NULL,"NP_DIX_B_Vs","-121.8427","38.377","SCPT","20201208",NULL,"Vs",NULL,NULL,"ft","ft/s",NULL
"4231","2040",NULL,"WR_CLFS_SCPT_Vs","-121.5604","37.8273","SCPT","20201207",NULL,"Vs",NULL,NULL,"ft","ft/s",NULL
"4232","6342",NULL,"YU_CEC_Vs","-121.596802","37.938099","SCPT","20220308",,"Vs",NULL,,"ft","ft/s",NULL
"4233","6343",NULL,"YU_WHR_Vs","-121.451","37.8984","SCPT","20201207",,"Vs",NULL,,"ft","ft/s",NULL
"4234","2018",NULL,"CE_57195_VS","-121.3136","37.9753","SCPT",,,"Vs",NULL,,"ft","ft/s",NULL
"4235","2049",NULL,"YU_HOL2_VS","-121.582298","37.973301","SCPT","20220309",,"Vs",NULL,,"ft","ft/s",NULL
"4236","2050",NULL,"YU_HOL3_Vs","-121.584396","37.973301","SCPT","20220309",,"Vs",NULL,,"ft","ft/s",NULL
"4237","6347",NULL,"Array 1-VS","-116.58604","32.99272","MASrW, Linear, HVSR, P-wave",,,"Vs","269","m/s","m","m/s",NULL
"4238","6347",NULL,"Array 1-VP","-116.58604","32.99272","MASrW, Linear, HVSR, P-wave",,,"Vp","269","m/s","m","m/s",NULL
"4239","6348",NULL,"VS","-115.9198","33.5108","MASrW, Nested Triangle Array, HVSR",,,"Vs","255","m/s","m","m/s",NULL
"4240","6348",NULL,"VP","-115.9198","33.5108","MASrW, Nested Triangle Array, HVSR",,,"Vs","255","m/s","m","m/s",NULL
"4241","6349",NULL,"VS","-116.5125","33.8294","MASrW, L-Shaped, HVSR",,,"Vs","353","m/s","m","m/s",NULL
"4242","6349",NULL,"VP","-116.5125","33.8294","MASrW, L-Shaped, HVSR",,,"Vp","353","m/s","m","m/s",NULL
"4243","6350",NULL,"VS_1","-116.6841","33.3242","MASrW, MASlW, Linear, HVSR, P-Wave, S-Wave",,,"Vs","461","m/s","m","m/s",NULL
"4244","6350",NULL,"VS_2","-116.6841","33.3242","MASrW, MASlW, Linear, HVSR, P-Wave, S-Wave",,,"Vs",NULL,,"m","m/s",NULL
"4245","6351",NULL,"Array2","-116.85416","33.85063","MASrW, MASlW, HVSR,P-Wave, S-Wave",,,"Vs","923","m/s","m","m/s",NULL
"4246","6352",NULL,"VS","-116.4382","33.0773","MASrW, Nested Triangle Array, HVSR",,,"Vs","366","m/s","m","m/s",NULL
"4247","6352",NULL,"VP","-116.4382","33.0773","MASrW, Nested Triangle Array, HVSR",,,"Vp","366","m/s","m","m/s",NULL
"4248","6353",NULL,"VS","-116.3722","33.2617","MASrW, L-Shaped Array, HVSR",,,"Vs","321","m/s","m","m/s",NULL
"4249","6353",NULL,"VP","-116.3722","33.2617","MASrW, L-Shaped Array, HVSR",,,"Vp","321","m/s","m","m/s",NULL
"4250","6354",NULL,"VS","-116.387","33.6957","MASrW, L-Shaped Array, HVSR",,,"Vs","338","m/s","m","m/s",NULL
"4251","6354",NULL,"VP","-116.387","33.6957","MASrW, L-Shaped Array, HVSR",,,"Vp","338","m/s","m","m/s",NULL
"4252","6355",NULL,"VS","-116.5011","33.9111","MASrW, T-or Fan-Shaped Array, HVSR",,,"Vs","275","m/s","m","m/s",NULL
"4253","6355",NULL,"VP","-116.5011","33.9111","MASrW, T-or Fan-Shaped Array, HVSR",,,"Vp","275","m/s","m","m/s",NULL
"4254","6356",NULL,"VS","-116.1474","33.6267","MASrW, L-Shaped, HVSR",,,"Vs","237","m/s","m","m/s",NULL
"4255","6356",NULL,"VP","-116.1474","33.6267","MASrW, L-Shaped, HVSR",,,"Vp","237","m/s","m","m/s",NULL
"4256","6357",NULL,"VS","-116.5636","33.9644","MASrW, L-Shaped Array, HVSR",,,"Vs","418","m/s","m","m/s",NULL
"4257","6357",NULL,"VP","-116.5636","33.9644","MASrW, L-Shaped Array, HVSR",,,"Vp","418","m/s","m","m/s",NULL
"4258","6358",NULL,"VS","-116.3029","33.7738","MASrW, L-Shaped, HVSR",,,"Vs","315","m/s","m","m/s",NULL
"4259","6358",NULL,"VP","-116.3029","33.7738","MASrW, L-Shaped, HVSR",,,"Vs","315","m/s","m","m/s",NULL
"4260","6359",NULL,"VS","-116.2806","33.6279","MASrW, HVSR",,,"Vs","1459","m/s","m","m/s",NULL
"4261","6359",NULL,"VP","-116.2806","33.6279","MASrW, HVSR",,,"Vp","1459","m/s","m","m/s",NULL
"4262","6359",NULL,"P_Wave","-116.2806","33.6279","P-Wave",,,"Vs","2418","m/s","m","m/s",NULL
"4263","6360",NULL,"VS","-116.0788","33.4262","MASrW, L-Shaped Array, HVSR",,,"Vs","431","m/s","m","m/s",NULL
"4264","6360",NULL,"VP","-116.0788","33.4262","MASrW, L-Shaped Array, HVSR",,,"Vp","431","m/s","m","m/s",NULL
"4265","6361",NULL,"VS","-116.2366","33.7057","MASrW, Nested Triangle Array, HVSR",,,"Vs","294","m/s","m","m/s",NULL
"4266","6361",NULL,"VP","-116.2366","33.7057","MASrW, Nested Triangle Array, HVSR",,,"Vp","294","m/s","m","m/s",NULL
"4267","6362",NULL,"VS","-116.9726","33.9299","MASrW, T-or Fan-Shaped Array, HVSR",,,"Vs","329","m/s","m","m/s",NULL
"4268","6362",NULL,"VP","-116.9726","33.9299","MASrW, T-or Fan-Shaped Array, HVSR",,,"Vp","329","m/s","m","m/s",NULL
"4269","6363",NULL,"VS","-116.3013","33.6712","MASrW, L-Shaped Array, HVSR",,,"Vs","283","m/s","m","m/s",NULL
"4270","6363",NULL,"VP","-116.3013","33.6712","MASrW, L-Shaped Array, HVSR",,,"Vp","283","m/s","m","m/s",NULL
"4271","6363",NULL,"VS_2","-116.3013","33.6712","MASrW, L-Shaped Array, HVSR",,,"Vs","277","m/s","m","m/s",NULL
"4272","6363",NULL,"VP_2","-116.3013","33.6712","MASrW, L-Shaped Array, HVSR",,,"Vp","277","m/s","m","m/s",NULL
"4273","6364",NULL,"VS","-116.4101","33.7867","MASrW, Nested Triangle Array, HVSR",,,"Vs","293","m/s","m","m/s",NULL
"4274","6364",NULL,"VP","-116.4101","33.7867","MASrW, Nested Triangle Array, HVSR",,,"Vp","293","m/s","m","m/s",NULL
"4275","6365",NULL,"VS_1","-116.3383","33.7233","MASrW, L-Shaped Array, HVSR",,,"Vs","287","m/s","m","m/s",NULL
"4276","6365",NULL,"VP_1","-116.3383","33.7233","MASrW, L-Shaped Array, HVSR",,,"Vp","287","m/s","m","m/s",NULL
"4277","6365",NULL,"VS_2","-116.3383","33.7233","MASrW, L-Shaped Array, HVSR",,,"Vs","293","m/s","m","m/s",NULL
"4278","6365",NULL,"VP_2","-116.3383","33.7233","MASrW, L-Shaped Array, HVSR",,,"Vp","293","m/s","m","m/s",NULL
"4279","6366",NULL,"VS","-117.957","33.8401","MASrW, L-Shaped Array, HVSR",,,"Vs","256","m/s","m","m/s",NULL
"4280","6366",NULL,"VP","-117.957","33.8401","MASrW, L-Shaped Array, HVSR",,,"Vp","256","m/s","m","m/s",NULL
"4281","6367",NULL,"VS","-117.8093","33.7861","MASrW, L-Shaped Array, HVSR",,,"Vs","366","m/s","m","m/s",NULL
"4282","6367",NULL,"VP","-117.8093","33.7861","MASrW, L-Shaped Array, HVSR",,,"Vp","366","m/s","m","m/s",NULL
"4283","6368",NULL,"VS","-117.7423","33.8633","MASrW, L-Shaped, HVSR",,,"Vs","363","m/s","m","m/s",NULL
"4284","6368",NULL,"VS","-117.7423","33.8633","MASrW, L-Shaped, HVSR",,,"Vs","363","m/s","m","m/s",NULL
"4285","6369",NULL,"VS","-117.8498","33.7675","MASrW, L-Shaped Array, HVSR",,,"Vs","316","m/s","m","m/s",NULL
"4286","6369",NULL,"VS","-117.8498","33.7675","MASrW, L-Shaped Array, HVSR",,,"Vs","316","m/s","m","m/s",NULL
"4287","6370",NULL,"VS","-117.5142","33.8842","MASrW, L-Shaped Array, HVSR",,,"Vs","314","m/s","m","m/s",NULL
"4288","6370",NULL,"VP","-117.5142","33.8842","MASrW, L-Shaped Array, HVSR",,,"Vp","314","m/s","m","m/s",NULL
"4289","6371",NULL,"VS","-117.7178","33.9901","MASrW, L-Shaped Array, HVSR",,,"Vs","267","m/s","m","m/s",NULL
"4290","6371",NULL,"VS","-117.7178","33.9901","MASrW, L-Shaped Array, HVSR",,,"Vs","267","m/s","m","m/s",NULL
"4291","6372",NULL,"VS","-117.8896","33.9893","MASrW, L-Shaped Array, HVSR",,,"Vs","272","m/s","m","m/s",NULL
"4292","6372",NULL,"VS","-117.8896","33.9893","MASrW, L-Shaped Array, HVSR",,,"Vs","272","m/s","m","m/s",NULL
"4293","6373",NULL,"VS","-117.896","33.9331","MASrW, L-Shaped Array, HVSR",,,"Vs","307","m/s","m","m/s",NULL
"4294","6373",NULL,"VS","-117.896","33.9331","MASrW, L-Shaped Array, HVSR",,,"Vs","307","m/s","m","m/s",NULL
"4295","6374",NULL,"VS","-117.887","33.8891","MASrW, L-Shaped Array, HVSR",,,"Vs","254","m/s","m","m/s",NULL
"4296","6374",NULL,"VS","-117.887","33.8891","MASrW, L-Shaped Array, HVSR",,,"Vs","254","m/s","m","m/s",NULL
"4297","6375",NULL,"VS","-117.959","33.8663","MASrW, L-Shaped Array, HVSR",,,"Vs","235","m/s","m","m/s",NULL
"4298","6375",NULL,"VP","-117.959","33.8663","MASrW, L-Shaped Array, HVSR",,,"Vp","235","m/s","m","m/s",NULL
"4299","6376",NULL,"VS","-117.9311","33.9086","MASrW, L-Shaped Array, HVSR",,,"Vs","330","m/s","m","m/s",NULL
"4300","6376",NULL,"VS","-117.9311","33.9086","MASrW, L-Shaped Array, HVSR",,,"Vs","330","m/s","m","m/s",NULL
"4301","6377",NULL,"VS","-117.9558","33.9316","MASrW, L-Shaped Array, HVSR",,,"Vs","296","m/s","m","m/s",NULL
"4302","6377",NULL,"VS","-117.9558","33.9316","MASrW, L-Shaped Array, HVSR",,,"Vs","296","m/s","m","m/s",NULL
"4303","6378",NULL,"VS","-117.9178","33.7667","MASrW, T-Shaped Array, HVSR",,,"Vs","234","m/s","m","m/s",NULL
"4304","6378",NULL,"VS","-117.9178","33.7667","MASrW, T-Shaped Array, HVSR",,,"Vs","234","m/s","m","m/s",NULL
"4305","6379",NULL,"VS","-117.9559","33.7571","MASrW, L-Shaped Array, HVSR",,,"Vs","230","m/s","m","m/s",NULL
"4306","6379",NULL,"VS","-117.9559","33.7571","MASrW, L-Shaped Array, HVSR",,,"Vs","230","m/s","m","m/s",NULL
"4307","6380",NULL,"VS","-117.968","33.7911","MASrW, L-Shaped Array, HVSR",,,"Vs","240","m/s","m","m/s",NULL
"4308","6380",NULL,"VS","-117.968","33.7911","MASrW, L-Shaped Array, HVSR",,,"Vs","240","m/s","m","m/s",NULL
"4309","6381",NULL,"VS1","-117.8497","33.8195","MASrW, Nested Triangle Array, L-Shaped Array, HVSR",,,"Vs","352","m/s","m","m/s",NULL
"4310","6381",NULL,"VP1","-117.8497","33.8195","MASrW, Nested Triangle Array, L-Shaped Array, HVSR",,,"Vp","352","m/s","m","m/s",NULL
"4311","6381",NULL,"VS2","-117.8497","33.8195","MASrW, Nested Triangle Array, L-Shaped Array, HVSR",,,"Vs","349","m/s","m","m/s",NULL
"4312","6381",NULL,"VP2","-117.8497","33.8195","MASrW, Nested Triangle Array, L-Shaped Array, HVSR",,,"Vp","349","m/s","m","m/s",NULL
"4313","6382",NULL,"VS","-117.8441","33.7478","MASrW, L-Shaped Array, HVSR",,,"Vs","282","m/s","m","m/s",NULL
"4314","6382",NULL,"VS","-117.8441","33.7478","MASrW, L-Shaped Array, HVSR",,,"Vs","282","m/s","m","m/s",NULL
"4315","6383",NULL,"VS","-117.8938","33.742","MASrW, L-Shaped Array, HVSR",,,"Vs","236","m/s","m","m/s",NULL
"4316","6383",NULL,"VS","-117.8938","33.742","MASrW, L-Shaped Array, HVSR",,,"Vs","236","m/s","m","m/s",NULL
"4317","6384",NULL,"VS","-117.9038","33.7157","MASrW, L-Shaped Array, HVSR",,,"Vs","207","m/s","m","m/s",NULL
"4318","6384",NULL,"VS","-117.9038","33.7157","MASrW, L-Shaped Array, HVSR",,,"Vs","207","m/s","m","m/s",NULL
"4319","6385",NULL,"VS","-117.88","33.6997","MASrW, Nested Triangle Array, L-Shaped Array, HVSR",,,"Vs","216","m/s","m","m/s",NULL
"4320","6385",NULL,"VS","-117.88","33.6997","MASrW, Nested Triangle Array, L-Shaped Array, HVSR",,,"Vs","216","m/s","m","m/s",NULL
"4321","6386",NULL,"VS","-117.8901","33.7846","MASrW, L-Shaped Array, HVSR",,,"Vs","263","m/s","m","m/s",NULL
"4322","6386",NULL,"VS","-117.8901","33.7846","MASrW, L-Shaped Array, HVSR",,,"Vs","263","m/s","m","m/s",NULL
"4323","6387",NULL,"VS","-117.9216","33.789","MASrW, L-Shaped Array, HVSR",,,"Vs","247","m/s","m","m/s",NULL
"4324","6387",NULL,"VS","-117.9216","33.789","MASrW, L-Shaped Array, HVSR",,,"Vs","247","m/s","m","m/s",NULL
"4325","6388",NULL,"VS","-117.4879","33.9188","MASrW, L-Shaped Array, HVSR",,,"Vs","480","m/s","m","m/s",NULL
"4326","6388",NULL,"VS","-117.4879","33.9188","MASrW, L-Shaped Array, HVSR",,,"Vs","480","m/s","m","m/s",NULL
"4327","6389",NULL,"VS","-117.3882","33.9511","MASrW, L-Shaped Array, HVSR",,,"Vs","404","m/s","m","m/s",NULL
"4328","6389",NULL,"VP","-117.3882","33.9511","MASrW, L-Shaped Array, HVSR",,,"Vp","404","m/s","m","m/s",NULL
"4329","6390",NULL,"VS","-117.561","33.9035","MASrW, T-Shaped, HVSR",,,"Vs","598","m/s","m","m/s",NULL
"4330","6390",NULL,"VP","-117.561","33.9035","MASrW, T-Shaped, HVSR",,,"Vp","598","m/s","m","m/s",NULL
"4331","6391",NULL,"VS","-118.0007","33.7269","MASrW, L-Shaped Array, HVSR",,,"Vs","185","m/s","m","m/s",NULL
"4332","6391",NULL,"VP","-118.0007","33.7269","MASrW, L-Shaped Array, HVSR",,,"Vp","185","m/s","m","m/s",NULL
"4333","6392",NULL,"VS","-118.0257","33.723","MASrW, L-Shaped Array, HVSR",,,"Vs","187","m/s","m","m/s",NULL
"4334","6392",NULL,"VS","-118.0257","33.723","MASrW, L-Shaped Array, HVSR",,,"Vs","187","m/s","m","m/s",NULL
"4335","6393",NULL,"VS","-118.0989","33.939","MASrW, L-Shaped Array, HVSR",,,"Vs","287","m/s","m","m/s",NULL
"4336","6393",NULL,"VP","-118.0989","33.939","MASrW, L-Shaped Array, HVSR",,,"Vp","287","m/s","m","m/s",NULL
"4337","6394",NULL,"VS","-118.107","33.8465","MASrW, L-Shaped Array, HVSR",,,"Vs","220","m/s","m","m/s",NULL
"4338","6394",NULL,"VP","-118.107","33.8465","MASrW, L-Shaped Array, HVSR",,,"Vp","220","m/s","m","m/s",NULL
"4339","6395",NULL,"VS","-118.001","33.9464","MASrW, L-Shaped Array, HVSR",,,"Vs","288","m/s","m","m/s",NULL
"4340","6395",NULL,"VP","-118.001","33.9464","MASrW, L-Shaped Array, HVSR",,,"Vp","288","m/s","m","m/s",NULL
"4341","6396",NULL,"VS","-118.1608","33.8337","MASrW, L-Shaped Array, HVSR",,,"Vs","333","m/s","m","m/s",NULL
"4342","6396",NULL,"VS","-118.1608","33.8337","MASrW, L-Shaped Array, HVSR",,,"Vs","333","m/s","m","m/s",NULL
"4343","6397",NULL,"VS","-118.0113","33.9051","MASrW, L-Shaped Array, HVSR",,,"Vs","307","m/s","m","m/s",NULL
"4344","6397",NULL,"VP","-118.0113","33.9051","MASrW, L-Shaped Array, HVSR",,,"Vp","307","m/s","m","m/s",NULL
"4345","6398",NULL,"VS","-117.7773","34.1252","MASrW, L-Shaped Array, HVSR",,,"Vs","387","m/s","m","m/s",NULL
"4346","6398",NULL,"VS","-117.7773","34.1252","MASrW, L-Shaped Array, HVSR",,,"Vs","387","m/s","m","m/s",NULL
"4347","6399",NULL,"VS","-117.893","34.0649","MASrW, T-Shaped Array, HVSR",,,"Vs","324","m/s","m","m/s",NULL
"4348","6399",NULL,"VS","-117.893","34.0649","MASrW, T-Shaped Array, HVSR",,,"Vs","324","m/s","m","m/s",NULL
"4349","6400",NULL,"VS","-117.9118","34.043","MASrW, L-Shaped Array, HVSR",,,"Vs","304","m/s","m","m/s",NULL
"4350","6400",NULL,"VS","-117.9118","34.043","MASrW, L-Shaped Array, HVSR",,,"Vs","304","m/s","m","m/s",NULL
"4351","6401",NULL,"VS","-117.0352","34.0464","MASrW, L-Shaped Array, HVSR",,,"Vs","400","m/s","m","m/s",NULL
"4352","6401",NULL,"VP","-117.0352","34.0464","MASrW, L-Shaped Array, HVSR",,,"Vp","400","m/s","m","m/s",NULL
"4353","6402",NULL,"VS","-117.6979","34.0574","MASrW, L-Shaped Array, HVSR",,,"Vs","354","m/s","m","m/s",NULL
"4354","6402",NULL,"VS","-117.6979","34.0574","MASrW, L-Shaped Array, HVSR",,,"Vs","354","m/s","m","m/s",NULL
"4355","6403",NULL,"VS","-117.6806","34.1125","MASrW, T-Shaped Array, HVSR",,,"Vs","497","m/s","m","m/s",NULL
"4356","6403",NULL,"VP","-117.6806","34.1125","MASrW, T-Shaped Array, HVSR",,,"Vp","497","m/s","m","m/s",NULL
"4357","6404",NULL,"VS","-117.6627","34.1339","MASrW, L-Shaped Array, HVSR",,,"Vs","364","m/s","m","m/s",NULL
"4358","6404",NULL,"VP","-117.6627","34.1339","MASrW, L-Shaped Array, HVSR",,,"Vp","364","m/s","m","m/s",NULL
"4359","6405",NULL,"VS","-117.454","34.1247","MASrW, L-Shaped Array, HVSR",,,"Vs","468","m/s","m","m/s",NULL
"4360","6405",NULL,"VS","-117.454","34.1247","MASrW, L-Shaped Array, HVSR",,,"Vs","468","m/s","m","m/s",NULL
"4361","6406",NULL,"VS","-117.5397","34.1229","MASrW, T-Shaped Array, HVSR",,,"Vs","396","m/s","m","m/s",NULL
"4362","6406",NULL,"VS","-117.5397","34.1229","MASrW, T-Shaped Array, HVSR",,,"Vs","396","m/s","m","m/s",NULL
"4363","6407",NULL,"VS","-117.1553","34.0262","MASrW, L-Shaped Array, HVSR",,,"Vs","395","m/s","m","m/s",NULL
"4364","6407",NULL,"VP","-117.1553","34.0262","MASrW, L-Shaped Array, HVSR",,,"Vp","395","m/s","m","m/s",NULL
"4365","6408",NULL,"VS","-117.183","34.074","MASrW, L-Shaped Array, HVSR",,,"Vs","319","m/s","m","m/s",NULL
"4366","6408",NULL,"VP","-117.183","34.074","MASrW, L-Shaped Array, HVSR",,,"Vp","319","m/s","m","m/s",NULL
"4367","6409",NULL,"VS","-117.8142","34.0018","MASrW, L-SHaped Array, HVSR",,,"Vs","416","m/s","m","m/s",NULL
"4368","6409",NULL,"VS","-117.8142","34.0018","MASrW, L-SHaped Array, HVSR",,,"Vs","416","m/s","m","m/s",NULL
"4369","6410",NULL,"VS","-117.911","34.1321","MASrW, L-Shaped Array, HVSR",,,"Vs","511","m/s","m","m/s",NULL
"4370","6410",NULL,"VS","-117.911","34.1321","MASrW, L-Shaped Array, HVSR",,,"Vs","511","m/s","m","m/s",NULL
"4371","6411",NULL,"VS","-117.851","34.1136","MASrW, Nested Triangle Array, HVSR",,,"Vs","387","m/s","m","m/s",NULL
"4372","6411",NULL,"VP","-117.851","34.1136","MASrW, Nested Triangle Array, HVSR",,,"Vp","387","m/s","m","m/s",NULL
"4373","6412",NULL,"VS","-117.785","34.0625","MASrW, L-Shaped Array, HVSR",,,"Vs","310","m/s","m","m/s",NULL
"4374","6412",NULL,"VP","-117.785","34.0625","MASrW, L-Shaped Array, HVSR",,,"Vp","310","m/s","m","m/s",NULL
"4375","6413",NULL,"VS","-117.9355","33.9998","MASrW, L-Shaped Array, HVSR",,,"Vs","261","m/s","m","m/s",NULL
"4376","6413",NULL,"VS","-117.9355","33.9998","MASrW, L-Shaped Array, HVSR",,,"Vs","261","m/s","m","m/s",NULL
"4377","6414",NULL,"VS","-117.9513","34.0363","MASrW, L-Shaped Array, HVSR",,,"Vs","288","m/s","m","m/s",NULL
"4378","6414",NULL,"VS","-117.9513","34.0363","MASrW, L-Shaped Array, HVSR",,,"Vs","288","m/s","m","m/s",NULL
"4379","6415",NULL,"VS","-117.0588","34.0035","MASrW, L-Shaped Array, HVSR",,,"Vs","385","m/s","m","m/s",NULL
"4380","6415",NULL,"VP","-117.0588","34.0035","MASrW, L-Shaped Array, HVSR",,,"Vp","385","m/s","m","m/s",NULL
"4381","6416",NULL,"VS","-117.8658","34.0209","MASrW, T-Shaped Array, HVSR",,,"Vs","289","m/s","m","m/s",NULL
"4382","6416",NULL,"VS","-117.8658","34.0209","MASrW, T-Shaped Array, HVSR",,,"Vs","289","m/s","m","m/s",NULL
"4383","6417",NULL,"VS","-117.738","34.1211","MASrW, L-Shaped Array, HVSR",,,"Vs","355","m/s","m","m/s",NULL
"4384","6417",NULL,"VP","-117.738","34.1211","MASrW, L-Shaped Array, HVSR",,,"Vp","355","m/s","m","m/s",NULL
"4385","6418",NULL,"VS","-117.7452","34.0957","MASrW, L-Shaped Array, HVSR",,,"Vs","382","m/s","m","m/s",NULL
"4386","6418",NULL,"VS","-117.7452","34.0957","MASrW, L-Shaped Array, HVSR",,,"Vs","382","m/s","m","m/s",NULL
"4387","6419",NULL,"VS","-118.0783","34.0014","MASrW, T-Shaped Array, HVSR",,,"Vs","304","m/s","m","m/s",NULL
"4388","6419",NULL,"VP","-118.0783","34.0014","MASrW, T-Shaped Array, HVSR",,,"Vp","304","m/s","m","m/s",NULL
"4389","6420",NULL,"VS","-118.0605","36.6007","MASrW, L-Shaped Array, HVSR",,,"Vs","278","m/s","m","m/s",NULL
"4390","6420",NULL,"VP","-118.0605","36.6007","MASrW, L-Shaped Array, HVSR",,,"Vp","278","m/s","m","m/s",NULL
"4391","6421",NULL,"VS","-118.0071","36.279","MASrW, L-Shaped Array, HVSR",,,"Vs","288","m/s","m","m/s",NULL
"4392","6421",NULL,"VP","-118.0071","36.279","MASrW, L-Shaped Array, HVSR",,,"Vp","288","m/s","m","m/s",NULL
"4393","6422",NULL,"VS","-118.8333","37.6142","MSArW, T-Shaped Array, HVSR",,,"Vs","439","m/s","m","m/s",NULL
"4394","6422",NULL,"VP","-118.8333","37.6142","MSArW, T-Shaped Array, HVSR",,,"Vp","439","m/s","m","m/s",NULL
"4395","6422",NULL,"VS_2","-118.8333","37.6142","MSArW, T-Shaped Array, HVSR",,,"Vs","455","m/s","m","m/s",NULL
"4396","6422",NULL,"VP_2","-118.8333","37.6142","MSArW, T-Shaped Array, HVSR",,,"Vp","455","m/s","m","m/s",NULL
"4397","6423",NULL,"VS","-118.4759","37.8182","MASrW, L-Shaped Array, HVSR",,,"Vs","374","m/s","m","m/s",NULL
"4398","6423",NULL,"VP","-118.4759","37.8182","MASrW, L-Shaped Array, HVSR",,,"Vp","374","m/s","m","m/s",NULL
"4399","6424",NULL,"VS","-118.3962","37.3583","MASrW, L-Shaped Array, HVSR",,,"Vs","303","m/s","m","m/s",NULL
"4400","6424",NULL,"VP","-118.3962","37.3583","MASrW, L-Shaped Array, HVSR",,,"Vp","303","m/s","m","m/s",NULL
"4401","6425",NULL,"VS","-118.9621","37.643","MASrW, L-Shaped Array, HVSR",,,"Vs","533","m/s","m","m/s",NULL
"4402","6425",NULL,"VP","-118.9621","37.643","MASrW, L-Shaped Array, HVSR",,,"Vp","533","m/s","m","m/s",NULL
"4403","6426",NULL,"VS","-118.3986","37.6622","MASrW, L-Shaped Array, HVSR",,,"Vs","297","m/s","m","m/s",NULL
"4404","6426",NULL,"VP","-118.3986","37.6622","MASrW, L-Shaped Array, HVSR",,,"Vs","297","m/s","m","m/s",NULL
"4405","6427",NULL,"VS","-118.7046","37.5879","MASrW, L-Shaped Array, HVSR",,,"Vs","320","m/s","m","m/s",NULL
"4406","6427",NULL,"VP","-118.7046","37.5879","MASrW, L-Shaped Array, HVSR",,,"Vp","320","m/s","m","m/s",NULL
"4407","6428",NULL,"VS","-119.1027","37.8611","MASrW, P-Wave Seismic Refraction, HVSR",,,"Vs","422","m/s","m","m/s",NULL
"4408","6428",NULL,"VP","-119.1027","37.8611","MASrW, P-Wave Seismic Refraction, HVSR",,,"Vp","422","m/s","m","m/s",NULL
"4409","6429",NULL,"VS","-119.073","37.7831","MASrW, Linear, P-Wave Seismic Refraction, HVSR",,,"Vs","468","m/s","m","m/s",NULL
"4410","6429",NULL,"VP","-119.073","37.7831","MASrW, Linear, P-Wave Seismic Refraction, HVSR",,,"Vp","468","m/s","m","m/s",NULL
"4411","6430",NULL,"VS","-121.9361","37.7443","MASrW, Nested Triangle Array, HVSR",,,"Vs","253","m/s","m","m/s",NULL
"4412","6430",NULL,"VP","-121.9361","37.7443","MASrW, Nested Triangle Array, HVSR",,,"Vp","253","m/s","m","m/s",NULL
"4413","6431",NULL,"VS","-121.9947","37.7713","MASrW, L-Shaped Array, HVSR",,,"Vs","294","m/s","m","m/s",NULL
"4414","6431",NULL,"VP","-121.9947","37.7713","MASrW, L-Shaped Array, HVSR",,,"Vp","294","m/s","m","m/s",NULL
"4415","6432",NULL,"VS","-121.9555","37.7682","MASrW, Nested Triangle Array, HVSR",,,"Vs","226","m/s","m","m/s",NULL
"4416","6432",NULL,"VP","-121.9555","37.7682","MASrW, Nested Triangle Array, HVSR",,,"Vp","226","m/s","m","m/s",NULL
"4417","6433",NULL,"VS_1","-122.0802","37.6971","MASrW, Nested Triangle Array, HVSR",,,"Vs","281","m/s","m","m/s",NULL
"4418","6433",NULL,"VP_1","-122.0802","37.6971","MASrW, Nested Triangle Array, HVSR",,,"Vp","281","m/s","m","m/s",NULL
"4419","6433",NULL,"VS_2","-122.0802","37.6971","MASrW, Nested Triangle Array, HVSR",,,"Vs","271","m/s","m","m/s",NULL
"4420","6433",NULL,"VP_2","-122.0802","37.6971","MASrW, Nested Triangle Array, HVSR",,,"Vp","271","m/s","m","m/s",NULL
"4421","6434",NULL,"VS_1","-122.0277","37.7152","MASrW, Nested Traingle Array, HVSR",,,"Vs","479","m/s","m","m/s",NULL
"4422","6434",NULL,"VP_1","-122.0277","37.7152","MASrW, Nested Traingle Array, HVSR",,,"Vp","479","m/s","m","m/s",NULL
"4423","6434",NULL,"VS_2","-122.0277","37.7152","MASrW, Nested Traingle Array, HVSR",,,"Vs","615","m/s","m","m/s",NULL
"4424","6434",NULL,"VP_2","-122.0277","37.7152","MASrW, Nested Traingle Array, HVSR",,,"Vp","615","m/s","m","m/s",NULL
"4425","6435",NULL,"VS","-122.1259","37.6799","MASrW, T-Shaped Array, HVSR",,,"Vs","218","m/s","m","m/s",NULL
"4426","6435",NULL,"VP","-122.1259","37.6799","MASrW, T-Shaped Array, HVSR",,,"Vp","218","m/s","m","m/s",NULL
"4427","6436",NULL,"VS","-122.1118","37.695","MASrW, T-Shaped Array, HVSR",,,"Vs","223","m/s","m","m/s",NULL
"4428","6436",NULL,"VP","-122.1118","37.695","MASrW, T-Shaped Array, HVSR",,,"Vp","223","m/s","m","m/s",NULL
"4429","6437",NULL,"VS","-122.0537","37.7029","MASrW, L-Shaped Array, HVSR",,,"Vs","573","m/s","m","m/s",NULL
"4430","6437",NULL,"VP","-122.0537","37.7029","MASrW, L-Shaped Array, HVSR",,,"Vp","573","m/s","m","m/s",NULL
"4431","6438",NULL,"VS","-122.1409","37.7095","MASrW, L-Shaped Array, HVSR",,,"Vs","242","m/s","m","m/s",NULL
"4432","6438",NULL,"VP","-122.1409","37.7095","MASrW, L-Shaped Array, HVSR",,,"Vp","242","m/s","m","m/s",NULL
"4433","6439",NULL,"VS_1","-122.1401","37.6883","MASrW, L-Shaped Array, HVSR",,,"Vs","193","m/s","m","m/s",NULL
"4434","6439",NULL,"VP_1","-122.1401","37.6883","MASrW, L-Shaped Array, HVSR",,,"Vp","193","m/s","m","m/s",NULL
"4435","6439",NULL,"VS_2","-122.1401","37.6883","MASrW, L-Shaped Array, HVSR",,,"Vs","200","m/s","m","m/s",NULL
"4436","6439",NULL,"VP_2","-122.1401","37.6883","MASrW, L-Shaped Array, HVSR",,,"Vp","193","m/s","m","m/s",NULL
"4437","6440",NULL,"VS","-122.0502","37.626","MASrW, L-Shaped Array, HVSR",,,"Vs","235","m/s","m","m/s",NULL
"4438","6440",NULL,"VP","-122.0502","37.626","MASrW, L-Shaped Array, HVSR",,,"Vp","235","m/s","m","m/s",NULL
"4439","6441",NULL,"VS","-122.1265","37.6656","MASrW, Nested Triangle Array, HVSR",,,"Vs","223","m/s","m","m/s",NULL
"4440","6441",NULL,"VP","-122.1265","37.6656","MASrW, Nested Triangle Array, HVSR",,,"Vp","223","m/s","m","m/s",NULL
"4441","6442",NULL,"VS","-122.0914","37.7095","MASrW, L-Shaped Array, HVSR",,,"Vs","483","m/s","m","m/s",NULL
"4442","6442",NULL,"VP","-122.0914","37.7095","MASrW, L-Shaped Array, HVSR",,,"Vp","483","m/s","m","m/s",NULL
"4443","6443",NULL,"VS","-122.092","37.6252","MASrW, Nested Triangle Array, HVSR",,,"Vs","219","m/s","m","m/s",NULL
"4444","6443",NULL,"VP","-122.092","37.6252","MASrW, Nested Triangle Array, HVSR",,,"Vs","219","m/s","m","m/s",NULL
"4445","6444",NULL,"VS","-122.0257","37.654","MASrW, Nested Triangle Array, Linear, HVSR",,,"Vs","531","m/s","m","m/s",NULL
"4446","6444",NULL,"VP","-122.0257","37.654","MASrW, Nested Triangle Array, Linear, HVSR",,,"Vp","531","m/s","m","m/s",NULL
"4447","6445",NULL,"VS","-122.1189","37.643","MASrW, Nested Triangle Array, HVSR",,,"Vs","218","m/s","m","m/s",NULL
"4448","6445",NULL,"VP","-122.1189","37.643","MASrW, Nested Triangle Array, HVSR",,,"Vp","218","m/s","m","m/s",NULL
"4449","6446",NULL,"VS","-122.03","37.675","MASrW, T-Shaped Array, HVSR",,,"Vs","404","m/s","m","m/s",NULL
"4450","6446",NULL,"VS","-122.03","37.675","MASrW, T-Shaped Array, HVSR",,,"Vs","404","m/s","m","m/s",NULL
"4451","6447",NULL,"BAC-N","-121.526","38.002","MASW, MAM",,,"Vs",NULL,,"m","m/s",NULL
"4452","6448",NULL,"BAC-S","-121.543","37.941","MASW, MAM",,,"Vs",NULL,,"m","m/s",NULL
"4453","6449",NULL,"BOE","-121.50045","38.09927","MASW, MAM",,,"Vs",NULL,,"m","m/s",NULL
"4454","6450",NULL,"BON","-121.53542","38.10897","MASW, MAM",,,"Vs",NULL,,"m","m/s",NULL
"4455","6451",NULL,"CC","-121.575","37.827","MASW, MAM",,,"Vs",NULL,,"m","m/s",NULL
"4456","6452",NULL,"EMR-E","-121.46","38.059","MASW, MAM",,,"Vs",NULL,,"m","m/s",NULL
"4457","6453",NULL,"EMR-N","-121.498","38.079","MASW, MAM",,,"Vs",NULL,,"m","m/s",NULL
"4458","6454",NULL,"EMR-S","-121.498","38.046","MASW, MAM",,,"Vs",NULL,,"m","m/s",NULL
"4459","6455",NULL,"HOL","-121.587","37.973","MASW, MAM",,,"Vs",NULL,,"m","m/s",NULL
"4460","6456",NULL,"SHN","-121.76181","38.04458","MASW, MAM",,,"Vs",NULL,,"m","m/s",NULL
"4461","6457",NULL,"SHN","-121.75364","38.03615","MASW, MAM",,,"Vs",NULL,,"m","m/s",NULL
"4462","6458",NULL,"SIA","-121.736","38.05","MASW, MAM",,,"Vs",NULL,,"m","m/s",NULL
"4463","6459",NULL,"SMB","-121.626","37.999","MASW, MAM",,,"Vs",NULL,,"m","m/s",NULL
"4464","6460",NULL,"SRB","-121.622","38.011","MASW, MAM",,,"Vs",NULL,,"m","m/s",NULL
"4465","6461",NULL,"TWC","-121.64677","38.10748","MASW, MAM",,,"Vs",NULL,,"m","m/s",NULL
"4466","6462",NULL,"TWE","-121.64372","38.09207","MASW, MAM",,,"Vs",NULL,,"m","m/s",NULL
"4467","6463",NULL,"TWN","-121.64768","38.11523","MASW, MAM",,,"Vs",NULL,,"m","m/s",NULL
"4468","6464",NULL,"TWW","-121.68299","38.08992","MASW, MAM",,,"Vs",NULL,,"m","m/s",NULL
"4469","6465",NULL,"WEB-N","-121.64","38.085","MASW, MAM",,,"Vs",NULL,,"m","m/s",NULL
"4470","6466",NULL,"WEB-S","-121.605","38.061","MASW, MAM",,,"Vs",NULL,,"m","m/s",NULL
"4471","6490",NULL,"Vs","-111.912966724","40.7627907936","Seismic cone penetration test","5/6/96",,"Vs","182","m/s","m","m/s",NULL
"4472","6491",NULL,"Vs","-111.90917384","40.7531096303","Seismic cone penetration test","6/7/96",,"Vs","163","m/s","m","m/s",NULL
"4473","6492",NULL,"Vs","-111.909296583","40.7690716257","Seismic cone penetration test","7/23/96",,"Vs","161","m/s","m","m/s",NULL
"4474","6493",NULL,"Vs","-111.908776023","40.7534731018","Seismic cone penetration test","7/18/96",,"Vs","170","m/s","m","m/s",NULL
"4475","6494",NULL,"Vs","-111.903298549","40.7540115699","Seismic cone penetration test","8/2/96",,"Vs","164","m/s","m","m/s",NULL
"4476","6495",NULL,"Vs","-111.899590096","40.7539684692","Seismic cone penetration test","4/24/96",,"Vs","168","m/s","m","m/s",NULL
"4477","6496",NULL,"Vs","-111.908576038","40.756186221","Seismic cone penetration test","7/17/96",,"Vs","173","m/s","m","m/s",NULL
"4478","6497",NULL,"Vs","-111.906927452","40.7560460448","Seismic cone penetration test","7/30/96",,"Vs","161","m/s","m","m/s",NULL
"4479","6498",NULL,"Vs","-111.900092566","40.7560905471","Seismic cone penetration test","7/29/96",,"Vs","165","m/s","m","m/s",NULL
"4480","6499",NULL,"Vs","-111.913277481","40.7231600753","Seismic cone penetration test","6/4/96",,"Vs","170","m/s","m","m/s",NULL
"4481","6500",NULL,"Vs","-111.915204354","40.7229286091","Seismic cone penetration test","8/6/96",,"Vs","190","m/s","m","m/s",NULL
"4482","6501",NULL,"Vs","-111.922009779","40.7227122948","Seismic cone penetration test","7/29/96",,"Vs","184","m/s","m","m/s",NULL
"4483","6502",NULL,"Vs","-111.900175121","40.6980661602","Seismic cone penetration test",,,"Vs","220","m/s","m","m/s",NULL
"4484","6503",NULL,"Vs","-111.901230992","40.6982471013","Seismic cone penetration test","7/8/96",,"Vs","215","m/s","m","m/s",NULL
"4485","6504",NULL,"Vs","-111.890247318","40.5022940847","Unspecified","10/29/96",,"Vs","240","m/s","m","m/s",NULL
"4486","6505",NULL,"Morton Salt Comp","-112.100388","40.7672","Downhole",,,"Vs","196","m/s","m","m/s",NULL
"4487","6505",NULL,"Morton Salt Comp","-112.514838145","40.7549319746","Downhole",,,"Vp",NULL,,"m","m/s",NULL
"4488","6506",NULL,"Vs","-111.85527428","40.5780970171","Downhole",,,"Vs","260","m/s","m","m/s",NULL
"4489","6506",NULL,"Vp","-111.85527428","40.5780970171","Downhole",,,"Vp",NULL,,"m","m/s",NULL
"4490","6507",NULL,"Vs","-111.927505143","40.6263306301","Downhole",,,"Vs","278","m/s","m","m/s",NULL
"4491","6507",NULL,"Vp","-111.927505143","40.6263306301","Downhole",,,"Vp",NULL,,"m","m/s",NULL
"4492","6508",NULL,"Vs","-111.857771062","40.7169466324","Downhole",,,"Vs","327","m/s","m","m/s",NULL
"4493","6508",NULL,"Vp","-111.857771062","40.7169466324","Downhole",,,"Vp",NULL,,"m","m/s",NULL
"4494","6509",NULL,"Vs","-111.825272772","40.7448757476","Downhole",,,"Vs","327","m/s","m","m/s",NULL
"4495","6509",NULL,"Vp","-111.825272772","40.7448757476",,,,"Vp",NULL,,"m","m/s",NULL
"4496","6510",NULL,"Vs","-111.917994958","40.7502201537","Downhole",,,"Vs","177","m/s","m","m/s",NULL
"4497","6510",NULL,"Vp","-111.917994958","40.7502201537","Downhole",,,"Vp",NULL,,"m","m/s",NULL
"4498","6511",NULL,"Vs","-112.10095961","40.7960937218","Downhole",,,"Vs","184","m/s","m","m/s",NULL
"4499","6511",NULL,"Vp","-112.10095961","40.7960937218","Downhole",,,"Vp",NULL,,"m","m/s",NULL
"4500","6512",NULL,"Vs","-111.954320963","40.7822206678","Downhole",,,"Vs","179","m/s","m","m/s",NULL
"4501","6512",NULL,"Vp","-111.954320963","40.7822206678","Downhole",,,"Vp",NULL,,"m","m/s",NULL
"4502","6513",NULL,"Vs","-111.861231862","40.7163082827","Downhole",,,"Vs","298","m/s","m","m/s",NULL
"4503","6513",NULL,"Vp","-111.861231862","40.7163082827","Downhole",,,"Vp",NULL,,"m","m/s",NULL
"4504","6514",NULL,"Vs","-112.100417522","40.7769021491","Downhole",,,"Vs","187","m/s","m","m/s",NULL
"4505","6514",NULL,"Vp","-112.100417522","40.7769021491","Downhole",,,"Vp",NULL,,"m","m/s",NULL
"4506","6515",NULL,"Vs","-111.838789172","40.7432092397","Downhole",,,"Vs","590","m/s","m","m/s",NULL
"4507","6515",NULL,"Vp","-111.838789172","40.7432092397","Downhole",,,"Vp",NULL,,"m","m/s",NULL
"4508","6516",NULL,"Vs","-112.035161843","40.7083753935","Downhole",,,"Vs","212","m/s","m","m/s",NULL
"4509","6516",NULL,"Vp","-112.035161843","40.7083753935","Downhole",,,"Vp",NULL,,"m","m/s",NULL
"4510","6517",NULL,"Vs","-111.910136249","40.6811690873","Downhole",,,"Vs","222","m/s","m","m/s",NULL
"4511","6517",NULL,"Vp","-111.910136249","40.6811690873","Downhole",,,"Vp",NULL,,"m","m/s",NULL
"4512","6518",NULL,"Vs","-111.861909838","40.6991059142","Downhole",,,"Vs","269","m/s","m","m/s",NULL
"4513","6518",NULL,"Vp","-111.861909838","40.6991059142","Downhole",,,"Vp",NULL,,"m","m/s",NULL
"4514","6519",NULL,"Vs","-111.820337968","40.7037689644","Downhole",,,"Vs","363","m/s","m","m/s",NULL
"4515","6519",NULL,"Vp","-111.820337968","40.7037689644",,,,"Vp",NULL,,"m","m/s",NULL
"4516","6520",NULL,"Vs","-111.819497909","40.7482072495","Downhole",,,"Vs","354","m/s","m","m/s",NULL
"4517","6520",NULL,"Vp","-111.819497909","40.7482072495","Downhole",,,"Vp",NULL,,"m","m/s",NULL
"4518","6521",NULL,"Vs","-111.89014358","40.7724407277","Downhole",,,"Vs","347","m/s","m","m/s",NULL
"4519","6521",NULL,"Vp","-111.89014358","40.7724407277","Downhole",,,"Vp",NULL,,"m","m/s",NULL
"4520","6522",NULL,"Vs","-111.827923338","40.7589031206","Downhole",,,"Vs","401","m/s","m","m/s",NULL
"4521","6522",NULL,"Vp","-111.827923338","40.7589031206","Downhole",,,"Vp",NULL,,"m","m/s",NULL
"4522","6523",NULL,"Vs","-111.976733406","40.779916157","Downhole",,,"Vs","198","m/s","m","m/s",NULL
"4523","6523",NULL,"Vp","-111.976733406","40.779916157","Downhole",,,"Vp",NULL,,"m","m/s",NULL
"4524","6524",NULL,"Vs","-111.856602025","40.7679613923","Downhole",,,"Vs","303","m/s","m","m/s",NULL
"4525","6524",NULL,"Vp","-111.856602025","40.7679613923","Downhole",,,"Vp",NULL,,"m","m/s",NULL
"4526","6525",NULL,"Vs","-111.856007207","40.7299049708","Downhole",,,"Vs","294","m/s","m","m/s",NULL
"4527","6525",NULL,"Vp","-111.856007207","40.7299049708","Downhole",,,"Vp",NULL,,"m","m/s",NULL
"4528","6526",NULL,"Vs","-111.896530204","40.7166520982","Seismic cone penetration test",,,"Vs","184","m/s","m","m/s",NULL
"4529","6527",NULL,"Vs","-111.892550099","40.7165027727","Seismic cone penetration test","5/21/96",,"Vs","195","m/s","m","m/s",NULL
"4530","6528",NULL,"Vs","-111.889820353","40.7168931975","Seismic cone penetration test","5/21/96",,,"188","m/s","m","m/s",NULL
"4531","6529",NULL,"Canyon Elementar","-111.628623675","40.0930157834","Refraction Analysis",,,"Vs","551.8138","m/s","m","m/s",NULL
"4532","6529",NULL,"Canyon Elementar","-111.628623675","40.0930157834","Refraction Analysis",,,"Vp",NULL,,"m","m/s",NULL
"4533","6530",NULL,"Clark Park Vs","-111.651947242","40.1318890225","Refraction Analysis",,,"Vs","844.7002","m/s","m","m/s",NULL
"4534","6530",NULL,"Clark Park Vp","-111.651947242","40.1318890225","Refraction Analysis",,,"Vp",NULL,,"m","m/s",NULL
"4535","6531",NULL,"Spanish Fork Air","-111.659635151","40.1378243161","Refraction Analysis",,,"Vs","200.0924","m/s","m","m/s",NULL
"4536","6532",NULL,"Spanish Oaks Gol","-111.598251368","40.0843867171","Refraction Analysis",,,"Vs","368.2635","m/s","m","m/s",NULL
"4537","6532",NULL,"Spanish Oaks Gol","-111.598251368","40.0843867171","Refraction Analysis",,,"Vp",NULL,,"m","m/s",NULL
"4538","6533",NULL,"Caldwell Vs","-112.440389276","42.8675988023","MASW",,,"Vs",NULL,,"m","m/s",NULL
"4539","6533",NULL,"Caldwell Vp","-112.440389276","42.8675988023","MASW",,,"Vp",NULL,,"m","m/s",NULL
"4540","6534",NULL,"Optimist Park Vs","-112.448257597","42.8744909126","MASW",,,"Vs",NULL,,"m","m/s",NULL
"4541","6534",NULL,"Optimist Park Vp","-112.448257597","42.8744909126","MASW",,,"Vp",NULL,,"m","m/s",NULL
"4542","6535",NULL,"Ammon Park Vs","-112.432508528","42.8836128741","MASW",,,"Vs",NULL,,"m","m/s",NULL
"4543","6535",NULL,"Ammon Park Vp","-112.432508528","42.8836128741","MASW",,,"Vp",NULL,,"m","m/s",NULL
"4544","6536",NULL,"Alameda Park Vs","-112.445101345","42.8846869902","MASW",,,"Vs",NULL,,"m","m/s",NULL
"4545","6536",NULL,"Alameda Park Vp","-112.445101345","42.8846869902","MASW",,,"Vp",NULL,,"m","m/s",NULL
"4546","6537",NULL,"Scardino Park Vs","-112.443011128","42.9013350479","MASW",,,"Vs",NULL,,"m","m/s",NULL
"4547","6537",NULL,"Scardino Park Vp","-112.443011128","42.9013350479","MASW",,,"Vp",NULL,,"m","m/s",NULL
"4548","6538",NULL,"Satterfield Dr. ","-112.409338509","42.9202489366","MASW",,,"Vs",NULL,,"m","m/s",NULL
"4549","6538",NULL,"Satterfield Dr. ","-112.409338509","42.9202489366","MASW",,,"Vp",NULL,,"m","m/s",NULL
"4550","6550",NULL,"LBL1","-122.2539466","37.8793056","MASW","5/29/2020","High","Vs",NULL,NULL,"ft","ft/s",NULL
"4551","6541",NULL,"LBL3","-122.2490982","37.8778314","MASW","5/27/2020","High","Vs",NULL,NULL,"ft","ft/s",NULL
"4552","6553",NULL,"LBL4","-122.2470869","37.87722395","MASW","6/3/2020","High","Vs",NULL,NULL,"ft","ft/s",NULL
"4553","6546",NULL,"LBL6","-122.2458512","37.8771488","MASW","6/5/2020","High","Vs",NULL,NULL,"ft","ft/s",NULL
"4554","6552",NULL,"LBL7","-122.2416879","37.87776105","MASW","6/5/2020","High","Vs",NULL,NULL,"ft","ft/s",NULL
"4555","6547",NULL,"LBL8","-122.2495568","37.8754249","MASW","6/3/2020","High","Vs",NULL,NULL,"ft","ft/s",NULL
"4556","6548",NULL,"LBL9","-122.2412296","37.87694615","MASW","6/2/2020","High","Vs",NULL,NULL,"ft","ft/s",NULL
"4557","6555",NULL,"LBL10","-122.2396358","37.8761762","MASW","5/28/2020","High","Vs",NULL,NULL,"ft","ft/s",NULL
"4558","6539",NULL,"LBL11","-122.2407782","37.87538825","MASW","5/28/2020","High","Vs",NULL,NULL,"ft","ft/s",NULL
"4559","6554",NULL,"LBL12","-122.2419301","37.8734272","MASW","6/1/2020","High","Vs",NULL,NULL,"ft","ft/s",NULL
"4560","6544",NULL,"LBL13","-122.2513158","37.8765412","MASW","6/4/2020","High","Vs",NULL,NULL,"ft","ft/s",NULL
"4561","6549",NULL,"LBL14","-122.2547406","37.8765428","MASW","6/1/2020","High","Vs",NULL,NULL,"ft","ft/s",NULL
"4562","6551",NULL,"LBL15","-122.251012","37.87716085","MASW","6/2/2020","High","Vs",NULL,NULL,"ft","ft/s",NULL
"4563","6543",NULL,"LBL16","-122.2515265","37.87879115","MASW","6/4/2020","High","Vs",NULL,NULL,"ft","ft/s",NULL
"4564","6540",NULL,"LBL19","-122.2472839","37.87670008","Suspension Logging","2/28/2020","High","Vs",NULL,NULL,"m","m/s",NULL
"4565","6551",NULL,"LBL20","-122.2507223","37.87716154","Suspension Logging","5/6/2019","High","Vs",NULL,NULL,"m","m/s",NULL
"4566","6542",NULL,"LBL21","-122.2490917","37.87642375","Suspension Logging","7/15/2014","High","Vs",NULL,NULL,"ft","ft/s",NULL
"4567","6542",NULL,"LBL22","-122.2486875","37.87640758","Suspension Logging","7/18/2014","High","Vs",NULL,NULL,"ft","ft/s",NULL
"4568","6542",NULL,"LBL23","-122.2490917","37.87642375","Suspension Logging","7/23/2014","High","Vs",NULL,NULL,"ft","ft/s",NULL
"4569","6542",NULL,"LBL24","-122.2486875","37.87640758","Suspension Logging","6/24/2011","High","Vs",NULL,NULL,"ft","ft/s",NULL
"4570","4886",NULL,"LBL25","-122.2432698","37.87496436","Suspension Logging","11/6/2008","High","Vs",NULL,NULL,"ft","ft/s",NULL
"4571","6545",NULL,"LBL26","-122.242186","37.87549305","Suspension Logging","9/17/2008","High","Vs",NULL,NULL,"ft","ft/s",NULL
"4572","6545",NULL,"LBL27","-122.242186","37.87549305","Suspension Logging","9/17/2008","High","Vs",NULL,NULL,"ft","ft/s",NULL
"4573","6558",NULL,"UCD2","-121.454256","38.553872","Suspension Logging","11/6/2020","High","Vp",NULL,NULL,"ft","ft/s",NULL
"4574","6558",NULL,"UCD4","-121.4545","38.553872","Suspension Logging","11/6/2020","High","Vp",NULL,NULL,"ft","ft/s",NULL
"4575","6558",NULL,"UCD6","-121.453356","38.55406","Suspension Logging","11/20/2020","High","Vp",NULL,NULL,"ft","ft/s",NULL
"4576","6558",NULL,"UCD8","-121.453356","38.55406","Suspension Logging","11/20/2020","High","Vp",NULL,NULL,"ft","ft/s",NULL
"4577","6558",NULL,"UCD10","-121.4536","38.55458","Suspension Logging","11/13/2020","High","Vp",NULL,NULL,"ft","ft/s",NULL
"4578","6558",NULL,"UCD12","-121.4536","38.55458","Suspension Logging","11/13/2020","High","Vp",NULL,NULL,"ft","ft/s",NULL
"4579","6558",NULL,"UCD1","-121.454256","38.553872","Suspension Logging","11/6/2020","High","Vs",NULL,NULL,"ft","ft/s",NULL
"4580","6558",NULL,"UCD3","-121.454256","38.553872","Suspension Logging","11/6/2020","High","Vs",NULL,NULL,"ft","ft/s",NULL
"4581","6558",NULL,"UCD5","-121.453356","38.55406","Suspension Logging","11/20/2020","High","Vs",NULL,NULL,"ft","ft/s",NULL
"4582","6558",NULL,"UCD7","-121.453356","38.55406","Suspension Logging","11/20/2020","High","Vs",NULL,NULL,"ft","ft/s",NULL
"4583","6558",NULL,"UCD9","-121.4536","38.55458","Suspension Logging","11/13/2020","High","Vs",NULL,NULL,"ft","ft/s",NULL
"4584","6558",NULL,"UCD11","-121.4536","38.55458","Suspension Logging","11/13/2020","High","Vs",NULL,NULL,"ft","ft/s",NULL
"4585","6558",NULL,"UCD13","-121.453969","38.554203","SCPT","11/13/2020","High","Vs",NULL,NULL,"ft","ft/s",NULL
"4586","6558",NULL,"UCD14","-121.453858","38.554128","SCPT","11/13/2020","High","Vs",NULL,NULL,"ft","ft/s",NULL
"4587","6558",NULL,"UCD15","-121.453462","38.554083","SCPT","11/14/2020","High","Vs",NULL,NULL,"ft","ft/s",NULL
"4588","6558",NULL,"UCD16","-121.453487","38.554517","SCPT","11/13/2020","High","Vs",NULL,NULL,"ft","ft/s",NULL
"4589","6558",NULL,"UCD17","-121.453383","38.554113","SCPT","11/12/2020","High","Vs",NULL,NULL,"ft","ft/s",NULL
"4590","6556",NULL,"UCD18","-121.750883","38.539023","SCPT","2/26/2015","High","Vs",NULL,NULL,"ft","ft/s",NULL
"4591","6557",NULL,"UCD19","-121.750271","38.537336","SCPT","2/26/2015","High","Vs",NULL,NULL,"ft","ft/s",NULL
"4592","6559",NULL,"06-SC-111","-111.911614","40.757408","Seismic Cone Penetration Test","19960612",,"Vs","175","m/s","m","m/s",NULL
"4593","6560",NULL,"06-SC-113","-111.914669","40.763531","Seismic Cone Penetration ","19960610",,"Vs","169","m/s","m","m/s",NULL
"4594","6561",NULL,"06-SC-115","-111.911306","40.765258","Seismic Cone Penetration","19960627",,"Vs","194","m/s","m","m/s",NULL
"4595","6562",NULL,"06-SC-117","-111.912983","40.762317","Seismic Cone Penetration","19960612",,"Vs","174","m/s","m","m/s",NULL
"4596","6563",NULL,"06-SC-124","-111.913153","40.763381","Seismic Cone Penetration","19960613",,"Vs","195","m/s","m","m/s",NULL
"4597","6564",NULL,"06-SC-126","-111.9105","40.767814","Seismic Cone Penetration Test","19960621",,"Vs","168","m/s","m","m/s",NULL
"4598","6565",NULL,"2.1.1 - Plain Ci","-112.10013","41.309799","SASW","20050630",,"Vs","154","m/s","m","m/s",NULL
"4599","6566",NULL,"2.1.10 - BJH - B","-111.9817","41.16987","SASW","20050812",,"Vs","219","m/s","m","m/s",NULL
"4600","6567",NULL,"2.1.11 - UTH - U","-111.9253","41.14416","SASW","20051030",,"Vs","325","m/s","m","m/s",NULL
"4601","6568",NULL,"2.1.12 - MVE - M","-111.97634","41.24116","SASW","20060924",,"Vs","204","m/s","m","m/s",NULL
"4602","6569",NULL,"2.1.13 - BES - B","-111.95402","41.31876","SASW","20050617",,"Vs","370","m/s","m","m/s",NULL
"4603","6570",NULL,"2.1.14 - 7212 - ","-111.94234","41.19533","SASW","20050701",,"Vs","225","m/s","m","m/s",NULL
"4604","6571",NULL,"2.1.15 - SOJ - S","-111.96069","41.18406","SASW","20050812",,"Vs","206","m/s","m","m/s",NULL
"4605","6572",NULL,"2.1.16 - WES - W","-111.94201","41.20918","SASW","20050812",,"Vs","348","m/s","m","m/s",NULL
"4606","6573",NULL,"2.1.17 - HMS - H","-111.95897","41.25496","SASW","20050824",,"Vs","215","m/s","m","m/s",NULL
"4607","6574",NULL,"2.1.18 - LVP - L","-111.97437","41.31706","SASW","20050924",,"Vs","330","m/s","m","m/s",NULL
"4608","6575",NULL,"2.1.2 - Syracuse","-112.04621","41.09705","SASW","20050630",,"Vs","244","m/s","m","m/s",NULL
"4609","6576",NULL,"2.1.3 - CDJ - Ce","-111.96839","41.0696","SASW","20050909",,"Vs","221","m/s","m","m/s",NULL
"4610","6577",NULL,"2.1.4 - KSU - Ka","-112.05997","41.20838","SASW","20050930",,"Vs","167","m/s","m","m/s",NULL
"4611","6578",NULL,"2.1.5 - WWF - We","-112.11155","41.26491","SASW","20050910",,"Vs","168","m/s","m","m/s",NULL
"4612","6579",NULL,"2.1.6 - HES - Ho","-112.1207","41.16538","SASW","20051030",,"Vs","173","m/s","m","m/s",NULL
"4613","6580",NULL,"2.1.7 - ELE - Ea","-111.9179","41.07993","SASW","20050630",,"Vs","253","m/s","m","m/s",NULL
"4614","6581",NULL,"2.1.8 - OF2 - Og","-111.948838","41.22821","SASW","20050701",,"Vs","202","m/s","m","m/s",NULL
"4615","6582",NULL,"2.1.9 - OPS - Og","-111.97481","41.2286","SASW","20050630",,"Vs","235","m/s","m","m/s",NULL
"4616","6583",NULL,"2.2.1 - LGC - La","-111.9092","40.90091","SASW","20050810",,"Vs","179","m/s","m","m/s",NULL
"4617","6584",NULL,"2.2.2 - DCF - Da","-111.90742","40.97893","SASW","20050811",,"Vs","192","m/s","m","m/s",NULL
"4618","6585",NULL,"2.2.3 - KJH - Ka","-111.93713","41.02726","SASW","20050811",,"Vs","196","m/s","m","m/s",NULL
"4619","6586",NULL,"2.2.4 - WRS - Wi","-111.92502","41.01331","SASW","20050811",,"Vs","221","m/s","m","m/s",NULL
"4620","6587",NULL,"2.2.5 - WSE - Wa","-111.89001","40.88242","SASW","20050811",,"Vs","268","m/s","m","m/s",NULL
"4621","6588",NULL,"2.2.6 - UHP - Ut","-111.89903","40.99046","SASW","20050811",,"Vs","231","m/s","m","m/s",NULL
"4622","6589",NULL,"2.2.7 - OSE - Or","-111.90739","40.84319","SASW","20051015",,"Vs","278","m/s","m","m/s",NULL
"4623","6590",NULL,"2.2.8 - FES - Fa","-111.89048","40.97725","SASW","20051015",,"Vs","238","m/s","m","m/s",NULL
"4624","6591",NULL,"2.2.9 - MPS - Mu","-111.86018","40.87215","SASW","20051015",,"Vs","292","m/s","m","m/s",NULL
"4625","6592",NULL,"2.3.1 - FTT - Fi","-112.08395","40.68657","SASW","20050825",,"Vs","432","m/s","m","m/s",NULL
"4626","6593",NULL,"2.3.2 - NOQ - No","-112.12094","40.65262","SASW","20050825",,"Vs",NULL,,"m","m/s",NULL
"4627","6593",NULL,"2.3.2 - NOQ - No","-112.12094","40.65262","SASW","20050825",,"Vs",NULL,,"m","m/s",NULL
"4628","6594",NULL,"2.3.3 - CTU - Ca","-111.7511","40.6925","SASW","20050825",,"Vs",NULL,,"m","m/s",NULL
"4629","6595",NULL,"2.4.1 - MDS - Me","-111.85898","40.38494","SASW","20050817",,"Vs","203","m/s","m","m/s",NULL
"4630","6596",NULL,"2.4.10 - MAB - M","-111.57794","40.13129","SASW","20050824",,"Vs","266","m/s","m","m/s",NULL
"4631","6597",NULL,"2.4.11 - CRE - C","-111.76559","40.4141","SASW","20050817",,"Vs","447","m/s","m","m/s",NULL
"4632","6598",NULL,"2.4.12 - CCS - C","-111.6512","40.29531","SASW","20050818",,"Vs","267","m/s","m","m/s",NULL
"4633","6599",NULL,"2.4.13 - OES - O","-111.67788","40.31738","SASW","20050818",,"Vs","341","m/s","m","m/s",NULL
"4634","6600",NULL,"2.4.14 - PJH - P","-111.73836","40.37312","SASW","20050824",,"Vs","340","m/s","m","m/s",NULL
"4635","6601",NULL,"2.4.15 - BYU - B","-111.65019","41.25237","SASW","20050824",,"Vs","256","m/s","m","m/s",NULL
"4636","6602",NULL,"2.4.2 - LRJ - La","-111.70277","40.27874","SASW","20050818",,"Vs","232","m/s","m","m/s",NULL
"4637","6603",NULL,"2.4.3 - LSU - Yo","-111.72926","40.13253","SASW","20050823",,"Vs","169","m/s","m","m/s",NULL
"4638","6604",NULL,"2.4.4 - SCY - Sa","-111.68673","40.05857","SASW","20050823",,"Vs","175","m/s","m","m/s",NULL
"4639","6605",NULL,"2.4.5 - WOF - Wo","-111.71274","40.09905","SASW","20050824",,"Vs","157","m/s","m","m/s",NULL
"4640","6606",NULL,"2.4.6 - AMF - Tr","-111.78722","40.40137","SASW","20050727",,"Vs","282","m/s","m","m/s",NULL
"4641","6607",NULL,"2.4.7 - TPU - Th","-111.90282","40.4307","SASW","20050727",,"Vs","246","m/s","m","m/s",NULL
"4642","6608",NULL,"2.4.8 - DJH - Di","-111.67184","40.23853","SASW","20050818",,"Vs","211","m/s","m","m/s",NULL
"4643","6609",NULL,"2.4.9 - WUL - We","-112.06094","40.26082","SASW","20050823",,"Vs","236","m/s","m","m/s",NULL
"4644","6610",NULL,"B-1 Northeast co","-111.889686","40.762761","Downhole
","19980224",,"Vs",NULL,,"ft","ft/s",NULL
"4645","6611",NULL,"B-11 - InterMoun","-111.997311","40.709864","Downhole Shear Wave Survey
","19970423",,"Vs",NULL,,"ft","ft/s",NULL
"4646","6612",NULL,"B-2 - Ogden City","-111.970253","41.219683","Downhole Shear Wave Survey
","19970311",,"Vs",NULL,,"ft","ft/s",NULL
"4647","6613",NULL,"B-8 - North Temp","-111.891061","40.772597",,"19970207",,"Vs",NULL,,"ft","ft/s",NULL
"4648","6614",NULL,"16A","-111.900175","40.587989","Downhole","19950501",,"Vs","265","m/s","m","m/s",NULL
"4649","6615",NULL,"17A","-111.898156","40.558897","Downhole","19951024",,"Vs","251","m/s","m","m/s",NULL
"4650","6616",NULL,"PB04","-111.904158","40.631931","Downhole","19960430",,"Vs","325","m/s","m","m/s",NULL
"4651","6617",NULL,"PB05","-111.903836","40.620239","Downhole","19960426",,"Vs","316","m/s","m","m/s",NULL
"4652","6618",NULL,"06-SC-157","-111.913408","40.760319","Seismic Cone Penetration Test","19960625",,"Vs","180","m/s","m","m/s",NULL
"4653","6618",NULL,"06-SC-171","-111.914467","40.759925","Seismic Cone Penetration Test","19960701",,"Vs","211","m/s","m","m/s",NULL
"4654","6618",NULL,"06-SC-175","-111.913936","40.760811","Seismic Cone Penetration Test","19960701",,"Vs","211","m/s","m","m/s",NULL
"4655","6619",NULL,"06-SC-183","-111.916025","40.764542","Seismic Cone Penetration Test","19960626",,"Vs","178","m/s","m","m/s",NULL
"4656","6619",NULL,"06-SC-153","-111.919111","40.764067","Seismic Cone Penetration Test","19960618",,"Vs","181","m/s","m","m/s",NULL
"4657","6620",NULL,"06-SC-131","-111.910697","40.769322","Seismic Cone Penetration Test","19960620",,"Vs","175","m/s","m","m/s",NULL
"4658","6620",NULL,"06-SC-138","-111.911322","40.768986","Seismic Cone Penetration Test","19960730",,"Vs","161","m/s","m","m/s",NULL
"4659","6620",NULL,"06-SC-139","-111.911239","40.768986","Beam & Hammer, Geophone","19960621",,"Vs","176","m/s","m","m/s",NULL
"4660","6621",NULL,"SC-14-312","-111.899094","40.923508","Seismic Cone Penetration Test","20000501",,"Vs","173","m/s","m","m/s",NULL
"4661","6622",NULL,"SC-15-361","-111.901081","40.919347","Seismic Cone Penetration Test","20000510",,"Vs","157","m/s","m","m/s",NULL
"4662","6623",NULL,"Seismic Line SW-","-117.236269","32.87428","Surface Wave (MASW?)","20230424",,"Vs","1381.5","ft/s","ft","ft/s",NULL
"4663","6624",NULL,"SC-33-358","-111.941903","40.833594","Seismic Cone Penetration","20000501",,"Vs","160","m/s","m","m/s",NULL
"4664","6625",NULL,"SD-24","-122.068303","36.991589","Downhole Suspension Logging",,,"Vs","1550","m/s","m","m/s",NULL
"4665","6634","608","CE.68150","-122.2774","38.2704","IMASW",,,"Vs","308","m/s","m","m/s",NULL
"4666","6635","608","NC.C032","-122.157593","38.082508","IMASW",,,"Vs","435","m/s","m","m/s",NULL
"4667","6636","608","NC.GDXB","-122.795303","38.807968","IMASW",,,"Vs","1198","m/s","m","m/s",NULL
"4668","6637","608","NC.N019B","-122.401543","38.300953","IMASW",,,"Vs","590","m/s","m","m/s",NULL
"4669","6638","608","NC.NAPC","-122.252716","38.439507","IMASW",,,"Vs","623","m/s","m","m/s",NULL
"4670","6639","608","NC.NGVB - Vs","-122.21582","38.28043","IMASW",,,"Vs","978","m/s","m","m/s",NULL
"4671","6639","608","NC.NGVB - Vp","-122.21582","38.28043","IMASW",,,"Vp",NULL,,"m","m/s",NULL
"4672","6640","608","NC.NHC - Vs","-122.357674","38.21748","IMASW",,,"Vs","249","m/s","m","m/s",NULL
"4673","6640","608","NC.NHC - Vp","-122.357674","38.21748","IMASW",,,"Vp",NULL,,"m","m/s",NULL
"4674","6641","608","NC.NLH","-122.149216","38.122814","IMASW",,,"Vs","341","m/s","m","m/s",NULL
"4675","6642","608","NC.NMC","-122.912857","38.59095","IMASW",,,"Vs","610","m/s","m","m/s",NULL
"4676","6643","608","NC.NMI","-122.258499","38.076012","IMASW",,,"Vs","337","m/s","m","m/s",NULL
"4677","6644","608","NC.NMW","-122.723236","38.550346","IMASW",,,"Vs","361","m/s","m","m/s",NULL
"4678","6645","608","NC.NSM","-122.57795","38.348785","IMASW",,,"Vs","292","m/s","m","m/s",NULL
"4679","6646","608","NS.NSP","-122.464401","38.200253","IMASW",,,"Vs","544","m/s","m","m/s",NULL
"4680","6647","608","NC.NTYB","-122.662971","38.38921","IMASW",,,"Vs","485","m/s","m","m/s",NULL
"4681","6648","608","NC.NTO","-122.449692","38.143608","IMASW",,,"Vs","294","m/s","m","m/s",NULL
"4682","6649","608","NP.1759","-122.25623","38.10767","IMASW",,,"Vs","554","m/s","m","m/s",NULL
"4683","6650","608","NP.1760","-122.15743","38.05415","IMASW",,,"Vs","710","m/s","m","m/s",NULL
"4684","6651","608","NP.1765 - Vs - S","-122.31845","38.33046","IMASW",,,"Vs","315","m/s","m","m/s",NULL
"4685","6651","608","NP.1765 - Vs - S","-122.31845","38.33046","IMASW",,,"Vs","315","m/s","m","m/s",NULL
"4686","6651","608","NP.1765 - Vp - S","-122.31845","38.33046","IMASW",,,"Vp",NULL,,"m","m/s",NULL
"4687","6651","608","NP.1765 - Vp - S","-122.31845","38.33046","IMASW",,,"Vp",NULL,,"m","m/s",NULL
"4688","6652","609","R1-R2-VS","-119.865028","35.786771","Downhole Suspension Logging","20230725",,"Vs",NULL,,"m","m/s",NULL
"4689","6652","609","R1-R2-VP","-119.865028","35.786771","Downhole Suspension Logging","20230725",,"Vp",NULL,,"m","m/s",NULL
"4690","6652","609","S-R1-VS","-119.865028","35.786771","Downhole Suspension Logging","20230725",,"Vs",NULL,,"m","m/s",NULL
"4691","6652","609","S-R1-VP","-119.865028","35.786771","Downhole Suspension Logging","20230725",,"Vp",NULL,,"m","m/s",NULL
"4692","6667","597","D-RP01-1","-112.9662490055556","43.58925631111111","Downhole",NULL,NULL,"Vs",NULL,NULL,"m","m/s",NULL
"4693","6668","597","D-RP01-2","-112.9648193638889","43.58930964166667","Downhole",NULL,NULL,"Vs",NULL,NULL,"m","m/s",NULL
"4694","6669","597","D-RP01-3","-112.9609918777778","43.58944249444444","Downhole",NULL,NULL,"Vs",NULL,NULL,"m","m/s",NULL
"4695","6670","597","D-RP01-4","-112.9607121666667","43.58847583611111","Downhole",NULL,NULL,"Vs",NULL,NULL,"m","m/s",NULL
"4696","6671","597","D-RP01-5","-112.9633666972222","43.58558635","Downhole ",NULL,NULL,"Vs",NULL,NULL,"m","m/s",NULL
"4697","6672","597","D-RP01-6","-112.9609866888889","43.58636539444444","Downhole ",NULL,NULL,"Vs",NULL,NULL,"m","m/s",NULL
"4698","6673","597","D-RP01-7","-112.9652072361111","43.58742686666667","Downhole ",NULL,NULL,"Vs",NULL,NULL,"m","m/s",NULL
"4699","6691","606","D-W20-150","-112.971603","43.589283","Downhole",NULL,NULL,"Vs",NULL,NULL,"m","m/s",NULL
"4700","6691","606","S-W20-150","-112.971603","43.589283","Suspension",NULL,NULL,"Vs","1569.59245495431","m/s","m","m/s",NULL
"4701","6711","603","SW-S21-ATR1","-112.97193","43.59117","SASW",NULL,NULL,"Vs","436.886551911337","m/s","m","m/s",NULL
"4702","6712","603","SW-S21-ATR2","-112.97243","43.58989","SASW",NULL,NULL,"Vs","549.784797173888","m/s","m","m/s",NULL
"4703","6713","603","SW-S21-ATR3","-112.96927","43.59465","SASW",NULL,NULL,"Vs","389.232959968168","m/s","m","m/s",NULL
"4704","6698","588","MW-C21-R-LR1.5","-112.973304","43.59089","MASW / MAM",NULL,NULL,"Vs","686.568862625436","m/s","m","m/s",NULL
"4705","6698","588","MW-C21-R-LR2.0","-112.973304","43.59089","MASW / MAM",NULL,NULL,"Vs","672.564656639395","m/s","m","m/s",NULL
"4706","6698","588","MW-C21-R-LR2.5","-112.973304","43.59089","MASW / MAM",NULL,NULL,"Vs","591.067790371609","m/s","m","m/s",NULL
"4707","6698","588","MW-C21-R-LR3.0","-112.973304","43.59089","MASW / MAM",NULL,NULL,"Vs","595.709532784041","m/s","m","m/s",NULL
"4708","6698","588","MW-C21-L-LR1.5","-112.973304","43.59089","MASW / MAM",NULL,NULL,"Vs","925.15369705391","m/s","m","m/s",NULL
"4709","6698","588","MW-C21-L-LR2.0","-112.973304","43.59089","MASW / MAM",NULL,NULL,"Vs","662.867754404385","m/s","m","m/s",NULL
"4710","6698","588","MW-C21-L-LR2.5","-112.973304","43.59089","MASW / MAM",NULL,NULL,"Vs","980.466046567088","m/s","m","m/s",NULL
"4711","6698","588","MW-C21-L-LR3.0","-112.973304","43.59089","MASW / MAM",NULL,NULL,"Vs","971.538088314015","m/s","m","m/s",NULL
"4712","6710","599","SW-R21-CFPPB01","-113.0551","43.6372","SASW",NULL,NULL,"Vs","695.979396395997","m/s","m","m/s",NULL
"4713","6710","599","D-R21-CFPPB01","-113.0551","43.6372","Downhole",NULL,NULL,"Vs",NULL,NULL,"m","m/s",NULL
"4714","6677","604","D-S22-CFPPB02","-113.05502","43.63759","Downhole",NULL,NULL,"Vs","478.162650602409","m/s","m","m/s",NULL
"4715","6678","604","D-S22-CFPPB03","-113.05464","43.6373","Downhole",NULL,NULL,"Vs","437.279619571115","m/s","m","m/s",NULL
"4716","6679","604","D-S22-CFPPB09","-113.05627","43.63728","Downhole",NULL,NULL,"Vs","386.595845226168","m/s","m","m/s",NULL
"4717","6680","604","D-S22-CFPPB30","-113.05446","43.6387","Downhole",NULL,NULL,"Vs","614.571002584924","m/s","m","m/s",NULL
"4718","6681","604","D-S22-CFPPB40","-113.05295","43.63758","Downhole",NULL,NULL,"Vs","655.752097052605","m/s","m","m/s",NULL
"4719","6682","604","D-S22-CFPPB41","-113.05317","43.64019","Downhole",NULL,NULL,"Vs","932.112773302646","m/s","m","m/s",NULL
"4720","6683","604","D-S22-CFPPB42","-113.05231","43.6395","Downhole",NULL,NULL,"Vs","280.473760932944","m/s","m","m/s",NULL
"4721","6684","604","D-S22-CFPPB47","-113.05906","43.63462","Downhole",NULL,NULL,"Vs","515.969598644566","m/s","m","m/s",NULL
"4722","6725","600","SW-S22-CFPP1A","-113.05742","43.63749","SASW",NULL,NULL,"Vs","482.73293899933","m/s","m","m/s",NULL
"4723","6726","600","SW-S22-CFPP1B","-113.05673","43.63658","SASW",NULL,NULL,"Vs","483.680035313333","m/s","m","m/s",NULL
"4724","6727","600","SW-S22-CFPP2A","-113.05557","43.63771","SASW",NULL,NULL,"Vs","671.917345569746","m/s","m","m/s",NULL
"4725","6728","600","SW-S22-CFPP2B","-113.05462","43.63678","SASW",NULL,NULL,"Vs","670.791149551927","m/s","m","m/s",NULL
"4726","6729","600","SW-S22-CFPP3A","-113.05422","43.63812","SASW",NULL,NULL,"Vs","591.004244611605","m/s","m","m/s",NULL
"4727","6730","600","SW-S22-CFPP3B","-113.05313","43.63741","SASW",NULL,NULL,"Vs","588.242477370392","m/s","m","m/s",NULL
"4728","6731","600","SW-S22-CFPP4A","-113.05563","43.63646","SASW",NULL,NULL,"Vs","602.631394733459","m/s","m","m/s",NULL
"4729","6732","600","SW-S22-CFPP4B","-113.05354","43.63695","SASW",NULL,NULL,"Vs","625.761608702199","m/s","m","m/s",NULL
"4730","6733","600","SW-S22-CFPP5A","-113.05598","43.63709","SASW",NULL,NULL,"Vs","704.964820625894","m/s","m","m/s",NULL
"4731","6734","600","SW-S22-CFPP5B","-113.05342","43.63766","SASW",NULL,NULL,"Vs","704.964820625894","m/s","m","m/s",NULL
"4732","6735","600","SW-S22-CFPP6A","-113.05695","43.63811","SASW",NULL,NULL,"Vs","832.261087864924","m/s","m","m/s",NULL
"4733","6736","600","SW-S22-CFPP6B","-113.05537","43.63841","SASW",NULL,NULL,"Vs","271.472936814234","m/s","m","m/s",NULL
"4734","6704","598","SW-R20-CFPP1NW","-113.02274","43.64448","SASW",NULL,NULL,"Vs","931.102562162616","m/s","m","m/s",NULL
"4735","6705","598","SW-R20-CFPP1SE","-113.01523","43.64103","SASW",NULL,NULL,"Vs","515.043275487745","m/s","m","m/s",NULL
"4736","6706","598","SW-R20-CFPP2","-113.05259","43.64725","SASW",NULL,NULL,"Vs","394.873542750121","m/s","m","m/s",NULL
"4737","6706","598","SW-R20-CFPP3","-113.05353","43.64653","SASW",NULL,NULL,"Vs","395.787659485754","m/s","m","m/s",NULL
"4738","6707","598","SW-R20-CFPP4","-113.05708","43.63464","SASW",NULL,NULL,"Vs","405.57649019947","m/s","m","m/s",NULL
"4739","6708","598","SW-R20-CFPP5","-113.0563","43.63535","SASW",NULL,NULL,"Vs","657.306451786668","m/s","m","m/s",NULL
"4740","6709","598","SW-R20-CFPP6","-113.04202","43.62953","SASW",NULL,NULL,"Vs","442.021095675121","m/s","m","m/s",NULL
"4741","6709","598","SW-R20-CFPP7","-113.04217","43.62932","SASW",NULL,NULL,"Vs","387.899761798803","m/s","m","m/s",NULL
"4742","6699","588","MW-C21-R-LR1.5","-113.055044","43.637909","MASW / MAM",NULL,NULL,"Vs","970.151723767835","m/s","m","m/s",NULL
"4743","6699","588","MW-C21-R-LR2.0","-113.055044","43.637909","MASW / MAM",NULL,NULL,"Vs","960.858712364031","m/s","m","m/s",NULL
"4744","6699","588","MW-C21-R-LR2.5","-113.055044","43.637909","MASW / MAM",NULL,NULL,"Vs","962.880840070703","m/s","m","m/s",NULL
"4745","6699","588","MW-C21-R-LR3.0","-113.055044","43.637909","MASW / MAM",NULL,NULL,"Vs","962.820418963155","m/s","m","m/s",NULL
"4746","6659","591","D-GA92-R10","-112.93268","43.57349","Downhole",NULL,NULL,"Vs",NULL,NULL,"m","m/s",NULL
"4747","6658","591","D-GA92-R1","-112.93333","43.57394","Downhole",NULL,NULL,"Vs",NULL,NULL,"m","m/s",NULL
"4748","6658","591","X-GA92-S13-R1","-112.93336","43.57394","Crosshole",NULL,NULL,"Vs",NULL,NULL,"m","m/s",NULL
"4749","6658","591","X-GA92-S13-R2","-112.93333","43.57394","Crosshole",NULL,NULL,"Vs",NULL,NULL,"m","m/s",NULL
"4750","6658","591","X-GA92-R1-R2","-112.9333","43.57394","Crosshole",NULL,NULL,"Vs",NULL,NULL,"m","m/s",NULL
"4751","6659","591","X-GA92-S11-R10","-112.93268","43.57347","Crosshole",NULL,NULL,"Vs",NULL,NULL,"m","m/s",NULL
"4752","6659","591","X-GA92-S11-R14","-112.93268","43.57349","Crosshole",NULL,NULL,"Vs",NULL,NULL,"m","m/s",NULL
"4753","6659","591","X-GA92-R10-R14","-112.93268","43.57351","Crosshole",NULL,NULL,"Vs",NULL,NULL,"m","m/s",NULL
"4754","6654","587","D-AA97-1","-112.93449","43.56898","Downhole",NULL,NULL,"Vs",NULL,NULL,"m","m/s",NULL
"4755","6654","587","D-AA97-3","-112.93409","43.56883","Downhole",NULL,NULL,"Vs",NULL,NULL,"m","m/s",NULL
"4756","6654","587","D-AA97-5","-112.9337","43.56868","Downhole",NULL,NULL,"Vs",NULL,NULL,"m","m/s",NULL
"4757","6655","587","D-AA97-11","-112.93192","43.56869","Downhole",NULL,NULL,"Vs",NULL,NULL,"m","m/s",NULL
"4758","6656","587","D-AA97-14","-112.9329","43.56816","Downhole",NULL,NULL,"Vs",NULL,NULL,"m","m/s",NULL
"4759","6654","587","D-AA97-19","-112.93389","43.56896","Downhole",NULL,NULL,"Vs",NULL,NULL,"m","m/s",NULL
"4760","6657","587","D-AA97-22","-112.93203","43.56925","Downhole",NULL,NULL,"Vs",NULL,NULL,"m","m/s",NULL
"4761","6737","593","X-MS06","-112.93047","43.57216","Crosshole",NULL,NULL,"Vs",NULL,NULL,"m","m/s",NULL
"4762","6737","593","V-MS06","-112.930355","43.572166","Vertical Seismic Profiling",NULL,NULL,"Vs",NULL,NULL,"m","m/s",NULL
"4763","6660","592","D-KL07-31","-112.93021","43.57227","Downhole",NULL,NULL,"Vs",NULL,NULL,"m","m/s",NULL
"4764","6661","592","D-KL07-33","-112.9298","43.57201","Downhole",NULL,NULL,"Vs",NULL,NULL,"m","m/s",NULL
"4765","6737","593","D-KL07-39","-112.9304","43.57205","Downhole",NULL,NULL,"Vs",NULL,NULL,"m","m/s",NULL
"4766","6664","592","D-KL07-41","-112.93018","43.57164","Downhole",NULL,NULL,"Vs",NULL,NULL,"m","m/s",NULL
"4767","6664","592","D-KL07-34","-112.93022","43.57167","Downhole",NULL,NULL,"Vs","701.463045301908","m/s","m","m/s",NULL
"4768","6662","592","D-KL07-37","-112.93046","43.57138","Downhole",NULL,NULL,"Vs",NULL,NULL,"m","m/s",NULL
"4769","6663","592","D-KL07-38","-112.92983","43.57138","Downhole",NULL,NULL,"Vs",NULL,NULL,"m","m/s",NULL
"4770","6664","592","X-KL07-34-40","-112.93022","43.57168","Crosshole",NULL,NULL,"Vs",NULL,NULL,"m","m/s",NULL
"4771","6664","592","X-KL07-34-35","-112.93022","43.57166","Crosshole",NULL,NULL,"Vs","2082.55569342956","m/s","m","m/s",NULL
"4772","6664","592","X-KL07-41-34","-112.9302","43.57166","Crosshole",NULL,NULL,"Vs",NULL,NULL,"m","m/s",NULL
"4773","6664","592","X-KL07-41-35","-112.9302","43.57164","Crosshole",NULL,NULL,"Vs",NULL,NULL,"m","m/s",NULL
"4774","6716","603","SW-S21-INT1","-112.91523","43.57209","SASW",NULL,NULL,"Vs","564.367056818049","m/s","m","m/s",NULL
"4775","6716","603","SW-S21-INT2","-112.91473","43.5718","SASW",NULL,NULL,"Vs","468.634686346863","m/s","m","m/s",NULL
"4776","6696","588","MW-C21-R-LR1.5","-112.914278","43.571504","MASW / MAM",NULL,NULL,"Vs","734.513580614748","m/s","m","m/s",NULL
"4777","6696","588","MW-C21-R-LR2.0","-112.914278","43.571504","MASW / MAM",NULL,NULL,"Vs","784.998835435443","m/s","m","m/s",NULL
"4778","6696","588","MW-C21-R-LR2.5","-112.914278","43.571504","MASW / MAM",NULL,NULL,"Vs","694.444944776938","m/s","m","m/s",NULL
"4779","6696","588","MW-C21-R-LR3.0","-112.914278","43.571504","MASW / MAM",NULL,NULL,"Vs","679.023799919322","m/s","m","m/s",NULL
"4780","6702","586","S-AA95","-112.662323","43.595776","Suspension",NULL,NULL,"Vs",NULL,NULL,"m","m/s",NULL
"4781","6674","595","D-RP97-1","-112.6563","43.59556","Downhole",NULL,NULL,"Vs",NULL,NULL,"m","m/s",NULL
"4782","6675","595","D-RP97-2","-112.65675","43.59637","Downhole",NULL,NULL,"Vs",NULL,NULL,"m","m/s",NULL
"4783","6676","595","D-RP97-3","-112.6557","43.59263","Downhole",NULL,NULL,"Vs",NULL,NULL,"m","m/s",NULL
"4784","6689","606","D-W20-148A","-112.6521","43.593178","Downhole ",NULL,NULL,"Vs","570.652173913043","m/s","m","m/s",NULL
"4785","6690","606","D-W20-149","-112.652313","43.589931","Downhole ",NULL,NULL,"Vs","760.791366906474","m/s","m","m/s",NULL
"4786","6689","606","S-W20-148A","-112.6521","43.593178","Suspension",NULL,NULL,"Vs","770.216654099126","m/s","m","m/s",NULL
"4787","6690","606","S-W20-149","-112.652313","43.589931","Suspension ",NULL,NULL,"Vs","687.721172702685","m/s","m","m/s",NULL
"4788","6717","603","SW-S21-MFC1","-112.65111","43.59194","SASW",NULL,NULL,"Vs","383.565190894679","m/s","m","m/s",NULL
"4789","6718","603","SW-S21-MFC2","-112.65342","43.59072","SASW",NULL,NULL,"Vs","476.735709353004","m/s","m","m/s",NULL
"4790","6718","603","SW-S21-MFC2","-112.65342","43.59072","SASW",NULL,NULL,"Vs","529.522132913298","m/s","m","m/s",NULL
"4791","6719","603","SW-S21-MFC3","-112.66201","43.58908","SASW",NULL,NULL,"Vs","432.453004036094","m/s","m","m/s",NULL
"4792","6720","603","SW-S21-MFC4","-112.66671","43.59796","SASW",NULL,NULL,"Vs","633.913165229726","m/s","m","m/s",NULL
"4793","6700","588","MW-C21-R-LR1.5","-112.659636","43.591473","MASW / MAM",NULL,NULL,"Vs","731.813754469733","m/s","m","m/s",NULL
"4794","6700","588","MW-C21-R-LR2.0","-112.659636","43.591473","MASW / MAM",NULL,NULL,"Vs","745.390361610768","m/s","m","m/s",NULL
"4795","6700","588","MW-C21-R-LR2.5","-112.659636","43.591473","MASW / MAM",NULL,NULL,"Vs","715.04014926865","m/s","m","m/s",NULL
"4796","6700","588","MW-C21-R-LR3.0","-112.659636","43.591473","MASW / MAM",NULL,NULL,"Vs","717.515257133249","m/s","m","m/s",NULL
"4797","6700","588","MW-C21-L-LR1.5","-112.659636","43.591473","MASW / MAM",NULL,NULL,"Vs","869.81786436871","m/s","m","m/s",NULL
"4798","6700","588","MW-C21-L-LR2.0","-112.659636","43.591473","MASW / MAM",NULL,NULL,"Vs","874.57749244387","m/s","m","m/s",NULL
"4799","6700","588","MW-C21-L-LR2.5","-112.659636","43.591473","MASW / MAM",NULL,NULL,"Vs","881.210692454743","m/s","m","m/s",NULL
"4800","6700","588","MW-C21-L-LR3.0","-112.659636","43.591473","MASW / MAM",NULL,NULL,"Vs","878.041818760722","m/s","m","m/s",NULL
"4801","6666","601","D-PR94-1","-112.91559","43.65013","Downhole",NULL,NULL,"Vs",NULL,NULL,"m","m/s",NULL
"4802","6666","601","X-PR94-3-2","-112.91564","43.65013","Crosshole",NULL,NULL,"Vs",NULL,NULL,"m","m/s",NULL
"4803","6666","601","X-PR94-3-1","-112.9156","43.65013","Crosshole",NULL,NULL,"Vs",NULL,NULL,"m","m/s",NULL
"4804","6666","601","X-PR94-2-1","-112.91562","43.65013","Crosshole",NULL,NULL,"Vs",NULL,NULL,"m","m/s",NULL
"4805","6665","602","D-PR08","-112.91765","43.64981","Downhole",NULL,NULL,"Vs",NULL,NULL,"m","m/s",NULL
"4806","6665","602","S-PR08","-112.91765","43.64981","Suspension",NULL,NULL,"Vs",NULL,NULL,"m","m/s",NULL
"4807","6685","605","D-ST10-103","-112.91107","43.65057","Downhole",NULL,NULL,"Vs",NULL,NULL,"m","m/s",NULL
"4808","6685","605","D-ST10-108","-112.9123","43.65144","Downhole",NULL,NULL,"Vs",NULL,NULL,"m","m/s",NULL
"4809","6685","605","D-ST10-109","-112.91282","43.65146","Downhole",NULL,NULL,"Vs",NULL,NULL,"m","m/s",NULL
"4810","6685","605","D-ST10-111","-112.9123","43.65102","Downhole",NULL,NULL,"Vs",NULL,NULL,"m","m/s",NULL
"4811","6685","605","D-ST10-113","-112.91281","43.65063","Downhole",NULL,NULL,"Vs",NULL,NULL,"m","m/s",NULL
"4812","6685","605","D-ST10-114","-112.91281","43.65022","Downhole",NULL,NULL,"Vs",NULL,NULL,"m","m/s",NULL
"4813","6685","605","D-ST10-115","-112.91229","43.6502","Downhole",NULL,NULL,"Vs",NULL,NULL,"m","m/s",NULL
"4814","6686","605","D-ST10-120","-112.92042","43.64664","Downhole",NULL,NULL,"Vs",NULL,NULL,"m","m/s",NULL
"4815","6687","605","D-ST10-123","-112.91233","43.64504","Downhole",NULL,NULL,"Vs",NULL,NULL,"m","m/s",NULL
"4816","6688","605","D-ST10-125","-112.91284","43.65239","Downhole",NULL,NULL,"Vs",NULL,NULL,"m","m/s",NULL
"4817","6685","605","D-NW15","-112.9118","43.6507","Downhole",NULL,NULL,"Vs","363.990942455146","m/s","m","m/s",NULL
"4818","6692","607","D-W21-151","-112.904648","43.64484","Downhole ",NULL,NULL,"Vs","554.014779546694","m/s","m","m/s",NULL
"4819","6693","607","D-W21-152","-112.926079","43.651772","Downhole ",NULL,NULL,"Vs","698.978102189781","m/s","m","m/s",NULL
"4820","6692","607","S-W21-151","-112.904648","43.64484","Suspension",NULL,NULL,"Vs",NULL,NULL,"m","m/s",NULL
"4821","6693","607","S-W21-152","-112.926079","43.651772","Suspension ",NULL,NULL,"Vs",NULL,NULL,"m","m/s",NULL
"4822","6721","603","SW-S21-NRF1","-112.90405","43.64414","SASW",NULL,NULL,"Vs","396.02977252725","m/s","m","m/s",NULL
"4823","6722","603","SW-S21-NRF2","-112.90502","43.64637","SASW",NULL,NULL,"Vs","420.929501131317","m/s","m","m/s",NULL
"4824","6723","603","SW-S21-NRF3","-112.92267","43.64925","SASW",NULL,NULL,"Vs","387.350893499461","m/s","m","m/s",NULL
"4825","6724","603","SW-S21-NRF4","-112.93012","43.65369","SASW",NULL,NULL,"Vs","527.88140240202","m/s","m","m/s",NULL
"4826","6697","588","MW-C21-R-LR1.5","-112.926622","43.652432","MASW / MAM",NULL,NULL,"Vs","486.604485615566","m/s","m","m/s",NULL
"4827","6697","588","MW-C21-R-LR2.0","-112.926622","43.652432","MASW / MAM",NULL,NULL,"Vs","470.709104138533","m/s","m","m/s",NULL
"4828","6697","588","MW-C21-R-LR2.5","-112.926622","43.652432","MASW / MAM",NULL,NULL,"Vs","468.690552931629","m/s","m","m/s",NULL
"4829","6697","588","MW-C21-R-LR3.0","-112.926622","43.652432","MASW / MAM",NULL,NULL,"Vs","465.109818024664","m/s","m","m/s",NULL
"4830","6697","588","MW-C21-L-LR1.5","-112.926622","43.652432","MASW / MAM",NULL,NULL,"Vs","555.90816950791","m/s","m","m/s",NULL
"4831","6697","588","MW-C21-L-LR2.0","-112.926622","43.652432","MASW / MAM",NULL,NULL,"Vs","481.712246176621","m/s","m","m/s",NULL
"4832","6714","603","SW-S21-INL1","-112.93916","43.61799","SASW",NULL,NULL,"Vs","545.404154061004","m/s","m","m/s",NULL
"4833","6715","603","SW-S21-INL2","-112.94191","43.62181","SASW",NULL,NULL,"Vs","573.637028738387","m/s","m","m/s",NULL
"4834","6695","588","MW-C21-R-LR1.5","-112.944387","43.62132","MASW / MAM",NULL,NULL,"Vs","569.120026751046","m/s","m","m/s",NULL
"4835","6695","588","MW-C21-R-LR2.0","-112.944387","43.62132","MASW / MAM",NULL,NULL,"Vs","566.740999404646","m/s","m","m/s",NULL
"4836","6695","588","MW-C21-R-LR2.5","-112.944387","43.62132","MASW / MAM",NULL,NULL,"Vs","613.470079872221","m/s","m","m/s",NULL
"4837","6695","588","MW-C21-R-LR3.0","-112.944387","43.62132","MASW / MAM",NULL,NULL,"Vs","573.356927846857","m/s","m","m/s",NULL
"4838","6695","588","MW-C21-L-LR1.5","-112.944387","43.62132","MASW / MAM",NULL,NULL,"Vs","532.849069816637","m/s","m","m/s",NULL
"4839","6695","588","MW-C21-L-LR2.0","-112.944387","43.62132","MASW / MAM",NULL,NULL,"Vs","524.246229633954","m/s","m","m/s",NULL
"4840","6695","588","MW-C21-L-LR2.5","-112.944387","43.62132","MASW / MAM",NULL,NULL,"Vs","494.877794102505","m/s","m","m/s",NULL
"4841","6695","588","MW-C21-L-LR3.0","-112.944387","43.62132","MASW / MAM",NULL,NULL,"Vs","488.487532104616","m/s","m","m/s",NULL
"4842","6653","589","CH2-2A","-112.747777","43.765783","Laboratory ultrasonic",NULL,NULL,"Vs",NULL,NULL,"m","m/s",NULL
"4843","6694","596","LF3-11B","-112.949348","43.546894","Downhole",NULL,NULL,"Vs",NULL,NULL,"m","m/s",NULL
"4844","6701","590","NPR-3","-112.873001","43.580521","Crosshole",NULL,NULL,"Vs","631.454773801729","m/s","m","m/s",NULL
"4845","6701","590","NPR-2","-112.873451","43.58099","Crosshole",NULL,NULL,"Vs","1156.9751480838","m/s","m","m/s",NULL
"4846","6703","596","Site-14A","-112.776276","43.726254","Downhole ",NULL,NULL,"Vs","228.392263475943","m/s","m","m/s",NULL
