site_ID,name,SSN,country,state,county,city,longitude,latitude,mapProjectionSystem,elevation_value,elevation_unit,slopeResolution,slopeGradient,terrainClass,surficialGeology,comments
1,Varian Hole,NULL,United States,California,Monterey,,-120.451,35.9208,WGS84,544,m,30arc-sec,18,5,"Tsh",NULL
2,Pinon Flat,NULL,United States,California,Riverside,,-116.4594,33.6117,WGS84,1290,m,30arc-sec,5,3,"crystalline",NULL
3,Keenwild,NULL,United States,California,Riverside,,-116.7133,33.7111,WGS84,1492,m,30arc-sec,3,1,"crystalline",NULL
4,McGee Creek,NULL,United States,California,Mono,,-118.8127,37.5482,WGS84,2523,m,30arc-sec,57,3,"crystalline",NULL
5,Coyote Lake Dam,NULL,United States,California,Santa Clara,,-121.5516,37.1175,WGS84,250,m,30arc-sec,9,1,"Tss",NULL
6,La Cienega,NULL,United States,California,Los Angeles,,-118.378,34.0364,WGS84,33,m,30arc-sec,24,4,"Qal2",NULL
7,101_280,NULL,United States,California,Santa Clara,,-121.8513,37.341,WGS84,29,m,30arc-sec,8,12,"Qal1",NULL
8,Marina Water District,NULL,United States,California,,,-121.8078,36.6993,WGS84,5,m,30arc-sec,2,18,"Qs",NULL
9,Willow Glen,NULL,United States,California,Santa Clara,,-121.9033,37.3161,WGS84,34,m,30arc-sec,19,12,"Qal2",NULL
10,Coyote Creek,NULL,United States,California,Santa Clara,,-121.8696,37.3369,WGS84,26,m,30arc-sec,5,16,"Qal2",NULL
11,Potrero Canyon (Valley Center),NULL,United States,California,Los Angeles,,-118.6641,34.3952,WGS84,332,m,30arc-sec,2,3,"Qal3",NULL
12,Tarzana,NULL,United States,California,Los Angeles,,-118.5353,34.1605,WGS84,254,m,30arc-sec,5,12,"Tsh",NULL
13,Sylmar Converter East,NULL,United States,California,Los Angeles,,-118.4808,34.3108,WGS84,390,m,30arc-sec,1,7,"QT",NULL
14,ETEC (RD7),NULL,United States,California,Ventura,,-118.715,34.2314,WGS84,553,m,30arc-sec,2,7,"Kss",NULL
15,Receiver Station East,NULL,United States,California,Los Angeles,,-118.3588,34.1772,WGS84,200,m,30arc-sec,8,8,"Qal2",NULL
16,Wadsworth VA North,NULL,United States,California,Los Angeles,,-118.4541,34.0544,WGS84,102,m,30arc-sec,25,3,"Qoa",NULL
17,Wadsworth VA South,NULL,United States,California,Los Angeles,,-118.4494,34.0497,WGS84,80,m,30arc-sec,4,3,"Qal3",NULL
18,Sylmar Converter East #2,NULL,United States,California,Los Angeles,,-118.4818,34.3129,WGS84,390,m,30arc-sec,1,7,"Qoa",NULL
19,Brentwood VA Hospital,NULL,United States,California,Los Angeles,,-118.4633,34.0632,WGS84,128,m,30arc-sec,28,3,"Qoa",NULL
20,Colton Interchange West,NULL,United States,California,San Bernardino,,-117.298,34.0636,WGS84,299,m,30arc-sec,12,8,"Qal2",NULL
21,Colton Interchange East,NULL,United States,California,San Bernardino,,-117.2898,34.0637,WGS84,305,m,30arc-sec,42,8,"Qal2",NULL
22,Obregon Park,NULL,United States,California,Los Angeles,,-118.1787,34.037,WGS84,91,m,30arc-sec,33,8,"Qal3",NULL
23,Long Beach Water Treatment Plant,NULL,United States,California,Orange County,,-118.0893,33.79802,WGS84,8,m,30arc-sec,40,16,"Qal2",NULL
24,Cerritos Police Building,NULL,United States,California,Los Angeles,,-118.0977,33.8821,WGS84,23,m,30arc-sec,22,12,"Qal1",NULL
25,Cerritos College Gymnasium,NULL,United States,California,Los Angeles,,-118.0942,33.8866,WGS84,26,m,30arc-sec,1,16,"Qal1",NULL
26,Cerritos College Physical Sciences,NULL,United States,California,Los Angeles,,-118.0979,33.8859,WGS84,26,m,30arc-sec,1,16,"Qal1",NULL
27,Corps of Engineers Station,NULL,United States,California,Los Angeles,,-118.0532,34.0322,WGS84,68,m,30arc-sec,44,8,"Qal2",NULL
28,Hoover School,NULL,United States,California,Los Angeles,,-118.0298,33.9849,WGS84,176,m,30arc-sec,7,12,"Tss",NULL
29,Lincoln School,NULL,United States,California,Los Angeles,,-118.0939,34.0904,WGS84,111,m,30arc-sec,25,8,"Qoa",NULL
30,Lincoln School - Whittier,NULL,United States,California,Los Angeles,,-118.0415,33.9854,WGS84,127,m,30arc-sec,8,8,"Qal3",NULL
31,Los Alisos,NULL,United States,California,Los Angeles,,-118.0852,33.8956,WGS84,29,m,30arc-sec,7,16,"Qal1",NULL
32,Olive Jr High School,NULL,United States,California,Los Angeles,,-117.975,34.1007,WGS84,124,m,30arc-sec,32,8,"Qal2",NULL
33,Santa Anita Golf Course,NULL,United States,California,Los Angeles,,-118.0316,34.131,WGS84,135,m,30arc-sec,31,4,"Qal2",NULL
34,San Bernardino Fire Station,NULL,United States,California,San Bernardino,,-117.2829,34.1054,WGS84,317,m,30arc-sec,8,8,"Qal2",NULL
35,South Western Academy,NULL,United States,California,Los Angeles,,-118.1314,34.1153,WGS84,175,m,30arc-sec,2,4,"Qoa",NULL
36,St Paul High School,NULL,United States,California,Los Angeles,,-118.0546,33.9516,WGS84,47,m,30arc-sec,25,12,"Qoa",NULL
37,College of the Redwoods,NULL,United States,California,Humboldt,,-124.2016,40.699,WGS84,0,m,30arc-sec,5,18,"Qoa",NULL
38,Fortuna Fire Station 2,NULL,United States,California,Humboldt,,-124.1475,40.5895,WGS84,19,m,30arc-sec,7,4,"Qoa",NULL
39,Loleta Fire Station,NULL,United States,California,Humboldt,,-124.2209,40.6442,WGS84,33,m,30arc-sec,18,18,"QT",NULL
40,Redwood Village Mall,NULL,United States,California,Humboldt,,-124.1465,40.5846,WGS84,19,m,30arc-sec,7,4,"Qoa",NULL
41,Rio Dell,NULL,United States,California,Humboldt,,-124.1003,40.5032,WGS84,36,m,30arc-sec,8,3,"Qal3",NULL
42,Agnews East,NULL,United States,California,Santa Clara,,-121.9268,37.4109,WGS84,7,m,30arc-sec,2,18,"Qal1",NULL
43,Devil's Punch Bowl,NULL,United States,California,Los Angeles,,-117.8629,34.4252,WGS84,1285,m,30arc-sec,10,4,"Qoa",NULL
44,Coalinga (DZN-R6),NULL,United States,California,Fresno,,-120.3602,36.1385,WGS84,207,m,30arc-sec,2,8,"Qal2",NULL
45,Firestone Road,NULL,United States,California,Fresno,,-120.3973,36.1214,WGS84,333,m,30arc-sec,36,3,"Tsh",NULL
46,Garvey Reservoir,NULL,United States,California,Los Angeles,,-118.1119,34.048,WGS84,152,m,30arc-sec,3,8,"Tss",NULL
47,Hamilton Air Force Base,NULL,United States,California,Marin,,-122.4945,38.0601,WGS84,-2,m,30arc-sec,47,11,"Qi",NULL
48,Skunk Hollow (HRS),NULL,United States,California,Fresno,,-120.2935,36.2844,WGS84,237,m,30arc-sec,8,4,"Tsh",NULL
49,Permanente Quarry,NULL,United States,California,Santa Clara,,-122.1114,37.3204,WGS84,377,m,30arc-sec,29,4,"KJf",NULL
50,Pleasant Valley Pump Station,NULL,United States,California,Fresno,,-120.25,36.3079,WGS84,119,m,30arc-sec,2,8,"Qal2",NULL
51,Tractor Avenue,NULL,United States,California,Fresno,,-120.3096,36.1658,WGS84,192,m,30arc-sec,2,8,"Qal2",NULL
52,Black Mountain,NULL,United States,California,Santa Clara,,-122.1566,37.3186,WGS84,756,m,30arc-sec,6,3,"KJf",NULL
53,Cozzolino's,NULL,United States,California,San Mateo,,-122.3922,37.4841,WGS84,90,m,30arc-sec,1,3,"Tsh",NULL
54,Digges Canyon,NULL,United States,California,,,-122.4255,37.498,WGS84,146,m,30arc-sec,1,1,"crystalline",NULL
55,El Granada,NULL,United States,California,San Mateo,,-122.4558,37.523,WGS84,329,m,30arc-sec,1,18,"crystalline",NULL
56,Maryknoll,NULL,United States,California,Santa Clara,,-122.0836,37.3305,WGS84,129,m,30arc-sec,1,4,"QT",NULL
57,North Peak,NULL,United States,California,San Mateo,,-122.469,37.5549,WGS84,482,m,30arc-sec,3,18,"crystalline",NULL
58,Pise Lookout,NULL,United States,California,San Mateo,,-122.3436,37.4613,WGS84,520,m,30arc-sec,10,1,"Tss",NULL
59,Purisima,NULL,United States,California,,,-122.4194,37.4596,WGS84,59,m,30arc-sec,4,3,"Tss",NULL
60,Pulgas Water Temple,NULL,United States,California,San Mateo,,-122.323,37.4776,WGS84,96,m,30arc-sec,10,3,"QT",NULL
61,Sawyer Ridge,NULL,United States,California,San Mateo,,-122.4171,37.5704,WGS84,318,m,30arc-sec,12,3,"KJf",NULL
62,Spring Valley Ridge,NULL,United States,California,San Mateo,,-122.4492,37.5708,WGS84,340,m,30arc-sec,9,18,"KJf",NULL
63,Vista Point,NULL,United States,California,San Mateo,,-122.2977,37.4933,WGS84,223,m,30arc-sec,15,7,"KJf",NULL
64,Alviso Raceway,NULL,United States,California,Santa Clara,,-121.9692,37.4316,WGS84,-1,m,30arc-sec,4,16,"Qi",NULL
65,Blackberry Farm,NULL,United States,California,Santa Clara,,-122.062,37.3189,WGS84,103,m,30arc-sec,11,4,"Qal3",NULL
66,John Muir School,NULL,United States,California,Alameda,,-122.085,37.6567,WGS84,18,m,30arc-sec,8,11,"Qal2",NULL
67,Lowry Road,NULL,United States,California,Alameda,,-122.0677,37.5679,WGS84,2,m,30arc-sec,2,18,"Qal1",NULL
68,Hayward Sink,NULL,United States,California,,,-122.0911,37.5799,WGS84,0,m,30arc-sec,2,18,"af/Qi",NULL
69,Parkway Towers,NULL,United States,California,Alameda,,-121.9733,37.5421,WGS84,18,m,30arc-sec,2,16,"Qal1",NULL
70,Palo Alto Square,NULL,United States,California,Santa Clara,,-122.1428,37.4205,WGS84,13,m,30arc-sec,16,12,"Qal2",NULL
71,Mission Peak,NULL,United States,California,Alameda,,-121.8741,37.5199,WGS84,489,m,30arc-sec,3,4,"Tss",NULL
72,Montgomery School,NULL,United States,California,Santa Clara,,-121.9839,37.3408,WGS84,35,m,30arc-sec,18,8,"Qal2",NULL
73,Stevens Creek Quarry,NULL,United States,California,Santa Clara,,-122.0831,37.2963,WGS84,170,m,30arc-sec,3,3,"QT",NULL
74,Cal State Hayward,NULL,United States,California,Alameda,,-122.0614,37.6569,WGS84,93,m,30arc-sec,1,3,"crystalline",NULL
75,Miller School,NULL,United States,California,Santa Clara,,-122.011,37.3015,WGS84,70,m,30arc-sec,15,8,"Qal2",NULL
76,Corte Madera,NULL,United States,California,San Mateo,,-122.218,37.3568,WGS84,335,m,30arc-sec,40,1,"QT",NULL
77,Mitchell Park,NULL,United States,California,Santa Clara,,-122.1116,37.4198,WGS84,4,m,30arc-sec,4,12,"Qal1",NULL
78,Foothills Park,NULL,United States,California,Santa Clara,,-122.1755,37.3505,WGS84,305,m,30arc-sec,46,7,"KJf",NULL
79,Sierra Morena,NULL,United States,California,San Mateo,,-122.3078,37.4102,WGS84,587,m,30arc-sec,10,1,"Tsh",NULL
80,Pulgas Tunnel,NULL,United States,California,San Mateo,,-122.3155,37.4863,WGS84,138,m,30arc-sec,3,3,"Tss",NULL
81,Frenchman's Creek,NULL,United States,California,,,-122.435,37.4938,WGS84,93,m,30arc-sec,1,7,"Qal3",NULL
82,Half Moon Bay Terrace,NULL,United States,California,,,-122.4983,37.5155,WGS84,11,m,30arc-sec,20,18,"Qal3",NULL
83,Vista Grande,NULL,United States,California,San Mateo,,-122.4572,37.6972,WGS84,133,m,30arc-sec,7,18,"KJf",NULL
84,Morrison Canyon,NULL,United States,California,Alameda,,-121.9258,37.5799,WGS84,307,m,30arc-sec,21,4,"Qoa",NULL
85,Lake Merced,NULL,United States,California,,,-122.4744,37.6949,WGS84,60,m,30arc-sec,40,18,"Qoa",NULL
86,Oliver Salt Works,NULL,United States,California,,,-122.1308,37.6238,WGS84,0,m,30arc-sec,3,18,"Qi",NULL
87,Bridgeway Park,NULL,United States,California,San Mateo,,-122.255,37.529,WGS84,0,m,30arc-sec,4,15,"af/Qi",NULL
88,Windmill,NULL,United States,California,,,-122.5102,37.7722,WGS84,0,m,30arc-sec,0,18,"Qs",NULL
89,Chain of Lakes,NULL,United States,California,,,-122.5044,37.7722,WGS84,31,m,30arc-sec,3,18,"Qs",NULL
90,Prayerbook Cross,NULL,United States,California,San Francisco,,-122.4782,37.7719,WGS84,77,m,30arc-sec,2,18,"KJf",NULL
91,Southern Pacific,NULL,United States,California,San Francisco,,-122.3886,37.783,WGS84,1,m,30arc-sec,1,18,"af/Qi",NULL
92,Quintara,NULL,United States,California,,,-122.498,37.7647,WGS84,50,m,30arc-sec,44,18,"Qs",NULL
93,Hillview,NULL,United States,California,,,-122.4961,37.6916,WGS84,112,m,30arc-sec,9,18,"Tsh",NULL
94,Avalon,NULL,United States,California,,,-122.4917,37.6809,WGS84,0,m,30arc-sec,0,18,"Tsh",NULL
95,Twin Peaks,NULL,United States,California,San Francisco,,-122.4489,37.7502,WGS84,188,m,30arc-sec,13,18,"KJf",NULL
96,San Bruno Mountain,NULL,United States,California,San Mateo,,-122.4327,37.7005,WGS84,154,m,30arc-sec,2,7,"KJf",NULL
97,Skyline,NULL,United States,California,,,-122.4893,37.6875,WGS84,121,m,30arc-sec,9,18,"Tsh",NULL
98,Westmoor,NULL,United States,California,,,-122.4895,37.6838,WGS84,121,m,30arc-sec,9,18,"Tsh",NULL
99,Crest Road,NULL,United States,California,San Mateo,,-122.2546,37.4485,WGS84,158,m,30arc-sec,10,3,"sp",NULL
100,College of San Mateo,NULL,United States,California,San Mateo,,-122.3339,37.539,WGS84,163,m,30arc-sec,1,3,"KJf",NULL
101,Peninsula Country Club,NULL,United States,California,San Mateo,,-122.32,37.5422,WGS84,21,m,30arc-sec,4,3,"KJf",NULL
102,Santa Clara Fairgrounds,NULL,United States,California,Santa Clara,,-121.8528,37.296,WGS84,42,m,30arc-sec,1,12,"Qal2",NULL
103,Oak Avenue,NULL,United States,California,Santa Clara,,-122.0706,37.3571,WGS84,61,m,30arc-sec,6,8,"Qal2",NULL
104,Merritt Sand,NULL,United States,California,,,-122.2797,37.8085,WGS84,6,m,30arc-sec,28,18,"Qs",NULL
105,Merritt College,NULL,United States,California,Alameda,,-122.1632,37.79,WGS84,286,m,30arc-sec,8,3,"crystalline",NULL
106,Audubon School,NULL,United States,California,San Mateo,,-122.2586,37.5677,WGS84,1,m,30arc-sec,6,18,"af/Qi",NULL
107,Carmichael School,NULL,United States,California,San Francisco,,-122.4054,37.7764,WGS84,7,m,30arc-sec,11,18,"af/Qi",NULL
108,Page Mill,NULL,United States,California,Santa Clara,,-122.1664,37.4047,WGS84,95,m,30arc-sec,38,8,"Tv",NULL
109,KGEI,NULL,United States,California,San Mateo,,-122.2322,37.5441,WGS84,-1,m,30arc-sec,20,18,"af/Qi",NULL
110,Magnolia,NULL,United States,California,,,-118.1976,33.7703,WGS84,16,m,30arc-sec,5,12,"Qoa",NULL
111,First Lutheran,NULL,United States,California,,,-118.1853,33.7784,WGS84,16,m,30arc-sec,5,16,"Qoa",NULL
112,Terminal Island,NULL,United States,California,Los Angeles,,-118.2537,33.7531,WGS84,8,m,30arc-sec,33,11,"af/Qi",NULL
113,Lakewood Golf Course,NULL,United States,California,Los Angeles,,-118.1545,33.8328,WGS84,20,m,30arc-sec,1,16,"Qoa",NULL
114,L.A. Fire Station 105,NULL,United States,California,Los Angeles,,-118.2167,33.8595,WGS84,27,m,30arc-sec,2,12,"Qal2",NULL
115,Compton Airport,NULL,United States,California,Los Angeles,,-118.2387,33.8889,WGS84,29,m,30arc-sec,1,12,"Qal2",NULL
116,Compton Civic Center,NULL,United States,California,Los Angeles,,-118.2245,33.8928,WGS84,24,m,30arc-sec,2,12,"Qal1",NULL
117,Holiday Inn,NULL,United States,California,Los Angeles,,-118.4726,34.2142,WGS84,242,m,30arc-sec,11,8,"Qal2",NULL
118,Veterans Hospital,NULL,United States,California,,,-118.1195,33.777,WGS84,23,m,30arc-sec,5,8,"Qoa",NULL
119,Newport Beach SBDP 2,NULL,United States,California,,,-117.9576,33.6331,WGS84,5,m,30arc-sec,11,16,"Qal2",NULL
120,Katella School,NULL,United States,California,Orange County,,-117.8259,33.825,WGS84,86,m,30arc-sec,2,12,"Qoa",NULL
121,St. Judes Hospital,NULL,United States,California,Orange County,,-117.9264,33.8964,WGS84,90,m,30arc-sec,9,8,"Qoa",NULL
122,Rowland Heights,NULL,United States,California,Los Angeles,,-117.8901,33.9889,WGS84,153,m,30arc-sec,60,4,"Qal2",NULL
123,El Monte Court House,NULL,United States,California,Los Angeles,,-118.0303,34.0711,WGS84,89,m,30arc-sec,18,8,"Qal1",NULL
124,Verdugo Park,NULL,United States,California,Los Angeles,,-118.2312,34.1703,WGS84,257,m,30arc-sec,27,3,"Qal3",NULL
125,Twentieth Century,NULL,United States,California,Los Angeles,,-118.4134,34.0503,WGS84,95,m,30arc-sec,8,4,"Qoa",NULL
126,Upper Van Norman Dam,NULL,United States,California,Los Angeles,,-118.492,34.3139,WGS84,390,m,30arc-sec,3,3,"Qal3",NULL
127,Pacoima Memorial Hospital,NULL,United States,California,Los Angeles,,-118.384,34.2828,WGS84,352,m,30arc-sec,1,4,"Qal3",NULL
128,Sylmar High School,NULL,United States,California,Los Angeles,,-118.4401,34.3097,WGS84,404,m,30arc-sec,1,4,"Qal3",NULL
129,Mission Hills P.O.,NULL,United States,California,Los Angeles,,-118.4651,34.2578,WGS84,280,m,30arc-sec,9,4,"Qoa",NULL
130,Eton School,NULL,United States,California,Los Angeles,,-118.5959,34.1942,WGS84,244,m,30arc-sec,3,4,"Qal2",NULL
131,Camarillo State Hospital,NULL,United States,California,Ventura,,-119.0365,34.185,WGS84,27,m,30arc-sec,6,8,"Qal2",NULL
132,Pacific Missile Test Center,NULL,United States,California,,,-119.114,34.1131,WGS84,5,m,30arc-sec,4,16,"Qal1",NULL
133,Ventura County Airport,NULL,United States,California,,,-119.1993,34.2003,WGS84,17,m,30arc-sec,2,16,"Qal1",NULL
134,Mandalay Beach,NULL,United States,California,,,-119.2495,34.2039,WGS84,7,m,30arc-sec,14,18,"Qal2",NULL
135,Ventura County General Hospital,NULL,United States,California,,,-122.4744,37.6949,WGS84,60,m,30arc-sec,40,18,"Qoa",NULL
136,Bard Sanitarium,NULL,United States,California,,,-119.2543,34.2808,WGS84,62,m,30arc-sec,25,1,"Qal3",NULL
137,Camarillo State Hospital,NULL,United States,California,Ventura,,-119.0387,34.1639,WGS84,41,m,30arc-sec,11,12,"Qal3",NULL
138,Marina del Rey,NULL,United States,California,,,-118.4567,33.9739,WGS84,8,m,30arc-sec,10,18,"Qi",NULL
139,Westminster,NULL,United States,California,Orange County,,-118.0128,33.752,WGS84,13,m,30arc-sec,12,16,"Qal1",NULL
140,Burbank Fire Station,NULL,United States,California,Los Angeles,,-118.3051,34.1806,WGS84,190,m,30arc-sec,18,4,"Qal3",NULL
141,Shellmaker Island,NULL,United States,California,,,-117.8926,33.6208,WGS84,5,m,30arc-sec,5,11,"Qi",NULL
142,Cypress College,NULL,United States,California,Orange County,,-118.0231,33.8281,WGS84,21,m,30arc-sec,21,16,"Qal1",NULL
143,Ventura Pistol Range,NULL,United States,California,,,-119.2909,34.2897,WGS84,115,m,30arc-sec,5,3,"QT",NULL
144,Sierra Linda School,NULL,United States,California,Ventura,,-119.1882,34.2258,WGS84,23,m,30arc-sec,10,8,"Qal1",NULL
145,San Miguel School,NULL,United States,California,,,-119.1857,34.1769,WGS84,12,m,30arc-sec,3,16,"Qal1",NULL
146,Alta Vista Park,NULL,United States,California,,,-118.3795,33.8295,WGS84,47,m,30arc-sec,38,18,"Qoa",NULL
147,Seal Beach Weapons Station,NULL,United States,California,,,-118.0859,33.7456,WGS84,7,m,30arc-sec,2,16,"Qoa",NULL
148,Ridgeline Water Tank,NULL,United States,California,Los Angeles,,-117.8167,33.9867,WGS84,284,m,30arc-sec,18,3,"Tss",NULL
149,Diamond Bar,NULL,United States,California,Los Angeles,,-117.8195,33.982,WGS84,310,m,30arc-sec,1,7,"Tsh",NULL
150,Sky Terrace,NULL,United States,California,Los Angeles,,-118.4051,34.2914,WGS84,374,m,30arc-sec,7,4,"Tsh",NULL
151,Sylmar Nursery,NULL,United States,California,Los Angeles,,-118.432,34.318,WGS84,451,m,30arc-sec,54,3,"Qal3",NULL
152,Hilltop House O.V.,NULL,United States,California,Los Angeles,,-118.4523,34.3303,WGS84,503,m,30arc-sec,1,3,"Tss",NULL
153,Cedar Hills Nursery,NULL,United States,California,Los Angeles,,-118.5341,34.1618,WGS84,254,m,30arc-sec,5,12,"Tsh",NULL
154,Cal State Northridge,NULL,United States,California,Los Angeles,,-118.5234,34.2394,WGS84,266,m,30arc-sec,38,4,"Qoa",NULL
155,Sylmar Park,NULL,United States,California,Los Angeles,,-118.4479,34.3094,WGS84,401,m,30arc-sec,96,4,"Qal3",NULL
156,Gavilan Water Tank,NULL,United States,California,Santa Clara,,-121.5733,36.9736,WGS84,86,m,30arc-sec,7,7,"KJf",NULL
157,Mission Trails Motel,NULL,United States,California,Santa Clara,,-121.5549,36.9813,WGS84,56,m,30arc-sec,12,8,"Qal1",NULL
158,Gilroy Sewage Treatment Plant,NULL,United States,California,Santa Clara,,-121.5374,36.9861,WGS84,51,m,30arc-sec,24,11,"Qal1",NULL
159,San Ysidro School,NULL,United States,California,Santa Clara,,-121.5228,37.0001,WGS84,53,m,30arc-sec,9,15,"Qal2",NULL
160,Canada Road,NULL,United States,California,Santa Clara,,-121.4863,37.0266,WGS84,300,m,30arc-sec,3,4,"Kss",NULL
161,Cockrum's Garage,NULL,United States,California,San Luis Obispo,,-120.3288,35.6964,WGS84,341,m,30arc-sec,5,3,"Qal3",NULL
162,Shandon Pump Station,NULL,United States,California,San Luis Obispo,,-120.3593,35.6708,WGS84,326,m,30arc-sec,4,5,"Qal3",NULL
163,Shandon Valley Vineyards,NULL,United States,California,San Luis Obispo,,-120.4038,35.6486,WGS84,335,m,30arc-sec,12,5,"Qoa",NULL
164,Temblor II,NULL,United States,California,Kern,,-120.1724,35.708,WGS84,428,m,30arc-sec,28,1,"sp",NULL
165,Lincoln School,NULL,United States,California,Kern,,-119.4571,35.1489,WGS84,277,m,30arc-sec,87,8,"Qal3",NULL
166,Alhambra,NULL,United States,California,Los Angeles,,-118.1509,34.0875,WGS84,152,m,30arc-sec,4,7,"Qoa",NULL
167,Vernon,NULL,United States,California,Los Angeles,,-118.1931,33.9967,WGS84,54,m,30arc-sec,13,12,"Qal1",NULL
168,Los Angeles - Olive,NULL,United States,California,Los Angeles,,-118.2512,34.0517,WGS84,114,m,30arc-sec,8,7,"Tss",NULL
169,Los Angeles - Hill,NULL,United States,California,Los Angeles,,-118.2501,34.0503,WGS84,114,m,30arc-sec,8,7,"Qal3",NULL
170,Hollywood Storage,NULL,United States,California,Los Angeles,,-118.3384,34.087,WGS84,90,m,30arc-sec,32,4,"Qal2",NULL
171,Santa Monica - Wilshire,NULL,United States,California,Los Angeles,,-118.4787,34.0364,WGS84,70,m,30arc-sec,9,3,"Qoa",NULL
172,Tishman Airport Center,NULL,United States,California,Los Angeles,,-118.382,33.9567,WGS84,34,m,30arc-sec,8,11,"Qoa",NULL
173,Hyperion,NULL,United States,California,,,-118.4323,33.9264,WGS84,31,m,30arc-sec,1,18,"Qal3",NULL
174,Devonshire Police Station,NULL,United States,California,Los Angeles,,-118.5315,34.2553,WGS84,298,m,30arc-sec,4,4,"QT",NULL
175,Olive View,NULL,United States,California,Los Angeles,,-118.4484,34.3245,WGS84,426,m,30arc-sec,2,3,"Qal3",NULL
176,Mulholland Jr High School,NULL,United States,California,Los Angeles,,-118.507,34.1925,WGS84,229,m,30arc-sec,6,8,"Qal2",NULL
177,Castaic,NULL,United States,California,Los Angeles,,-118.6073,34.5161,WGS84,395,m,30arc-sec,4,1,"adf",NULL
178,Camp Munz,NULL,United States,California,Los Angeles,,-118.4813,34.6512,WGS84,928,m,30arc-sec,18,1,"Qal3",NULL
179,Rosamond Dry Lake,NULL,United States,California,Los Angeles,,-118.1042,34.7639,WGS84,705,m,30arc-sec,83,16,"Qoa",NULL
180,Lake Hughes Fire Station,NULL,United States,California,Los Angeles,,-118.4305,34.674,WGS84,1010,m,30arc-sec,7,3,"Qal3",NULL
181,Leona Valley,NULL,United States,California,Los Angeles,,-118.2773,34.6147,WGS84,948,m,30arc-sec,1,4,"Tsh",NULL
182,Llano North,NULL,United States,California,Los Angeles,,-117.8089,34.5286,WGS84,919,m,30arc-sec,56,8,"Qal3",NULL
183,Llano South,NULL,United States,California,Los Angeles,,-117.8173,34.5128,WGS84,959,m,30arc-sec,71,8,"Qoa",NULL
184,Little Rock P.O.,NULL,United States,California,Los Angeles,,-117.9915,34.5215,WGS84,887,m,30arc-sec,69,8,"Qal3",NULL
185,Pearlblossom Pump Plant,NULL,United States,California,Los Angeles,,-117.9226,34.5103,WGS84,918,m,30arc-sec,2,8,"Qoa",NULL
186,Palmdale Holiday Inn,NULL,United States,California,Los Angeles,,-118.1345,34.5809,WGS84,832,m,30arc-sec,16,8,"Qal3",NULL
187,Palmdale F.S.,NULL,United States,California,Los Angeles,,-118.1134,34.5781,WGS84,811,m,30arc-sec,8,8,"Qal2",NULL
188,Bonds Corner,NULL,United States,California,Imperial,,-115.3388,32.693,WGS84,6,m,30arc-sec,61,16,"Qal1",NULL
189,Calexico Fire Station,NULL,United States,California,,,-115.4928,32.6691,WGS84,1,m,30arc-sec,2,16,"Qal1",NULL
190,Holtville Post Office,NULL,United States,California,Imperial,,-115.3778,32.812,WGS84,-6,m,30arc-sec,77,12,"Qal1",NULL
191,El Centro Array 2 - Keystone Rd,NULL,United States,California,Imperial,,-115.3668,32.916,WGS84,-19,m,30arc-sec,58,16,"Qal1",NULL
192,El Centro Array 3 - Pine Union,NULL,United States,California,Imperial,,-115.3808,32.894,WGS84,-21,m,30arc-sec,2,16,"Qal1",NULL
193,El Centro Array 4 - Anderson Rd,NULL,United States,California,Imperial,,-115.4328,32.864,WGS84,-28,m,30arc-sec,63,16,"Qal1",NULL
194,El Centro Array 5 - James Road,NULL,United States,California,Imperial,,-115.4668,32.855,WGS84,-31,m,30arc-sec,73,16,"Qal1",NULL
195,El Centro Array 6 - Houston Road,NULL,United States,California,Imperial,,-115.4878,32.8391,WGS84,-32,m,30arc-sec,78,12,"Qal1",NULL
196,El Centro Array 7 - Imperial Valley,NULL,United States,California,Imperial,,-115.5048,32.8291,WGS84,-21,m,30arc-sec,7,16,"Qal1",NULL
197,El Centro Array 8 - Cruickshank Road,NULL,United States,California,Imperial,,-115.5328,32.8111,WGS84,-17,m,30arc-sec,1,16,"Qal1",NULL
198,El Centro Array 9 - Commercial,NULL,United States,California,Imperial,,-115.5498,32.7941,WGS84,-15,m,30arc-sec,1,16,"Qal1",NULL
199,El Centro Array 10 - Community,NULL,United States,California,Imperial,,-115.5678,32.7801,WGS84,-10,m,30arc-sec,1,16,"Qal1",NULL
200,El Centro Array 11 - McCabe Road,NULL,United States,California,Imperial,,-115.5948,32.7521,WGS84,-9,m,30arc-sec,70,16,"Qal1",NULL
201,El Centro Array 12 - Brockman Rd,NULL,United States,California,Imperial,,-115.6378,32.7181,WGS84,-8,m,30arc-sec,64,14,"Qal1",NULL
202,El Centro Array 13 - Strobel Rd,NULL,United States,California,Imperial,,-115.6838,32.7091,WGS84,-6,m,30arc-sec,2,16,"Qal1",NULL
203,El Centro Differentiated Array,NULL,United States,California,Imperial,,-115.5358,32.7961,WGS84,-16,m,30arc-sec,3,16,"Qal1",NULL
204,Imperial County Services Building,NULL,United States,California,Imperial,,-115.5648,32.7931,WGS84,-14,m,30arc-sec,47,14,"Qal1",NULL
205,Brawley Airport,NULL,United States,California,Imperial,,-115.5098,32.988,WGS84,-40,m,30arc-sec,3,14,"Qal1",NULL
206,Westmorland Fire Station,NULL,United States,California,Imperial,,-115.6238,33.0371,WGS84,-48,m,30arc-sec,69,16,"Qal1",NULL
207,Parachute Test Site,NULL,United States,California,Imperial,,-115.7008,32.9301,WGS84,17,m,30arc-sec,22,8,"Qal2",NULL
208,Calipatria Fire Station,NULL,United States,California,Imperial,,-115.5208,33.13,WGS84,-56,m,30arc-sec,23,16,"Qal1",NULL
209,Salton Sea Wildlife Refuge,NULL,United States,California,Imperial,,-115.6208,33.18,WGS84,-70,m,30arc-sec,1,18,"Qal1",NULL
210,Wheeler Ridge,NULL,United States,California,Kern,,-118.9921,35.0265,WGS84,200,m,30arc-sec,33,8,"Qal3",NULL
211,Edmonston Pump Plant,NULL,United States,California,Kern,,-118.8253,34.9421,WGS84,389,m,30arc-sec,1,8,"Qal3",NULL
212,Fort Tejon,NULL,United States,California,Kern,,-118.8993,34.8711,WGS84,1036,m,30arc-sec,28,3,"Qal3",NULL
213,Oso Pumping Plant,NULL,United States,California,Los Angeles,,-118.722,34.8108,WGS84,958,m,30arc-sec,10,3,"Qal2",NULL
214,Castaic Old Ridge,NULL,United States,California,Los Angeles,,-118.4909,34.5561,WGS84,699,m,30arc-sec,5,1,"crystalline",NULL
215,Elizabeth Lake,NULL,United States,California,Los Angeles,,-118.5606,34.5708,WGS84,555,m,30arc-sec,28,1,"Tss",NULL
216,Warm Springs Camp,NULL,United States,California,Los Angeles,,-118.5593,34.6083,WGS84,672,m,30arc-sec,23,1,"crystalline",NULL
217,Wrightwood,NULL,United States,California,San Bernardino,,-117.6336,34.3611,WGS84,1843,m,30arc-sec,2,2,"Qal3",NULL
218,Allen Ranch,NULL,United States,California,San Bernardino,,-117.3353,34.2772,WGS84,1048,m,30arc-sec,7,5,"Qoa",NULL
219,Cedar Springs,NULL,United States,California,San Bernardino,,-117.3163,34.3082,WGS84,1025,m,30arc-sec,12,5,"Tss",NULL
220,Colton S.C.E.,NULL,United States,California,San Bernardino,,-117.3139,34.0597,WGS84,293,m,30arc-sec,11,8,"Qal2",NULL
221,Caltech Athenaeum,NULL,United States,California,Los Angeles,,-118.1226,34.136,WGS84,233,m,30arc-sec,64,4,"Qoa",NULL
222,Caltech Old Seismology Lab,NULL,United States,California,Los Angeles,,-118.172,34.1475,WGS84,285,m,30arc-sec,36,3,"crystalline",NULL
223,Griffith Observatory,NULL,United States,California,Los Angeles,,-118.30024,34.11816,WGS84,290,m,30arc-sec,16,12,"crystalline",NULL
224,Palos Verdes,NULL,United States,California,Los Angeles,,-118.3887,33.8003,WGS84,82,m,30arc-sec,10,18,"Qoa",NULL
225,Santa Barbara,NULL,United States,California,Santa Barbara,,-119.7012,34.4246,WGS84,24,m,30arc-sec,2,4,"Qoa",NULL
226,Garner Valley,NULL,United States,California,Riverside,,-116.6739,33.6688,WGS84,1330,m,30arc-sec,2,1,"Qal2",NULL
227,Jack Canyon,NULL,United States,California,San Luis Obispo,,-120.206,35.715,WGS84,510,m,30arc-sec,20,1,"Kss",NULL
228,Red Hills,NULL,United States,California,San Luis Obispo,,-120.256,35.625,WGS84,634,m,30arc-sec,50,7,"QT",NULL
229,Stockdale Mountain,NULL,United States,California,Monterey,,-120.5777,35.9733,WGS84,738,m,30arc-sec,36,1,"Tsh",USGS: OFR 90-248
230,Vineyard Canyon,NULL,United States,California,Monterey,,-120.5343,35.9216,WGS84,767,m,30arc-sec,30,1,"Tsh",NULL
231,Alameda Naval Air Station,NULL,United States,California,,,-122.3081,37.7864,WGS84,3,m,30arc-sec,2,18,"af/Qi",NULL
232,Gilroy #2 (EPRI #1),NULL,United States,California,Santa Clara,,-121.5563,36.9815,WGS84,56,m,30arc-sec,12,8,"Qal1",NULL
233,Gilroy #2 (USGS),NULL,United States,California,Santa Clara,,-121.5559,36.9817,WGS84,56,m,30arc-sec,12,8,"Qal1",NULL
234,Oakland Outer Harbor Wharf,NULL,United States,California,,,-122.3188,37.8125,WGS84,0,m,30arc-sec,0,18,"af/Qi",NULL
235,San Francisco International Airport,NULL,United States,California,San Mateo,,-122.3992,37.622,WGS84,-1,m,30arc-sec,7,3,"af/Qi",NULL
236,Treasure Island,NULL,United States,California,,,-122.374,37.8255,WGS84,3,m,30arc-sec,20,18,"af/Qi",NULL
237,Palo Alto Veterans Hospital,NULL,United States,California,Santa Clara,,-122.1413,37.4041,WGS84,26,m,30arc-sec,9,12,"QT",NULL
238,Yerba Buena,NULL,United States,California,,,-122.362,37.8088,WGS84,0,m,30arc-sec,0,18,"KJf",NULL
239,Apeel #1,NULL,United States,California,San Mateo,,-122.2321,37.5461,WGS84,-1,m,30arc-sec,20,18,"Qi",NULL
240,Apeel #2,NULL,United States,California,San Mateo,,-122.2554,37.5288,WGS84,0,m,30arc-sec,4,15,"af/Qi",NULL
241,Corralitos,NULL,United States,California,Santa Cruz,,-121.8051,37.0461,WGS84,390,m,30arc-sec,3,1,"Tsh",NULL
242,Gilroy #7 (Mantelli Ranch),NULL,United States,California,Santa Clara,,-121.4349,37.0326,WGS84,377,m,30arc-sec,21,1,"Qal3",NULL
243,Palo Alto 2-Story,NULL,United States,California,Santa Clara,,-122.1133,37.4535,WGS84,0,m,30arc-sec,26,18,"af/Qi",NULL
244,Presidio Golf Course,NULL,United States,California,San Francisco,,-122.4591,37.7911,WGS84,71,m,30arc-sec,4,3,"KJf",NULL
245,Snowpark (Oakland 2 Story),NULL,United States,California,Alameda,,-122.264,37.8064,WGS84,8,m,30arc-sec,1,18,"Qs",NULL
246,Woodside Fire Station,NULL,United States,California,San Mateo,,-122.2564,37.4286,WGS84,120,m,30arc-sec,1,3,"Qal3",NULL
247,Stanford Linear Accelerator,NULL,United States,California,San Mateo,,-122.2019,37.4195,WGS84,81,m,30arc-sec,1,4,"Tss",NULL
248,Beach Park Blvd (dh+hc),NULL,United States,California,San Mateo,,-122.2478,37.5557,WGS84,-1,m,30arc-sec,2,18,"af/Qi",NULL
249,Sunnyvale Colton Avenue,NULL,United States,California,Santa Clara,,-122.0259,37.4028,WGS84,7,m,30arc-sec,21,16,"Qal2",NULL
250,Hayward City Hall,NULL,United States,California,Alameda,,-122.0822,37.6809,WGS84,41,m,30arc-sec,1,3,"crystalline",NULL
251,Larkspur Ferry,NULL,United States,California,Marin,,-122.5116,37.9447,WGS84,7,m,30arc-sec,15,7,"af/Qi",NULL
252,Pacific Park Plaza,NULL,United States,California,,,-122.2965,37.8409,WGS84,0,m,30arc-sec,0,18,"af/Qi",NULL
253,Fremont,NULL,United States,California,Alameda,,-121.9311,37.5353,WGS84,67,m,30arc-sec,4,4,"Qal3",NULL
254,Sunol Fire Station,NULL,United States,California,Alameda,,-121.8813,37.5968,WGS84,89,m,30arc-sec,25,3,"Qal3",NULL
255,Anderson Dam (Down Stream),NULL,United States,California,Santa Clara,,-121.6325,37.164,WGS84,171,m,30arc-sec,11,3,"Tss",NULL
256,Calaveras Reservoir,NULL,United States,California,Santa Clara,,-121.8078,37.4529,WGS84,235,m,30arc-sec,2,4,"Qal3",NULL
257,Williams Ranch,NULL,United States,California,San Benito,,-121.2502,36.6644,WGS84,252,m,30arc-sec,13,3,"Qal3",NULL
258,Callens Ranch,NULL,United States,California,San Benito,,-121.1965,36.6731,WGS84,323,m,30arc-sec,1,3,"Qal3",NULL
259,Webb Ranch,NULL,United States,California,San Benito,,-121.1447,36.5313,WGS84,405,m,30arc-sec,1,1,"Qal3",NULL
260,Hollister Airport,NULL,United States,California,San Benito,,-121.4121,36.8892,WGS84,67,m,30arc-sec,10,16,"Qal2",NULL
261,Levi Plaza Site,NULL,United States,California,San Francisco,,-122.4001,37.8019,WGS84,8,m,30arc-sec,3,18,"af/Qi",NULL
262,Embarcadero Plaza,NULL,United States,California,San Francisco,,-122.3952,37.7956,WGS84,7,m,30arc-sec,1,18,"af/Qi",NULL
263,Bessie Carmichael School,NULL,United States,California,San Francisco,,-122.4066,37.7771,WGS84,7,m,30arc-sec,11,18,"af/Qi",NULL
264,Rinaldi Receiving Station,NULL,United States,California,Los Angeles,,-118.478,34.281,WGS84,303,m,30arc-sec,9,4,"Qal3",NULL
265,White Oak Church,NULL,United States,California,Los Angeles,,-118.518,34.2081,WGS84,231,m,30arc-sec,75,8,"Qal2",NULL
266,Sherman Oaks Park,NULL,United States,California,Los Angeles,,-118.4403,34.1607,WGS84,204,m,30arc-sec,82,12,"Qal2",NULL
267,Sepulveda VA Hospital,NULL,United States,California,Los Angeles,,-118.4781,34.249,WGS84,279,m,30arc-sec,2,4,"Qal2",NULL
268,Sylmar Converter West,NULL,United States,California,Los Angeles,,-118.4902,34.3117,WGS84,387,m,30arc-sec,2,4,"Qal3",NULL
269,Sherman Oaks Woodman,NULL,United States,California,Los Angeles,,-118.4316,34.1543,WGS84,199,m,30arc-sec,21,12,"Qal2",NULL
270,Los Angeles Dam,NULL,United States,California,Los Angeles,,-118.4848,34.2931,WGS84,359,m,30arc-sec,3,4,"Tss",NULL
271,Knolls Elementary School,NULL,United States,California,Ventura,,-118.6673,34.2633,WGS84,332,m,30arc-sec,15,4,"Qal3",NULL
272,Epiphany Lutheran Church,NULL,United States,California,Los Angeles,,-118.606,34.2117,WGS84,255,m,30arc-sec,18,4,"Qal2",NULL
273,Olive View Hospital,NULL,United States,California,Los Angeles,,-118.4451,34.3281,WGS84,479,m,30arc-sec,11,3,"Qal3",NULL
274,Jensen Main Building,NULL,United States,California,Los Angeles,,-118.4966,34.3111,WGS84,390,m,30arc-sec,3,3,"Qal3",NULL
275,Jensen Generator Building,NULL,United States,California,Los Angeles,,-118.4992,34.313,WGS84,390,m,30arc-sec,3,3,"QT",NULL
276,Hiller #3,NULL,United States,California,San Mateo,,-122.1489,37.4781,WGS84,3,m,30arc-sec,19,16,"Qal1",NULL
277,Ravenswood Pt. 1,NULL,United States,California,San Mateo,,-122.1371,37.5071,WGS84,-1,m,30arc-sec,1,18,"Qi",NULL
278,1_CE11023,NULL,United States,California,Imperial,CE,-115.5119,33.2389,WGS84,-41,m,30arc-sec,7,8,"Qal2",NULL
279,2_CE11625,NULL,United States,California,Riverside,CE,-115.9879,33.5645,WGS84,3,m,30arc-sec,3,8,"Qal3",NULL
280,3_CE11684,NULL,United States,California,Imperial,CE,-115.6571,33.3978,WGS84,16,m,30arc-sec,47,4,"Qal3","Authors present 3 VS models obtained from 4 arrays: S1 = MASW only using Array 11684-1, but not used for computing VS30 in their study due to clear lateral velocity variation in the subsurface; S2 = SASW study using Array 11684-2; S3 = model from combined SASW (Array 11684-3) and MASW (11684-4) data."
281,4_CE12076,NULL,United States,California,Riverside,CE,-116.1806,33.6772,WGS84,-20,m,30arc-sec,3,12,"Qal1",NULL
282,5_CE12108,NULL,United States,California,Riverside,CE,-116.4609,33.8169,WGS84,113,m,30arc-sec,4,8,"Qal1",NULL
283,6_CE12149,NULL,United States,California,Riverside,CE,-116.5093,33.9606,WGS84,331,m,30arc-sec,1,2,"Qal3",NULL
284,7_CE12952,NULL,United States,California,Riverside,CE,-116.3748,33.7571,WGS84,72,m,30arc-sec,55,11,"Qal2",NULL
285,8_CE13096,NULL,United States,California,Riverside,CE,-117.2669,33.6999,WGS84,431,m,30arc-sec,3,3,"crystalline",NULL
286,9_CE13099,NULL,United States,California,Riverside,CE,-117.5927,33.8775,WGS84,210,m,30arc-sec,80,8,"Qal3",NULL
287,10_CE13100,NULL,United States,California,Riverside,CE,-117.6343,33.8753,WGS84,192,m,30arc-sec,26,8,"Qoa",NULL
288,11_CE13922,NULL,United States,California,Riverside,CE,-117.3327,33.6678,WGS84,394,m,30arc-sec,1,7,"Qal3","The user is recommended to read comments in Appendix A of the original study. From the authors: ""The VS model (Model 1 [S1]) provided to represent subsurface velocity structure has bedrock interpreted at an intermediate depth of 13 m with alternate interpretations having bedrock in the 11 to 16 m depth range being viable. Inversion of the Love wave dispersion data (or for that matter Rayleigh wave data) is unable to accurately model the VS of the half space (i.e. bedrock) and, in this case, appears to significantly underestimate bedrock velocity relative to P- and S-wave refraction data. Therefore, an alternate model (Model 2 [S2]) is presented with bedrock VS fixed at 1,600 m/s, which is still expected to be conservative. This model has higher RMS error, but still falls within the scatter in the dispersion data, expect at longest wavelengths, which may have underestimated phase velocity due to near field effects."""
289,12_CE13929,NULL,United States,California,Riverside,CE,-117.2059,33.6495,WGS84,495,m,30arc-sec,8,7,"Qoa",NULL
290,13_CE14241,NULL,United States,California,,CE,-118.1346,33.7761,WGS84,17,m,30arc-sec,11,8,"Qoa",NULL
291,14_CE14395,NULL,United States,California,Riverside,CE,-117.2059,33.6495,WGS84,495,m,30arc-sec,8,7,"Qoa",NULL
292,15_CE14560,NULL,United States,California,,CE,-118.2,33.7704,WGS84,16,m,30arc-sec,5,15,"Qoa",NULL
293,16_CE23063,NULL,United States,California,Los Angeles,CE,-117.899,34.5028,WGS84,940,m,30arc-sec,6,8,"Qoa","The authors generated three VS models from the surface wave data: Model 1 (S1) using only MASW dispersion data, Model 2 (S2) using MASW dispersion data and <U+201C>L<U+201D> array passive surface wave data at wavelengths of less than 120 m (before gap in passive surface wave dispersion data), and Model 3 (S3) using MASW and all <U+201C>L<U+201D> array passive surface wave data."
294,17_CE23897,NULL,United States,California,San Bernardino,CE,-117.2543,34.1328,WGS84,349,m,30arc-sec,1,8,"crystalline",NULL
295,18_CE23958,NULL,United States,California,San Bernardino,CE,-117.6482,34.4389,WGS84,1248,m,30arc-sec,75,4,"Qal3",NULL
296,19_CE24029,NULL,United States,California,Los Angeles,CE,-118.1007,34.1044,WGS84,143,m,30arc-sec,37,8,"Qoa",NULL
297,20_CE24644,NULL,United States,California,Los Angeles,CE,-118.7248,34.7437,WGS84,1297,m,30arc-sec,8,3,"crystalline","The authors present two VS models from MASW dispersion data: a model with a minimal number of layers resulting in a large impedance contrast at 17 m depth (S1), and a model with gradual increase in velocity with depth after a large velocity increase at 13 m (S2)."
298,21_CE24706,NULL,United States,California,Los Angeles,CE,-118.1293,34.5486,WGS84,899,m,30arc-sec,3,8,"Qal3","The authors present 4 VS models: two using data combined from passive array 24706-1 and MASW array 24706-3, with assumed Poisson's ratios of 0.25 and 0.3 (Models S1A and S1B), respectively; and two models using the L-Shaped Passive Array 24706-1/2, with assumed Poisson's ratios of 0.25 and 0.3 (Models S2A and S2B), respectively. All models assume average mode of surface wave propagation. The authors have ""assumed that Model 2 (A and B) generated from the passive L-shaped array, which is closer to the free field seismic station, is most representative of seismic station conditions. A Poisson<U+2019>s ratio of 0.3 is more realistic than 0.25, especially if fractured rock is saturated and, therefore, Model 2B, with VS30 of 468 m/s, is considered most representative of site conditions."""
299,22_CE24775,NULL,United States,California,Kern,CE,-118.8829,34.8642,WGS84,1024,m,30arc-sec,1,3,"Qal3",NULL
300,23_CE24965,NULL,United States,California,Los Angeles,CE,-118.0285,34.5717,WGS84,814,m,30arc-sec,13,12,"Qal2",NULL
301,24_CE24967,NULL,United States,California,Los Angeles,CE,-118.1823,34.6048,WGS84,827,m,30arc-sec,30,8,"Qal2",NULL
302,25_CE65097,NULL,United States,California,Mono,CE,-119.4806,38.5133,WGS84,1654,m,30arc-sec,6,4,"Qal3",NULL
303,1_CIADO,NULL,United States,California,San Bernardino,CI,-117.434,34.5515,WGS84,906,m,30arc-sec,6,8,"Qal2",NULL
304,2_CIALP,NULL,United States,California,Los Angeles,CI,-118.3,34.6867,WGS84,749,m,30arc-sec,1,8,"Qal3",NULL
305,3_CIARV,NULL,United States,California,Kern,CI,-118.8305,35.1264,WGS84,238,m,30arc-sec,20,12,"Tss","Two Arrays (ARV-1, ARV-2); ARV-1 has two VS models; ARV-2 has one VS model."
306,4_CIBAK,NULL,United States,California,Kern,CI,-119.1049,35.3433,WGS84,115,m,30arc-sec,3,16,"Qal1",NULL
307,5_CIBAR,NULL,United States,California,San Diego,CI,-116.6726,32.6795,WGS84,510,m,30arc-sec,26,3,"crystalline",NULL
308,6_CIBBR,NULL,United States,California,San Bernardino,CI,-116.9214,34.2622,WGS84,2076,m,30arc-sec,12,2,"Qal3",NULL
309,7_CIBBS,NULL,United States,California,Riverside,CI,-116.9812,33.9205,WGS84,783,m,30arc-sec,8,7,"Qoa",NULL
310,8_CIBC3,NULL,United States,California,Riverside,CI,-115.4537,33.6558,WGS84,1063,m,30arc-sec,23,4,"crystalline",NULL
311,9_CIBCW,NULL,United States,California,Kern,CI,-119.4123,34.9395,WGS84,1098,m,30arc-sec,33,4,"Tss",NULL
312,10_CIBEL,NULL,United States,California,Riverside,CI,-115.9978,33.9993,WGS84,1281,m,30arc-sec,22,3,"crystalline",NULL
313,11_CIBFS,NULL,United States,California,Los Angeles,CI,-117.6584,34.2383,WGS84,1390,m,30arc-sec,51,1,"crystalline",NULL
314,12_CIBHP,NULL,United States,California,Los Angeles,,-118.3614,33.9901,WGS84,78,m,30arc-sec,3,8,"QT",NULL
315,13_CIBLA,NULL,United States,California,San Bernardino,CI,-116.3903,34.0693,WGS84,1234,m,30arc-sec,5,3,"Qoa",Combined with site CI.BLA2
316,15_CIBLY,NULL,United States,Arizona,La Paz,CI,-114.5239,33.7515,WGS84,107,m,30arc-sec,1,4,"crystalline","Two VS models generated from same array (BLY-1), using the energy from the southeast and northwest portions of the array, respectively."
317,16_CIBOM,NULL,United States,California,Imperial,CI,-115.7291,33.3649,WGS84,-57,m,30arc-sec,31,16,"Qal2","Three VS models: one from MASW (S1); two from SASW, with one using the lower envelope of dispersion data (S2), and other using the average of surface wave data (S3)."
318,17_CIBOR,NULL,United States,California,San Diego,CI,-116.4161,33.2675,WGS84,237,m,30arc-sec,1,3,"crystalline",NULL
319,18_CIBTP,NULL,United States,California,Los Angeles,CI,-118.5746,34.6826,WGS84,1523,m,30arc-sec,50,3,"crystalline",NULL
320,19_CICAC,NULL,United States,California,Los Angeles,CI,-118.1214,34.1361,WGS84,233,m,30arc-sec,64,4,"Qoa",NULL
321,20_CICAR,NULL,United States,California,San Luis Obispo,CI,-119.8467,35.3083,WGS84,753,m,30arc-sec,7,4,"Qal3",NULL
322,21_CICBC,NULL,United States,California,Los Angeles,CI,-118.1279,34.1388,WGS84,239,m,30arc-sec,2,4,"Qoa",NULL
323,22_CICCC,NULL,United States,California,San Bernardino,CI,-117.3634,35.5251,WGS84,691,m,30arc-sec,4,15,"QT",NULL
324,23_CICGO,NULL,United States,California,Inyo,CI,-117.802,36.5488,WGS84,2658,m,30arc-sec,48,1,"crystalline",NULL
325,24_CICHF,NULL,United States,California,Los Angeles,CI,-118.0265,34.3327,WGS84,1596,m,30arc-sec,10,1,"crystalline",NULL
326,25_CICHN,NULL,United States,California,San Bernardino,CI,-117.6809,33.9978,WGS84,204,m,30arc-sec,33,8,"Qal2",NULL
327,26_CICIA,NULL,United States,California,,CI,-118.416,33.4028,WGS84,456,m,30arc-sec,7,1,"sp",NULL
328,27_CICLC,NULL,United States,California,Inyo,CI,-117.596,35.8149,WGS84,754,m,30arc-sec,1,8,"crystalline",Bottom later of S2 is half-space
329,28_CICRP,NULL,United States,California,Los Angeles,CI,-118.1289,34.136,WGS84,239,m,30arc-sec,2,4,"Qoa",NULL
330,29_CICTC,NULL,United States,California,Riverside,CI,-115.9892,33.6547,WGS84,524,m,30arc-sec,46,4,"Qoa",NULL
331,30_CICTD,NULL,United States,California,,CI,-118.4446,33.3559,WGS84,215,m,30arc-sec,1,18,"KJf",NULL
332,31_CICWC,NULL,United States,California,Inyo,CI,-118.0811,36.439,WGS84,1642,m,30arc-sec,78,1,"crystalline",NULL
333,32_CIDAN,NULL,United States,California,San Bernardino,CI,-115.3809,34.6378,WGS84,427,m,30arc-sec,79,4,"Qal3",NULL
334,33_CIDNR,NULL,United States,California,Riverside,CI,-116.6308,33.5671,WGS84,1306,m,30arc-sec,4,3,"Qal3",NULL
335,34_CIDPP,NULL,United States,California,San Diego,CI,-116.9407,32.9988,WGS84,461,m,30arc-sec,28,1,"crystalline",NULL
336,35_CIDRE,NULL,United States,California,Imperial,CI,-115.4463,32.805,WGS84,-19,m,30arc-sec,3,12,"Qal1",NULL
337,36_CIDSC,NULL,United States,California,San Bernardino,CI,-116.1042,35.142,WGS84,285,m,30arc-sec,2,4,"crystalline",NULL
338,37_CIDVT,NULL,United States,California,Imperial,CI,-116.1002,32.659,WGS84,817,m,30arc-sec,14,1,"crystalline",NULL
339,38_CIEDW2,NULL,United States,California,Kern,CI,-117.9931,34.8822,WGS84,769,m,30arc-sec,8,8,"crystalline",NULL
340,39_CIEML,NULL,United States,California,San Diego,CI,-116.847,32.8905,WGS84,216,m,30arc-sec,23,1,"Tv",NULL
341,40_CIERR,NULL,United States,California,Imperial,CI,-115.8226,33.1161,WGS84,-60,m,30arc-sec,3,8,"Qoa",NULL
342,41_CIFHO,NULL,United States,California,San Bernardino,CI,-116.9372,34.0928,WGS84,1640,m,30arc-sec,43,1,"Qal3",NULL
343,42_CIFIG,NULL,United States,California,Santa Barbara,CI,-119.9878,34.728,WGS84,987,m,30arc-sec,4,1,"KJf",NULL
344,43_CIFUR,NULL,United States,California,Inyo,CI,-116.8643,36.4671,WGS84,-41,m,30arc-sec,4,16,"QT",NULL
345,44_CIGATR,NULL,United States,California,,CI,-120.5019,34.5531,WGS84,566,m,30arc-sec,33,1,"Tsh",Authors consider Model 1 as the more representative VS model for the site.
346,45_CIGLA,NULL,United States,California,Imperial,CI,-114.8272,33.0505,WGS84,583,m,30arc-sec,11,2,"Tv",Authors use the VS model of the average representative dispersion curve with an assumed Poisson<U+2019>s ratio of 0.3 (S1) for site characterization purposes.
347,46_CIGMR,NULL,United States,California,San Bernardino,CI,-115.6596,34.7849,WGS84,1416,m,30arc-sec,23,4,"Qoa",NULL
348,47_CIGOR,NULL,United States,California,San Diego,CI,-117.2293,33.1545,WGS84,124,m,30arc-sec,6,7,"crystalline",Authors use Model 1 (S1) for the purpose of site characterization as it has intermediate depth to higher velocity rock.
349,48_CIGRA,NULL,United States,California,Inyo,CI,-117.3661,36.9964,WGS84,720,m,30arc-sec,3,3,"Tv",NULL
350,49_CIGSC,NULL,United States,California,San Bernardino,CI,-116.8064,35.3014,WGS84,984,m,30arc-sec,5,3,"Qoa",NULL
351,50_CIHEC,NULL,United States,California,San Bernardino,CI,-116.3369,34.8298,WGS84,902,m,30arc-sec,2,4,"crystalline",NULL
352,51_CIIDO,NULL,United States,California,Riverside,CI,-116.2224,33.7979,WGS84,401,m,30arc-sec,45,3,"Qoa",NULL
353,52_CIIKP,NULL,United States,California,San Diego,CI,-116.1094,32.6506,WGS84,1012,m,30arc-sec,14,1,"crystalline",NULL
354,53_CIIRM,NULL,United States,California,San Bernardino,CI,-115.1449,34.1577,WGS84,560,m,30arc-sec,2,4,"crystalline",NULL
355,54_CIISA,NULL,United States,California,Kern,CI,-118.4744,35.6622,WGS84,789,m,30arc-sec,11,1,"Qal3",NULL
356,55_CIJEM,NULL,United States,California,San Diego,CI,-116.5983,33.0798,WGS84,1291,m,30arc-sec,25,1,"crystalline",Authors recommend Model 4 (S4) for site characterization.
357,56_CIJRC2,NULL,United States,California,Inyo,CI,-117.8084,35.9822,WGS84,1425,m,30arc-sec,3,3,"crystalline",NULL
358,57_CIJVA,NULL,United States,California,San Bernardino,CI,-116.6123,34.3661,WGS84,911,m,30arc-sec,1,8,"Qal3",NULL
359,58_CILAF,NULL,United States,California,Los Angeles,CI,-118.3323,33.8684,WGS84,21,m,30arc-sec,22,11,"Qoa",NULL
360,59_CILCP,NULL,United States,California,Santa Barbara,CI,-120.2792,34.736,WGS84,189,m,30arc-sec,11,5,"Qal3",NULL
361,60_CILDF,NULL,United States,California,San Bernardino,CI,-115.1845,35.1309,WGS84,1243,m,30arc-sec,59,8,"Qoa",NULL
362,61_CILDR,NULL,United States,California,Kern,CI,-118.3403,34.9909,WGS84,1086,m,30arc-sec,94,4,"Qoa",NULL
363,62_CILEV,NULL,United States,California,Los Angeles,CI,-118.2888,34.6134,WGS84,959,m,30arc-sec,8,4,"Qoa",NULL
364,63_CILJR,NULL,United States,California,Los Angeles,CI,-118.8678,34.8079,WGS84,1373,m,30arc-sec,15,1,"crystalline",NULL
365,64_CILPC,NULL,United States,California,San Bernardino,CI,-117.5451,34.3149,WGS84,1365,m,30arc-sec,1,4,"Qal3",NULL
366,65_CILRL,NULL,United States,California,Kern,CI,-117.683,35.4792,WGS84,1256,m,30arc-sec,30,4,"Qoa",NULL
367,66_CILUG,NULL,United States,California,San Bernardino,CI,-117.367,34.3651,WGS84,1144,m,30arc-sec,10,6,"Qal3",NULL
368,67_CIMCT,NULL,United States,California,San Bernardino,CI,-116.0394,34.2264,WGS84,644,m,30arc-sec,10,4,"crystalline",NULL
369,68_CIMIK,NULL,United States,California,Los Angeles,CI,-118.1242,34.135,WGS84,233,m,30arc-sec,64,4,"Qoa",NULL
370,69_CIMLAC,NULL,United States,California,Mono,CI,-118.836,37.6304,WGS84,2164,m,30arc-sec,7,3,"Tv",NULL
371,70_CIMPI,NULL,United States,California,Kern,CI,-119.1464,34.813,WGS84,2649,m,30arc-sec,2,1,"crystalline",NULL
372,71_CIMPP,NULL,United States,California,Santa Barbara,CI,-119.8138,34.8879,WGS84,1664,m,30arc-sec,29,1,"Tss","Three VS models were provided, developed using the average dispersion curve (S1), or the upper or lower boundaries of dispersion data (S2 and S3)."
373,72_CIMSC,NULL,United States,California,San Bernardino,CI,-116.6484,34.0398,WGS84,925,m,30arc-sec,29,1,"crystalline",NULL
374,73_CIMSJ,NULL,United States,California,Riverside,CI,-116.9677,33.8094,WGS84,463,m,30arc-sec,12,3,"Qal2",NULL
375,74_CIMTP,NULL,United States,California,San Bernardino,CI,-115.5534,35.4855,WGS84,1581,m,30arc-sec,9,4,"crystalline",NULL
376,75_CINBS,NULL,United States,California,San Bernardino,CI,-116.5573,34.7813,WGS84,596,m,30arc-sec,12,16,"Qal3",NULL
377,76_CINEE2,NULL,United States,California,San Bernardino,CI,-114.6194,34.7671,WGS84,270,m,30arc-sec,67,8,"Qoa","Three VS models provided. S1 = model from two combined MASW arrays; S2 = SASW array data inverted using Global 2-D Solution (an inversion scheme that assumes plane Rayleigh waves and approximates the fundamental mode); S3 =  same SASW array data inverted using Global 3-D Solution, which includes effects of body waves and
higher modes (approximates the effective mode)."
378,77_CINJQ,NULL,United States,California,Santa Barbara,CI,-120.1765,34.5349,WGS84,228,m,30arc-sec,3,1,"Qal3","Three VS models provided. S1 = model from SASW; S2 = MASW dispersion data using forward shot locations; S3 =  same MASW array, but modeled using dispersion data from reverse shot location and select offset ranges from center shot location."
379,78_CINSS2,NULL,United States,California,Riverside,CI,-115.9462,33.5545,WGS84,11,m,30arc-sec,1,4,"Qal3","Authors provide three VS models provided because of the slight differences in dispersion data at long wavelengths. S1 = model obtained by combining MASW and SASW dispersion data; S2 and S3 are models derived from only MASW and SASW dispersion data, respectively."
380,79_CIOLP,NULL,United States,California,San Diego,CI,-116.9308,32.6078,WGS84,137,m,30arc-sec,2,5,"Tv",NULL
381,80_CIPASC,NULL,United States,California,Los Angeles,CI,-118.187,34.172,WGS84,384,m,30arc-sec,1,7,"crystalline","Authors state that ""the fundamental mode VS model, which has inferred P-wave velocities consistent with seismic refraction data, is assumed to be representative of subsurface velocity structure at this time."""
382,81_CIPDM,NULL,United States,California,San Bernardino,CI,-114.1441,34.3027,WGS84,163,m,30arc-sec,7,3,"crystalline",NULL
383,82_CIPHL,NULL,United States,California,San Luis Obispo,CI,-120.5459,35.4083,WGS84,414,m,30arc-sec,14,1,"crystalline","Authors present six VS models:
S1: MASW VS Model 1 (Average Dispersion Curve)
S2: MASW VS Model 2 (Lower Envelope of Dispersion Curve)
S3: MASW VS Model 3 (Upper Envelope of Dispersion Curve at Small Wavelengths and Lower Envelope at Long Wavelengths)
S4: MASW VS Model 4 (Upper Envelope of Dispersion Curve)
S5: MASW VS Model 5 (Lower Envelope of Dispersion Curve at Small Wavelengths and Upper Envelope at Long Wavelengths)
S6: S-wave Refraction model"
384,83_CIPLC,NULL,United States,California,Riverside,CI,-116.5124,33.8241,WGS84,126,m,30arc-sec,10,4,"Qal2",NULL
385,84_CIPLM,NULL,United States,California,San Diego,CI,-116.863,33.354,WGS84,1679,m,30arc-sec,14,1,"crystalline",NULL
386,85_CIPLS,NULL,United States,California,Riverside,CI,-117.6088,33.7951,WGS84,1082,m,30arc-sec,42,3,"crystalline",NULL
387,86_CIPMD,NULL,United States,California,Riverside,CI,-116.3787,33.6469,WGS84,327,m,30arc-sec,6,3,"Qal3","Authors provide three VS modelds. S1 = MASW with fundamental mode assumption. Two others, using MASW with average mode assumption and using a Global 3D Inversion, are considered to be invalid."
388,87_CIRCT,NULL,United States,California,Tulare,CI,-119.2439,36.3063,WGS84,108,m,30arc-sec,8,16,"Qal1",NULL
389,88_CIRRX,NULL,United States,California,San Bernardino,CI,-116.9958,34.875,WGS84,691,m,30arc-sec,18,8,"Qal3",NULL
390,89_CIRSB_CIRSS,NULL,United States,California,Riverside,CI,-117.3264,33.9734,WGS84,327,m,30arc-sec,4,8,"Qoa","Seismic station CI.RSS is located on ground surface and, therefore, VS30 is representative of seismic station conditions. Seismic station CI.RSB, however, has borehole sensors at depths of about 31.9 and 99.1 m. Authors present two VS models: S1 = combined MASW data and the passive surface wave data from array RSB-3 and the ""L"" array (combined arrays RSB-2 and RSB-3); S2 = combined only the MASW data and ""L"" array passive surface wave data."
391,90_CIRSS,NULL,United States,California,Riverside,CI,-117.328,33.9742,WGS84,327,m,30arc-sec,4,8,"Qoa",DEFUNCT. COMBINED WITH CIRSB
392,91_CIRXH,NULL,United States,California,Imperial,CI,-115.6228,33.1838,WGS84,-69,m,30arc-sec,2,18,"Qal1",NULL
393,92_CISAL,NULL,United States,California,Imperial,CI,-115.9865,33.2803,WGS84,14,m,30arc-sec,74,8,"Qal3",NULL
394,93_CISAN,NULL,United States,California,Orange County,CI,-117.8873,33.7064,WGS84,14,m,30arc-sec,18,16,"Qal1",NULL
395,94_CISBB2,NULL,United States,California,Los Angeles,CI,-117.8247,34.688,WGS84,826,m,30arc-sec,38,8,"Qal3",NULL
396,95_CISBC,NULL,United States,California,Santa Barbara,CI,-119.7138,34.4414,WGS84,99,m,30arc-sec,13,4,"Tsh",NULL
397,96_CISBI,NULL,United States,California,,CI,-119.0296,33.48,WGS84,55,m,30arc-sec,6,18,"Tss","Authors present 4 VS models: 2 derived using the Fundamental and Average modes for the Lower Bound of the dispersion data; and 2 derived using the Fundamental and Average modes for the Upper Bound of the dispersion data. For the purpose of site characterization, the authors recommend using the VS models developed using the fundamental mode VS model adjusted to average/effective mode at frequencies less than 25 Hz as this model has a more realistic half space velocity relative to the fundamental mode model."
398,97_CISBPX,NULL,United States,California,San Bernardino,CI,-117.2355,34.2324,WGS84,1697,m,30arc-sec,43,1,"crystalline",Authors present 2 VS models: one each using the fundamental and average modes of the dispersion data.
399,98_CISCI2,NULL,United States,California,,CI,-118.5477,32.9802,WGS84,182,m,30arc-sec,12,18,"Qoa",NULL
400,99_CISCZ2,NULL,United States,California,,CI,-119.6342,33.9951,WGS84,408,m,30arc-sec,10,18,"Tsh",Authors suggest that Model 1 (S1) has intermediate depth to the impedance contrast and should be utilized if a single model is used to represent subsurface velocity structure.
401,100_CISDG,NULL,United States,California,San Diego,CI,-117.1365,32.7842,WGS84,100,m,30arc-sec,35,5,"Qoa",Authors suggest that Models 1FM and 1AM are considered most representative of the velocity structure in the immediate vicinity of the seismic station as the southeast end of the MASW array is located on the same mapped geologic unit as the seismic station.
402,101_CISDR,NULL,United States,California,San Diego,CI,-116.9437,32.7356,WGS84,125,m,30arc-sec,1,7,"crystalline",NULL
403,102_CISHO,NULL,United States,California,Inyo,CI,-116.2748,35.8997,WGS84,446,m,30arc-sec,58,4,"Qoa",NULL
404,103_CISIO,NULL,United States,California,Ventura,CI,-119.1671,34.292,WGS84,102,m,30arc-sec,2,4,"Qal3",NULL
405,104_CISLA,NULL,United States,California,Inyo,CI,-117.2831,35.8918,WGS84,1016,m,30arc-sec,19,4,"Tv",NULL
406,105_CISLB,NULL,United States,California,Riverside,CI,-115.8667,33.4849,WGS84,0,m,30arc-sec,2,8,"Qal3",Authors provide three profiles: S1 = combined MASW and SASW dispersion data; S2 = MASW only; S3 = SASW only.
407,106_CISLR,NULL,United States,California,Riverside,CI,-116.7976,33.8332,WGS84,1578,m,30arc-sec,3,3,"crystalline",Authors present 3 VS models: S1 = MASW (Rayleigh wave dispersion data); S2 = MALW (Love wave dispersion data); S3 = S-wave seismic refraction. Authors For recommend averaging the presented VS models for the purpose of site characterization.
408,107_CISMM,NULL,United States,California,San Luis Obispo,CI,-119.9956,35.3146,WGS84,599,m,30arc-sec,53,16,"Qal1",NULL
409,108_CISMR,NULL,United States,California,San Luis Obispo,CI,-120.6129,35.3766,WGS84,333,m,30arc-sec,13,7,"KJf","Authors present multpile VS models in their study but only two are presented here: S1-FM = MASW using Fundamental mode assumpion; S1-AM = MASW using Average/Effective mode assumption. For site characterization purposes, the authors recommend using the S-wave velocity structure derived from the MASW model developed using the fundamental mode assumption (S1-FM)."
410,109_CISMV,NULL,United States,California,Ventura,CI,-118.7429,34.2692,WGS84,277,m,30arc-sec,23,4,"Qal2",NULL
411,110_CISMW,NULL,United States,California,San Luis Obispo,CI,-120.4096,35.0102,WGS84,156,m,30arc-sec,1,5,"Tss",NULL
412,111_CISNCC,NULL,United States,California,,CI,-119.5235,33.2476,WGS84,267,m,30arc-sec,3,18,"Qal3",NULL
413,112_CISNO,NULL,United States,California,San Bernardino,CI,-116.8088,34.0356,WGS84,2300,m,30arc-sec,71,1,"crystalline",NULL
414,113_CISPG2,NULL,United States,California,Tulare,CI,-118.7666,36.2001,WGS84,667,m,30arc-sec,8,5,"crystalline","Authors present 4 VS Models: Two using dispersion data from source locations at the southwest end of the array, using fundamental and average mode assumptions respectively (S1-FM and S1-AM), and two using dispersion data from source locations at the northeast end of the array, using fundamental and average mode assumptions respectively (S2-FM and S2-AM)"
415,114_CISWS,NULL,United States,California,Imperial,CI,-115.8006,32.9452,WGS84,120,m,30arc-sec,18,8,"crystalline","Authors present two VS models, one each from the southwestern and northeastern halves of the MASW array dispersion data (S1 and S2, respectively)."
416,115_CISYP,NULL,United States,California,Santa Barbara,CI,-119.9791,34.5265,WGS84,1150,m,30arc-sec,67,3,"Tss",NULL
417,116_CITA2,NULL,United States,California,Los Angeles,CI,-117.6791,34.3829,WGS84,2186,m,30arc-sec,7,4,"crystalline","For the purpose of site characterization, the authors recommend use of the average/effective mode VS model (S2), which is in better agreement with the P-wave seismic refraction model."
418,117_CITEH,NULL,United States,California,Kern,CI,-118.4209,35.2903,WGS84,883,m,30arc-sec,3,1,"Qoa","The authors present three VS models: two derived from MASW and using the fundamental and average mode assumptions (S1-FM and S1-AM); and one model from S-wave seismic refraction (S2). The authors warn that ""The VS models developed using the three geophysical methods are not consistent."""
419,118_CITFT,NULL,United States,California,Kern,CI,-119.4187,35.1452,WGS84,230,m,30arc-sec,2,8,"Qoa",NULL
420,119_CITHM,NULL,United States,California,Riverside,CI,-116.0763,33.6504,WGS84,74,m,30arc-sec,6,4,"Qoa",NULL
421,120_CITIN,NULL,United States,California,Inyo,CI,-118.2313,37.0565,WGS84,1184,m,30arc-sec,11,4,"Qal3","Because of the variable depth beneath the array, five models were developed for the
MASW data set to explore the variation in VS30. Model 1 (S1) fits the representative
dispersion curve and is, therefore, considered the average VS model for the array. Model 2 (S2) fits the lower envelope of the dispersion data and based on the passive surface wave
data collected along array TIN-1 is expected to be most representative of seismic station
conditions. Model 3 (S3) fits the upper and lower envelope of the dispersion data at small and long wavelengths, respectively. Model 4 (S4) fits the upper envelope of the dispersion data. Model 5 (S5) fits the lower and upper envelope of the dispersion data at small and long wavelengths."
422,121_CITOR,NULL,United States,California,Riverside,CI,-116.2268,33.5757,WGS84,-7,m,30arc-sec,3,4,"Qal3",NO VS MODEL PROVIDED EXCEPT FROM P-WAVE REFRACTION ESTIMATION. 
423,122_CITUQ,NULL,United States,California,San Bernardino,CI,-115.9271,35.4364,WGS84,1243,m,30arc-sec,5,2,"crystalline",NULL
424,123_CIUSB,NULL,United States,California,,CI,-119.8455,34.4146,WGS84,19,m,30arc-sec,19,4,"Qoa",NULL
425,124_CIVCS,NULL,United States,California,Los Angeles,CI,-118.1175,34.4845,WGS84,986,m,30arc-sec,15,3,"Qoa",NULL
426,125_CIVES,NULL,United States,California,Tulare,CI,-119.0843,35.8407,WGS84,152,m,30arc-sec,17,12,"QT",NULL
427,126_CIVOG,NULL,United States,California,Tulare,CI,-119.3831,36.3204,WGS84,95,m,30arc-sec,16,16,"Qal1",NULL
428,127_CIWBS,NULL,United States,California,Kern,CI,-118.1409,35.5372,WGS84,1783,m,30arc-sec,37,3,"crystalline",NULL
429,128_CIWES,NULL,United States,California,Imperial,CI,-115.7327,32.7595,WGS84,-13,m,30arc-sec,3,12,"Qal1",NULL
430,129_CIWGR,NULL,United States,California,Ventura,CI,-119.2737,34.511,WGS84,622,m,30arc-sec,23,1,"Kss",NULL
431,130_CIWNS,NULL,United States,California,Los Angeles,CI,-118.3797,34.1135,WGS84,323,m,30arc-sec,1,4,"crystalline","The authors indicate that two separate attempts to characterize this site with non-invasive methods were unsuccessful. They instead refer to a VS profile obtained from PS Suspension logging as performed for the <U+201C>Resolution of Site Response Issues from the Northridge Earthquake (ROSRINE)<U+201D> Project. The authors indicate that the PS suspension log data ""did not accurately characterize
velocity structure in the upper 2 m. MASW data were reviewed and near surface
sediment/fill S-wave velocity was found to be about 225 m/s. ... VS30 was estimated from the PS suspension log R1-R2 analysis using a VS of 225 m/s for the upper 2.25 m, based on MASW data, and is 1,043 m/s (NEHRP Site Class B). [The authors] recommend using this estimate of VS30 for site characterization."""
432,131_CIWWC,NULL,United States,California,Riverside,CI,-116.4083,33.9413,WGS84,493,m,30arc-sec,11,3,"crystalline",NULL
433,Belmont 2-Story Building,NULL,United States,California,San Mateo,,-122.3088,37.5113,WGS84,145,m,30arc-sec,7,7,"KJf",NULL
434,Berkeley - Haviland Hall,NULL,United States,California,Alameda,,-122.2609,37.8739,WGS84,84,m,30arc-sec,5,3,"KJf",NULL
435,Capitola Fire Station,NULL,United States,California,Santa Cruz,,-121.9536,36.974,WGS84,14,m,30arc-sec,1,3,"Qal3",NULL
436,Corralitos,NULL,United States,California,Santa Cruz,,-121.8041,37.0462,WGS84,390,m,30arc-sec,3,1,"Tsh",NULL
437,Diamond Heights Fire Station,NULL,United States,California,San Francisco,,-122.4336,37.7403,WGS84,108,m,30arc-sec,4,18,"KJf",NULL
438,Gilroy #2 (EPRI #1),NULL,United States,California,Santa Clara,,-121.5553,36.9816,WGS84,56,m,30arc-sec,12,8,"Qal1",NULL
439,Gilroy 7 (Montelli Ranch),NULL,United States,California,Santa Clara,,-121.4338,37.0326,WGS84,377,m,30arc-sec,21,1,"Qal3",NULL
440,Halls Valley,NULL,United States,California,Santa Clara,,-121.716,37.338,WGS84,474,m,30arc-sec,25,3,"Qoa",NULL
441,Lexington Dam,NULL,United States,California,Santa Clara,,-121.9914,37.2011,WGS84,231,m,30arc-sec,5,3,"KJf",NULL
442,Martinez VA Hospital,NULL,United States,California,Contra Costa,,-122.1153,37.9946,WGS84,51,m,30arc-sec,4,18,"Tss",NULL
443,Monterey City Hall,NULL,United States,California,Monterey,,-121.898,36.5975,WGS84,16,m,30arc-sec,1,18,"Qoa",NULL
444,Pacific Heights Fire Station,NULL,United States,California,San Francisco,,-122.4299,37.7899,WGS84,75,m,30arc-sec,1,3,"KJf",NULL
445,Palo Alto 2-Story Office Bldg,NULL,United States,California,Santa Clara,,-122.1123,37.4535,WGS84,0,m,30arc-sec,26,18,"af/Qi",NULL
446,Patterson Pass Road,NULL,United States,California,Alameda,,-121.6837,37.7002,WGS84,213,m,30arc-sec,1,3,"Tss","eye alt 22270', pdf zoom 80%"
447,Piedmont Junior High School,NULL,United States,California,Alameda,,-122.2345,37.8221,WGS84,44,m,30arc-sec,6,18,"KJf",NULL
448,Point Bonita,NULL,United States,California,,,-122.528,37.8219,WGS84,36,m,30arc-sec,23,18,"KJf",NULL
449,Portside Park (APEEL 2),NULL,United States,California,San Mateo,,-122.2554,37.5288,WGS84,0,m,30arc-sec,4,15,"af/Qi",NULL
450,Presidio,NULL,United States,California,San Francisco,,-122.458,37.7912,WGS84,83,m,30arc-sec,2,3,"KJf",NULL
451,Rincon Hill,NULL,United States,California,San Francisco,,-122.3922,37.7863,WGS84,20,m,30arc-sec,1,18,"KJf",NULL
452,Hollister - Sago South,NULL,United States,California,San Benito,,-121.395,36.753,WGS84,372,m,30arc-sec,2,3,"crystalline",NULL
453,Sierra Point,NULL,United States,California,San Mateo,,-122.3903,37.6753,WGS84,0,m,30arc-sec,1,7,"KJf",NULL
454,"Snow Park (19th & Alice, Oakland)",NULL,United States,California,Alameda,Alameda,-122.2629,37.8065,WGS84,8,m,30arc-sec,1,18,"af/Qi",AKA Oakland 2-Story
455,Treasure Island,NULL,United States,California,,,-122.3729,37.8256,WGS84,3,m,30arc-sec,20,18,"af/Qi",NULL
456,UCSC - Lick Astronomy Shop,NULL,United States,California,Santa Cruz,,-122.0617,37.0013,WGS84,297,m,30arc-sec,22,1,"crystalline",NULL
457,Woodside Fire Station,NULL,United States,California,San Mateo,,-122.2551,37.4285,WGS84,120,m,30arc-sec,1,3,"Qal3",NULL
458,Agnews State Hospital,NULL,United States,California,Santa Clara,,-121.9257,37.4109,WGS84,7,m,30arc-sec,2,18,"Qal1",NULL
459,Berkeley - Memorial Stadium,NULL,United States,California,Alameda,,-122.251,37.871,WGS84,117,m,30arc-sec,14,3,"Kss","Coordinates from Google Maps for California Memorial Stadium, Berkeley, CA."
460,Menlo Park VA Hospital,NULL,United States,California,San Mateo,,-122.157,37.468,WGS84,4,m,30arc-sec,12,12,"Qal2",NULL
461,Mission San Jose,NULL,United States,California,Alameda,,-121.928,37.523,WGS84,90,m,30arc-sec,7,16,"QT","Assumed to be same as Fire Station 4 in Mission San Jose, Fremont, CA. Coordinates taken from Google Maps for Fire Station 4."
462,Richmond City Hall,NULL,United States,California,Contra Costa,,-122.3435,37.9376,WGS84,15,m,30arc-sec,7,18,"Qoa",Coordinates taken from Google Maps location for Richmond City Hall.
463,San Francisco VA Hospital,NULL,United States,California,,,-122.505,37.783,WGS84,83,m,30arc-sec,4,18,"KJf",NULL
464,LLNL Site 300,NULL,United States,California,San Joaquin,,-121.5,37.634,WGS84,177,m,30arc-sec,3,4,"Qal3","Coordinates taken from Google Maps location for Site 300 in Tracy, CA."
465,Elysian,NULL,United States,California,Los Angeles,,-118.2294,34.0783,WGS84,134,m,30arc-sec,2,3,"Tss",NULL
466,1_NCBBGB,NULL,United States,California,San Benito,NC,-121.0396,36.5775,WGS84,1080,m,30arc-sec,20,1,"Tsh","Authors present two VS models, both derived from Love-wave (MALW) data: S1 = source locations are near south end of array; S2 = source locations near north end of array. "
467,2_NCBJOB,NULL,United States,California,Monterey,NC,-121.314,36.6104,WGS84,996,m,30arc-sec,46,1,"crystalline",NULL
468,3_NCCADB,NULL,United States,California,Santa Clara,NC,-121.6274,37.1637,WGS84,171,m,30arc-sec,11,7,"KJf",NULL
469,4_NCCAL,NULL,United States,California,Santa Clara,NC,-121.7993,37.4506,WGS84,341,m,30arc-sec,1,4,"KJf",NULL
470,5_NCCCOB,NULL,United States,California,Santa Clara,NC,-121.6734,37.258,WGS84,375,m,30arc-sec,2,3,"Kss","Authors provide VS models from two separate MASW arrays: S1 = CCOB-1 and S2 = CCOB-2, aligned approximately orthogonal and parallel to the mapped strike of geologic bedding in the site vicinity."
471,6_NCCHR,NULL,United States,California,Santa Clara,NC,-121.7683,37.3727,WGS84,409,m,30arc-sec,3,4,"Tss","Authors present two VS models, both derived from Love-wave (MALW) data: S1 = source locations are near northwest end of array; S2 = source locations near southeast end of array. "
472,7_NCCNI,NULL,United States,California,Alameda,NC,-121.9647,37.6075,WGS84,377,m,30arc-sec,2,3,"Kss","Authors present three VS models: S1 = Rayleigh-wave MASW data only; S2 = Rayleigh-wave MASW model that has better agreement with Love-wave (MALW) model; S3 = Love-wave (MALW) model. Authors state that ""Model 2 is considered most representative of site conditions based on seismic refraction and Love wave dispersion data""."
473,8_NCCSL,NULL,United States,California,Alameda,NC,-122.1187,37.7235,WGS84,150,m,30arc-sec,9,3,"crystalline",NULL
474,9_NCHCAB,NULL,United States,California,Santa Clara,NC,-121.4851,37.026,WGS84,300,m,30arc-sec,3,4,"Kss",Authors present two VS models generated for the surface wave dispersion data: a model with a minimal number of layers resulting in a large impedance contrast at 22 m depth (S1) and a model with an intermediate velocity layer resulting in the large impedance contrast occurring at greater depth (S2). Authors state that S1 is in better agreement with the P-wave refraction model at depth.
475,10_NCJBMB,NULL,United States,California,Santa Clara,NC,-122.1535,37.3179,WGS84,756,m,30arc-sec,6,3,"KJf","Authors provide two VS models: S1 = MASW (Rayleigh wave) from array JBMB-1; S2 = MALW (Love wave) from array JBMB-2. Authors state that ""based on the seismic refraction models and inspection of Rayleigh wave phase velocity data, array JBMB-2 is considered more representative of seismic station conditions than array JBMB-1. The seismic station is, however, located near the mapped geologic contact of Franciscan greenstone and greywacke sandstone units and VS30 appears to vary by more than 30% between the two geologic units."""
476,11_NCJBNB,NULL,United States,California,Santa Cruz,NC,-122.1564,37.1201,WGS84,723,m,30arc-sec,37,1,"crystalline","The authors present 3 VS models: S1 = MALW (Love waves); S2, S3 = S-wave seismic refraction using a Layered or Smooth starting model, respectively. The authors recommend using the MALW-derived model for site characterization purposes (S1), as it is conservative (low) relative to that estimated from the S-wave refraction model."
477,12_NCJELB,NULL,United States,California,,NC,-121.8265,36.9268,WGS84,97,m,30arc-sec,15,5,"Qoa",NULL
478,13_NCJFP,NULL,United States,California,San Mateo,NC,-122.1908,37.36,WGS84,239,m,30arc-sec,2,3,"KJf",NULL
479,14_NCJLAB,NULL,United States,California,Santa Clara,NC,-121.7352,37.1542,WGS84,282,m,30arc-sec,4,3,"KJf",NULL
480,15_NCJSFB,NULL,United States,California,Santa Clara,NC,-122.1762,37.4033,WGS84,135,m,30arc-sec,10,4,"Tss",NULL
481,16_NCJSGB,NULL,United States,California,Santa Clara,NC,-122.0501,37.2836,WGS84,207,m,30arc-sec,39,4,"QT",NULL
482,17_NCMBS1,NULL,United States,California,Mono,NC,-118.9444,37.7604,WGS84,2312,m,30arc-sec,46,1,"Tv",Authors recommend that this site be further characterized by borehole and geophysical logging.
483,18_NCMDPB,NULL,United States,California,Madera,NC,-119.0792,37.6319,WGS84,2373,m,30arc-sec,20,1,"Tv",NULL
484,19_NCMMLB,NULL,United States,California,Mono,NC,-118.9795,37.6592,WGS84,2646,m,30arc-sec,12,3,"Tv",NULL
485,20_NCMMX1,NULL,United States,California,Mono,NC,-118.9611,37.6168,WGS84,2464,m,30arc-sec,46,7,"Qoa",NULL
486,21_NCPAGB,NULL,United States,California,San Luis Obispo,NC,-120.2491,35.7302,WGS84,509,m,30arc-sec,6,13,"sp","Authors present two VS models derived from Rayleigh-wave MASW data only (S1) or Love-wave (MALW) data only (S2), obtained from two different arrays (PAGB-1 for S1, located on the edge of the mapped serpentinite outcrop; and array PAGB-2 for S2, located about 40 to 50 m northeast of the seismic station on mapped old alluvium; serpentinite does not outcrop along array PAGB-2, but authors state that they expected it to be relatively shallow)."
487,22_NCPHOB,NULL,United States,California,Monterey,NC,-120.4801,35.8672,WGS84,773,m,30arc-sec,29,5,"QT",NULL
488,23_NCPHSB,NULL,United States,California,Monterey,NC,-121.0548,35.8238,WGS84,469,m,30arc-sec,16,1,"Tsh",NULL
489,24_NCPMPB,NULL,United States,California,Monterey,NC,-120.802,36.2163,WGS84,731,m,30arc-sec,3,1,"KJf",NULL
490,25_NCPSM,NULL,United States,California,Monterey,NC,-120.5956,36.069,WGS84,1011,m,30arc-sec,11,7,"Tsh",NULL
491,WR0017_001C,NULL,United States,California,San Joaquin,Stockton,-121.2911,37.9112,WGS84,4,m,30arc-sec,23,16,"Qoa","1) No Vs data from 0 to 9 ft.
2) Pore pressure plot is present in the original report but not digitized, due to difficulties to accquire accurate numerical data."
492,WR0017_012C,NULL,United States,California,San Joaquin,Stockton,-121.3204,37.9162,WGS84,1,m,30arc-sec,19,16,"Qal1","1) No Vs data from 0-14 ft depth
2) Pore pressure plot is present in the original report but not digitized, due to difficulties to accquire accurate numerical data."
493,WR0017_030C,NULL,United States,California,San Joaquin,Stockton,-121.3319,37.8808,WGS84,1,m,30arc-sec,17,16,"Qal1","1) No Vs data from 0 to 14 ft depth.
2) Pore pressure plot is present in the original report but not digitized, due to difficulties to accquire accurate numerical data."
494,WR0017_044C,NULL,United States,California,San Joaquin,Stockton,-121.3199,37.8559,WGS84,2,m,30arc-sec,19,16,"Qal1","1) No Vs data 0-4 ft depth
2) Pore pressure plot is present in the original report but not digitized, due to difficulties to accquire accurate numerical data."
495,WR0017_061C,NULL,United States,California,San Joaquin,Stockton,-121.3104,37.8292,WGS84,2,m,30arc-sec,29,16,"Qal1","1) Pore pressure plot is present in the original report but not digitized, due to difficulties to accquire accurate numerical data."
496,WR0017_075C,NULL,United States,California,San Joaquin,Stockton,-121.3173,37.8136,WGS84,4,m,30arc-sec,36,16,"Qal1","1) Pore pressure plot is present in the original report but not digitized, due to difficulties to accquire accurate numerical data."
497,WR0017_089C,NULL,United States,California,San Joaquin,Stockton,-121.3099,37.7968,WGS84,4,m,30arc-sec,12,16,"Qal2","1) No Vs 0-14 ft depth
2) Pore pressure plot is present in the original report but not digitized, due to difficulties to accquire accurate numerical data."
498,WR0017_104C,NULL,United States,California,San Joaquin,Stockton,-121.2917,37.7729,WGS84,5,m,30arc-sec,5,16,"Qal2","1) No Vs 0-14 ft depth
2) Pore pressure plot is present in the original report but not digitized, due to difficulties to accquire accurate numerical data."
499,WR0404_007C-S,NULL,United States,California,San Joaquin,Stockton,-121.3064,37.9192,NAD83,3,m,30arc-sec,7,16,"Qoa","1) pore pressure data present in original report but not digitalized.
"
500,WR0404_014C-S,NULL,United States,California,San Joaquin,Stockton,-121.3228,37.9232,NAD83,2,m,30arc-sec,4,16,"Qal1","1) pore pressure data present in original report but not digitalized.
"
501,WR0404_031C-S,NULL,United States,California,San Joaquin,Stockton,-121.3448,37.9416,NAD83,0,m,30arc-sec,30,16,"Qal2","1) pore pressure data present in original report but not digitalized.
"
502,Epiphany Lutheran Church,NULL,United States,California,Los Angeles,,-118.6051,34.2117,WGS84,255,m,30arc-sec,18,4,"Qal2",USGS Drilled and Logged during ROSRINE Phase 1. See USGS OFR 99-446.
503,Jensen Generator Building,NULL,United States,California,Los Angeles,,-118.4983,34.313,WGS84,390,m,30arc-sec,3,3,"QT",USGS Drilled and Logged during ROSRINE Phase 1. See USGS OFR 99-446.
504,Jensen Main Admin. Building,NULL,United States,California,Los Angeles,,-118.4957,34.3111,WGS84,390,m,30arc-sec,3,3,"Qal3",USGS Drilled and Logged during ROSRINE Phase 1. See USGS OFR 99-446.
505,Los Angeles Dam,NULL,United States,California,Los Angeles,,-118.4839,34.2931,WGS84,359,m,30arc-sec,3,4,"Tss",USGS Drilled and Logged during ROSRINE Phase 1. See USGS OFR 99-446.
506,Olive View Hospital,NULL,United States,California,Los Angeles,,-118.4442,34.3281,WGS84,479,m,30arc-sec,11,3,"Qoa",USGS Drilled and Logged during ROSRINE Phase 1. See USGS OFR 99-446.
507,Rinaldi Receiving Station,NULL,United States,California,Los Angeles,,-118.4771,34.281,WGS84,303,m,30arc-sec,9,4,"Qal3",USGS Drilled and Logged during ROSRINE Phase 1. See USGS OFR 99-446.
508,Sepulveda VA Hospital B-1,NULL,United States,California,Los Angeles,,-118.4772,34.249,WGS84,279,m,30arc-sec,2,4,"Qal2",USGS Drilled and Logged during ROSRINE Phase 1. See USGS OFR 99-446.
509,Sherman Oaks Park,NULL,United States,California,Los Angeles,,-118.4394,34.1607,WGS84,204,m,30arc-sec,82,12,"Qal2",USGS Drilled and Logged during ROSRINE Phase 1. See USGS OFR 99-446.
510,Sherman Oaks Woodman,NULL,United States,California,Los Angeles,,-118.4307,34.1543,WGS84,199,m,30arc-sec,21,12,"Qal2",USGS Drilled and Logged during ROSRINE Phase 1. See USGS OFR 99-446.
511,Sylmar Converter West,NULL,United States,California,Los Angeles,,-118.4893,34.3117,WGS84,387,m,30arc-sec,2,4,"Qal3",USGS Drilled and Logged during ROSRINE Phase 1. See USGS OFR 99-446.
512,Arleta Nordhoff Fire Station,NULL,United States,California,Los Angeles,,-118.44,34.236,WGS84,267,m,30arc-sec,10,8,"Qal2",ROSRINE Phase 1
513,Baldwin Hills,NULL,United States,California,Los Angeles,,-118.362,34.008,WGS84,135,m,30arc-sec,22,7,"QT",ROSRINE Phase 1
514,Kagel Canyon,NULL,United States,California,Los Angeles,,-118.376,34.296,WGS84,454,m,30arc-sec,15,4,"Tsh",ROSRINE Phase 1
515,La Cienega,NULL,United States,California,Los Angeles,,-118.378,34.036,WGS84,33,m,30arc-sec,24,4,"Qal2","ROSRINE Phase 1
- STEEL CONDUCTOR CASING ABOVE 26 METERS - VS and VP profiles begin at 26 m"
516,Newhall Fire Station,NULL,United States,California,Los Angeles,,-118.534,34.387,WGS84,375,m,30arc-sec,21,7,"Qal2","ROSRINE Phase 1
"
517,Pacoima Dam Downstream,NULL,United States,California,Los Angeles,,-118.398,34.335,WGS84,656,m,30arc-sec,70,3,"crystalline","ROSRINE Phase 1
- CONCRETE ROAD AND RUBBLE FILL TO 1.5 METERS "
518,Sepulveda VA #5 B2,NULL,United States,California,Los Angeles,,-118.478,34.249,WGS84,279,m,30arc-sec,2,4,"Qal2","ROSRINE Phase 1
- STEEL CONDUCTOR CASING ABOVE 7 METERS
- No VP Profile"
519,Tarzana,NULL,United States,California,Los Angeles,,-118.536,34.16,WGS84,254,m,30arc-sec,5,12,"Tsh","ROSRINE Phase 1
"
520,Lake Hughes #9,NULL,United States,California,Los Angeles,,-118.56,34.608,WGS84,672,m,30arc-sec,23,1,"Qal3",ROSRINE Phase 2
521,Potrero P-1,NULL,United States,California,Los Angeles,,-118.623,34.391,WGS84,419,m,30arc-sec,1,1,"Qal3",ROSRINE Phase 2
522,Potrero Canyon P-2,NULL,United States,California,Los Angeles,,-118.662,34.392,WGS84,332,m,30arc-sec,2,5,"Tsh",ROSRINE Phase 2
523,Potrero Canyon P-3,NULL,United States,California,Los Angeles,,-118.378,34.036,WGS84,33,m,30arc-sec,24,4,"Qal2","ROSRINE Phase 2
- STEEL CONDUCTOR CASING ABOVE 26 METERS - VS and VP profiles begin at 26 m"
524,Rinaldi 2,NULL,United States,California,Los Angeles,,-118.534,34.387,WGS84,375,m,30arc-sec,21,7,"Qal2","ROSRINE Phase 2
"
525,Sylmar Converter East,NULL,United States,California,Los Angeles,,-118.48,34.312,WGS84,390,m,30arc-sec,1,7,"Qoa","ROSRINE Phase 2b. Hole Drilled by USGS. No boring log available. Note from ROSRINE: ""This Site was drilled and logged by the U.S. Geological Survey. Boring logs will be available at a future date through a U.S. Geological Survey Open-File Report."""
526,Sylmar Converter East #2,NULL,United States,California,Los Angeles,,-118.481,34.313,WGS84,390,m,30arc-sec,1,7,"Qoa","ROSRINE Phase 2b. Hole Drilled by USGS. No boring log available. Note from ROSRINE: ""This Site was drilled and logged by the U.S. Geological Survey. Boring logs will be available at a future date through a U.S. Geological Survey Open-File Report."""
527,Wadsworth VA North,NULL,United States,California,Los Angeles,,-118.453,34.054,WGS84,102,m,30arc-sec,25,3,"Qoa","ROSRINE Phase 2b. Hole Drilled by USGS. No boring log available. Note from ROSRINE: ""This Site was drilled and logged by the U.S. Geological Survey. Boring logs will be available at a future date through a U.S. Geological Survey Open-File Report."""
528,Wadsworth VA South,NULL,United States,California,Los Angeles,,-118.449,34.05,WGS84,80,m,30arc-sec,4,3,"Qal3","ROSRINE Phase 2b. Hole Drilled by USGS. No boring log available. Note from ROSRINE: ""This Site was drilled and logged by the U.S. Geological Survey. Boring logs will be available at a future date through a U.S. Geological Survey Open-File Report."""
529,Willowbrook Park,NULL,United States,California,Los Angeles,,-118.256,33.923,WGS84,30,m,30arc-sec,11,8,"Qoa","ROSRINE Phase 2b. Hole Drilled by USGS. No boring log available. Note from ROSRINE: ""This Site was drilled and logged by the U.S. Geological Survey. Boring logs will be available at a future date through a U.S. Geological Survey Open-File Report."""
530,Dolphin Park/Del Amo,NULL,United States,California,Los Angeles,,-118.241,33.837,WGS84,10,m,30arc-sec,13,16,"Qal1","ROSRINE Phase 2b. Hole Drilled by USGS. No boring log available. Note from ROSRINE: ""This Site was drilled and logged by the U.S. Geological Survey. Boring logs will be available at a future date through a U.S. Geological Survey Open-File Report."""
531,Downey South Middle School,NULL,United States,California,Los Angeles,,-118.138,33.922,WGS84,34,m,30arc-sec,16,12,"Qal1","ROSRINE Phase 2b. Hole Drilled by USGS. No R1-R2 Shear Data 10.5-14.0 m due to Washout. No boring log available. Note from ROSRINE: ""This Site was drilled and logged by the U.S. Geological Survey. Boring logs will be available at a future date through a U.S. Geological Survey Open-File Report."""
532,Pico Rivera #2,NULL,United States,California,Los Angeles,,-118.088,33.972,WGS84,48,m,30arc-sec,32,12,"Qal2","ROSRINE Phase 2b. Hole Drilled by USGS. No boring log available. Note from ROSRINE: ""This Site was drilled and logged by the U.S. Geological Survey. Boring logs will be available at a future date through a U.S. Geological Survey Open-File Report."""
533,Griffith Observatory,NULL,United States,California,Los Angeles,,-118.3004,34.1192,WGS84,290,m,30arc-sec,16,12,"crystalline",ROSRINE Phase 2b
534,LA00 (Stone Canyon Reservoir),NULL,United States,California,Los Angeles,,-118.455,34.106,WGS84,270,m,30arc-sec,7,4,"crystalline",ROSRINE Phase 2b
535,Meloland,NULL,United States,California,Imperial,,-115.449,32.774,WGS84,-7,m,30arc-sec,66,16,"Qal1",ROSRINE Phase 2b
536,Mira Catalina School,NULL,United States,California,,,-118.335,33.74,WGS84,289,m,30arc-sec,3,3,"Tsh",ROSRINE Phase 2b
537,Obregon Park,NULL,United States,California,Los Angeles,,-118.178,34.037,WGS84,91,m,30arc-sec,33,8,"Qal3",ROSRINE Phase 2b
538,Wonderland School,NULL,United States,California,Los Angeles,,-118.381,34.114,WGS84,323,m,30arc-sec,1,4,"crystalline",ROSRINE Phase 2b
539,Dayton Heights Elementary School (Westmoreland),NULL,United States,California,Los Angeles,,-118.289,34.082,WGS84,94,m,30arc-sec,2,4,"Qoa",ROSRINE Phase 4a
540,Saturn Elementary School,NULL,United States,California,Los Angeles,,-118.356,34.046,WGS84,41,m,30arc-sec,3,4,"Qal2",ROSRINE Phase 4a
541,Brentwood VA Hospital,NULL,United States,California,Los Angeles,,-118.462,34.063,WGS84,128,m,30arc-sec,28,3,"Qal3","ROSRINE Phase 4a. Portion of VP profile (15.0-139.7 ft) derived from source-R1 travel times instead of R1-R2 travel times.
No boring log available. Note from ROSRINE: ""This Site was drilled and logged by the U.S. Geological Survey. Boring logs will be available at a future date through a U.S. Geological Survey Open-File Report."""
542,ETEC RD-7,NULL,United States,California,Ventura,,-118.714,34.231,WGS84,553,m,30arc-sec,2,7,"Kss","ROSRINE Phase 4a. Steel casing to 40 ft. Portion of VS profile (46.2-65.8 ft) derived from source-R1 travel times instead of R1-R2 travel times.
No boring log available. Note from ROSRINE: ""This Site was drilled and logged by the U.S. Geological Survey. Boring logs will be available at a future date through a U.S. Geological Survey Open-File Report."""
543,ETEC RD-20,NULL,United States,California,Ventura,,-118.717,34.239,WGS84,425,m,30arc-sec,9,7,"Kss","ROSRINE Phase 4a. Steel casing to 30 ft.
No boring log available. Note from ROSRINE: ""This Site was drilled and logged by the U.S. Geological Survey. Boring logs will be available at a future date through a U.S. Geological Survey Open-File Report."""
544,Knolls Elementary School,NULL,United States,California,Ventura,,-118.6664,34.2633,WGS84,332,m,30arc-sec,7,4,"Qal3",ROSRINE Phase 4a. Coordinates and profiles from USGS OFR 99-446.
545,LADWP Receiving Station E,NULL,United States,California,Los Angeles,,-118.358,34.177,WGS84,197,m,30arc-sec,14,8,"Qal2","ROSRINE Phase 4a. Portion of VP profile (23.2-184.0 ft) derived from source-R1 travel times instead of R1-R2 travel times.
No boring log available. Note from ROSRINE: ""This Site was drilled and logged by the U.S. Geological Survey. Boring logs will be available at a future date through a U.S. Geological Survey Open-File Report."""
546,White Oak Church,NULL,United States,California,Los Angeles,,-118.5171,34.2081,WGS84,231,m,30arc-sec,75,8,"Qal2",ROSRINE Phase 4a. Coordinates and profiles from USGS OFR 99-446.
547,Bell-LA Bulk Mail,NULL,United States,California,Los Angeles,,-118.162,33.996,WGS84,45,m,30arc-sec,5,12,"Qal1",ROSRINE Phase 5b
548,Gilroy 3,NULL,United States,California,Santa Clara,,-121.538,36.987,WGS84,51,m,30arc-sec,24,11,"Qal1",ROSRINE Phase 5b
549,Halls Valley,NULL,United States,California,Santa Clara,,-121.714,37.338,WGS84,474,m,30arc-sec,25,3,"Qal3",ROSRINE Phase 5b
550,IBM Almaden (Santa Teresa Hills),NULL,United States,California,Santa Clara,,-121.824,37.206,WGS84,103,m,30arc-sec,2,11,"Qoa",ROSRINE Phase 5b
551,Joshua Tree,NULL,United States,California,San Bernardino,,-116.314,34.13,WGS84,850,m,30arc-sec,8,11,"Qoa",ROSRINE Phase 5b
552,Parachute Test Site Control Bldg. 5000,NULL,United States,California,Imperial,,-115.7,32.93,WGS84,12,m,30arc-sec,31,8,"Qal2",ROSRINE Phase 5b
553,Pier F Long Beach (USGS),NULL,United States,California,,,-118.215,33.746,WGS84,0,m,30arc-sec,0,13,"af/Qi",ROSRINE Phase 5b
554,Superstition Mountain Top,NULL,United States,California,Imperial,,-115.825,32.955,WGS84,178,m,30arc-sec,5,8,"crystalline",ROSRINE Phase 5b
555,Yermo,NULL,United States,California,San Bernardino,,-116.823,34.904,WGS84,589,m,30arc-sec,20,4,"Qal1",ROSRINE Phase 5b
556,WSSPCN_008C,NULL,United States,California,Yolo,Davis,-121.6551,38.5153,WGS84,6,m,30arc-sec,1,16,"Qal1","Exploration Location: North Levee Crest
Levee Station or Milepost: 1664+98 
Channel/River Name/ Feature: South Fork Putah Creek"
557,WSSPCN_018C,NULL,United States,California,Yolo,Davis,-121.6883,38.52,WGS84,8,m,30arc-sec,7,16,"Qal1","Exploration Location: North Levee Crest
Levee Station or Milepost: 1762+41
Channel/River Name/ Feature: South Fork Putah Creek"
558,WSSPCN_028C,NULL,United States,California,Solano,Davis,-121.7289,38.5183,WGS84,12,m,30arc-sec,2,16,"Qal1","Exploration Location: North Levee Crest
Levee Station or Milepost: 1882+47
Channel/River Name/ Feature: South Fork Putah Creek"
559,WSSPCN_038C,NULL,United States,California,Solano,Davis,-121.767,38.5189,WGS84,15,m,30arc-sec,29,16,"Qal2","Exploration Location: North Levee Crest
Levee Station or Milepost: 1992+47
Channel/River Name/ Feature: South Fork Putah Creek"
560,WSWSBS_010C,NULL,United States,California,Yolo,Davis,-121.7199,38.5898,WGS84,8,m,30arc-sec,7,16,"Qal1","Exploration Location: South Levee Crest
Levee Station or Milepost: 1114+27
Channel/River Name/ Feature: Willow Slough Bypass"
561,WSWSBS_020C,NULL,United States,California,Yolo,Davis,-121.6855,38.5895,WGS84,6,m,30arc-sec,3,16,"Qal1","Exploration Location: South Levee Crest
Levee Station or Milepost: 1212+54
Channel/River Name/ Feature: Willow Slough Bypass"
562,WSWSBS_030C,NULL,United States,California,Yolo,Davis,-121.6474,38.5872,WGS84,5,m,30arc-sec,3,16,"Qal1","Exploration Location: South Levee Crest
Levee Station or Milepost: 1327+53
Channel/River Name/ Feature: Willow Slough Bypass"
563,WSYB4W_002C,NULL,United States,California,Yolo,Davis,-121.6389,38.5672,WGS84,5,m,30arc-sec,5,16,"Qal1","Exploration Location: West Levee Crest
Levee Station or Milepost: 1419+99
Channel/River Name/ Feature: Yolo Bypass"
564,WSYB4W_010C,NULL,United States,California,Yolo,Davis,-121.6311,38.549,WGS84,4,m,30arc-sec,16,16,"Qal1","Exploration Location: West Levee Crest
Levee Station or Milepost: 1492+42
Channel/River Name/ Feature: Yolo Bypass"
565,WRARFC_007C,NULL,United States,California,Sacramento,Sacramento,-121.4738,38.6573,NAD83,10,m,30arc-sec,2,16,"Qoa","1) Sleeve friction plot overlaps with tip resistance plot. Numerical data for sleeve is not accessable.

2) Friction ratio plot is removed from orignial report. Obtaining sleeve friction throught corrlating tip resistance with friction is not applicable either

3) Pore pressure plot is difficult to digitized due to plot formant and small variation in a large scale of unit."
566,WRARFC_009C,NULL,United States,California,Sacramento,Sacramento,-121.4669,38.6685,NAD83,12,m,30arc-sec,19,16,"Qal2","1) Sleeve friction plot overlaps with tip resistance plot. Numerical data for sleeve is not accessable.

2) Friction ratio plot is removed from orignial report. Obtaining sleeve friction throught corrlating tip resistance with friction is not applicable either

3) Pore pressure plot is difficult to digitized due to plot formant and small variation in a large scale of unit."
567,WR1000_004C,NULL,United States,California,Sacramento,Sacramento,-121.4741,38.6444,NAD83,9,m,30arc-sec,6,16,"Qal2","1)Sleeve friction and friction plot is present in original report but not digitized due to difficulties.

2)Pore pressure plot is present in original report but not digitized."
568,WR1000_011C,NULL,United States,California,Sacramento,Pleasant Grove,-121.493,38.7437,NAD83,9,m,30arc-sec,3,16,"Qoa","1)Sleeve friction and friction plot is present in original report but not digitized due to difficulties.

2)Pore pressure plot is present in original report but not digitized."
569,WR1000_017C,NULL,United States,California,Sacramento,Pleasant Grove,-121.5213,38.8136,NAD83,9,m,30arc-sec,11,16,"Qoa","1)Sleeve friction and friction plot is present in original report but not digitized due to difficulties.

2)Pore pressure plot is present in original report but not digitized."
570,WR1000_063C,NULL,United States,California,Sacramento,Sacramento,-121.4733,38.6404,NAD83,9,m,30arc-sec,20,16,"Qal1","1)Sleeve friction and friction plot is present in original report but not digitized due to difficulties.

2)Pore pressure plot is present in original report but not digitized."
571,WR2035_006C,NULL,United States,California,Yolo,Wooland,-121.6533,38.629,WGS84,4,m,30arc-sec,16,16,"Qal1","Exploration location: Crest of the Levee
Channel/River Name/ Feature: Yolo Bypass
"
572,WSCCSB_007C,NULL,United States,California,Yolo,,-121.7055,38.6782,WGS84,7,m,30arc-sec,19,16,"Qal1","Exploration location: Crest of the Levee
Channel/River Name/ Feature: Cache Creek Settling Basin"
573,WSCCSB_024C,NULL,United States,California,Yolo,,-121.7173,38.72,WGS84,9,m,30arc-sec,13,16,"Qal1","Exploration location: Crest of the Levee
Channel/River Name/ Feature: Cache Creek Settling Basin"
574,701BRE,NULL,United States,California,Orange County,,-117.9793,33.8113,WGS84,27,m,30arc-sec,3,16,"Qal1",NULL
575,702STG,NULL,United States,California,Orange County,,-117.7675,33.6631,WGS84,48,m,30arc-sec,45,16,"Qal2",NULL
576,703SRN,NULL,United States,California,Orange County,,-117.7889,33.8272,WGS84,225,m,30arc-sec,4,8,"Qoa",NULL
577,704OLI,NULL,United States,California,Los Angeles,,-117.9214,33.9452,WGS84,164,m,30arc-sec,1,4,"Qoa",NULL
578,705CPP,NULL,United States,California,Los Angeles,,-117.808,34.0607,WGS84,234,m,30arc-sec,2,7,"Qal2",NULL
579,706GSA,NULL,United States,California,Los Angeles,,-118.1276,34.1366,WGS84,239,m,30arc-sec,2,4,"Qoa",NULL
580,707CHN,NULL,United States,California,San Bernardino,,-117.6773,33.9997,WGS84,204,m,30arc-sec,33,8,"Qal2",NULL
581,708CRN,NULL,United States,California,Riverside,,-117.5594,33.8753,WGS84,194,m,30arc-sec,2,12,"Qal3",NULL
582,709MLS,NULL,United States,California,Riverside,,-117.5646,34.0084,WGS84,236,m,30arc-sec,1,8,"Qal2",NULL
583,710PDU,NULL,United States,California,San Bernardino,,-117.6396,34.118,WGS84,451,m,30arc-sec,14,4,"Qal3",NULL
584,711FON,NULL,United States,California,San Bernardino,,-117.4382,34.1,WGS84,384,m,30arc-sec,34,8,"Qal2",NULL
585,712CLT,NULL,United States,California,San Bernardino,,-117.3117,34.0934,WGS84,326,m,30arc-sec,27,8,"Qal2",NULL
586,700FMP,NULL,United States,California,,,-118.2944,33.7134,WGS84,74,m,30arc-sec,9,4,"Tsh",NULL
1808,Santa Monica School House,NULL,United States,California,,,-118.4918,34.0112,WGS84,30,m,30arc-sec,17,3,"Qoa",Suspension log data provided by Bob Nigbor of GEOVision Inc. Coordinates based on site plan and Google Earth historical imagery.
1809,UCLA Botanical Gardens,NULL,United States,California,Los Angeles,,-118.4414,34.0665,WGS84,116,m,30arc-sec,1,4,"Qoa",NULL
1810,UC Riverside,NULL,United States,California,Riverside,,-117.3283,33.9737,WGS84,327,m,30arc-sec,4,8,"Qoa",NULL
1811,UC Santa Barbara - Engineering I Building,NULL,United States,California,,,-119.8437,34.4136,WGS84,19,m,30arc-sec,19,4,"Qoa","Data collected for Engineering I Bulding but hole drilled on north side of Webb Hall, ~150m west. Assumed approximate co-location of UCSB-1 CPT with deep borehole CLC-2."
1812,UC San Diego - Thornton Hospital,NULL,United States,California,San Diego,,-117.2256,32.878,WGS84,102,m,30arc-sec,2,18,"Qoa",NULL
1813,602RDA,NULL,United States,California,San Diego,,-116.4008,33.3485,WGS84,352,m,30arc-sec,22,3,"Qal3","Split into two separate DC's, experimental and theoretical, because frequency columns were slightly different."
1814,603ATC,NULL,United States,California,San Diego,,-116.4008,33.3485,WGS84,352,m,30arc-sec,22,3,"Qal3","Split into two separate DC's, experimental and theoretical, because frequency columns were slightly different."
1815,604ATV,NULL,United States,California,Riverside,,-116.5925,33.4792,WGS84,1123,m,30arc-sec,22,7,"crystalline",NULL
1816,605SRM,NULL,United States,California,San Diego,,-116.4008,33.3485,WGS84,352,m,30arc-sec,22,3,"Qal3","Frequency column is similar between experimental and theoretical DC, just a rounding/truncation error. Judgment used to combine into one."
1817,606APF,NULL,United States,California,San Diego,,-116.4008,33.3485,WGS84,352,m,30arc-sec,22,3,"Qal3","Frequency column is similar between experimental and theoretical DC, just a rounding/truncation error. Judgment used to combine into one."
1818,607MHS,NULL,United States,California,Riverside,,-116.1321,33.5986,WGS84,-49,m,30arc-sec,8,12,"Qal1",NULL
1819,608WBR,NULL,United States,California,Riverside,,-116.0968,33.6401,WGS84,-6,m,30arc-sec,91,12,"Qal3",NULL
1820,609IFK,NULL,United States,California,Riverside,,-116.7174,33.7077,WGS84,1399,m,30arc-sec,16,1,"crystalline",NULL
1821,610SPV,NULL,United States,California,Riverside,,-116.8537,33.9845,WGS84,1078,m,30arc-sec,18,3,"crystalline",NULL
1822,611BTV,NULL,United States,California,Riverside,,-116.8251,33.8691,WGS84,1198,m,30arc-sec,47,3,"crystalline",NULL
1823,612DCP,NULL,United States,California,San Bernardino,,-117.3308,34.2236,WGS84,881,m,30arc-sec,13,3,"crystalline",NULL
1824,613TSH,NULL,United States,California,San Bernardino,,-117.3328,34.1621,WGS84,468,m,30arc-sec,18,4,"Qal3",NULL
1825,614DRW,NULL,United States,California,San Bernardino,,-117.2508,34.1656,WGS84,433,m,30arc-sec,17,4,"Qal3",NULL
1826,615RCU,NULL,United States,California,San Bernardino,,-117.579,34.1692,WGS84,789,m,30arc-sec,7,4,"Qoa",NULL
1827,616SFS,NULL,United States,California,San Bernardino,,-117.4268,34.1924,WGS84,676,m,30arc-sec,3,4,"Qal3",NULL
1828,617LGP,NULL,United States,Nevada,Nye,,-117.0114,37.1723,WGS84,1203,m,30arc-sec,5,16,"",NULL
1829,618GUN,NULL,United States,California,Santa Cruz,,-122.1064,37.2392,WGS84,898,m,30arc-sec,15,3,"Tv",NULL
1830,619COY,NULL,United States,California,Santa Clara,,-121.5528,37.1242,WGS84,250,m,30arc-sec,9,1,"Qoa",NULL
1831,620AND,NULL,United States,California,Santa Clara,,-121.6317,37.1655,WGS84,171,m,30arc-sec,11,3,"Qal3",NULL
1832,621FVC,NULL,United States,California,San Mateo,,-122.3082,37.4687,WGS84,124,m,30arc-sec,13,3,"QT",NULL
1833,622CHP,NULL,United States,California,,,-122.0913,37.5527,WGS84,0,m,30arc-sec,7,18,"KJf",NULL
1834,623UCM,NULL,United States,California,Alameda,,-122.0069,37.6004,WGS84,109,m,30arc-sec,11,7,"Kss",NULL
1835,624SOP,NULL,United States,California,Alameda,,-121.8301,37.5145,WGS84,142,m,30arc-sec,9,4,"Qoa",NULL
1836,625SSF,NULL,United States,California,San Mateo,,-122.3876,37.6751,WGS84,0,m,30arc-sec,1,3,"af/Qi","Authors state that test was ""located on an asphalt parking lot constructed on fill, alluvium, and bay sediment adjacent to a rock outcrop at Sierra Point. The seismometer station is located on the rock site and its velocity structure bears no relation to the data collected at 625SSF."" Frequency column is similar between experimental and theoretical DC, just a rounding/truncation error. Judgment used to combine into one."
1837,626CLF,NULL,United States,California,,,-122.5117,37.7799,WGS84,0,m,30arc-sec,0,18,"Qs",NULL
1838,627PVC,NULL,United States,California,Monterey,,-120.4673,35.9731,WGS84,687,m,30arc-sec,5,1,"KJf","Frequency column is similar between experimental and theoretical DC, just a rounding/truncation error. Judgment used to combine into one."
1839,628LHM,NULL,United States,California,Los Angeles,,-118.4806167,34.65243333,WGS84,928,m,30arc-sec,18,1,"Qal3",NULL
1840,629FRT,NULL,United States,California,Kern,,-118.8995,34.8707,WGS84,1036,m,30arc-sec,28,3,"Qal3",NULL
1841,630ANT,NULL,United States,California,Los Angeles,,-118.3608,34.7574,WGS84,818,m,30arc-sec,2,12,"crystalline",NULL
1842,631FMD,NULL,United States,California,Los Angeles,,-118.4277,34.7043,WGS84,931,m,30arc-sec,1,7,"crystalline",NULL
1843,632MOV,NULL,United States,California,Kern,,-118.3782,35.0418,WGS84,1372,m,30arc-sec,3,3,"Qal3",NULL
1844,633CSP,NULL,United States,California,San Bernardino,,-117.3152,34.3078,WGS84,1025,m,30arc-sec,12,5,"Tss",NULL
1845,634WSW,NULL,United States,California,Los Angeles,,-117.6607,34.3689,WGS84,1988,m,30arc-sec,1,4,"Qal3",NULL
1846,635JFK,NULL,United States,California,Los Angeles,,-117.7364,34.3811,WGS84,2247,m,30arc-sec,26,4,"crystalline",NULL
1847,636SOD,NULL,United States,California,San Bernardino,,-117.0991,34.1106,WGS84,721,m,30arc-sec,47,3,"Qal3",NULL
1848,637HBP,NULL,United States,California,Los Angeles,,-117.7986,34.1589,WGS84,868,m,30arc-sec,5,3,"crystalline",NULL
1849,638RCO,NULL,United States,California,Riverside,,-117.2237,34.0043,WGS84,630,m,30arc-sec,3,4,"crystalline","Frequency column is similar between experimental and theoretical DC, just a rounding/truncation error. Judgment used to combine into one."
1850,639RIV,NULL,United States,California,Riverside,,-117.3215,33.8936,WGS84,519,m,30arc-sec,27,3,"crystalline",NULL
1851,640CMD,NULL,United States,California,Riverside,,-117.4501,33.8537,WGS84,419,m,30arc-sec,17,4,"adf",NULL
1852,641PER,NULL,United States,California,Riverside,,-117.2297,33.7856,WGS84,445,m,30arc-sec,9,7,"Qoa",NULL
1853,642NVO,NULL,United States,California,Riverside,,-117.1329,33.8183,WGS84,451,m,30arc-sec,3,17,"Qoa",NULL
1854,643MVA,NULL,United States,California,Riverside,,-117.2048,33.6482,WGS84,495,m,30arc-sec,8,7,"Qoa",NULL
1855,644LKE,NULL,United States,California,San Diego,,-117.3326,33.401,WGS84,216,m,30arc-sec,7,1,"crystalline",NULL
1856,645CCD,NULL,United States,California,Orange County,,-117.8398,33.9124,WGS84,144,m,30arc-sec,3,3,"adf",NULL
1857,646HHC,NULL,United States,California,Los Angeles,,-117.9437,33.9901,WGS84,171,m,30arc-sec,69,4,"Qal3",NULL
1858,647SAD,NULL,United States,California,Los Angeles,,-118.0206,34.1841,WGS84,517,m,30arc-sec,55,2,"crystalline","Frequency column is similar between experimental and theoretical DC, just a rounding/truncation error. Judgment used to combine into one."
1859,648CWD,NULL,United States,California,Los Angeles,,-117.9652,34.2448,WGS84,755,m,30arc-sec,6,1,"crystalline",NULL
1860,649MVO,NULL,United States,California,Los Angeles,,-118.0667,34.2269,WGS84,1661,m,30arc-sec,57,3,"crystalline",NULL
1861,650MBS,NULL,United States,California,Los Angeles,,-117.6626,34.2323,WGS84,1279,m,30arc-sec,9,1,"crystalline","Split into two separate DC's, experimental and theoretical, because frequency columns were slightly different."
1862,651TUJ,NULL,United States,California,Los Angeles,,-118.2268,34.287,WGS84,605,m,30arc-sec,25,3,"Qal3",NULL
1863,652SFD,NULL,United States,California,Ventura,,-118.7515,34.4593,WGS84,318,m,30arc-sec,8,3,"Qal3",NULL
1864,653SVL,NULL,United States,California,Ventura,,-118.6703,34.2632,WGS84,332,m,30arc-sec,15,4,"Qal3",NULL
1865,654HST,NULL,United States,California,Los Angeles,,-118.3018,34.204,WGS84,384,m,30arc-sec,1,4,"crystalline",NULL
1866,655LAF,NULL,United States,California,Los Angeles,,-118.4373,34.0893,WGS84,183,m,30arc-sec,3,8,"Qal3",NULL
1867,656RPV,NULL,United States,California,Los Angeles,,-118.3981,34.7454,WGS84,837,m,30arc-sec,3,12,"Qoa",NULL
1868,657MFC,NULL,United States,California,,,-118.6391,34.0453,WGS84,124,m,30arc-sec,19,3,"Qal3",NULL
1869,658WDH,NULL,United States,California,Los Angeles,,-118.5972,34.1668,WGS84,273,m,30arc-sec,5,3,"Qal3",NULL
1870,659CAM,NULL,United States,California,Ventura,,-118.9948,34.2238,WGS84,40,m,30arc-sec,8,4,"Qal3",NULL
1871,660SLO,NULL,United States,California,San Luis Obispo,,-120.6607,35.2846,WGS84,79,m,30arc-sec,1,3,"KJf",NULL
1872,661JBO,NULL,United States,California,San Benito,,-121.5783,36.8616,WGS84,117,m,30arc-sec,1,3,"QT",NULL
1873,807PAR,NULL,United States,California,Monterey,Parkfield,-120.4329,35.8985,WGS84,469,m,30arc-sec,4,1,"Qal3","--Original investigators provide two sets of VS/VP profiles and two theorectical dispersion curves for each site; we include both sets here.
--We calculated Top Depth based on layer thicknesses provided in original data. 
--All modeled VS and VP profiles have a halfspace for the bottom-most layer. Therefore Bottom Depth would be ""infinite""."
1874,808PAR,NULL,United States,California,Monterey,Parkfield,-120.4325,35.8986,WGS84,469,m,30arc-sec,4,1,"Qal3","--Original investigators provide two sets of VS/VP profiles and two theorectical dispersion curves for each site; we include both sets here.
--We calculated Top Depth based on layer thicknesses provided in original data. 
--All modeled VS and VP profiles have a halfspace for the bottom-most layer. Therefore Bottom Depth would be ""infinite""."
1875,809CHO,NULL,United States,California,Monterey,Parkfield,-120.2894,35.7328,WGS84,350,m,30arc-sec,10,3,"Qal2","--Original investigators provide two sets of VS/VP profiles and two theorectical dispersion curves for each site; we include both sets here.
--We calculated Top Depth based on layer thicknesses provided in original data. 
--All modeled VS and VP profiles have a halfspace for the bottom-most layer. Therefore Bottom Depth would be ""infinite""."
1876,810CHO,NULL,United States,California,Monterey,Parkfield,-120.2753,35.743,WGS84,353,m,30arc-sec,20,7,"Qal2","--Original investigators provide two sets of VS/VP profiles and two theorectical dispersion curves for each site; we include both sets here.
--We calculated Top Depth based on layer thicknesses provided in original data. 
--All modeled VS and VP profiles have a halfspace for the bottom-most layer. Therefore Bottom Depth would be ""infinite""."
1877,811TUR,NULL,United States,California,Monterey,Parkfield,-120.3599,35.8779,WGS84,500,m,30arc-sec,2,3,"Tsh","--Original investigators provide two sets of VS/VP profiles and two theorectical dispersion curves for each site; we include both sets here.
--We calculated Top Depth based on layer thicknesses provided in original data. 
--All modeled VS and VP profiles have a halfspace for the bottom-most layer. Therefore Bottom Depth would be ""infinite""."
1878,812CHO,NULL,United States,California,Monterey,Parkfield,-120.3792,35.818,WGS84,385,m,30arc-sec,1,3,"Qal3","--Original investigators provide two sets of VS/VP profiles and two theorectical dispersion curves for each site; we include both sets here.
--We calculated Top Depth based on layer thicknesses provided in original data. 
--All modeled VS and VP profiles have a halfspace for the bottom-most layer. Therefore Bottom Depth would be ""infinite""."
1879,813CHO,NULL,United States,California,Monterey,Parkfield,-120.3163,35.7072,WGS84,344,m,30arc-sec,19,7,"Qal3","--Original investigators provide two sets of VS/VP profiles and two theorectical dispersion curves for each site; we include both sets here.
--We calculated Top Depth based on layer thicknesses provided in original data. 
--All modeled VS and VP profiles have a halfspace for the bottom-most layer. Therefore Bottom Depth would be ""infinite""."
1880,814VIN,NULL,United States,California,Monterey,Parkfield,-120.5348,35.922,WGS84,767,m,30arc-sec,30,1,"Tsh","--Original investigators provide two sets of VS/VP profiles and two theorectical dispersion curves for each site; we include both sets here.
--We calculated Top Depth based on layer thicknesses provided in original data. 
--All modeled VS and VP profiles have a halfspace for the bottom-most layer. Therefore Bottom Depth would be ""infinite""."
1881,815CHO,NULL,United States,California,Monterey,Parkfield,-120.3288,35.6963,WGS84,341,m,30arc-sec,5,3,"Qal3","--Original investigators provide two sets of VS/VP profiles and two theorectical dispersion curves for each site; we include both sets here.
--We calculated Top Depth based on layer thicknesses provided in original data. 
--All modeled VS and VP profiles have a halfspace for the bottom-most layer. Therefore Bottom Depth would be ""infinite""."
1882,816CHO,NULL,United States,California,Monterey,Parkfield,-120.2657,35.7521,WGS84,407,m,30arc-sec,15,7,"Qoa","--Original investigators provide two sets of VS/VP profiles and two theorectical dispersion curves for each site; we include both sets here.
--We calculated Top Depth based on layer thicknesses provided in original data. 
--All modeled VS and VP profiles have a halfspace for the bottom-most layer. Therefore Bottom Depth would be ""infinite""."
1883,817EAD,NULL,United States,California,Monterey,Parkfield,-120.4229,35.8952,WGS84,521,m,30arc-sec,42,1,"Tsh","--Original investigators provide two sets of VS/VP profiles and two theorectical dispersion curves for each site; we include both sets here.
--We calculated Top Depth based on layer thicknesses provided in original data. 
--All modeled VS and VP profiles have a halfspace for the bottom-most layer. Therefore Bottom Depth would be ""infinite""."
1884,818PAR,NULL,United States,California,Monterey,Parkfield,-120.457,35.9266,WGS84,517,m,30arc-sec,3,1,"Tsh","--Original investigators provide two sets of VS/VP profiles and two theorectical dispersion curves for each site; we include both sets here.
--We calculated Top Depth based on layer thicknesses provided in original data. 
--All modeled VS and VP profiles have a halfspace for the bottom-most layer. Therefore Bottom Depth would be ""infinite""."
1885,819VIN,NULL,United States,California,Monterey,Parkfield,-120.4671,35.9731,WGS84,687,m,30arc-sec,5,1,"KJf","--Original investigators provide two sets of VS/VP profiles and two theorectical dispersion curves for each site; we include both sets here.
--We calculated Top Depth based on layer thicknesses provided in original data. 
--All modeled VS and VP profiles have a halfspace for the bottom-most layer. Therefore Bottom Depth would be ""infinite""."
1886,820CHO,NULL,United States,California,Monterey,Parkfield,-120.4051,35.8701,WGS84,462,m,30arc-sec,4,3,"Qoa","--Original investigators provide two sets of VS/VP profiles and two theorectical dispersion curves for each site; we include both sets here.
--We calculated Top Depth based on layer thicknesses provided in original data. 
--All modeled VS and VP profiles have a halfspace for the bottom-most layer. Therefore Bottom Depth would be ""infinite""."
1887,821TUR,NULL,United States,California,Monterey,Parkfield,-120.3826,35.8767,WGS84,479,m,30arc-sec,3,3,"Tsh","--Original investigators provide two sets of VS/VP profiles and two theorectical dispersion curves for each site; we include both sets here.
--We calculated Top Depth based on layer thicknesses provided in original data. 
--All modeled VS and VP profiles have a halfspace for the bottom-most layer. Therefore Bottom Depth would be ""infinite""."
1888,822PAR,NULL,United States,California,Monterey,Parkfield,-120.4595,35.908,WGS84,508,m,30arc-sec,2,1,"Qal3","--Original investigators provide two sets of VS/VP profiles and two theorectical dispersion curves for each site; we include both sets here.
--We calculated Top Depth based on layer thicknesses provided in original data. 
--All modeled VS and VP profiles have a halfspace for the bottom-most layer. Therefore Bottom Depth would be ""infinite""."
1889,823PAR,NULL,United States,California,Monterey,Parkfield,-120.4813,35.9211,WGS84,627,m,30arc-sec,6,1,"Tsh","--Original investigators provide two sets of VS/VP profiles and two theorectical dispersion curves for each site; we include both sets here.
--We calculated Top Depth based on layer thicknesses provided in original data. 
--All modeled VS and VP profiles have a halfspace for the bottom-most layer. Therefore Bottom Depth would be ""infinite""."
1890,824VCY,NULL,United States,California,Monterey,Parkfield,-120.4247,35.9399,WGS84,586,m,30arc-sec,25,1,"Tsh","--Original investigators provide two sets of VS/VP profiles and two theorectical dispersion curves for each site; we include both sets here.
--We calculated Top Depth based on layer thicknesses provided in original data. 
--All modeled VS and VP profiles have a halfspace for the bottom-most layer. Therefore Bottom Depth would be ""infinite""."
1891,825VCN,NULL,United States,California,Monterey,Parkfield,-120.4831,35.9573,WGS84,558,m,30arc-sec,32,1,"Qal3","--Original investigators provide two sets of VS/VP profiles and two theorectical dispersion curves for each site; we include both sets here.
--We calculated Top Depth based on layer thicknesses provided in original data. 
--All modeled VS and VP profiles have a halfspace for the bottom-most layer. Therefore Bottom Depth would be ""infinite""."
1892,826FZ,NULL,United States,California,Monterey,Parkfield,-120.3989,35.8955,WGS84,516,m,30arc-sec,3,1,"Tsh","--Original investigators provide two sets of VS/VP profiles and two theorectical dispersion curves for each site; we include both sets here.
--We calculated Top Depth based on layer thicknesses provided in original data. 
--All modeled VS and VP profiles have a halfspace for the bottom-most layer. Therefore Bottom Depth would be ""infinite""."
1893,827SAF,NULL,United States,California,Monterey,Parkfield,-120.5521,35.9741,WGS84,663,m,30arc-sec,9,1,"QT","--Original investigators provide two sets of VS/VP profiles and two theorectical dispersion curves for each site; we include both sets here.
--We calculated Top Depth based on layer thicknesses provided in original data. 
--All modeled VS and VP profiles have a halfspace for the bottom-most layer. Therefore Bottom Depth would be ""infinite""."
1894,828VIN,NULL,United States,California,Monterey,Parkfield,-120.5629,35.8829,WGS84,516,m,30arc-sec,7,1,"Tsh","--Original investigators provide two sets of VS/VP profiles and two theorectical dispersion curves for each site; we include both sets here.
--We calculated Top Depth based on layer thicknesses provided in original data. 
--All modeled VS and VP profiles have a halfspace for the bottom-most layer. Therefore Bottom Depth would be ""infinite""."
1895,829VIN,NULL,United States,California,Monterey,Parkfield,-120.5513,35.9033,WGS84,589,m,30arc-sec,26,1,"Tsh","--Original investigators provide two sets of VS/VP profiles and two theorectical dispersion curves for each site; we include both sets here.
--We calculated Top Depth based on layer thicknesses provided in original data. 
--All modeled VS and VP profiles have a halfspace for the bottom-most layer. Therefore Bottom Depth would be ""infinite""."
1896,830CHO,NULL,United States,California,Monterey,Parkfield,-120.2488,35.7671,WGS84,474,m,30arc-sec,2,7,"Kss","--Original investigators provide two sets of VS/VP profiles and two theorectical dispersion curves for each site; we include both sets here.
--We calculated Top Depth based on layer thicknesses provided in original data. 
--All modeled VS and VP profiles have a halfspace for the bottom-most layer. Therefore Bottom Depth would be ""infinite""."
1897,831VIN,NULL,United States,California,Monterey,Parkfield,-120.4974,35.9336,WGS84,637,m,30arc-sec,37,5,"Tsh","--Original investigators provide two sets of VS/VP profiles and two theorectical dispersion curves for each site; we include both sets here.
--We calculated Top Depth based on layer thicknesses provided in original data. 
--All modeled VS and VP profiles have a halfspace for the bottom-most layer. Therefore Bottom Depth would be ""infinite""."
1898,832UPS,NULL,United States,California,Monterey,Parkfield,-120.5059,35.8214,WGS84,562,m,30arc-sec,2,1,"QT","--Original investigators provide two sets of VS/VP profiles and two theorectical dispersion curves for each site; we include both sets here.
--We calculated Top Depth based on layer thicknesses provided in original data. 
--All modeled VS and VP profiles have a halfspace for the bottom-most layer. Therefore Bottom Depth would be ""infinite""."
1899,833UPS,NULL,United States,California,Monterey,Parkfield,-120.5011,35.8248,WGS84,562,m,30arc-sec,2,1,"QT","--Original investigators provide two sets of VS/VP profiles and two theorectical dispersion curves for each site; we include both sets here.
--We calculated Top Depth based on layer thicknesses provided in original data. 
--All modeled VS and VP profiles have a halfspace for the bottom-most layer. Therefore Bottom Depth would be ""infinite""."
1900,834FZ,NULL,United States,California,Monterey,Parkfield,-120.4461,35.8791,WGS84,492,m,30arc-sec,8,9,"QT","--Original investigators provide two sets of VS/VP profiles and two theorectical dispersion curves for each site; we include both sets here.
--We calculated Top Depth based on layer thicknesses provided in original data. 
--All modeled VS and VP profiles have a halfspace for the bottom-most layer. Therefore Bottom Depth would be ""infinite""."
1901,835CHO,NULL,United States,California,Monterey,Parkfield,-120.3418,35.6842,WGS84,337,m,30arc-sec,19,1,"Qal3","--Original investigators provide two sets of VS/VP profiles and two theorectical dispersion curves for each site; we include both sets here.
--We calculated Top Depth based on layer thicknesses provided in original data. 
--All modeled VS and VP profiles have a halfspace for the bottom-most layer. Therefore Bottom Depth would be ""infinite""."
1902,836TUR,NULL,United States,California,Monterey,Parkfield,-120.351,35.8824,WGS84,501,m,30arc-sec,51,3,"Qoa","--Original investigators provide two sets of VS/VP profiles and two theorectical dispersion curves for each site; we include both sets here.
--We calculated Top Depth based on layer thicknesses provided in original data. 
--All modeled VS and VP profiles have a halfspace for the bottom-most layer. Therefore Bottom Depth would be ""infinite""."
1903,837CHO,NULL,United States,California,Monterey,Parkfield,-120.3041,35.7151,WGS84,350,m,30arc-sec,6,7,"Qal3","--Original investigators provide two sets of VS/VP profiles and two theorectical dispersion curves for each site; we include both sets here.
--We calculated Top Depth based on layer thicknesses provided in original data. 
--All modeled VS and VP profiles have a halfspace for the bottom-most layer. Therefore Bottom Depth would be ""infinite""."
1904,838CHO,NULL,United States,California,Monterey,Parkfield,-120.3998,35.6369,WGS84,342,m,30arc-sec,10,5,"Qoa","--Original investigators provide two sets of VS/VP profiles and two theorectical dispersion curves for each site; we include both sets here.
--We calculated Top Depth based on layer thicknesses provided in original data. 
--All modeled VS and VP profiles have a halfspace for the bottom-most layer. Therefore Bottom Depth would be ""infinite""."
1905,839CHO,NULL,United States,California,Monterey,Parkfield,-120.297,35.7239,WGS84,351,m,30arc-sec,3,3,"QT","--Original investigators provide two sets of VS/VP profiles and two theorectical dispersion curves for each site; we include both sets here.
--We calculated Top Depth based on layer thicknesses provided in original data. 
--All modeled VS and VP profiles have a halfspace for the bottom-most layer. Therefore Bottom Depth would be ""infinite""."
1906,840RFU,NULL,United States,California,Monterey,Parkfield,-120.257,35.6199,WGS84,634,m,30arc-sec,50,7,"QT","--Original investigators provide two sets of VS/VP profiles and two theorectical dispersion curves for each site; we include both sets here.
--We calculated Top Depth based on layer thicknesses provided in original data. 
--All modeled VS and VP profiles have a halfspace for the bottom-most layer. Therefore Bottom Depth would be ""infinite""."
1907,841KFU,NULL,United States,California,Monterey,Parkfield,-120.2056,35.7153,WGS84,510,m,30arc-sec,20,1,"Kss","--Original investigators provide two sets of VS/VP profiles and two theorectical dispersion curves for each site; we include both sets here.
--We calculated Top Depth based on layer thicknesses provided in original data. 
--All modeled VS and VP profiles have a halfspace for the bottom-most layer. Therefore Bottom Depth would be ""infinite""."
1908,842FFU,NULL,United States,California,Monterey,Parkfield,-120.4873,35.9108,WGS84,553,m,30arc-sec,2,5,"Tv","--Original investigators provide two sets of VS/VP profiles and two theorectical dispersion curves for each site; we include both sets here.
--We calculated Top Depth based on layer thicknesses provided in original data. 
--All modeled VS and VP profiles have a halfspace for the bottom-most layer. Therefore Bottom Depth would be ""infinite""."
1909,843MFU,NULL,United States,California,Monterey,Parkfield,-120.4959,35.9564,WGS84,719,m,30arc-sec,2,1,"Tsh","--Original investigators provide two sets of VS/VP profiles and two theorectical dispersion curves for each site; we include both sets here.
--We calculated Top Depth based on layer thicknesses provided in original data. 
--All modeled VS and VP profiles have a halfspace for the bottom-most layer. Therefore Bottom Depth would be ""infinite""."
1910,844JFU,NULL,United States,California,Monterey,Parkfield,-120.4309,35.939,WGS84,527,m,30arc-sec,2,1,"Tsh","--Original investigators provide two sets of VS/VP profiles and two theorectical dispersion curves for each site; we include both sets here.
--We calculated Top Depth based on layer thicknesses provided in original data. 
--All modeled VS and VP profiles have a halfspace for the bottom-most layer. Therefore Bottom Depth would be ""infinite""."
1911,845VIN,NULL,United States,California,Monterey,Parkfield,-120.51,35.9268,WGS84,586,m,30arc-sec,3,5,"Qal3","--Original investigators provide two sets of VS/VP profiles and two theorectical dispersion curves for each site; we include both sets here.
--We calculated Top Depth based on layer thicknesses provided in original data. 
--All modeled VS and VP profiles have a halfspace for the bottom-most layer. Therefore Bottom Depth would be ""infinite""."
1912,846UPS,NULL,United States,California,Monterey,Parkfield,-120.5001,35.8277,WGS84,540,m,30arc-sec,4,1,"QT","--Original investigators provide two sets of VS/VP profiles and two theorectical dispersion curves for each site; we include both sets here.
--We calculated Top Depth based on layer thicknesses provided in original data. 
--All modeled VS and VP profiles have a halfspace for the bottom-most layer. Therefore Bottom Depth would be ""infinite""."
1913,847WFU,NULL,United States,California,Monterey,Parkfield,-120.5118,35.8145,WGS84,531,m,30arc-sec,35,1,"QT","--Original investigators provide two sets of VS/VP profiles and two theorectical dispersion curves for each site; we include both sets here.
--We calculated Top Depth based on layer thicknesses provided in original data. 
--All modeled VS and VP profiles have a halfspace for the bottom-most layer. Therefore Bottom Depth would be ""infinite""."
1914,848FZ,NULL,United States,California,Monterey,Parkfield,-120.4214,35.8586,WGS84,468,m,30arc-sec,19,7,"QT","--Original investigators provide two sets of VS/VP profiles and two theorectical dispersion curves for each site; we include both sets here.
--We calculated Top Depth based on layer thicknesses provided in original data. 
--All modeled VS and VP profiles have a halfspace for the bottom-most layer. Therefore Bottom Depth would be ""infinite""."
1915,849FZ,NULL,United States,California,Monterey,Parkfield,-120.3958,35.836,WGS84,418,m,30arc-sec,10,3,"Qal3","--Original investigators provide two sets of VS/VP profiles and two theorectical dispersion curves for each site; we include both sets here.
--We calculated Top Depth based on layer thicknesses provided in original data. 
--All modeled VS and VP profiles have a halfspace for the bottom-most layer. Therefore Bottom Depth would be ""infinite""."
1916,850FZ,NULL,United States,California,Monterey,Parkfield,-120.345,35.8019,WGS84,368,m,30arc-sec,17,7,"Qal2","--Original investigators provide two sets of VS/VP profiles and two theorectical dispersion curves for each site; we include both sets here.
--We calculated Top Depth based on layer thicknesses provided in original data. 
--All modeled VS and VP profiles have a halfspace for the bottom-most layer. Therefore Bottom Depth would be ""infinite""."
1917,851SC,NULL,United States,California,Monterey,Parkfield,-120.2713,35.8331,WGS84,526,m,30arc-sec,24,3,"Tsh","--Original investigators provide two sets of VS/VP profiles and two theorectical dispersion curves for each site; we include both sets here.
--We calculated Top Depth based on layer thicknesses provided in original data. 
--All modeled VS and VP profiles have a halfspace for the bottom-most layer. Therefore Bottom Depth would be ""infinite""."
1918,852SC,NULL,United States,California,Monterey,Parkfield,-120.2831,35.8105,WGS84,480,m,30arc-sec,22,7,"Tsh","--Original investigators provide two sets of VS/VP profiles and two theorectical dispersion curves for each site; we include both sets here.
--We calculated Top Depth based on layer thicknesses provided in original data. 
--All modeled VS and VP profiles have a halfspace for the bottom-most layer. Therefore Bottom Depth would be ""infinite""."
1919,853SC,NULL,United States,California,Monterey,Parkfield,-120.2948,35.7878,WGS84,393,m,30arc-sec,5,7,"Qoa","--Original investigators provide two sets of VS/VP profiles and two theorectical dispersion curves for each site; we include both sets here.
--We calculated Top Depth based on layer thicknesses provided in original data. 
--All modeled VS and VP profiles have a halfspace for the bottom-most layer. Therefore Bottom Depth would be ""infinite""."
1920,854GH,NULL,United States,California,Monterey,Parkfield,-120.412,35.7958,WGS84,629,m,30arc-sec,12,5,"QT","--Original investigators provide two sets of VS/VP profiles and two theorectical dispersion curves for each site; we include both sets here.
--We calculated Top Depth based on layer thicknesses provided in original data. 
--All modeled VS and VP profiles have a halfspace for the bottom-most layer. Therefore Bottom Depth would be ""infinite""."
1921,855GH,NULL,United States,California,Monterey,Parkfield,-120.3922,35.8113,WGS84,468,m,30arc-sec,11,3,"Tsh","--Original investigators provide two sets of VS/VP profiles and two theorectical dispersion curves for each site; we include both sets here.
--We calculated Top Depth based on layer thicknesses provided in original data. 
--All modeled VS and VP profiles have a halfspace for the bottom-most layer. Therefore Bottom Depth would be ""infinite""."
1922,856FZ,NULL,United States,California,Monterey,Parkfield,-120.3075,35.7581,WGS84,350,m,30arc-sec,4,3,"Qal1","--Original investigators provide two sets of VS/VP profiles and two theorectical dispersion curves for each site; we include both sets here.
--We calculated Top Depth based on layer thicknesses provided in original data. 
--All modeled VS and VP profiles have a halfspace for the bottom-most layer. Therefore Bottom Depth would be ""infinite""."
1923,857GH,NULL,United States,California,Monterey,Parkfield,-120.3346,35.8695,WGS84,492,m,30arc-sec,44,3,"Qoa","--Original investigators provide two sets of VS/VP profiles and two theorectical dispersion curves for each site; we include both sets here.
--We calculated Top Depth based on layer thicknesses provided in original data. 
--All modeled VS and VP profiles have a halfspace for the bottom-most layer. Therefore Bottom Depth would be ""infinite""."
1924,858GH,NULL,United States,California,Monterey,Parkfield,-120.3485,35.8428,WGS84,429,m,30arc-sec,21,3,"Qal3","--Original investigators provide two sets of VS/VP profiles and two theorectical dispersion curves for each site; we include both sets here.
--We calculated Top Depth based on layer thicknesses provided in original data. 
--All modeled VS and VP profiles have a halfspace for the bottom-most layer. Therefore Bottom Depth would be ""infinite""."
1925,859GFU,NULL,United States,California,Monterey,Parkfield,-120.3477,35.8324,WGS84,429,m,30arc-sec,28,7,"Qoa","--Original investigators provide two sets of VS/VP profiles and two theorectical dispersion curves for each site; we include both sets here.
--We calculated Top Depth based on layer thicknesses provided in original data. 
--All modeled VS and VP profiles have a halfspace for the bottom-most layer. Therefore Bottom Depth would be ""infinite""."
1926,El Portal Elementary School,NULL,United States,California,Contra Costa,San Pablo,-122.3389,37.9689,WGS84,35,m,30arc-sec,1,18,"Qal2",from CGS reports
1927,Quimby Oak Middle School,NULL,United States,California,Santa Clara,San Jose,-121.7862,37.3245,WGS84,60,m,30arc-sec,1,8,"Qal3",from CGS reports
1928,Rocketship Public School Tamien,NULL,United States,California,Santa Clara,San Jose,-121.8843,37.3149,WGS84,31,m,30arc-sec,6,12,"Qal1",from CGS reports
1929,Rocketship Public School Sylvandale,NULL,United States,California,Santa Clara,San Jose,-121.8224,37.2884,WGS84,49,m,30arc-sec,36,16,"Qal2",from CGS reports
1930,Rocketship Public SchoolStory Road,NULL,United States,California,Santa Clara,San Jose,-121.8207,37.3535,WGS84,37,m,30arc-sec,38,8,"Qal2",from CGS reports
1931,Burrell Field and Sports Complex,NULL,United States,California,,San Leandro,-122.163,37.7085,WGS84,10,m,30arc-sec,13,18,"Qal2",from CGS reports
1932,Cedar Grove Elementary School,NULL,United States,California,Santa Clara,San Jose,-121.7933,37.3321,WGS84,44,m,30arc-sec,3,8,"Qal2",from CGS reports
1933,Sandpiper Elementary School,NULL,United States,California,San Mateo,Redwood City,-122.2356,37.5378,WGS84,0,m,30arc-sec,10,18,"af/Qi",from CGS reports
1934,Piedmont Avenue Elementary School,NULL,United States,California,Alameda,Oakland,-122.2479,37.828,WGS84,49,m,30arc-sec,8,18,"Qal3",from CGS reports
1935,Community Day School,NULL,United States,California,Tehama,Red Bluff,-122.2484,40.1827,WGS84,97,m,30arc-sec,24,9,"Tss",from CGS reports
1936,Marsh Junior High School,NULL,United States,California,Butte,Chico,-121.7972,39.7384,WGS84,77,m,30arc-sec,7,16,"Qoa",from CGS reports
1937,Chico Junior High School,NULL,United States,California,Butte,Chico,-121.8403,39.734,WGS84,64,m,30arc-sec,22,16,"Qoa",from CGS reports
1938,Truckee High School,NULL,United States,California,Nevada,Truckee,-120.2117,39.3248,WGS84,1803,m,30arc-sec,22,1,"Qoa",from CGS reports
1939,1511 south jackson street,NULL,United States,California,Tehama,Chico,-122.2369,40.156,WGS84,100,m,30arc-sec,19,7,"Qoa",from CGS reports
1940,Willis Jepson Middle School,NULL,United States,California,Solano,Vacaville,-122.0085,38.3635,WGS84,68,m,30arc-sec,11,3,"Qal2",from CGS reports
1941,William Land Elementary School,NULL,United States,California,Sacramento,Sacramento,-121.4968,38.5671,WGS84,8,m,30arc-sec,12,16,"Qal2",from CGS reports
1942,Truckee Elementary School,NULL,United States,California,Nevada,Truckee,-120.2202,39.325,WGS84,1805,m,30arc-sec,5,1,"Qoa",from CGS reports
1943,\Donner Trail Elementary School,NULL,United States,California,Placer,Kingvale,-120.456,39.316,WGS84,1879,m,30arc-sec,21,1,"Qal3",from CGS reports
1944,Sutter Union High School,NULL,United States,California,Sutter,Sutter,-121.7558,39.165,WGS84,25,m,30arc-sec,6,4,"Qal2",from CGS reports
1945,Maywood Middle School,NULL,United States,California,Tehama,Corning,-122.1702,39.9192,WGS84,83,m,30arc-sec,1,12,"Qal1",from CGS reports
1946,Paradise High School,NULL,United States,California,Butte,Paradise,-121.6138,39.7627,WGS84,573,m,30arc-sec,2,1,"Tv",from CGS reports
1947,Chico High School,NULL,United States,California,Butte,Chico,-121.8504,39.732,WGS84,58,m,30arc-sec,24,16,"Qoa",from CGS reports
1948,Shasta Elementary School,NULL,United States,California,Butte,Chico,-121.8827,39.7804,WGS84,53,m,30arc-sec,84,16,"Qoa",from CGS reports
1949,02-CGS2981_Loma Vista - Marigold ES_HoldregeKull 2017-06-26,NULL,United States,California,Butte,Chico,-121.8139,39.7598,WGS84,77,m,30arc-sec,5,8,"Qoa",from CGS reports
1950,West Los Angeles College,NULL,United States,California,Los Angeles,Los Angeles,-118.3853,34.0042,WGS84,36,m,30arc-sec,12,7,"Qal3",from CGS reports
1951,Lee Vining Elementary School,NULL,United States,California,Mono,Lee Vining,-119.1213,37.9554,WGS84,2085,m,30arc-sec,8,1,"Qal3",from CGS reports
1952,6201 Winnetka Avenue,NULL,United States,California,Los Angeles,Woodland Hills,-118.5773,34.1862,WGS84,239,m,30arc-sec,4,8,"Qal3",from CGS reports
1953,Castaic Area High School,NULL,United States,California,Los Angeles,Castaic,-118.6627,34.494,WGS84,654,m,30arc-sec,1,1,"QT",from CGS reports
1954,Los Angeles Trade Technical College,NULL,United States,California,Los Angeles,Los Angeles,-118.2713,34.0317,WGS84,69,m,30arc-sec,7,8,"Qal2",from CGS reports
1955,Wilson High School,NULL,United States,California,,Long Beach,-118.1409,33.7765,WGS84,17,m,30arc-sec,11,8,"Qal2",from CGS reports
1956,Rowland High School,NULL,United States,California,Los Angeles,Rowland,-117.8841,33.9815,WGS84,167,m,30arc-sec,23,11,"Qal3",from CGS reports
1957,Beverly Hills High School,NULL,United States,California,Los Angeles,Beverly Hills,-118.4111,34.0617,WGS84,88,m,30arc-sec,1,4,"Qal3",from CGS reports
1958,RIO HONDO COMMUNITY COLLEGE,NULL,United States,California,Los Angeles,Whittier,-118.0342,34.0197,WGS84,76,m,30arc-sec,12,12,"Tss",from CGS reports
1959,Chaparral Continuation School,NULL,United States,California,Los Angeles,San Dimas,-117.809,34.118,WGS84,301,m,30arc-sec,16,3,"Qal3",from CGS reports
1960,THOMAS JEFFERSON ELEMENTARY SCHOOL,NULL,United States,California,Los Angeles,Burbank,-118.3207,34.1992,WGS84,204,m,30arc-sec,43,8,"Qal3",from CGS reports
1961,Pasadena High School,NULL,United States,California,Los Angeles,Pasadena,-118.094,34.1616,WGS84,260,m,30arc-sec,2,4,"Qoa",from CGS reports
1962,Ventura County Medical Center,NULL,United States,California,,Ventura,-119.2529,34.2771,WGS84,62,m,30arc-sec,25,1,"Qal3",from CGS reports
1963,Riverside City College,NULL,United States,California,Riverside,Roversode,-117.3812,33.9721,WGS84,261,m,30arc-sec,5,8,"Qal3",from CGS reports
1964,San Bernardino Valley College Campus,NULL,United States,California,San Bernardino,San Bernardino,-117.3094,34.0855,WGS84,322,m,30arc-sec,1,8,"Qoa",from CGS reports
1965,Indio High School,NULL,United States,California,Riverside,Indio,-116.2405,33.7123,WGS84,5,m,30arc-sec,2,11,"Qal2",from CGS reports
1966,Santa Ana College,NULL,United States,California,Orange County,Santa Ana,-117.8881,33.7585,WGS84,37,m,30arc-sec,14,16,"Qal2",from CGS reports
1967,Granite Hills High School,NULL,United States,California,San Diego,El Cajon,-116.9135,32.7992,WGS84,173,m,30arc-sec,7,1,"Qal3",from CGS reports
1968,Rancho Cucamonga High School,NULL,United States,California,San Bernardino,Rancho Cucamonga,-117.5476,34.1321,WGS84,429,m,30arc-sec,10,4,"Qal3",from CGS reports
1969,Perris Union High School District,NULL,United States,California,Riverside,Menifee Area,-117.1222,33.6537,WGS84,442,m,30arc-sec,4,3,"crystalline",from CGS reports
1970,Miramar College,NULL,United States,California,San Diego,San Diego,-117.1184,32.9083,WGS84,146,m,30arc-sec,18,5,"Qoa",from CGS reports
1971,Westminster High School,NULL,United States,California,Orange County,Westminster,-118.0094,33.7522,WGS84,13,m,30arc-sec,12,16,"Qal1",from CGS reports
1972,Santa Ana College,NULL,United States,California,Orange County,Santa Ana,-117.8883,33.7585,WGS84,37,m,30arc-sec,14,16,"Qal2",from CGS reports
1973, PROFESSIONAL MARINER TRAINING CENTER,NULL,United States,California,,Newport Beach,-117.918,33.6167,WGS84,25,m,30arc-sec,8,11,"Qi",from CGS reports
1974,Oroville Hospital,NULL,United States,California,Butte,Oroville,-121.5412,39.5069,WGS84,89,m,30arc-sec,18,5,"Tv",from CGS reports
1975,John Muir Medical Center,NULL,United States,California,Contra Costa,Walnut Creek,-122.0416,37.9129,WGS84,52,m,30arc-sec,9,3,"Tss",from CGS reports
1976,Glenn Medical Center,NULL,United States,California,Glenn,Willows,-122.2081,39.5223,WGS84,42,m,30arc-sec,6,12,"Qal1",from CGS reports
1977,Mercy Hospital Bakersfield,NULL,United States,California,Kern,Bakersfield,-119.0277,35.3723,WGS84,124,m,30arc-sec,20,16,"Qal1",from CGS reports
1978,Madera Community Hospital,NULL,United States,California,Madera,Madera,-120.0448,36.9437,WGS84,84,m,30arc-sec,4,14,"Qoa",from CGS reports
1979,Hoag Memorial Hospital,NULL,United States,California,,Newport Beach,-117.9291,33.6239,WGS84,7,m,30arc-sec,6,15,"Qoa",from CGS reports
1980,Saint Joseph Hospital,NULL,United States,California,Orange County,Orange,-117.8651,33.7817,WGS84,56,m,30arc-sec,1,16,"Qal2",from CGS reports
1981,Saint Jude Medical Center,NULL,United States,California,Orange County,Orange,-117.9265,33.8947,WGS84,90,m,30arc-sec,9,8,"Qoa",from CGS reports
1982,Desert Hospital,NULL,United States,California,Riverside,Palm Springs,-116.5432,33.84,WGS84,160,m,30arc-sec,59,4,"Qal2",from CGS reports
1983,Riverside Community Hospital,NULL,United States,California,Riverside,Riverside,-117.3832,33.9768,WGS84,260,m,30arc-sec,1,4,"Qal3",from CGS reports
1984,Loma Linda University,NULL,United States,California,San Bernardino,Loma Linda,-117.2624,34.0549,WGS84,334,m,30arc-sec,7,8,"Qal3",from CGS reports
1985,Kindred Hospital Ontario,NULL,United States,California,San Bernardino,Ontario,-117.6432,34.0696,WGS84,322,m,30arc-sec,32,8,"Qal2",from CGS reports
1986,San Antonio Community Hospital,NULL,United States,California,San Bernardino,Upland,-117.6359,34.1025,WGS84,397,m,30arc-sec,4,4,"Qal3",from CGS reports
1987,Mills-Peninsula Hospital,NULL,United States,California,San Mateo,Burlingame,-122.3829,37.5932,WGS84,3,m,30arc-sec,19,3,"Qoa",from CGS reports
1988,Washington Hospital Fremont,NULL,United States,California,Alameda,Fremont,-121.9786,37.5566,WGS84,19,m,30arc-sec,26,12,"Qal1",from CGS reports
1989,Los Angeles Community Hospital,NULL,United States,California,Los Angeles,Los Angeles,-118.1867,34.0193,WGS84,63,m,30arc-sec,51,8,"Qal2",from CGS reports
1990,Encino Hospital Medical Center,NULL,United States,California,Los Angeles,Encino,-118.4867,34.158,WGS84,238,m,30arc-sec,16,16,"Qal2",from CGS reports
1991,Glendale Memorial Hospital and Health Center,NULL,United States,California,Los Angeles,Glendale,-118.2576,34.1282,WGS84,147,m,30arc-sec,4,8,"Qoa",from CGS reports
1992,Northridge Hospital Medical Center,NULL,United States,California,Los Angeles,Northridge,-118.5332,34.2205,WGS84,239,m,30arc-sec,23,8,"Qal2",from CGS reports
1993, Rancho Los Amigos National Rehabilitation Center,NULL,United States,California,Los Angeles,Downey,-118.1577,33.9305,WGS84,35,m,30arc-sec,6,12,"Qal1",from CGS reports
1994,Scripps Mercy Hospital,NULL,United States,California,San Diego,Chula Vista,-117.0828,32.6338,WGS84,25,m,30arc-sec,26,18,"Qoa",from CGS reports
1995,12268_SB1953_12268-37_ScrippsChulaVista,NULL,United States,California,San Diego,Chula Vista,-117.0835,32.6332,WGS84,16,m,30arc-sec,34,18,"Qoa",from CGS reports
1996,Childrens Hospital San Diego,NULL,United States,California,San Diego,San Diego,-117.151,32.7972,WGS84,114,m,30arc-sec,8,9,"Qoa",from CGS reports
1997,Mercy Hospital,NULL,United States,California,San Diego,San Diego,-117.1608,32.7518,WGS84,87,m,30arc-sec,1,1,"Qoa",from CGS reports
1998,Scripps Memorial Hospital,NULL,United States,California,San Diego,La Jolla,-117.2242,32.8856,WGS84,91,m,30arc-sec,43,18,"Tss",from CGS reports
1999,Sharp Memorial Hospital,NULL,United States,California,San Diego,San Diego,-117.1546,32.7998,WGS84,114,m,30arc-sec,8,5,"Qoa",from CGS reports
2000,Moffitt Hospital,NULL,United States,California,San Francisco,San Francisco,-122.4578,37.7628,WGS84,129,m,30arc-sec,10,18,"Qs",from CGS reports
2001,Ukiah Valley Medical Center,NULL,United States,California,Mendocino,Ukiah,-123.2035,39.153,WGS84,187,m,30arc-sec,15,3,"Qal2",from CGS reports
2002,Lucile Packard Children's Hospital,NULL,United States,California,Santa Clara,Palo Alto,-122.1741,37.4366,WGS84,25,m,30arc-sec,30,12,"Qal2",from CGS reports
2003,Kaiser Permanente Downey Medical Center,NULL,United States,California,Los Angeles,Downey,-118.129,33.9195,WGS84,35,m,30arc-sec,53,16,"Qal1",from CGS reports
2004,California Pacific Medical Center,NULL,United States,California,San Francisco,San Francisco,-122.422,37.786,WGS84,60,m,30arc-sec,21,3,"Qs",from CGS reports
2005,Palomar Medical Center,NULL,United States,California,San Diego,Escondido,-117.1186,33.1229,WGS84,235,m,30arc-sec,1,7,"crystalline",from CGS reports
2006,Garage Masonic Homes of California,NULL,United States,California,Alameda,Union City,-122.0061,37.5984,WGS84,46,m,30arc-sec,14,4,"Kss",from CGS reports
2007,University Retirement Community of Davis,NULL,United States,California,Yolo,Davis,-121.7743,38.56,WGS84,14,m,30arc-sec,17,16,"Qoa",from CGS reports
2008,Fountain Valley Medical Development Company,NULL,United States,California,Orange County,Fountain Valley,-117.9323,33.7138,WGS84,16,m,30arc-sec,15,16,"Qal1",from CGS reports
2009,BK.KCC,NULL,United States,California,Madera,,-119.32023,37.32578,WGS84,997,m,30arc-sec,2,3,"crystalline",NULL
2010,BK.RAMR,NULL,United States,California,San Luis Obispo,,-120.86956,35.63672,WGS84,439,m,30arc-sec,22,1,"Tsh",NULL
2011,NM.BLO,NULL,United States,Indiana,Monroe,Bloomington,-85.5222,39.1719,WGS84,258,m,30arc-sec,2,9,"",NULL
2012,NM.JCMO,NULL,United States,Missouri,Jefferson,Hillsboro,-90.55847,38.25749,WGS84,223,m,30arc-sec,4,5,"",NULL
2013,NM.PIOH,NULL,United States,Ohio,Miami,Piqua,-84.21151,40.15802,WGS84,289,m,30arc-sec,22,10,"",NULL
2014,PG.DCD,NULL,United States,California,San Luis Obispo,,-120.84669,35.22132,WGS84,237,m,30arc-sec,35,18,"Tsh",NULL
2015,PG.SHD,NULL,United States,California,San Luis Obispo,,-120.76319,35.16898,WGS84,176,m,30arc-sec,7,1,"KJf",NULL
2016,PG.VPD,NULL,United States,California,San Luis Obispo,,-120.86951,35.23979,WGS84,328,m,30arc-sec,27,18,"Tsh",NULL
2017,US.ACSO,NULL,United States,Ohio,Delaware,Delaware,-82.98202,40.23228,WGS84,277,m,30arc-sec,11,14,"",NULL
2018,CE_57195,NULL,United States,California,San Joaquin,,-121.3137,37.9753,WGS84,5,m,30arc-sec,21,16,"Qoa",NULL
2019,CE_57531,NULL,United States,California,Contra Costa,,-121.6957,37.9333,WGS84,24,m,30arc-sec,14,8,"Qal1",NULL
2020,CE_57534,NULL,United States,California,Contra Costa,,-121.6219,37.9119,WGS84,3,m,30arc-sec,27,12,"Qal1",NULL
2021,CE_67265,NULL,United States,California,Sacramento,,-121.7515,38.0377,WGS84,-5,m,30arc-sec,8,8,"Qi",NULL
2022,CE_67266,NULL,United States,California,Contra Costa,,-121.7514,38.0182,WGS84,0,m,30arc-sec,2,12,"af/Qi",NULL
2023,CE_67463,NULL,United States,California,Sacramento,,-121.5103,38.5853,WGS84,7,m,30arc-sec,30,16,"Qal2",NULL
2024,CE_67523,NULL,United States,California,Contra Costa,,-121.7505,38.0184,WGS84,0,m,30arc-sec,2,12,"af/Qi",NULL
2025,CE_67557,NULL,United States,California,Contra Costa,,-121.8149,38.0142,WGS84,11,m,30arc-sec,5,16,"Qoa",NULL
2026,CE_67587,NULL,United States,California,Contra Costa,,-121.8986,38.039,WGS84,2,m,30arc-sec,12,16,"af/Qi",NULL
2027,CE_67910,NULL,United States,California,Sacramento,,-121.752,38.0435,WGS84,-5,m,30arc-sec,79,12,"Qi",NULL
2028,NP_DIX,NULL,United States,California,Solano,,-121.8427,38.377,WGS84,14,m,30arc-sec,3,16,"Qal1",NULL
2029,NP_KIR,NULL,United States,California,San Joaquin,,-121.4581,38.0551,WGS84,-3,m,30arc-sec,33,16,"Qoa",NULL
2030,NP_LVA1,NULL,United States,California,Sacramento,,-121.7647,38.0334,WGS84,-6,m,30arc-sec,13,8,"Qi",NULL
2031,NP_LVA2,NULL,United States,California,Sacramento,,-121.7635,38.0304,WGS84,-1,m,30arc-sec,11,8,"water",NULL
2032,NP_LVA3,NULL,United States,California,Sacramento,,-121.7631,38.0328,WGS84,-1,m,30arc-sec,11,8,"Qi",NULL
2033,NP_LVA4,NULL,United States,California,Sacramento,,-121.7634,38.0335,WGS84,-6,m,30arc-sec,13,8,"Qi",NULL
2034,NP_MCD,NULL,United States,California,San Joaquin,,-121.4736,37.9802,WGS84,-5,m,30arc-sec,2,16,"Qi",NULL
2035,NP_PLA,NULL,United States,California,San Joaquin,,-121.4632,37.7987,WGS84,0,m,30arc-sec,7,16,"Qal1",NULL
2036,NP_SIA,NULL,United States,California,Sacramento,,-121.7368,38.0502,WGS84,-5,m,30arc-sec,80,11,"Qi",NULL
2037,WR_AWTP,NULL,United States,California,Contra Costa,,-121.8097,37.9892,WGS84,33,m,30arc-sec,11,12,"Tss",NULL
2038,WR_CKR,NULL,United States,California,Sacramento,,-121.4921,38.3144,WGS84,1,m,30arc-sec,59,16,"Qs",NULL
2039,WR_CLFN,NULL,United States,California,Contra Costa,,-121.5735,37.857,WGS84,1,m,30arc-sec,5,16,"Qal1",NULL
2040,WR_CLFS,NULL,United States,California,Contra Costa,,-121.5604,37.8273,WGS84,0,m,30arc-sec,40,16,"Qal2",NULL
2041,WR_HOLT,NULL,United States,California,San Joaquin,,-121.4224,37.955,WGS84,-4,m,30arc-sec,63,16,"Qal1",NULL
2042,WR_MIL1,NULL,United States,California,Contra Costa,,-121.6139,37.8057,WGS84,29,m,30arc-sec,6,8,"Qal3",NULL
2043,WR_MOFF,NULL,United States,California,Solano,,-121.885,38.0924,WGS84,0,m,30arc-sec,4,16,"Qi",NULL
2044,WR_MONN,NULL,United States,California,Solano,,-121.8854,38.0928,WGS84,0,m,30arc-sec,4,16,"Qi",NULL
2045,WR_SHER,NULL,United States,California,Sacramento,,-121.7453,38.0305,WGS84,-2,m,30arc-sec,1,8,"Qi",NULL
2046,WR_SIFF,NULL,United States,California,Sacramento,,-121.7453,38.0311,WGS84,-2,m,30arc-sec,1,8,"Qi",NULL
2047,WR_STNI,NULL,United States,California,San Joaquin,,-121.5402,38.1196,WGS84,-5,m,30arc-sec,3,16,"Qi",NULL
2048,YU_HOL1,NULL,United States,California,San Joaquin,,-121.5819,37.9743,WGS84,-3,m,30arc-sec,38,16,"Qi",NULL
2049,YU_HOL2,NULL,United States,California,San Joaquin,,-121.5822,37.9733,WGS84,-3,m,30arc-sec,38,16,"Qi",NULL
2050,YU_HOL3,NULL,United States,California,Contra Costa,,-121.5839,37.9732,WGS84,-5,m,30arc-sec,39,16,"Qi",NULL
2051,H-1,NULL,United States,Kentucky,Mccracken,,-88.8428,37.10176,WGS84,135,m,30arc-sec,7,9,"",Project name: Harris_Paducah
2052,H-2,NULL,United States,Kentucky,Mccracken,,-88.80004,37.11617,WGS84,118,m,30arc-sec,7,18,"",Project name: Harris_Paducah
2053,H-3,NULL,United States,Kentucky,Mccracken,,-88.82374,37.12172,WGS84,113,m,30arc-sec,2,13,"",Project name: Harris_Paducah
2054,H-4,NULL,United States,Kentucky,Mccracken,,-88.8167,37.09683,WGS84,123,m,30arc-sec,5,13,"",Project name: Harris_Paducah
2055,H-5,NULL,United States,Kentucky,Mccracken,,-88.78476,37.0971,WGS84,118,m,30arc-sec,34,13,"",Project name: Harris_Paducah
2056,H-6,NULL,United States,Kentucky,Mccracken,,-88.76535,37.11699,WGS84,114,m,30arc-sec,14,18,"",Project name: Harris_Paducah
2057,H-7,NULL,United States,Kentucky,Mccracken,,-88.76844,37.05582,WGS84,124,m,30arc-sec,4,13,"",Project name: Harris_Paducah
2058,J-3,NULL,United States,Kentucky,Mccracken,,-88.80639,37.13591,WGS84,117,m,30arc-sec,3,18,"",Project name: Harris_Paducah
2059,J-4,NULL,United States,Kentucky,Mccracken,,-88.79077,37.14798,WGS84,108,m,30arc-sec,10,5,"",Project name: Harris_Paducah
2060,J-5,NULL,United States,Kentucky,Mccracken,,-88.76569,37.14442,WGS84,101,m,30arc-sec,20,9,"",Project name: Harris_Paducah
2061,J-6,NULL,United States,Kentucky,Mccracken,,-88.77754,37.13303,WGS84,114,m,30arc-sec,1,5,"",Project name: Harris_Paducah
2062,M-1,NULL,United States,Kentucky,Mccracken,,-88.74114,37.13866,WGS84,94,m,30arc-sec,15,13,"",Project name: Harris_Paducah
2063,M-2,NULL,United States,Kentucky,Mccracken,,-88.68481,37.12645,WGS84,95,m,30arc-sec,3,9,"",Project name: Harris_Paducah
2064,PE-1,NULL,United States,Kentucky,Livingston,,-88.52699,37.04759,WGS84,98,m,30arc-sec,1,13,"",Project name: Harris_Paducah
2065,PE-2,NULL,United States,Kentucky,Mccracken,,-88.59534,37.03237,WGS84,103,m,30arc-sec,17,13,"",Project name: Harris_Paducah
2066,PE-3,NULL,United States,Kentucky,Mccracken,,-88.57456,37.0528,WGS84,105,m,30arc-sec,1,18,"",Project name: Harris_Paducah
2067,PE-4,NULL,United States,Kentucky,Mccracken,,-88.53351,37.01083,WGS84,119,m,30arc-sec,1,9,"",Project name: Harris_Paducah
2068,PE-5,NULL,United States,Kentucky,Mccracken,,-88.61337,37.10012,WGS84,86,m,30arc-sec,6,9,"",Project name: Harris_Paducah
2069,PE-6,NULL,United States,Kentucky,Mccracken,,-88.60255,37.09408,WGS84,100,m,30arc-sec,3,13,"",Project name: Harris_Paducah
2070,PE-7,NULL,United States,Kentucky,Mccracken,,-88.59122,37.0827,WGS84,97,m,30arc-sec,21,9,"",Project name: Harris_Paducah
2071,PE-8,NULL,United States,Kentucky,Mccracken,,-88.6168,37.06693,WGS84,106,m,30arc-sec,13,9,"",Project name: Harris_Paducah
2072,PE-10,NULL,United States,Kentucky,Mccracken,,-88.59156,37.00466,WGS84,102,m,30arc-sec,7,13,"",Project name: Harris_Paducah
2073,PE-11,NULL,United States,Kentucky,Mccracken,,-88.6168,37.01207,WGS84,123,m,30arc-sec,15,5,"",Project name: Harris_Paducah
2074,PW-1,NULL,United States,Kentucky,Mccracken,,-88.65699,37.09203,WGS84,110,m,30arc-sec,3,9,"",Project name: Harris_Paducah
2075,PW-2,NULL,United States,Kentucky,Mccracken,,-88.73513,37.08928,WGS84,106,m,30arc-sec,2,18,"",Project name: Harris_Paducah
2076,PW-3,NULL,United States,Kentucky,Mccracken,,-88.68447,37.07571,WGS84,115,m,30arc-sec,25,18,"",Project name: Harris_Paducah
2077,PW-4,NULL,United States,Kentucky,Mccracken,,-88.66231,37.08627,WGS84,107,m,30arc-sec,2,9,"",Project name: Harris_Paducah
2078,PW-5,NULL,United States,Kentucky,Mccracken,,-88.63209,37.1089,WGS84,89,m,30arc-sec,12,9,"",Project name: Harris_Paducah
2079,PW-6,NULL,United States,Kentucky,Mccracken,,-88.67794,37.09354,WGS84,113,m,30arc-sec,2,18,"",Project name: Harris_Paducah
2080,PW-7,NULL,United States,Kentucky,Mccracken,,-88.6654,37.09628,WGS84,110,m,30arc-sec,22,9,"",Project name: Harris_Paducah
2081,PW-8,NULL,United States,Kentucky,Mccracken,,-88.63587,37.08682,WGS84,107,m,30arc-sec,49,9,"",Project name: Harris_Paducah
2082,PW-9,NULL,United States,Kentucky,Mccracken,,-88.663,37.05747,WGS84,134,m,30arc-sec,8,9,"",Project name: Harris_Paducah
2083,PW-10,NULL,United States,Kentucky,Mccracken,,-88.64978,37.03977,WGS84,142,m,30arc-sec,13,6,"",Project name: Harris_Paducah
2084,PW-11,NULL,United States,Kentucky,Mccracken,,-88.67519,37.06419,WGS84,126,m,30arc-sec,15,13,"",Project name: Harris_Paducah
2085,PW-12,NULL,United States,Kentucky,Mccracken,,-88.62865,37.02565,WGS84,114,m,30arc-sec,45,5,"",Project name: Harris_Paducah
2086,PW-13,NULL,United States,Kentucky,Mccracken,,-88.64943,37.07022,WGS84,120,m,30arc-sec,21,18,"",Project name: Harris_Paducah
2087,PW-14,NULL,United States,Kentucky,Mccracken,,-88.65819,37.11699,WGS84,88,m,30arc-sec,20,9,"",Project name: Harris_Paducah
2088,E-01,NULL,United States,Kentucky,Henderson,,-87.545,37.876,WGS84,158,m,30arc-sec,9,16,"",Project name: Higgins_Henderson
2089,E-02,NULL,United States,Kentucky,Henderson,,-87.548,37.883,WGS84,158,m,30arc-sec,9,16,"",Project name: Higgins_Henderson
2090,E-03,NULL,United States,Kentucky,Henderson,,-87.57,37.884,WGS84,110,m,30arc-sec,3,15,"",Project name: Higgins_Henderson
2091,H-01,NULL,United States,Kentucky,Henderson,,-87.516,37.829,WGS84,127,m,30arc-sec,32,12,"",Project name: Higgins_Henderson
2092,H-02,NULL,United States,Kentucky,Henderson,,-87.541,37.85,WGS84,117,m,30arc-sec,4,8,"",Project name: Higgins_Henderson
2093,H-03,NULL,United States,Kentucky,Henderson,,-87.554,37.808,WGS84,123,m,30arc-sec,4,12,"",Project name: Higgins_Henderson
2094,H-04,NULL,United States,Kentucky,Henderson,,-87.562,37.844,WGS84,115,m,30arc-sec,13,8,"",Project name: Higgins_Henderson
2095,H-05,NULL,United States,Kentucky,Henderson,,-87.568,37.821,WGS84,116,m,30arc-sec,25,8,"",Project name: Higgins_Henderson
2096,H-06,NULL,United States,Kentucky,Henderson,,-87.568,37.835,WGS84,117,m,30arc-sec,24,16,"",Project name: Higgins_Henderson
2097,H-07,NULL,United States,Kentucky,Henderson,,-87.57,37.83,WGS84,118,m,30arc-sec,2,12,"",Project name: Higgins_Henderson
2098,H-08,NULL,United States,Kentucky,Henderson,,-87.571,37.853,WGS84,128,m,30arc-sec,9,16,"",Project name: Higgins_Henderson
2099,H-09,NULL,United States,Kentucky,Henderson,,-87.581,37.812,WGS84,116,m,30arc-sec,1,12,"",Project name: Higgins_Henderson
2100,H-10,NULL,United States,Kentucky,Henderson,,-87.588,37.834,WGS84,123,m,30arc-sec,28,14,"",Project name: Higgins_Henderson
2101,H-11,NULL,United States,Kentucky,Henderson,,-87.591,37.797,WGS84,115,m,30arc-sec,1,12,"",Project name: Higgins_Henderson
2102,H-12,NULL,United States,Kentucky,Henderson,,-87.592,37.786,WGS84,114,m,30arc-sec,2,12,"",Project name: Higgins_Henderson
2103,H-13,NULL,United States,Kentucky,Henderson,,-87.594,37.841,WGS84,121,m,30arc-sec,3,14,"",Project name: Higgins_Henderson
2104,H-14,NULL,United States,Kentucky,Henderson,,-87.594,37.825,WGS84,119,m,30arc-sec,3,16,"",Project name: Higgins_Henderson
2105,H-15,NULL,United States,Kentucky,Henderson,,-87.601,37.822,WGS84,119,m,30arc-sec,3,16,"",Project name: Higgins_Henderson
2106,H-16,NULL,United States,Kentucky,Henderson,,-87.607,37.814,WGS84,118,m,30arc-sec,14,16,"",Project name: Higgins_Henderson
2107,H-17,NULL,United States,Kentucky,Henderson,,-87.612,37.806,WGS84,115,m,30arc-sec,13,16,"",Project name: Higgins_Henderson
2108,H-18,NULL,United States,Kentucky,Henderson,,-87.612,37.779,WGS84,122,m,30arc-sec,1,14,"",Project name: Higgins_Henderson
2109,H-19,NULL,United States,Kentucky,Henderson,,-87.62,37.817,WGS84,114,m,30arc-sec,27,14,"",Project name: Higgins_Henderson
2110,W-01,NULL,United States,Kentucky,Henderson,,-87.629,37.804,WGS84,116,m,30arc-sec,26,14,"",Project name: Higgins_Henderson
2111,W-02,NULL,United States,Kentucky,Henderson,,-87.642,37.795,WGS84,119,m,30arc-sec,15,14,"",Project name: Higgins_Henderson
2112,W-03,NULL,United States,Kentucky,Henderson,,-87.656,37.806,WGS84,117,m,30arc-sec,7,14,"",Project name: Higgins_Henderson
2113,W-04,NULL,United States,Kentucky,Henderson,,-87.674,37.814,WGS84,118,m,30arc-sec,30,18,"",Project name: Higgins_Henderson
2499,Memphis 3,NULL,United States,Tennessee,Shelby,,-90.05,35.32,WGS84,108,m,30arc-sec,19,9,"",Project name: Wood Memphis
2500,Memphis 4,NULL,United States,Tennessee,Shelby,,-90.049,35.284,WGS84,98,m,30arc-sec,16,5,"",Project name: Wood Memphis
2501,Memphis 5,NULL,United States,Tennessee,Shelby,,-89.954,35.338,WGS84,78,m,30arc-sec,10,5,"",Project name: Wood Memphis
2502,Memphis 6,NULL,United States,Tennessee,Shelby,,-89.942,35.279,WGS84,74,m,30arc-sec,3,9,"",Project name: Wood Memphis
2503,Memphis 7,NULL,United States,Tennessee,Shelby,,-89.89,35.333,WGS84,80,m,30arc-sec,15,13,"",Project name: Wood Memphis
2504,Memphis 8,NULL,United States,Tennessee,Shelby,,-89.846,35.293,WGS84,84,m,30arc-sec,3,15,"",Project name: Wood Memphis
2505,Memphis 9,NULL,United States,Tennessee,Shelby,,-89.762,35.286,WGS84,79,m,30arc-sec,12,13,"",Project name: Wood Memphis
2506,Memphis 10,NULL,United States,Tennessee,Shelby,,-89.667,35.321,WGS84,83,m,30arc-sec,1,5,"",Project name: Wood Memphis
2507,Memphis 11,NULL,United States,Arkansas,Crittenden,,-90.219,35.195,WGS84,66,m,30arc-sec,1,16,"",Project name: Wood Memphis
2508,Memphis 12,NULL,United States,Arkansas,Crittenden,,-90.23,35.193,WGS84,66,m,30arc-sec,2,16,"",Project name: Wood Memphis
2509,Memphis 13,NULL,United States,Arkansas,Crittenden,,-90.115,35.24,WGS84,69,m,30arc-sec,7,16,"",Project name: Wood Memphis
2510,Memphis 14,NULL,United States,Arkansas,Crittenden,,-90.103,35.145,WGS84,63,m,30arc-sec,27,13,"",Project name: Wood Memphis
2511,Memphis 15,NULL,United States,Tennessee,Shelby,,-90.057,35.156,WGS84,69,m,30arc-sec,5,9,"",Project name: Wood Memphis
2512,Memphis 16,NULL,United States,Tennessee,Shelby,,-90.013,35.241,WGS84,74,m,30arc-sec,15,9,"",Project name: Wood Memphis
2513,Memphis 17,NULL,United States,Tennessee,Shelby,,-89.986,35.196,WGS84,72,m,30arc-sec,3,11,"",Project name: Wood Memphis
2514,Memphis 18,NULL,United States,Tennessee,Shelby,,-89.969,35.22,WGS84,99,m,30arc-sec,8,11,"",Project name: Wood Memphis
2515,Memphis 19,NULL,United States,Tennessee,Shelby,,-89.92,35.161,WGS84,80,m,30arc-sec,1,11,"",Project name: Wood Memphis
2516,Memphis 20,NULL,United States,Tennessee,Shelby,,-89.909,35.192,WGS84,80,m,30arc-sec,15,11,"",Project name: Wood Memphis
2517,Memphis 21,NULL,United States,Tennessee,Shelby,,-89.87,35.188,WGS84,90,m,30arc-sec,8,11,"",Project name: Wood Memphis
2518,Memphis 22,NULL,United States,Tennessee,Shelby,,-89.856,35.169,WGS84,80,m,30arc-sec,3,11,"",Project name: Wood Memphis
2519,Memphis 23,NULL,United States,Tennessee,Shelby,,-89.849,35.158,WGS84,94,m,30arc-sec,5,9,"",Project name: Wood Memphis
2520,Memphis 24,NULL,United States,Tennessee,Shelby,,-89.812,35.132,WGS84,81,m,30arc-sec,4,9,"",Project name: Wood Memphis
2521,Memphis 25,NULL,United States,Tennessee,Shelby,,-89.8,35.209,WGS84,97,m,30arc-sec,5,9,"",Project name: Wood Memphis
2522,Memphis 26,NULL,United States,Tennessee,Shelby,,-89.755,35.167,WGS84,99,m,30arc-sec,6,9,"",Project name: Wood Memphis
2523,Memphis 27,NULL,United States,Tennessee,Shelby,,-89.766,35.248,WGS84,97,m,30arc-sec,3,9,"",Project name: Wood Memphis
2524,Memphis 28,NULL,United States,Tennessee,Shelby,,-89.65,35.201,WGS84,108,m,30arc-sec,8,5,"",Project name: Wood Memphis
2525,Memphis 29,NULL,United States,Arkansas,Crittenden,,-90.338,35.029,WGS84,60,m,30arc-sec,1,16,"",Project name: Wood Memphis
2526,Memphis 30,NULL,United States,Arkansas,Crittenden,,-90.227,35.081,WGS84,63,m,30arc-sec,62,16,"",Project name: Wood Memphis
2527,Memphis 31,NULL,United States,Tennessee,Shelby,,-90.113,35.005,WGS84,72,m,30arc-sec,1,9,"",Project name: Wood Memphis
2528,Memphis 32,NULL,United States,Tennessee,Shelby,,-90.068,35.034,WGS84,81,m,30arc-sec,7,13,"",Project name: Wood Memphis
2529,Memphis 33,NULL,United States,Tennessee,Shelby,,-90.002,35.058,WGS84,76,m,30arc-sec,7,9,"",Project name: Wood Memphis
2530,Memphis 34,NULL,United States,Tennessee,Shelby,,-89.983,35.125,WGS84,94,m,30arc-sec,4,9,"",Project name: Wood Memphis
2531,Memphis 35,NULL,United States,Tennessee,Shelby,,-89.966,35.035,WGS84,94,m,30arc-sec,2,9,"",Project name: Wood Memphis
2532,Memphis 36,NULL,United States,Tennessee,Shelby,,-89.91,35.05,WGS84,89,m,30arc-sec,35,9,"",Project name: Wood Memphis
2533,Memphis 37,NULL,United States,Tennessee,Shelby,,-89.904,35.083,WGS84,82,m,30arc-sec,19,15,"",Project name: Wood Memphis
2534,Memphis 38,NULL,United States,Tennessee,Shelby,,-89.884,35.023,WGS84,94,m,30arc-sec,35,9,"",Project name: Wood Memphis
2535,Memphis 39,NULL,United States,Tennessee,Shelby,,-89.857,35.076,WGS84,89,m,30arc-sec,2,9,"",Project name: Wood Memphis
2536,Memphis 40,NULL,United States,Tennessee,Shelby,,-89.834,35.061,WGS84,87,m,30arc-sec,13,13,"",Project name: Wood Memphis
2537,Memphis 41,NULL,United States,Tennessee,Shelby,,-89.903,35.079,WGS84,82,m,30arc-sec,19,15,"",Project name: Wood Memphis
2538,Memphis 42,NULL,United States,Tennessee,Shelby,,-89.796,35.042,WGS84,100,m,30arc-sec,7,9,"",Project name: Wood Memphis
2539,Memphis 43,NULL,United States,Tennessee,Shelby,,-89.763,35.031,WGS84,95,m,30arc-sec,3,13,"",Project name: Wood Memphis
2540,Memphis 44,NULL,United States,Tennessee,Shelby,,-89.655,35.19,WGS84,108,m,30arc-sec,1,13,"",Project name: Wood Memphis
2541,Memphis 45,NULL,United States,Tennessee,Shelby,,-89.652,35.02,WGS84,119,m,30arc-sec,5,5,"",Project name: Wood Memphis
2542,Memphis 46,NULL,United States,Mississippi,De Soto,,-90.185,34.958,WGS84,63,m,30arc-sec,4,13,"",Project name: Wood Memphis
2543,Memphis 47,NULL,United States,Mississippi,De Soto,,-90.167,34.894,WGS84,61,m,30arc-sec,4,13,"",Project name: Wood Memphis
2544,Memphis 48,NULL,United States,Mississippi,De Soto,,-90.118,34.977,WGS84,92,m,30arc-sec,2,5,"",Project name: Wood Memphis
2545,Memphis 49,NULL,United States,Mississippi,De Soto,,-90.009,34.961,WGS84,81,m,30arc-sec,33,13,"",Project name: Wood Memphis
2546,Memphis 50,NULL,United States,Mississippi,De Soto,,-89.958,34.94,WGS84,112,m,30arc-sec,5,5,"",Project name: Wood Memphis
2547,Memphis 51,NULL,United States,Mississippi,De Soto,,-90.118,34.971,WGS84,92,m,30arc-sec,8,5,"",Project name: Wood Memphis
2548,Memphis 52,NULL,United States,Mississippi,De Soto,,-89.854,34.991,WGS84,112,m,30arc-sec,4,9,"",Project name: Wood Memphis
2549,Memphis 53,NULL,United States,Mississippi,De Soto,,-89.856,34.959,WGS84,101,m,30arc-sec,3,9,"",Project name: Wood Memphis
2550,Memphis 54,NULL,United States,Mississippi,De Soto,,-89.835,34.957,WGS84,119,m,30arc-sec,1,9,"",Project name: Wood Memphis
2551,Memphis 55,NULL,United States,Mississippi,De Soto,,-89.799,34.984,WGS84,121,m,30arc-sec,7,9,"",Project name: Wood Memphis
2552,Memphis 56,NULL,United States,Mississippi,De Soto,,-89.795,34.9,WGS84,93,m,30arc-sec,7,9,"",Project name: Wood Memphis
2553,Memphis 57,NULL,United States,Mississippi,Tunica,,-90.334,34.828,WGS84,61,m,30arc-sec,2,16,"",Project name: Wood Memphis
2554,Memphis 58,NULL,United States,Mississippi,Tunica,,-90.293,34.847,WGS84,63,m,30arc-sec,5,12,"",Project name: Wood Memphis
2555,Memphis 59,NULL,United States,Mississippi,Tunica,,-90.234,34.822,WGS84,58,m,30arc-sec,2,16,"",Project name: Wood Memphis
2556,Memphis 60,NULL,United States,Mississippi,Tunica,,-90.227,34.847,WGS84,59,m,30arc-sec,1,16,"",Project name: Wood Memphis
2557,Memphis 61,NULL,United States,Mississippi,De Soto,,-90.203,34.861,WGS84,59,m,30arc-sec,54,13,"",Project name: Wood Memphis
2558,Memphis 62,NULL,United States,Mississippi,De Soto,,-90.149,34.803,WGS84,77,m,30arc-sec,20,13,"",Project name: Wood Memphis
2559,Memphis 63,NULL,United States,Mississippi,De Soto,,-90.085,34.83,WGS84,70,m,30arc-sec,6,9,"",Project name: Wood Memphis
2560,Wabash Valley 1,NULL,United States,Illinois,Gallatin,,-88.337,37.746,WGS84,112,m,30arc-sec,17,15,"",Project name: Woolery Wabash Valley
2561,Wabash Valley 2,NULL,United States,Illinois,Gallatin,,-88.36,37.751,WGS84,121,m,30arc-sec,8,15,"",Project name: Woolery Wabash Valley
2562,Wabash Valley 3,NULL,United States,Illinois,Gallatin,,-88.36,37.755,WGS84,121,m,30arc-sec,8,15,"",Project name: Woolery Wabash Valley
2563,Wabash Valley 4,NULL,United States,Illinois,Gallatin,,-88.36,37.755,WGS84,121,m,30arc-sec,8,15,"",Project name: Woolery Wabash Valley
2564,Wabash Valley 5,NULL,United States,Illinois,Gallatin,,-88.377,37.758,WGS84,114,m,30arc-sec,2,11,"",Project name: Woolery Wabash Valley
2565,Wabash Valley 6,NULL,United States,Illinois,Gallatin,,-88.377,37.758,WGS84,114,m,30arc-sec,2,11,"",Project name: Woolery Wabash Valley
2566,Wabash Valley 7,NULL,United States,Illinois,Saline,,-88.379,37.759,WGS84,116,m,30arc-sec,51,11,"",Project name: Woolery Wabash Valley
2567,Wabash Valley 10,NULL,United States,Illinois,Williamson,,-89.125,37.788,WGS84,129,m,30arc-sec,2,15,"",Project name: Woolery Wabash Valley
2568,Wabash Valley 11,NULL,United States,Illinois,Williamson,,-89.13,37.788,WGS84,126,m,30arc-sec,5,15,"",Project name: Woolery Wabash Valley
2569,Wabash Valley 12,NULL,United States,Indiana,Warrick,,-87.358,38.128,WGS84,153,m,30arc-sec,2,11,"",Project name: Woolery Wabash Valley
2570,Wabash Valley 13,NULL,United States,Indiana,Warrick,,-87.356,38.12,WGS84,143,m,30arc-sec,5,11,"",Project name: Woolery Wabash Valley
2571,Wabash Valley 14,NULL,United States,Indiana,Gibson,,-87.391,38.226,WGS84,140,m,30arc-sec,1,11,"",Project name: Woolery Wabash Valley
2572,Wabash Valley 15,NULL,United States,Indiana,Gibson,,-87.391,38.226,WGS84,140,m,30arc-sec,1,11,"",Project name: Woolery Wabash Valley
2573,Wabash Valley 16,NULL,United States,Indiana,Warrick,,-87.281,38.09,WGS84,142,m,30arc-sec,8,9,"",Project name: Woolery Wabash Valley
2574,Wabash Valley 20,NULL,United States,Indiana,Gibson,,-87.35,38.253,WGS84,142,m,30arc-sec,12,11,"",Project name: Woolery Wabash Valley
2575,Wabash Valley 21,NULL,United States,Indiana,Gibson,,-87.365,38.363,WGS84,134,m,30arc-sec,2,7,"",Project name: Woolery Wabash Valley
2576,Wabash Valley 22,NULL,United States,Indiana,Gibson,,-87.455,38.335,WGS84,135,m,30arc-sec,37,11,"",Project name: Woolery Wabash Valley
2577,Wabash Valley 25,NULL,United States,Indiana,Gibson,,-87.363,38.284,WGS84,151,m,30arc-sec,8,11,"",Project name: Woolery Wabash Valley
2578,Wabash Valley 26,NULL,United States,Indiana,Gibson,,-87.445,38.336,WGS84,131,m,30arc-sec,2,15,"",Project name: Woolery Wabash Valley
2579,Wabash Valley 30,NULL,United States,Indiana,Gibson,,-87.35,38.304,WGS84,148,m,30arc-sec,21,11,"",Project name: Woolery Wabash Valley
2580,Wabash Valley 31,NULL,United States,Indiana,Gibson,,-87.341,38.337,WGS84,134,m,30arc-sec,1,15,"",Project name: Woolery Wabash Valley
2581,Wabash Valley 32,NULL,United States,Indiana,Pike,,-87.293,38.353,WGS84,148,m,30arc-sec,1,9,"",Project name: Woolery Wabash Valley
2582,Wabash Valley 33,NULL,United States,Indiana,Pike,,-87.282,38.352,WGS84,147,m,30arc-sec,20,9,"",Project name: Woolery Wabash Valley
2583,Wabash Valley 34,NULL,United States,Indiana,Pike,,-87.275,38.352,WGS84,154,m,30arc-sec,5,9,"",Project name: Woolery Wabash Valley
2584,Wabash Valley 35,NULL,United States,Indiana,Pike,,-87.278,38.353,WGS84,147,m,30arc-sec,20,9,"",Project name: Woolery Wabash Valley
2585,Wabash Valley 36,NULL,United States,Indiana,Pike,,-87.275,38.352,WGS84,154,m,30arc-sec,5,9,"",Project name: Woolery Wabash Valley
2586,Wabash Valley 37,NULL,United States,Indiana,Spencer,,-86.945,38.167,WGS84,156,m,30arc-sec,7,13,"",Project name: Woolery Wabash Valley
2587,Wabash Valley 38,NULL,United States,Indiana,Posey,,-87.708,37.926,WGS84,136,m,30arc-sec,1,7,"",Project name: Woolery Wabash Valley
2588,Wabash Valley 39,NULL,United States,Indiana,Knox,,-87.435,38.765,WGS84,140,m,30arc-sec,54,9,"",Project name: Woolery Wabash Valley
2589,Wabash Valley 41,NULL,United States,Indiana,Knox,,-87.473,38.801,WGS84,142,m,30arc-sec,9,15,"",Project name: Woolery Wabash Valley
2590,Wabash Valley 42,NULL,United States,Indiana,Daviess,,-87.011,38.605,WGS84,186,m,30arc-sec,25,11,"",Project name: Woolery Wabash Valley
2591,LOU01,NULL,United States,Kentucky,Jefferson,,-85.638,38.245,WGS84,164,m,30arc-sec,18,9,"",Project name: Z Wang Louisville
2592,LOU02,NULL,United States,Kentucky,Jefferson,,-85.687,38.287,WGS84,133,m,30arc-sec,11,9,"",Project name: Z Wang Louisville
2593,LOU03,NULL,United States,Kentucky,Jefferson,,-85.633,38.36,WGS84,133,m,30arc-sec,17,5,"",Project name: Z Wang Louisville
2594,LOU04,NULL,United States,Kentucky,Jefferson,,-85.643,38.313,WGS84,153,m,30arc-sec,2,5,"",Project name: Z Wang Louisville
2595,LOU05,NULL,United States,Kentucky,Jefferson,,-85.722,38.268,WGS84,133,m,30arc-sec,1,9,"",Project name: Z Wang Louisville
2596,LOU06,NULL,United States,Kentucky,Jefferson,,-85.74,38.238,WGS84,141,m,30arc-sec,6,9,"",Project name: Z Wang Louisville
2597,LOU07,NULL,United States,Kentucky,Jefferson,,-85.703,38.162,WGS84,142,m,30arc-sec,17,15,"",Project name: Z Wang Louisville
2598,LOU08,NULL,United States,Kentucky,Jefferson,,-85.67,38.181,WGS84,147,m,30arc-sec,10,9,"",Project name: Z Wang Louisville
2599,LOU09,NULL,United States,Kentucky,Jefferson,,-85.83,38.261,WGS84,140,m,30arc-sec,7,5,"",Project name: Z Wang Louisville
2600,LOU10,NULL,United States,Kentucky,Jefferson,,-85.781,38.24,WGS84,140,m,30arc-sec,31,13,"",Project name: Z Wang Louisville
2601,LOU11,NULL,United States,Kentucky,Jefferson,,-85.825,38.245,WGS84,140,m,30arc-sec,14,5,"",Project name: Z Wang Louisville
2602,LOU12,NULL,United States,Kentucky,Jefferson,,-85.86,38.183,WGS84,136,m,30arc-sec,4,5,"",Project name: Z Wang Louisville
2603,LOU13,NULL,United States,Kentucky,Jefferson,,-85.895,38.155,WGS84,135,m,30arc-sec,33,1,"",Project name: Z Wang Louisville
2604,LOU14,NULL,United States,Kentucky,Jefferson,,-85.777,38.213,WGS84,141,m,30arc-sec,24,13,"",Project name: Z Wang Louisville
2605,LOU15,NULL,United States,Kentucky,Jefferson,,-85.82,38.198,WGS84,139,m,30arc-sec,29,13,"",Project name: Z Wang Louisville
2606,Middlesburg,NULL,United States,Tennessee,Hardeman,,-89.118,35.127,WGS84,167,m,30arc-sec,21,13,"",Project name: Street Tennessee
2607,Hickory Valley,NULL,United States,Tennessee,Fayette,,-89.193,35.209,WGS84,162,m,30arc-sec,17,9,"",Project name: Street Tennessee
2608,Sommerville,NULL,United States,Tennessee,Fayette,,-89.316,35.197,WGS84,123,m,30arc-sec,7,5,"",Project name: Street Tennessee
2609,Macon,NULL,United States,Tennessee,Fayette,,-89.417,35.242,WGS84,123,m,30arc-sec,23,9,"",Project name: Street Tennessee
2610,Bells,NULL,United States,Tennessee,Crockett,,-89.109,35.73,WGS84,101,m,30arc-sec,45,11,"",Project name: Street Tennessee
2611,Maury City,NULL,United States,Tennessee,Crockett,,-89.238,35.847,WGS84,97,m,30arc-sec,9,11,"",Project name: Street Tennessee
2612,Stanton,NULL,United States,Tennessee,Haywood,,-89.384,35.44,WGS84,93,m,30arc-sec,1,11,"",Project name: Street Tennessee
2613,Lambert,NULL,United States,Tennessee,Fayette,,-89.417,35.321,WGS84,114,m,30arc-sec,7,15,"",Project name: Street Tennessee
2614,Hillville,NULL,United States,Tennessee,Hardeman,,-89.165,35.43,WGS84,118,m,30arc-sec,9,9,"",Project name: Street Tennessee
2615,Whiteville,NULL,United States,Tennessee,Hardeman,,-89.161,35.311,WGS84,155,m,30arc-sec,41,9,"",Project name: Street Tennessee
2616,Hebron,NULL,United States,Tennessee,Hardeman,,-88.952,35.146,WGS84,129,m,30arc-sec,4,9,"",Project name: Street Tennessee
2617,Bolivar East,NULL,United States,Tennessee,Hardeman,,-88.93,35.336,WGS84,151,m,30arc-sec,12,9,"",Project name: Street Tennessee
2618,Teague,NULL,United States,Tennessee,Hardeman,,-88.918,35.417,WGS84,129,m,30arc-sec,11,9,"",Project name: Street Tennessee
2619,Rockport Ferry Rd,NULL,United States,Kentucky,Daviess,,-87.026433,37.878441,WGS84,114,m,30arc-sec,23,13,"",Project name: Drew KGS H-O
2620,KY657,NULL,United States,Kentucky,Hancock,,-86.902033,37.897614,WGS84,123,m,30arc-sec,2,13,"",Project name: Drew KGS H-O
2621,Fallin Ln,NULL,United States,Kentucky,Hancock,,-86.90092,37.924566,WGS84,118,m,30arc-sec,4,9,"",Project name: Drew KGS H-O
2622,Hayden Br Rd,NULL,United States,Kentucky,Daviess,,-87.238008,37.743504,WGS84,119,m,30arc-sec,21,13,"",Project name: Drew KGS H-O
2623,Hayden Br Rd,NULL,United States,Kentucky,Daviess,,-87.238468,37.742359,WGS84,119,m,30arc-sec,21,13,"",Project name: Drew KGS H-O
2624,Keach Farm,NULL,United States,Kentucky,Henderson,,-87.667513,37.803584,WGS84,116,m,30arc-sec,7,14,"",Project name: Drew KGS H-O
2625,Keach Farm,NULL,United States,Kentucky,Henderson,,-87.668434,37.802567,WGS84,116,m,30arc-sec,7,14,"",Project name: Drew KGS H-O
2626,Clay Cemetery,NULL,United States,Kentucky,Henderson,,-87.707351,37.820452,WGS84,118,m,30arc-sec,16,16,"",Project name: Drew KGS H-O
2627,West Franklin Rd,NULL,United States,Kentucky,Henderson,,-87.702038,37.871818,WGS84,108,m,30arc-sec,18,12,"",Project name: Drew KGS H-O
2628,Little Hurricane,NULL,United States,Kentucky,Daviess,,-87.154805,37.811213,WGS84,115,m,30arc-sec,12,9,"",Project name: Drew KGS H-O
2629,Fields Rd,NULL,United States,Kentucky,Daviess,,-87.021387,37.752989,WGS84,121,m,30arc-sec,38,13,"",Project name: Drew KGS H-O
2630,Fields Rd,NULL,United States,Kentucky,Daviess,,-87.019218,37.752393,WGS84,121,m,30arc-sec,38,13,"",Project name: Drew KGS H-O
2631,Fields Rd,NULL,United States,Kentucky,Daviess,,-87.017146,37.751822,WGS84,121,m,30arc-sec,38,13,"",Project name: Drew KGS H-O
2632,Fields Rd,NULL,United States,Kentucky,Daviess,,-87.015,37.751226,WGS84,122,m,30arc-sec,17,13,"",Project name: Drew KGS H-O
2633,Iglehart Rd,NULL,United States,Kentucky,Daviess,,-87.100411,37.65098,WGS84,116,m,30arc-sec,9,15,"",Project name: Drew KGS H-O
2634,Burns Rd,NULL,United States,Kentucky,Daviess,,-87.158309,37.653793,WGS84,115,m,30arc-sec,4,15,"",Project name: Drew KGS H-O
2635,Burns Rd,NULL,United States,Kentucky,Daviess,,-87.157807,37.653901,WGS84,115,m,30arc-sec,4,15,"",Project name: Drew KGS H-O
2636,East Pettit Rd,NULL,United States,Kentucky,Daviess,,-87.100775,37.678852,WGS84,116,m,30arc-sec,9,15,"",Project name: Drew KGS H-O
2637,East Pettit Rd,NULL,United States,Kentucky,Daviess,,-87.100718,37.679281,WGS84,116,m,30arc-sec,9,15,"",Project name: Drew KGS H-O
2638,Knox Ln,NULL,United States,Kentucky,Hancock,,-86.927706,37.924931,WGS84,118,m,30arc-sec,11,9,"",Project name: Drew KGS H-O
2639,Knox Ln,NULL,United States,Kentucky,Hancock,,-86.927931,37.925515,WGS84,116,m,30arc-sec,5,9,"",Project name: Drew KGS H-O
2640,John Pate Rd,NULL,United States,Kentucky,Hancock,,-86.848108,37.926425,WGS84,128,m,30arc-sec,1,18,"",Project name: Drew KGS H-O
2641,John Pate Rd,NULL,United States,Kentucky,Hancock,,-86.847417,37.925788,WGS84,128,m,30arc-sec,1,18,"",Project name: Drew KGS H-O
2642,KY334,NULL,United States,Kentucky,Hancock,,-86.774264,37.925542,WGS84,115,m,30arc-sec,28,9,"",Project name: Drew KGS H-O
2643,Medley Road,NULL,United States,Kentucky,Daviess,,-87.172353,37.792983,WGS84,154,m,30arc-sec,10,18,"",Project name: Drew
2644,Katie Meadow Slough,NULL,United States,Kentucky,Daviess,,-87.248976,37.775393,WGS84,113,m,30arc-sec,1,13,"",Project name: Drew
2645,Fifth Street High,NULL,United States,Kentucky,Daviess,,-87.218173,37.76999,WGS84,119,m,30arc-sec,5,13,"",Project name: Drew
2646,Lydanne Bridge Road,NULL,United States,Kentucky,Daviess,,-87.213172,37.759957,WGS84,120,m,30arc-sec,22,13,"",Project name: Drew
2647,Worthington Road,NULL,United States,Kentucky,Daviess,,-87.179507,37.760368,WGS84,121,m,30arc-sec,30,6,"",Project name: Drew
2648,Fisher Park,NULL,United States,Kentucky,Daviess,,-87.158625,37.761316,WGS84,119,m,30arc-sec,24,6,"",Project name: Drew
2649,Airport Road,NULL,United States,Kentucky,Daviess,,-87.162152,37.748271,WGS84,120,m,30arc-sec,18,6,"",Project name: Drew
2650,Buckland Cheer Center,NULL,United States,Kentucky,Daviess,,-87.149438,37.735606,WGS84,119,m,30arc-sec,6,9,"",Project name: Drew
2651,Sutherland Rd / Panther Creek,NULL,United States,Kentucky,Daviess,,-87.118198,37.696017,WGS84,116,m,30arc-sec,27,12,"",Project name: Drew
2652,Golf Course,NULL,United States,Kentucky,Daviess,,-87.10285,37.732194,WGS84,117,m,30arc-sec,5,15,"",Project name: Drew
2653,Court House,NULL,United States,Kentucky,Daviess,,-87.112927,37.774454,WGS84,122,m,30arc-sec,32,13,"",Project name: Drew
2654,Hospital,NULL,United States,Kentucky,Daviess,,-87.100558,37.764138,WGS84,124,m,30arc-sec,1,13,"",Project name: Drew
2655,Operations Center,NULL,United States,Kentucky,Daviess,,-87.179454,37.74092,WGS84,120,m,30arc-sec,13,10,"",Project name: Drew
2656,Daniels Lane,NULL,United States,Kentucky,Daviess,,-87.062099,37.783576,WGS84,123,m,30arc-sec,9,13,"",Project name: Drew
2658,East View Elementary,NULL,United States,Kentucky,Daviess,,-87.019528,37.808024,WGS84,121,m,30arc-sec,10,13,"",Project name: Drew
2659,Lane Road - mindata,NULL,United States,Kentucky,Daviess,,-87.007818,37.77421,WGS84,132,m,30arc-sec,3,13,"",Project name: Drew
2660,Pleasant Valley Road,NULL,United States,Kentucky,Daviess,,-87.038872,37.763543,WGS84,138,m,30arc-sec,2,13,"",Project name: Drew
2661,Board of Education,NULL,United States,Kentucky,Daviess,,-87.081966,37.728954,WGS84,133,m,30arc-sec,3,9,"",Project name: Drew
2662,Sutherlin Road,NULL,United States,Kentucky,Daviess,,-87.043649,37.686465,WGS84,132,m,30arc-sec,9,11,"",Project name: Drew
2663,Court House reflection,NULL,United States,Kentucky,Daviess,,-87.112927,37.774454,WGS84,122,m,30arc-sec,32,13,"",Project name: Drew
3081,980/580/24 Interchange Seismic Retrofit,NULL,United States,California,Alameda,Oakland,-122.266633,37.82808,WGS84,26,m,30arc-sec,44,18,"Qal2",NULL
3082,ABFI,NULL,United States,California,,,-122.237842,37.737862,WGS84,1,m,30arc-sec,12,18,"af/Qi",NULL
3083,Antioch Bridge Investigation,NULL,United States,California,Sacramento,Antioch,-121.7519271,38.0262618,WGS84,-4,m,30arc-sec,4,8,"water",NULL
3084,Antioch Toll Bridge ,NULL,United States,California,Sacramento,Antioch,-121.7516606,38.0380452,WGS84,-5,m,30arc-sec,8,8,"Qi",NULL
3085,BBTP,NULL,United States,California,,,-122.313557,37.824496,WGS84,2,m,30arc-sec,9,18,"af/Qi",NULL
3086,Bacon Island,NULL,United States,California,San Joaquin,,-121.532896,37.958376,WGS84,-4,m,30arc-sec,32,16,"Qi",NULL
3088,"Berkeley Downhole Project, St. Mary College",NULL,United States,California,Contra Costa,Contra Costa,-122.11014,37.83871,WGS84,234,m,30arc-sec,15,5,"Tss",NULL
3089,Bethany Dam,NULL,United States,California,Alameda,,-121.614485,37.782122,WGS84,76,m,30arc-sec,10,7,"Kss",NULL
3090,Brea Canyon Overcrossing Offramp,NULL,United States,California,Los Angeles,Diamond Bar,-117.8439,34.0008,WGS84,173,m,30arc-sec,3,3,"Qal3",NULL
3091,Bull Creek Canyon Channel,NULL,United States,California,Los Angeles,Granada Hills,-118.486935,34.26878,WGS84,293,m,30arc-sec,22,4,"Qal2",NULL
3092,Camarillo O.H. (Widen),NULL,United States,California,Ventura,Camarillo,-119.0335,34.21675,WGS84,52,m,30arc-sec,20,8,"Qal2",NULL
3093,Clifton Court,NULL,United States,California,Contra Costa,,-121.5604,37.8273,WGS84,0,m,30arc-sec,40,16,"Qal2",NULL
3094,Cuddy Creek Bridge,NULL,United States,California,Kern,Lebec,-118.875045,34.82421,WGS84,1151,m,30arc-sec,14,1,"Qal3","First time they reported ""REF"" instead of "">100"" or "">70."" Left as blank and noted."
3095,DCS,NULL,United States,California,,,-120.851554,35.21412,WGS84,62,m,30arc-sec,2,18,"Tsh",NULL
3096,Dry Creek Bridge,NULL,United States,California,Butte,Oroville,-121.6037,39.6157,WGS84,130,m,30arc-sec,39,1,"Tv",NULL
3097,Fair Oaks Avenue OC,NULL,United States,California,Los Angeles,South Pasadena,-118.150856,34.152344,WGS84,276,m,30arc-sec,12,4,"Qoa",NULL
3098,RTE 299 Fawn Lodge Landslide,NULL,United States,California,Trinity,,-122.848,40.6727,WGS84,738,m,30arc-sec,18,3,"crystalline",NULL
3099,"Route 52 Extension, Forester Creek Bridge",NULL,United States,Mexico,Baja California,,-116.59387,32.50113,WGS84,676,m,30arc-sec,16,5,"",NULL
3100,Gavin Canyon,NULL,United States,California,Los Angeles,Santa Clarita,-118.540467,34.349739,WGS84,514,m,30arc-sec,44,3,"Tsh",NULL
3101,Gold Run Creek (Rte 70),NULL,United States,California,Butte,,-121.6192,39.5992,WGS84,95,m,30arc-sec,2,8,"Tv",NULL
3102,Gold Run Creek @ Table Mountain Road,NULL,United States,California,Butte,,-121.6192,39.5993,WGS84,95,m,30arc-sec,2,8,"Tv",NULL
3103,Humbolt Bay Power Plant,NULL,United States,California,Humboldt,,-124.211155,40.742094,WGS84,0,m,30arc-sec,8,18,"Qal3","Shear wave velocities based on crosshole and downhole measurements for the first 250 and 350 feet, respectively. "
3104,High Street Overcrossing,NULL,United States,California,Alameda,Oakland,-122.220357,37.7768265,WGS84,17,m,30arc-sec,1,11,"Qal2",NULL
3105,Hinton,NULL,United States,California,Nevada,Truckee,-120.06684,39.37468,WGS84,1702,m,30arc-sec,2,5,"Tv",NULL
3106,Holt,NULL,United States,California,San Joaquin,Holt,-121.412317,37.938245,WGS84,-2,m,30arc-sec,59,16,"Qal1",NULL
3107,Hood,NULL,United States,California,Sacramento,Hood,-121.517291,38.360603,WGS84,3,m,30arc-sec,33,16,"Qal1",NULL
3108,Highways 29 / 37 Improvement Project,NULL,United States,California,Solano,Vallejo,-122.256005,38.14086,WGS84,5,m,30arc-sec,1,16,"Qal2",NULL
3109,Highways 37/29 Improvement Project,NULL,United States,California,Solano,Vallejo,-122.3531,37.8164,WGS84,0,m,30arc-sec,0,18,"water",NULL
3110,Highways 29 / 37 Improvement Project Wilson Avenue OC,NULL,United States,California,Solano,Vallejo,-122.268501,38.12612,WGS84,0,m,30arc-sec,3,16,"af/Qi",NULL
3111, I-15 Northeast Connector,NULL,United States,California,San Diego,San Diego,-117.125083,32.779842,WGS84,21,m,30arc-sec,22,5,"Qoa",NULL
3112,Lawrence Expressway,NULL,United States,California,Santa Clara,Sunnyvale,-121.99627,37.39087,WGS84,9,m,30arc-sec,16,16,"Qal1",NULL
3113,Los Robles Avenue OC,NULL,United States,California,Los Angeles,Pasadena,-118.141815,34.151937,WGS84,276,m,30arc-sec,4,4,"Qoa",NULL
3114,Lost River Bridge Replacement,NULL,United States,California,Siskiyou,Hatfield,-121.5221,41.9983,WGS84,1233,m,30arc-sec,3,11,"",NULL
3115,RTE 101 Mad River Bridge Replacement,NULL,United States,California,Humboldt,McKinleyville,-124.0931,40.9169,WGS84,39,m,30arc-sec,5,18,"Qal3","Boring ID is assumed to be ""05-01"" as spreadsheet displayed ID as ""May 1st."" It may be identified as B-5."
3116,RTE 55/Maple Tree,NULL,United States,California,Orange County,Anaheim,-117.829797,33.840718,WGS84,133,m,30arc-sec,9,8,"Tsh",NULL
3117,Mojave River Bridge,NULL,United States,California,San Bernardino,Lenwood,-117.094037,34.90201,WGS84,663,m,30arc-sec,52,8,"Qal2",NULL
3118,Montezuma Slough,NULL,United States,California,Solano,,-121.8849,38.0924,WGS84,0,m,30arc-sec,4,16,"Qi",NULL
3120,North San Joaquin Middle River Barrier,NULL,United States,California,San Joaquin,,-121.482287,37.885067,WGS84,-3,m,30arc-sec,22,16,"Qal1",NULL
3121,Noyo River Bridge ,NULL,United States,California,Mendocino,Fort Bragg,-123.806855,39.427417,WGS84,32,m,30arc-sec,12,18,"Qoa",NULL
3122,Noyo River Bridge Seismic Retrofit,NULL,United States,California,Mendocino,Fort Bragg,-123.806855,39.427417,WGS84,32,m,30arc-sec,12,18,"Qoa",NULL
3123,Orange Grove Blvd OC,NULL,United States,California,Los Angeles,Pasadena,-118.161592,34.14711,WGS84,273,m,30arc-sec,14,7,"Qoa",NULL
3124,POO,NULL,United States,California,,,-122.335919,37.805948,WGS84,0,m,30arc-sec,0,18,"af/Qi",NULL
3125,POR,NULL,United States,California,,,-122.358253,37.911001,WGS84,3,m,30arc-sec,25,18,"af/Qi",NULL
3126,Pleasant Valley Overcrossing,NULL,United States,California,Ventura,Oxnard,-119.142594,34.16598,WGS84,11,m,30arc-sec,13,16,"Qal1",NULL
3127,Prospect Island,NULL,United States,California,Napa,,-122.1133333,38.37,WGS84,224,m,30arc-sec,15,1,"Kss",NULL
3128,Rockwood Canal,NULL,United States,California,Imperial,Brawley,-115.5102,32.9562,WGS84,-37,m,30arc-sec,64,14,"Qal1",NULL
3129,Santa Clarita Post Office ,NULL,United States,California,Los Angeles,,-118.631246,34.435524,WGS84,332,m,30arc-sec,15,1,"QT",NULL
3130,San Francisco Central Viaduct,NULL,United States,California,San Francisco,San Francisco,-122.421062,37.770474,WGS84,15,m,30arc-sec,5,18,"Qs",No recorded vp for 01-05.
3131,Stevenson Ranch Elementary School,NULL,United States,California,Los Angeles,,-118.595741,34.391391,WGS84,509,m,30arc-sec,2,3,"QT",NULL
3132,San Joaquin Delta DCRA-DH-015,NULL,United States,California,Sacramento,,-121.518455,38.382668,WGS84,3,m,30arc-sec,1,16,"Qal2",NULL
3133,San Joaquin Delta DCRA-DH-048,NULL,United States,California,San Joaquin,,-121.544377,38.101046,WGS84,-6,m,30arc-sec,17,16,"Qi",NULL
3134,San Luis Obispo Creek Bridge,NULL,United States,California,San Luis Obispo,San Luis Obispo,-120.701802,35.18424,WGS84,26,m,30arc-sec,7,3,"Tsh",NULL
3135,Richmond San Rafael Bridge Seismic Retrofit,NULL,United States,California,Contra Costa,Richmond,-122.443436,37.935061,WGS84,0,m,30arc-sec,0,3,"water","Boring 95-8 (Pier 21) was p/s logged only; refer to boring 95-7 for statigraphic log. 
Boring 96-7 (Pier 8)'s vs profile's first three depths had values of ""0."" 
Boring 96-7 (Pier 8)'s vp profile's first two depths had values of ""0.""
"
3136,Santa Rosa Creek Bridge,NULL,United States,California,Santa Barbara,Lompoc,-120.287965,34.63247,WGS84,125,m,30arc-sec,19,3,"Qal3",NULL
3137,Santa Clara River Bridge Seismic Retrofit,NULL,United States,California,Ventura,Oxnard,-119.1901,34.2426,WGS84,21,m,30arc-sec,2,4,"Qal2",NULL
3138,Sherman Island,NULL,United States,California,Sacramento,,-121.7453,38.0311,WGS84,-2,m,30arc-sec,1,8,"Qi",NULL
3139,Staten Island,NULL,United States,California,San Joaquin,,-121.5401,38.1197,WGS84,-5,m,30arc-sec,3,16,"Qi",NULL
3140,Taylor Street Overcrossing,NULL,United States,California,Santa Clara,San Jose,-121.904476,37.346832,WGS84,17,m,30arc-sec,2,16,"Qal2",NULL
3141,Truckee River Bridge and Overhead,NULL,United States,California,Nevada,Truckee,-120.162505,39.332816,WGS84,1769,m,30arc-sec,9,1,"Qoa","Elevation was estimated. 

98-3 Elev: 1791.47 m"
3142,Vincent Thomas Bridge,NULL,United States,California,Los Angeles,San Pedro,-118.274328,33.749868,WGS84,8,m,30arc-sec,1,4,"af/Qi",NULL
3143,"West Weber Ave, Stockton",NULL,United States,California,San Joaquin,San Joaquin,-121.31148,37.950943,WGS84,3,m,30arc-sec,4,16,"Qoa",NULL
3144,Coronado Bridge Seismic Retrofit,NULL,United States,California,San Diego,San Diego,-117.15335,32.68944,WGS84,-28,m,30arc-sec,5,18,"",NULL
3145,64,NULL,United States,California,,,-118.202,33.765,WGS84,8,m,30arc-sec,1,15,"Qoa","Location Name: Golden Shore Ave and Shoreline Dr, Long Beach"
3146,65,NULL,United States,California,Los Angeles,,-118.439,34.06,WGS84,116,m,30arc-sec,1,3,"Qoa","Location Name: Wilshire Blvd and Malcolm Ave, Los Angeles"
3147,66,NULL,United States,California,Los Angeles,,-118.2433,34.0502,WGS84,108,m,30arc-sec,15,7,"Qal2","Location Name: Second and Los Angeles Sts., Los Angeles"
3148,67,NULL,United States,California,Los Angeles,,-118.117,33.873,WGS84,22,m,30arc-sec,2,16,"Qal1","Location Name: Artesia Blvd and Woodruff Ave, Bellflower"
3149,68,NULL,United States,California,Los Angeles,,-118.409,34.056,WGS84,95,m,30arc-sec,8,4,"Qoa","Location Name: Century Park East and Galaxy Way, Century City"
3150,69,NULL,United States,California,Los Angeles,,-117.958,34.019,WGS84,103,m,30arc-sec,49,12,"Qal2","Location Name: Hacienda Blvd, South of Valley Blvd, City of Industry"
3151,70,NULL,United States,California,Los Angeles,,-118.255,33.808,WGS84,15,m,30arc-sec,1,15,"Qoa","Location Name:Wilmington Ave and Sepulveda Blvd, Carson"
3152,71,NULL,United States,California,Los Angeles,,-118.597,34.179,WGS84,259,m,30arc-sec,1,4,"Qal2","Location Name:San Antonio and Market St, San Jose"
3153,72,NULL,United States,California,Los Angeles,,-118.597,34.179,WGS84,259,m,30arc-sec,1,4,"Qal2","Location Name:Oxnard St and Canoga Ave, Canoga Park"
3154,"73 - 73 - West End of El Mirador Dr, Pasadena",NULL,United States,California,Los Angeles,Los Angeles,-118.181,34.165,WGS84,324,m,30arc-sec,8,7,"Qoa","Location Name:West End of El Mirador Dr, Pasadena

Number 1 represents the values at the bed of the ravine; Number 2 represents the values at the slope of the ravine"
3155,74,NULL,United States,California,Santa Clara,,-122.025,37.414,WGS84,4,m,30arc-sec,49,18,"Qal1","Location Name:Mathilda Ave and Lockheed Way, Sunnyvale"
3156,75,NULL,United States,California,Los Angeles,,-117.917,34.024,WGS84,141,m,30arc-sec,15,12,"Tss","Location Name: Azusa Blvd and Temple Ave, City of Industry"
3157,76,NULL,United States,California,Ventura,,-118.761,34.268,WGS84,260,m,30arc-sec,49,4,"Qal2","Location Name: Erringer Rd and Weywood St, Simi Valley"
3158,77,NULL,United States,California,Los Angeles,,-118.436,34.284,WGS84,337,m,30arc-sec,13,4,"Qal2","Location Name: North Brand Blvd and Third St, San Fernando"
3159,78 - Sulphur Springs Area,NULL,United States,California,Ventura,,-119.093,34.427,WGS84,365,m,30arc-sec,12,1,"Tsh","Location Name: Sulphur Springs Area, Ventura County
Subscript 1 represents Line 1 while Subscript 2 represents lines 2-4."
3160,79,NULL,United States,California,Los Angeles,,-118.269,34.142,WGS84,148,m,30arc-sec,5,8,"Qoa","Location Name: San Fernando Rd and Colorado Blvd, Los Angeles"
3161,80,NULL,United States,California,Los Angeles,,-118.44,34.157,WGS84,202,m,30arc-sec,1,12,"Qal2","Location Name: Riverside Dr and Hazeltine Ave, Sherman Oaks"
3162,81,NULL,United States,California,Kern,,-119.016,35.373,WGS84,125,m,30arc-sec,1,16,"Qal1","Location Name: Truxton Ave and L St, Bakersfield"
3163,82,NULL,United States,California,Los Angeles,,-118.432,34.064,WGS84,108,m,30arc-sec,5,4,"Qal3","Location Name: Wilshire Blvd and Warner Ave, Los Angeles"
3164,83,NULL,United States,California,,,-118.214,33.767,WGS84,8,m,30arc-sec,4,15,"af/Qi","Location Name: Pier D, Long Beach"
3165,84,NULL,United States,California,Los Angeles,,-118.132,34.062,WGS84,121,m,30arc-sec,12,8,"Qoa","Location Name: Chandler Ave and Garvey Ave, Monterey Park"
3166,85,NULL,United States,California,Los Angeles,,-118.379,34.073,WGS84,55,m,30arc-sec,2,8,"Qal2","Location Name: Third St and Sherbourne Dr, Los Angeles"
3167,86,NULL,United States,California,Orange County,,-117.897,33.789,WGS84,42,m,30arc-sec,4,16,"Qal1","Location Name: Chapman Ave and Lewis St, Garden Grove"
3168,87,NULL,United States,California,Los Angeles,,-118.442,34.063,WGS84,113,m,30arc-sec,1,4,"Qoa","Location Name: Tiverton Ave and S Circle Dr, Los Angeles"
3169,88,NULL,United States,California,Los Angeles,,-118.171405,34.201477,WGS84,397,m,30arc-sec,18,3,"Qoa","Location Name: Visitor's Reception Building, Jet Propulsion Lab, Pasadena"
3170,89,NULL,United States,California,Orange County,,-117.864,33.671,WGS84,20,m,30arc-sec,8,16,"Qoa","Location Name: MacArthur Blvd and Campus Dr, Newport Beach"
3171,90,NULL,United States,California,Orange County,,-117.864,33.669,WGS84,20,m,30arc-sec,8,16,"Qoa","Location Name: MacArthur Blvd and Birch St, Newport Beach"
3172,91,NULL,United States,California,Orange County,,-117.856,33.664,WGS84,14,m,30arc-sec,14,16,"Qoa","Location Name: Birch St and Jamboree Blvd, Newport Beach"
3173,92,NULL,United States,California,Orange County,,-117.862,33.657,WGS84,16,m,30arc-sec,18,16,"Qoa","Location Name: MacArthur Blvd and Jamboree Blvd, Newport Beach"
3174,93,NULL,United States,California,Los Angeles,,-118.3,34.098,WGS84,117,m,30arc-sec,20,4,"Qoa","Location Name: Normandie Ave and Sunset Blvd, Los Angeles"
3175,94,NULL,United States,California,Los Angeles,,-118.4502,34.2332,WGS84,257,m,30arc-sec,11,8,"Qal2","Location Name: Van Nuys Blvd and Osborrne St, Panorama City"
3176,95,NULL,United States,California,Santa Clara,,-121.95,37.294,WGS84,52,m,30arc-sec,7,12,"Qal2","Location Name: Winchester Blvd and Hamilton Ave, Campbell"
3177,96,NULL,United States,California,San Diego,,-117.077,32.634,WGS84,25,m,30arc-sec,26,18,"Qoa","Location Name: Third Ave and H St, Chula Vista"
3178,97,NULL,United States,California,San Diego,,-116.957,32.795,WGS84,136,m,30arc-sec,15,3,"Qal2","Location Name: Ballantyne Ave and E Main St,  El Cajon"
3179,98,NULL,United States,California,San Diego,,-117.16,32.751,WGS84,87,m,30arc-sec,1,5,"Tss","Location Name: Lewis St and Fifth Ave, San Diego"
3180,99,NULL,United States,California,San Diego,,-117.144207,32.871934,WGS84,135,m,30arc-sec,6,5,"Qoa","Location Name: Miramar Naval Air Station, San Diego"
3181,100,NULL,United States,California,,,-118.494,34.014,WGS84,30,m,30arc-sec,17,1,"Qoa","Location Name: Broadway and Third St, Santa Monica"
3182,101,NULL,United States,California,Orange County,,-117.885,33.69,WGS84,15,m,30arc-sec,6,16,"Qal1","Location Name: Bristol St and Anton Blvd, Costa Mesa"
3183,102,NULL,United States,California,Los Angeles,,-118.445,34.068,WGS84,132,m,30arc-sec,11,4,"Qal3","Location Name: Westwood Plaza and Strathmore Pl., Los Angeles"
3184,103,NULL,United States,California,Los Angeles,,-118.2487,34.0538,WGS84,108,m,30arc-sec,15,7,"Tss","Location Name: Olive and Second St, Bunker Hill, Los Angeles"
3185,104,NULL,United States,California,Los Angeles,,-118.387,33.93,WGS84,35,m,30arc-sec,2,8,"Qoa","Location Name: Imperial Hwy and Nash St, El Segundo"
3186,105,NULL,United States,California,Los Angeles,,-118.477,34.028,WGS84,51,m,30arc-sec,7,1,"Qal2","Location Name: Broadway and 21st St, Santa Monica"
3187,106,NULL,United States,California,Los Angeles,,-118.257,34.045,WGS84,98,m,30arc-sec,1,7,"Qal2","Location Name: Olive and Eigth St, Los Angeles"
3188,107,NULL,United States,California,Los Angeles,,-118.251,34.144,WGS84,172,m,30arc-sec,2,4,"Qoa","Location Name: Kenwood and Harvard St, Glendale"
3189,108,NULL,United States,California,Los Angeles,,-118.1799,34.046,WGS84,119,m,30arc-sec,6,7,"Qoa","Location Name: Hazard Ave and Fairmount St, City Terrace Dist."
3190,109,NULL,United States,California,,,-117.876,33.619,WGS84,56,m,30arc-sec,42,15,"Qoa","Location Name: Santa Cruz and Newport Center Dr, Newport Beach"
3191,110,NULL,United States,California,Orange County,,-117.885,33.692,WGS84,14,m,30arc-sec,1,16,"Qal1","Location Name:Bristol St and Town Center Dr,  Costa Mesa"
3192,111,NULL,United States,California,Los Angeles,,-118.291,34.097,WGS84,119,m,30arc-sec,14,4,"Qoa","Location Name: Vermont Ave and DeLongpre Ave, Los Angeles"
3193,31,NULL,United States,California,Los Angeles,,-118.27923,34.05989,WGS84,97,m,30arc-sec,1,7,"Qoa","Location Name: MacArthur Park, Los Angeles

Date of Vs Profile provided with only Month and Year, with day of the month omitted."
3194,32,NULL,United States,California,Los Angeles,,-118.29566,34.05992,WGS84,79,m,30arc-sec,5,7,"Qoa","Location Name: Ambassador Hotel, Los Angeles

Date of Vs Profile provided with only Month and Year, with day of the month omitted."
3195,33,NULL,United States,California,Los Angeles,,-118.30065,34.065,WGS84,75,m,30arc-sec,2,4,"Qoa","Location Name: Normandie Ave and Sixth St, Los Angeles

Date of Vs Profile provided with only Month and Year, with day of the month omitted."
3196,34,NULL,United States,California,Los Angeles,,-118.25071,34.05309,WGS84,114,m,30arc-sec,8,7,"Qoa","Location Name: Grand Ave and Third Place, Los Angeles

Date of Vs Profile provided with only Month and Year, with day of the month omitted."
3197,35,NULL,United States,California,Los Angeles,,-118.25024,34.05649,WGS84,114,m,30arc-sec,8,7,"Tsh","Location Name: First Street and Hope, Los Angeles

Date of Vs Profile provided with only Month and Year, with day of the month omitted."
3198,36,NULL,United States,California,Los Angeles,,-118.25448,34.05557,WGS84,114,m,30arc-sec,8,7,"Qal3","Location Name: Figueroa St and Third St, Los Angeles
Date of Vs Profile provided with only Month and Year, with day of the month omitted."
3199,37,NULL,United States,California,Los Angeles,,-118.27209,34.04849,WGS84,78,m,30arc-sec,2,7,"Qal3","Location Name: Olympic Blvd and Valencia St, Los Angeles

Date of Vs Profile provided with only Month and Year, with day of the month omitted."
3200,38,NULL,United States,California,Los Angeles,,-118.26705,34.05023,WGS84,97,m,30arc-sec,23,7,"Qoa","Location Name: 750 South Garland, Los Angeles

Date of Vs Profile provided with only Month and Year, with day of the month omitted."
3201,39,NULL,United States,California,Los Angeles,,-118.28401,34.0213,WGS84,63,m,30arc-sec,4,11,"Qal2","Location Name: Von Kleinsmid Center, USC, Los Angeles

Date of Vs Profile provided with only Month and Year, with day of the month omitted."
3202,40,NULL,United States,California,Los Angeles,,-118.1974,33.99802,WGS84,54,m,30arc-sec,13,12,"Qal1","Location Name: Loma Vista Ave and 49th St, Vernon

Date of Vs Profile provided with only Month and Year, with day of the month omitted."
3203,41,NULL,United States,California,Los Angeles,,-118.30684,34.0599,WGS84,75,m,30arc-sec,2,4,"Qoa","Location Name: 3710 Wilshire blvd, Los Angeles

Date of Vs Profile provided with only Month and Year, with day of the month omitted."
3204,42,NULL,United States,California,Los Angeles,,-118.35736,34.06228,WGS84,65,m,30arc-sec,3,4,"Qoa","Location Name: Wilshire Blvd and Spaulding, Los Angeles

Date of Vs Profile provided with only Month and Year, with day of the month omitted."
3205,43,NULL,United States,California,Los Angeles,,-118.36581,34.06259,WGS84,55,m,30arc-sec,16,4,"Qoa","Location Name: Wilshire Blvd and McCarthy Vista, Los Angeles

Date of Vs Profile provided with only Month and Year, with day of the month omitted."
3206,44,NULL,United States,California,Los Angeles,,-118.39159,34.0668,WGS84,63,m,30arc-sec,4,8,"Qal2","Location Name: Wilshire Blvd and Palm Dr, Los Angeles

Date of Vs Profile provided with only Month and Year, with day of the month omitted."
3207,45,NULL,United States,California,Los Angeles,,-118.39123,34.07798,WGS84,67,m,30arc-sec,5,8,"Qal3","Location Name: 435 Oakhurst Dr, Bevelry Hills

Date of Vs Profile provided with only Month and Year, with day of the month omitted."
3208,46,NULL,United States,California,Los Angeles,,-118.40872,34.06838,WGS84,96,m,30arc-sec,58,4,"Qal2","Location Name: Santa Monica Blvd and Linden Dr, Bevelry Hills

Date of Vs Profile provided with only Month and Year, with day of the month omitted."
3209,47,NULL,United States,California,Los Angeles,,-118.41171,34.09233,WGS84,192,m,30arc-sec,15,8,"Qal3","Location Name: Bevelry Dr and Sutton Way, Bevelry Hills

Date of Vs Profile provided with only Month and Year, with day of the month omitted."
3210,48,NULL,United States,California,Los Angeles,,-118.44687,34.07189,WGS84,132,m,30arc-sec,11,4,"Qal3","Location Name: UCLA

Date of Vs Profile provided with only Month and Year, with day of the month omitted."
3211,49,NULL,United States,California,Los Angeles,,-118.2044,34.05941,WGS84,113,m,30arc-sec,5,7,"Tsh","Location Name: Zonal St and San Pablo St, Los Angeles

Date of Vs Profile provided with only Month and Year, with day of the month omitted."
3212,50,NULL,United States,California,Los Angeles,,-118.21262,34.05713,WGS84,105,m,30arc-sec,16,7,"Qoa","Location Name: Pomeroy St and Mark St, Los Angeles

Date of Vs Profile provided with only Month and Year, with day of the month omitted."
3213,51,NULL,United States,California,Los Angeles,,-118.12162,34.13632,WGS84,233,m,30arc-sec,64,4,"Qoa","Location Name: Cal Tech Athenaeum, Pasadena

Date of Vs Profile provided with only Month and Year, with day of the month omitted."
3214,52,NULL,United States,California,Los Angeles,,-118.12655,34.13689,WGS84,239,m,30arc-sec,2,4,"Qoa","Location Name: Cal Tech Millikan library, Pasadena

Date of Vs Profile provided with only Month and Year, with day of the month omitted."
3215,53,NULL,United States,California,Los Angeles,,-118.17,34.149,WGS84,285,m,30arc-sec,36,3,"crystalline","Location Name: Cal tech Seismological Lab, Pasadena

Date of Vs Profile provided with only Month and Year, with day of the month omitted."
3216,54,NULL,United States,California,Los Angeles,,-118.176,34.198,WGS84,347,m,30arc-sec,8,3,"Qal3","Location Name: Flintridge Riding Club, Pasadena

Date of Vs Profile provided with only Month and Year, with day of the month omitted."
3217,55,NULL,United States,California,Los Angeles,,-118.15081,34.08487,WGS84,152,m,30arc-sec,4,7,"Qoa","Location Name: 900 S. Fremont, Alhambra

Date of Vs Profile provided with only Month and Year, with day of the month omitted."
3218,56,NULL,United States,California,,,-118.43737,33.95918,WGS84,37,m,30arc-sec,16,11,"Qoa","Location Name: Westchester Rec Center, Westchester

Date of Vs Profile provided with only Month and Year, with day of the month omitted."
3219,57,NULL,United States,California,Los Angeles,,-118.38766,33.80005,WGS84,82,m,30arc-sec,10,18,"Qoa","Location Name: Malaga Lane, Palos Verdes Estates

Date of Vs Profile provided with only Month and Year, with day of the month omitted."
3220,58,NULL,United States,California,Los Angeles,,-118.082,34.019,WGS84,59,m,30arc-sec,2,12,"Qal2","Location Name: Whittier Narrows Dam

Date of Vs Profile provided with only Month and Year, with day of the month omitted."
3221,59,NULL,United States,California,Los Angeles,,-118.05432,34.03439,WGS84,71,m,30arc-sec,50,8,"Qal2","Location Name: Legg Lake Rec Center

Date of Vs Profile provided with only Month and Year, with day of the month omitted."
3222,60,NULL,United States,California,Los Angeles,,-118.72,34.81,WGS84,958,m,30arc-sec,10,3,"Qoa","Location Name: OSO Pump Plant, Gorman

Date of Vs Profile provided with only Month and Year, with day of the month omitted."
3223,61,NULL,United States,California,Los Angeles,,-117.97971,34.51063,WGS84,912,m,30arc-sec,3,8,"Qoa","Location Name: Pearblossom Pump Plant, pearblossom

Date of Vs Profile provided with only Month and Year, with day of the month omitted."
3224,62,NULL,United States,California,,,-118.195,33.767,WGS84,16,m,30arc-sec,5,12,"Qoa","Location Name: Ocean blvd and Cedar Ave, Long Beach

Date of Vs Profile provided with only Month and Year, with day of the month omitted."
3225,63,NULL,United States,California,,,-118.1221,33.7822,WGS84,23,m,30arc-sec,5,12,"Qoa","Location Name: CSULB, long Beach

Date of Vs Profile provided with only Month and Year, with day of the month omitted."
3226,Linden Terrace Calabasas ,NULL,United States,California,Los Angeles,,-118.650634,34.125748,WGS84,449,m,30arc-sec,1,3,"Tss",NULL
3227,Pleasant Valley Pumping Plant,NULL,United States,California,Fresno,Coalinga ,-120.250796,36.308024,WGS84,126,m,30arc-sec,6,8,"Qal2",NULL
3228,AGR002,NULL,United States,Michigan,Alger,,-86.8453,46.43,NAD83,187,m,30arc-sec,40,18,"",NULL
3229,AGR003,NULL,United States,Michigan,Alger,,-86.8454,46.4249,NAD83,189,m,30arc-sec,9,18,"",NULL
3230,AGR005,NULL,United States,Michigan,Alger,,-86.8262,46.4143,NAD83,194,m,30arc-sec,23,18,"",NULL
3231,AGR006,NULL,United States,Michigan,Alger,,-86.8305,46.4168,NAD83,192,m,30arc-sec,5,18,"",NULL
3232,AGR007,NULL,United States,Michigan,Alger,,-86.8721,46.4295,NAD83,187,m,30arc-sec,1,18,"",NULL
3233,AGR008,NULL,United States,Michigan,Alger,,-86.8634,46.4288,NAD83,187,m,30arc-sec,45,18,"",NULL
3234,AGR009,NULL,United States,Michigan,Alger,,-86.8531,46.4296,NAD83,189,m,30arc-sec,31,18,"",NULL
3235,AGR010,NULL,United States,Michigan,Alger,,-86.8396,46.4272,NAD83,186,m,30arc-sec,4,18,"",NULL
3236,AGR011,NULL,United States,Michigan,Alger,,-86.8339,46.4273,NAD83,186,m,30arc-sec,4,18,"",NULL
3237,AGR012,NULL,United States,Michigan,Alger,,-86.8316,46.4308,NAD83,184,m,30arc-sec,14,18,"",NULL
3238,AHY001,NULL,United States,Arkansas,Ashley,,-91.4805,33.3304,NAD27,38,m,30arc-sec,4,16,"",NULL
3239,AHY002,NULL,United States,Arkansas,Ashley,,-91.4829,33.3305,NAD27,38,m,30arc-sec,4,16,"",NULL
3240,AHY003,NULL,United States,Arkansas,Ashley,,-91.4854,33.3305,NAD27,38,m,30arc-sec,70,16,"",NULL
3241,AHY004,NULL,United States,Arkansas,Ashley,,-91.4863,33.3305,NAD27,38,m,30arc-sec,70,16,"",NULL
3242,ALC001,NULL,United States,California,Alameda,Alameda,-122.253,37.7847,NAD27,3,m,30arc-sec,19,18,"af/Qi",NULL
3243,ALC002,NULL,United States,California,Alameda,Alameda,-122.2463,37.7802,NAD27,0,m,30arc-sec,0,18,"af/Qi",NULL
3244,ALC003,NULL,United States,California,Alameda,Alameda,-122.2491,37.7828,NAD27,0,m,30arc-sec,0,18,"af/Qi",NULL
3245,ALC004,NULL,United States,California,Alameda,Alameda,-122.2478,37.7829,NAD27,0,m,30arc-sec,0,18,"af/Qi",NULL
3246,ALC005,NULL,United States,California,Alameda,Alameda,-122.2506,37.7816,NAD27,1,m,30arc-sec,2,18,"af/Qi",NULL
3247,ALC006,NULL,United States,California,Alameda,Alameda,-122.2518,37.7831,NAD27,1,m,30arc-sec,2,18,"af/Qi",NULL
3248,ALC007,NULL,United States,California,Alameda,Alameda,-122.2371,37.7478,NAD27,0,m,30arc-sec,0,18,"af/Qi",NULL
3249,ALC008,NULL,United States,California,Alameda,Alameda,-122.2371,37.7506,NAD27,3,m,30arc-sec,2,18,"af/Qi",NULL
3250,ALC009,NULL,United States,California,Alameda,Alameda,-122.279,37.785,NAD27,2,m,30arc-sec,37,18,"af/Qi",NULL
3251,ALC010,NULL,United States,California,Alameda,Alameda,-122.2882,37.7851,NAD27,2,m,30arc-sec,1,18,"af/Qi",NULL
3252,ALC011,NULL,United States,California,Alameda,Alameda,-122.2884,37.7881,NAD27,2,m,30arc-sec,1,18,"af/Qi",NULL
3253,ALC012,NULL,United States,California,Alameda,Alameda,-122.2385,37.7417,NAD27,0,m,30arc-sec,0,18,"af/Qi",NULL
3254,ALC013,NULL,United States,California,Alameda,Alameda,-122.2791,37.7893,NAD27,2,m,30arc-sec,37,18,"af/Qi",NULL
3255,ALC014,NULL,United States,California,Alameda,Alameda,-122.2788,37.7869,NAD27,2,m,30arc-sec,37,18,"af/Qi",NULL
3256,ALC015,NULL,United States,California,Alameda,Alameda,-122.3137,37.7832,NAD27,1,m,30arc-sec,1,18,"af/Qi",NULL
3257,ALC016,NULL,United States,California,Alameda,Alameda,-122.3136,37.7824,NAD27,1,m,30arc-sec,1,18,"af/Qi",NULL
3258,ALC017,NULL,United States,California,Alameda,Alameda,-122.3134,37.7838,NAD27,1,m,30arc-sec,8,18,"af/Qi",NULL
3259,ALC018,NULL,United States,California,Alameda,Alameda,-122.3251,37.7817,NAD27,0,m,30arc-sec,0,18,"af/Qi",NULL
3260,ALC019,NULL,United States,California,Alameda,Alameda,-122.3257,37.7894,NAD27,0,m,30arc-sec,0,18,"af/Qi",NULL
3261,ALC020,NULL,United States,California,Alameda,Alameda,-122.3265,37.7955,NAD27,0,m,30arc-sec,0,18,"af/Qi",NULL
3262,ALC021,NULL,United States,California,Alameda,Alameda,-122.2369,37.7592,NAD27,8,m,30arc-sec,3,18,"Qs",NULL
3263,ALC022,NULL,United States,California,Alameda,Alameda,-122.2384,37.7665,NAD27,8,m,30arc-sec,3,18,"Qs",NULL
3264,ALC023,NULL,United States,California,Alameda,Alameda,-122.2897,37.7747,NAD27,3,m,30arc-sec,2,18,"Qs",NULL
3265,ALC024,NULL,United States,California,Alameda,Alameda,-122.2659,37.7732,NAD27,10,m,30arc-sec,12,18,"Qs",NULL
3266,ALC025,NULL,United States,California,Alameda,Alameda,-122.2955,37.7723,NAD27,0,m,30arc-sec,0,18,"af/Qi",NULL
3267,ALC026,NULL,United States,California,Alameda,Alameda,-122.2717,37.7682,NAD27,7,m,30arc-sec,26,18,"af/Qi",NULL
3268,ALC027,NULL,United States,California,Alameda,Alameda,-122.2588,37.7606,NAD27,0,m,30arc-sec,0,18,"af/Qi",NULL
3269,ALC028,NULL,United States,California,Alameda,Alameda,-122.2377,37.7382,NAD27,1,m,30arc-sec,12,18,"af/Qi",NULL
3270,ALC029,NULL,United States,California,Alameda,Alameda,-122.2393,37.7317,NAD27,2,m,30arc-sec,8,18,"Qal1",NULL
3271,ALC030,NULL,United States,California,Alameda,Alameda,-122.2591,37.7437,NAD27,0,m,30arc-sec,0,18,"af/Qi",NULL
3272,ALC031,NULL,United States,California,Alameda,Alameda,-122.2272,37.755,NAD27,3,m,30arc-sec,3,15,"af/Qi",NULL
3273,ALC032,NULL,United States,California,Alameda,Alameda,-122.2794,37.7764,NAD27,3,m,30arc-sec,25,18,"Qs",NULL
3274,ALC033,NULL,United States,California,Alameda,Berkeley,-122.3141,37.8636,NAD27,0,m,30arc-sec,0,11,"af/Qi",NULL
3275,ALC034,NULL,United States,California,Alameda,Berkeley,-122.3123,37.8673,NAD27,0,m,30arc-sec,0,11,"af/Qi",NULL
3276,ALC035,NULL,United States,California,Alameda,Berkeley,-122.3065,37.8663,NAD27,0,m,30arc-sec,0,11,"af/Qi",NULL
3277,ALC036,NULL,United States,California,Alameda,Berkeley,-122.3058,37.8711,NAD27,4,m,30arc-sec,10,11,"af/Qi",NULL
3278,ALC037,NULL,United States,California,Alameda,Berkeley,-122.3017,37.8613,NAD27,0,m,30arc-sec,0,18,"af/Qi",NULL
3279,ALC038,NULL,United States,California,Alameda,Berkeley,-122.3011,37.8585,NAD27,0,m,30arc-sec,0,18,"af/Qi",NULL
3280,ALC039,NULL,United States,California,Alameda,Berkeley,-122.2957,37.8501,NAD27,9,m,30arc-sec,10,18,"af/Qi",NULL
3281,ALC040,NULL,United States,California,Alameda,Berkeley,-122.2994,37.8533,NAD27,9,m,30arc-sec,10,18,"af/Qi",NULL
3282,ALC041,NULL,United States,California,Alameda,Berkeley,-122.3033,37.8673,NAD27,4,m,30arc-sec,10,11,"af/Qi",NULL
3283,ALC042,NULL,United States,California,Alameda,Berkeley,-122.3094,37.8776,NAD27,0,m,30arc-sec,0,15,"Qal2",NULL
3284,ALC043,NULL,United States,California,Alameda,Berkeley,-122.3043,37.8635,NAD27,0,m,30arc-sec,0,11,"af/Qi",NULL
3285,ALC044,NULL,United States,California,Alameda,Berkeley,-122.2787,37.8804,NAD27,49,m,30arc-sec,16,11,"Qoa",NULL
3286,ALC045,NULL,United States,California,Alameda,Berkeley,-122.2843,37.8786,NAD27,29,m,30arc-sec,6,11,"Qoa",NULL
3287,ALC046,NULL,United States,California,Alameda,Berkeley,-122.3,37.8817,NAD27,15,m,30arc-sec,48,15,"Qal2",NULL
3288,ALC047,NULL,United States,California,Alameda,Berkeley,-122.2743,37.8882,NAD27,102,m,30arc-sec,17,7,"Qoa",NULL
3289,ALC048,NULL,United States,California,Alameda,Berkeley,-122.2795,37.8743,NAD27,41,m,30arc-sec,1,11,"Qoa",NULL
3290,ALC049,NULL,United States,California,Alameda,Berkeley,-122.2875,37.8706,NAD27,26,m,30arc-sec,62,18,"Qal2",NULL
3291,ALC050,NULL,United States,California,Alameda,Berkeley,-122.2811,37.8765,NAD27,49,m,30arc-sec,16,11,"Qal3",NULL
3292,ALC051,NULL,United States,California,Alameda,Berkeley,-122.2982,37.865,NAD27,12,m,30arc-sec,2,11,"Qal2",NULL
3293,ALC052,NULL,United States,California,Alameda,Berkeley,-122.2903,37.8537,NAD27,16,m,30arc-sec,21,18,"Qal2",NULL
3294,ALC053,NULL,United States,California,Alameda,Berkeley,-122.2799,37.8492,NAD27,19,m,30arc-sec,27,18,"Qal2",NULL
3295,ALC054,NULL,United States,California,Alameda,Berkeley,-122.2752,37.8564,NAD27,24,m,30arc-sec,28,18,"Qoa",NULL
3296,ALC055,NULL,United States,California,Alameda,Berkeley,-122.2614,37.8561,NAD27,52,m,30arc-sec,2,11,"Qoa",NULL
3297,ALC056,NULL,United States,California,Alameda,Berkeley,-122.2634,37.8661,NAD27,64,m,30arc-sec,6,11,"Qoa",NULL
3298,ALC057,NULL,United States,California,Alameda,Berkeley,-122.2759,37.865,NAD27,33,m,30arc-sec,48,15,"Qal2",NULL
3299,ALC058,NULL,United States,California,Alameda,Berkeley,-122.2774,37.8704,NAD27,41,m,30arc-sec,1,15,"Qoa",NULL
3300,ALC059,NULL,United States,California,Alameda,Berkeley,-122.2941,37.8716,NAD27,12,m,30arc-sec,39,18,"Qoa",NULL
3301,ALC060,NULL,United States,California,Alameda,Berkeley,-122.2914,37.8642,NAD27,22,m,30arc-sec,31,18,"Qal2",NULL
3302,ALC061,NULL,United States,California,Alameda,Berkeley,-122.2835,37.8642,NAD27,22,m,30arc-sec,31,15,"Qal2",NULL
3303,ALC062,NULL,United States,California,Alameda,Berkeley,-122.2712,37.8695,NAD27,59,m,30arc-sec,10,11,"Qal3",NULL
3304,ALC063,NULL,United States,California,Alameda,Emeryville,-122.3151,37.8395,NAD27,0,m,30arc-sec,0,18,"af/Qi",NULL
3305,ALC064,NULL,United States,California,Alameda,Emeryville,-122.3031,37.837,NAD27,0,m,30arc-sec,0,18,"af/Qi",NULL
3306,ALC065,NULL,United States,California,Alameda,Emeryville,-122.2988,37.8375,NAD27,0,m,30arc-sec,0,18,"af/Qi",NULL
3307,ALC067,NULL,United States,California,Alameda,Emeryville,-122.2932,37.8309,NAD27,1,m,30arc-sec,3,18,"af/Qi",NULL
3308,ALC068,NULL,United States,California,Alameda,Emeryville,-122.2836,37.8338,NAD27,8,m,30arc-sec,38,18,"Qal2",NULL
3309,ALC069,NULL,United States,California,Alameda,Emeryville,-122.2903,37.8412,NAD27,8,m,30arc-sec,38,18,"Qal2",NULL
3310,ALC070,NULL,United States,California,Alameda,Emeryville,-122.2876,37.8449,NAD27,10,m,30arc-sec,27,18,"Qal2",NULL
3311,ALC071,NULL,United States,California,Alameda,Emeryville,-122.2916,37.8479,NAD27,10,m,30arc-sec,27,18,"Qal2",NULL
3312,ALC072,NULL,United States,California,Alameda,Emeryville,-122.2974,37.8443,NAD27,6,m,30arc-sec,37,18,"af/Qi",NULL
3313,ALC073,NULL,United States,California,Alameda,Emeryville,-122.2906,37.8372,NAD27,8,m,30arc-sec,38,18,"Qal2",NULL
3314,ALC074,NULL,United States,California,Alameda,Emeryville,-122.2907,37.8315,NAD27,5,m,30arc-sec,2,18,"Qal1",NULL
3315,ALC075,NULL,United States,California,Alameda,Berkeley,-122.2914,37.8554,NAD27,16,m,30arc-sec,21,18,"Qal2",NULL
3316,ALC076,NULL,United States,California,Alameda,Berkeley,-122.2826,37.8574,NAD27,24,m,30arc-sec,28,18,"Qal2",NULL
3317,ALC077,NULL,United States,California,Alameda,Berkeley,-122.2818,37.8544,NAD27,24,m,30arc-sec,28,18,"Qal2",NULL
3318,ALC078,NULL,United States,California,Alameda,Berkeley,-122.2827,37.8596,NAD27,33,m,30arc-sec,48,18,"Qal2",NULL
3319,ALC079,NULL,United States,California,Alameda,Berkeley,-122.2695,37.8594,NAD27,46,m,30arc-sec,86,11,"Qoa",NULL
3320,ALC080,NULL,United States,California,Alameda,Berkeley,-122.2692,37.8565,NAD27,36,m,30arc-sec,67,11,"Qoa",NULL
3321,ALC081,NULL,United States,California,Alameda,Berkeley,-122.2926,37.8591,NAD27,12,m,30arc-sec,2,18,"Qal2",NULL
3322,ALC082,NULL,United States,California,Alameda,Berkeley,-122.2915,37.8608,NAD27,22,m,30arc-sec,31,18,"Qal2",NULL
3323,ALC083,NULL,United States,California,Alameda,Berkeley,-122.3027,37.8795,NAD27,5,m,30arc-sec,18,15,"Qal2",NULL
3324,ALC084,NULL,United States,California,Alameda,Berkeley,-122.3016,37.8761,NAD27,5,m,30arc-sec,18,15,"Qal2",NULL
3325,ALC085,NULL,United States,California,Alameda,San Lorenzo,-122.1568,37.6679,NAD27,2,m,30arc-sec,5,15,"af/Qi",NULL
3326,AXR001,NULL,United States,Illinois,Alexander,,-89.5092,37.2955,NAD27,103,m,30arc-sec,24,9,"",NULL
3327,AXR002,NULL,United States,Illinois,Alexander,,-89.512,37.2959,NAD27,103,m,30arc-sec,24,5,"",NULL
3328,BDY001,NULL,United States,Arkansas,Bradley,,-92.3444,33.2868,NAD27,35,m,30arc-sec,11,13,"",NULL
3329,BDY002,NULL,United States,Arkansas,Bradley,,-92.3331,33.2779,NAD27,34,m,30arc-sec,18,13,"",NULL
3330,BKY001,NULL,United States,South Carolina,Berkeley,,-79.8135,32.9703,NAD83,21,m,30arc-sec,4,15,"",NULL
3331,BKY002,NULL,United States,South Carolina,Berkeley,,-79.8062,32.9757,NAD83,15,m,30arc-sec,1,13,"",NULL
3332,BKY003,NULL,United States,South Carolina,Berkeley,,-79.7976,32.9804,NAD83,18,m,30arc-sec,2,13,"",NULL
3333,BKY004,NULL,United States,South Carolina,Berkeley,,-79.7866,32.9841,NAD83,15,m,30arc-sec,36,13,"",NULL
3334,BKY005,NULL,United States,South Carolina,Berkeley,,-79.7798,32.9899,NAD83,17,m,30arc-sec,5,13,"",NULL
3335,BKY006,NULL,United States,South Carolina,Berkeley,,-79.9237,32.9046,NAD83,15,m,30arc-sec,4,13,"",NULL
3336,BKY007,NULL,United States,South Carolina,Berkeley,,-79.9061,32.915,NAD83,16,m,30arc-sec,37,13,"",NULL
3337,BKY008,NULL,United States,South Carolina,Berkeley,,-79.8988,32.9234,NAD83,13,m,30arc-sec,2,18,"",NULL
3338,BKY009,NULL,United States,South Carolina,Berkeley,,-79.8385,32.9443,NAD83,17,m,30arc-sec,5,13,"",NULL
3339,BKY010,NULL,United States,South Carolina,Berkeley,,-79.853,32.962,NAD83,16,m,30arc-sec,1,15,"",NULL
3340,BKY011,NULL,United States,South Carolina,Berkeley,,-79.8171,32.9543,NAD83,19,m,30arc-sec,1,15,"",NULL
3341,BKY012,NULL,United States,South Carolina,Berkeley,,-79.821,32.9682,NAD83,16,m,30arc-sec,37,15,"",NULL
3342,BKY013,NULL,United States,South Carolina,Berkeley,,-79.8343,32.9653,NAD83,16,m,30arc-sec,6,15,"",NULL
3343,BKY014,NULL,United States,South Carolina,Berkeley,,-79.7711,32.995,NAD83,16,m,30arc-sec,45,13,"",NULL
3344,BKY015,NULL,United States,South Carolina,Berkeley,,-79.7625,32.9999,NAD83,17,m,30arc-sec,2,13,"",NULL
3345,BKY016,NULL,United States,South Carolina,Berkeley,,-79.759,32.9928,NAD83,17,m,30arc-sec,2,13,"",NULL
3346,BKY017,NULL,United States,South Carolina,Berkeley,,-79.7486,33.002,NAD83,17,m,30arc-sec,34,14,"",NULL
3347,BKY018,NULL,United States,South Carolina,Berkeley,,-79.7407,33.0122,NAD83,17,m,30arc-sec,41,14,"",NULL
3348,BKY019,NULL,United States,South Carolina,Berkeley,,-79.9151,32.9087,NAD83,14,m,30arc-sec,1,18,"",NULL
3349,BKY020,NULL,United States,South Carolina,Berkeley,,-79.733,33.0216,NAD83,18,m,30arc-sec,2,14,"",NULL
3350,BKY021,NULL,United States,South Carolina,Berkeley,,-79.7362,33.0357,NAD83,15,m,30arc-sec,38,14,"",NULL
3351,BKY022,NULL,United States,South Carolina,Berkeley,,-79.7212,33.0327,NAD83,18,m,30arc-sec,28,16,"",NULL
3352,BKY023,NULL,United States,South Carolina,Berkeley,,-79.9855,32.9115,NAD83,10,m,30arc-sec,10,9,"",NULL
3353,BKY024,NULL,United States,South Carolina,Berkeley,,-80.0071,32.9118,NAD83,11,m,30arc-sec,6,13,"",NULL
3354,BZA001,NULL,United States,Texas,Brazoria,,-95.2851,28.9794,NAD27,2,m,30arc-sec,6,16,"",NULL
3355,BZA002,NULL,United States,Texas,Brazoria,,-95.2963,28.9756,NAD27,2,m,30arc-sec,71,16,"",NULL
3356,BZA003,NULL,United States,Texas,Brazoria,,-95.2688,28.9792,NAD27,1,m,30arc-sec,4,16,"",NULL
3357,BZA004,NULL,United States,Texas,Brazoria,,-95.4492,28.8691,NAD27,3,m,30arc-sec,23,16,"",NULL
3358,BZA005,NULL,United States,Texas,Brazoria,,-95.4812,28.8871,NAD27,4,m,30arc-sec,8,16,"",NULL
3359,BZA006,NULL,United States,Texas,Brazoria,,-95.5063,28.8959,NAD27,4,m,30arc-sec,19,16,"",NULL
3360,BZA007,NULL,United States,Texas,Brazoria,,-95.5464,28.9145,NAD27,3,m,30arc-sec,2,16,"",NULL
3361,BZA008,NULL,United States,Texas,Brazoria,,-95.2676,29.0601,NAD27,4,m,30arc-sec,12,16,"",NULL
3362,BZA009,NULL,United States,Texas,Brazoria,,-95.2555,29.065,NAD27,3,m,30arc-sec,2,16,"",NULL
3363,BZA010,NULL,United States,Texas,Brazoria,,-95.246,29.0739,NAD27,0,m,30arc-sec,0,16,"",NULL
3364,BZA011,NULL,United States,Texas,Brazoria,,-95.2291,29.0581,NAD27,2,m,30arc-sec,12,16,"",NULL
3365,BZA012,NULL,United States,Texas,Brazoria,,-95.2399,29.0616,NAD27,3,m,30arc-sec,2,16,"",NULL
3366,BZA013,NULL,United States,Texas,Brazoria,,-95.2675,29.0379,NAD27,3,m,30arc-sec,4,16,"",NULL
3367,BZA014,NULL,United States,Texas,Brazoria,,-95.5872,28.8668,NAD27,4,m,30arc-sec,3,16,"",NULL
3368,BZA015,NULL,United States,Texas,Brazoria,,-95.5841,28.8765,NAD27,4,m,30arc-sec,11,12,"",NULL
3369,BZA016,NULL,United States,Texas,Brazoria,,-95.5662,28.8805,NAD27,3,m,30arc-sec,69,16,"",NULL
3370,BZA017,NULL,United States,Texas,Brazoria,,-95.5576,28.8808,NAD27,2,m,30arc-sec,80,16,"",NULL
3371,BZA018,NULL,United States,Texas,Brazoria,,-95.565,28.8885,NAD27,2,m,30arc-sec,74,12,"",NULL
3372,BZA019,NULL,United States,Texas,Brazoria,,-95.576,28.8838,NAD27,4,m,30arc-sec,3,12,"",NULL
3373,BZA020,NULL,United States,Texas,Brazoria,,-95.2183,29.0127,NAD27,0,m,30arc-sec,0,16,"",NULL
3374,CCT001,NULL,United States,Arkansas,Chicot,,-91.4037,33.4179,NAD27,39,m,30arc-sec,63,16,"",NULL
3375,CGD001,NULL,United States,Arkansas,Craighead,,-90.303,35.8311,NAD27,68,m,30arc-sec,2,16,"",NULL
3376,CGD003,NULL,United States,Arkansas,Craighead,,-90.3987,35.9061,NAD27,70,m,30arc-sec,3,16,"",NULL
3377,CGD005,NULL,United States,Arkansas,Craighead,,-90.3329,35.934,NAD27,71,m,30arc-sec,2,16,"",NULL
3378,CGD010,NULL,United States,Arkansas,Craighead,,-90.5639,35.7779,NAD27,68,m,30arc-sec,62,16,"",NULL
3379,CGD012,NULL,United States,Arkansas,Craighead,,-90.5424,35.7785,NAD27,69,m,30arc-sec,1,16,"",NULL
3380,CGD013,NULL,United States,Arkansas,Craighead,,-90.5134,35.7791,NAD27,68,m,30arc-sec,1,16,"",NULL
3381,CGD014,NULL,United States,Arkansas,Craighead,,-90.3582,35.8029,NAD27,68,m,30arc-sec,76,16,"",NULL
3382,CGD015,NULL,United States,Arkansas,Craighead,,-90.3097,35.802,NAD27,68,m,30arc-sec,67,16,"",NULL
3383,CGD016,NULL,United States,Arkansas,Craighead,,-90.4206,35.805,NAD27,67,m,30arc-sec,2,16,"",NULL
3384,CGD017,NULL,United States,Arkansas,Craighead,,-90.4703,35.7927,NAD27,68,m,30arc-sec,1,16,"",NULL
3385,CGD018,NULL,United States,Arkansas,Craighead,,-90.4537,35.8922,NAD27,69,m,30arc-sec,9,16,"",NULL
3386,CGD019,NULL,United States,Arkansas,Craighead,,-90.3226,35.7369,NAD27,67,m,30arc-sec,76,16,"",NULL
3387,CHN001,NULL,United States,South Carolina,Charlelston,,-79.79,32.7874,NAD83,5,m,30arc-sec,4,13,"",NULL
3388,CHN002,NULL,United States,South Carolina,Charlelston,,-79.748,32.803,NAD83,6,m,30arc-sec,25,18,"",NULL
3389,CHN003,NULL,United States,South Carolina,Charlelston,,-79.7629,32.7987,NAD83,7,m,30arc-sec,1,18,"",NULL
3390,CHN004,NULL,United States,South Carolina,Charlelston,,-79.7739,32.7953,NAD83,7,m,30arc-sec,32,18,"",NULL
3391,CHN005,NULL,United States,South Carolina,Charlelston,,-79.7988,32.7838,NAD83,2,m,30arc-sec,2,13,"",NULL
3392,CHN006,NULL,United States,South Carolina,Charlelston,,-79.81,32.8193,NAD83,6,m,30arc-sec,2,13,"",NULL
3393,CHN007,NULL,United States,South Carolina,Charlelston,,-79.8134,32.8231,NAD83,6,m,30arc-sec,2,13,"",NULL
3394,CHN008,NULL,United States,South Carolina,Charlelston,,-79.8167,32.8287,NAD83,8,m,30arc-sec,44,9,"",NULL
3395,CHN009,NULL,United States,South Carolina,Charlelston,,-79.7766,32.8445,NAD83,7,m,30arc-sec,37,13,"",NULL
3396,CHN010,NULL,United States,South Carolina,Charlelston,,-79.8154,32.8152,NAD83,3,m,30arc-sec,34,13,"",NULL
3397,CHN011,NULL,United States,South Carolina,Charlelston,,-79.8051,32.8311,NAD83,9,m,30arc-sec,22,13,"",NULL
3398,CHN012,NULL,United States,South Carolina,Charlelston,,-79.7989,32.831,NAD83,7,m,30arc-sec,44,13,"",NULL
3399,CHN013,NULL,United States,South Carolina,Charlelston,,-79.7832,32.8409,NAD83,3,m,30arc-sec,25,13,"",NULL
3400,CHN014,NULL,United States,South Carolina,Charlelston,,-79.787,32.8482,NAD83,8,m,30arc-sec,24,13,"",NULL
3401,CHN016,NULL,United States,South Carolina,Charlelston,,-79.7089,32.9121,NAD83,8,m,30arc-sec,3,14,"",NULL
3402,CHN017,NULL,United States,South Carolina,Charlelston,,-79.7187,32.9163,NAD83,10,m,30arc-sec,1,14,"",NULL
3403,CHN018,NULL,United States,South Carolina,Charlelston,,-79.7364,32.8808,NAD83,5,m,30arc-sec,33,13,"",NULL
3404,CHN019,NULL,United States,South Carolina,Charlelston,,-79.7655,32.8603,NAD83,2,m,30arc-sec,1,13,"",NULL
3405,CHN020,NULL,United States,South Carolina,Charlelston,,-79.815,32.8373,NAD83,9,m,30arc-sec,34,13,"",NULL
3406,CHN021,NULL,United States,South Carolina,Charlelston,,-79.825,32.8207,NAD83,9,m,30arc-sec,1,13,"",NULL
3407,CHN022,NULL,United States,South Carolina,Charlelston,,-79.8311,32.8049,NAD83,5,m,30arc-sec,2,13,"",NULL
3408,CHN023,NULL,United States,South Carolina,Charlelston,,-79.8472,32.7922,NAD83,7,m,30arc-sec,5,13,"",NULL
3409,CHN024,NULL,United States,South Carolina,Charlelston,,-79.8186,32.7692,NAD83,5,m,30arc-sec,20,15,"",NULL
3410,CHN025,NULL,United States,South Carolina,Charlelston,,-79.8145,32.7766,NAD83,1,m,30arc-sec,1,13,"",NULL
3411,CHN026,NULL,United States,South Carolina,Charlelston,,-79.8051,32.7808,NAD83,4,m,30arc-sec,3,13,"",NULL
3412,CHN027,NULL,United States,South Carolina,Charlelston,,-79.857,32.7602,NAD83,3,m,30arc-sec,5,15,"",NULL
3413,CHN028,NULL,United States,South Carolina,Charlelston,,-79.8428,32.7597,NAD83,2,m,30arc-sec,24,15,"",NULL
3414,CHN029,NULL,United States,South Carolina,Charlelston,,-79.784,32.8682,NAD83,12,m,30arc-sec,1,13,"",NULL
3415,CHN030,NULL,United States,South Carolina,Charlelston,,-79.7554,32.8848,NAD83,10,m,30arc-sec,1,13,"",NULL
3416,CHN031,NULL,United States,South Carolina,Charlelston,,-79.752,32.8741,NAD83,6,m,30arc-sec,33,13,"",NULL
3417,CHN032,NULL,United States,South Carolina,Charlelston,,-80.0267,32.9043,NAD83,12,m,30arc-sec,8,13,"",NULL
3418,CHN033,NULL,United States,South Carolina,Charlelston,,-80.0323,32.9166,NAD83,11,m,30arc-sec,3,9,"",NULL
3419,CHN034,NULL,United States,South Carolina,Charlelston,,-80.0391,32.917,NAD83,15,m,30arc-sec,51,9,"",NULL
3420,CHN035,NULL,United States,South Carolina,Charlelston,,-80.013,32.8994,NAD83,14,m,30arc-sec,2,13,"",NULL
3421,CHN036,NULL,United States,South Carolina,Charlelston,,-79.8234,32.847,NAD83,10,m,30arc-sec,14,13,"",NULL
3422,CHN037,NULL,United States,South Carolina,Charlelston,,-79.4676,33.0991,NAD83,9,m,30arc-sec,1,15,"",NULL
3423,CHN038,NULL,United States,South Carolina,Charlelston,,-80.1276,32.5954,NAD83,6,m,30arc-sec,10,13,"",NULL
3424,CHN039,NULL,United States,South Carolina,Charlelston,,-80.1283,32.5907,NAD83,0,m,30arc-sec,0,13,"",NULL
3425,CHN040,NULL,United States,South Carolina,Charlelston,,-80.1175,32.6016,NAD83,1,m,30arc-sec,10,13,"",NULL
3426,CHN041,NULL,United States,South Carolina,Charlelston,,-80.105,32.6039,NAD83,8,m,30arc-sec,2,13,"",NULL
3427,CHN042,NULL,United States,South Carolina,Charlelston,,-80.0564,32.6245,NAD83,7,m,30arc-sec,37,13,"",NULL
3428,CHN043,NULL,United States,South Carolina,Charlelston,,-80.0184,32.6178,NAD83,1,m,30arc-sec,4,18,"",NULL
3429,CHN044,NULL,United States,South Carolina,Charlelston,,-80.049,32.6136,NAD83,4,m,30arc-sec,2,13,"",NULL
3430,CHN045,NULL,United States,South Carolina,Charlelston,,-80.0603,32.6106,NAD83,7,m,30arc-sec,19,13,"",NULL
3431,CHN046,NULL,United States,South Carolina,Charlelston,,-80.1423,32.6101,NAD83,5,m,30arc-sec,4,13,"",NULL
3432,CHN047,NULL,United States,South Carolina,Charlelston,,-80.05,32.7444,NAD83,13,m,30arc-sec,36,13,"",NULL
3433,CHN048,NULL,United States,South Carolina,Charlelston,,-80.0658,32.7306,NAD83,14,m,30arc-sec,4,13,"",NULL
3434,CHN049,NULL,United States,South Carolina,Charlelston,,-80.1784,32.6685,NAD83,12,m,30arc-sec,12,18,"",NULL
3435,CHN050,NULL,United States,South Carolina,Charlelston,,-80.1235,32.7023,NAD83,9,m,30arc-sec,15,13,"",NULL
3436,CHN051,NULL,United States,South Carolina,Charlelston,,-80.1625,32.5916,NAD83,11,m,30arc-sec,5,18,"",NULL
3437,CHN052,NULL,United States,South Carolina,Charlelston,,-80.1774,32.5617,NAD83,0,m,30arc-sec,0,18,"",NULL
3438,CHN053,NULL,United States,South Carolina,Charlelston,,-80.1583,32.57,NAD83,0,m,30arc-sec,0,18,"",NULL
3439,CHN054,NULL,United States,South Carolina,Charlelston,,-79.9452,32.6736,NAD83,1,m,30arc-sec,1,15,"",NULL
3440,CHN055,NULL,United States,South Carolina,Charlelston,,-79.9496,32.6538,NAD83,5,m,30arc-sec,20,18,"",NULL
3441,CHN056,NULL,United States,South Carolina,Charlelston,,-79.9607,32.6487,NAD83,1,m,30arc-sec,10,15,"",NULL
3442,CHN057,NULL,United States,South Carolina,Charlelston,,-79.9433,32.6569,NAD83,5,m,30arc-sec,20,18,"",NULL
3443,CHN058,NULL,United States,South Carolina,Charlelston,,-79.9271,32.6627,NAD83,1,m,30arc-sec,21,18,"",NULL
3444,CHN059,NULL,United States,South Carolina,Charlelston,,-79.9655,32.7575,NAD83,2,m,30arc-sec,2,18,"",NULL
3445,CHN060,NULL,United States,South Carolina,Charlelston,,-79.9652,32.695,NAD83,4,m,30arc-sec,2,15,"",NULL
3446,CHN061,NULL,United States,South Carolina,Charlelston,,-79.9193,32.6677,NAD83,1,m,30arc-sec,22,18,"",NULL
3447,CHN062,NULL,United States,South Carolina,Charlelston,,-79.9018,32.6758,NAD83,1,m,30arc-sec,13,18,"",NULL
3448,CHN063,NULL,United States,South Carolina,Charlelston,,-79.8915,32.6833,NAD83,0,m,30arc-sec,0,18,"",NULL
3449,CHN064,NULL,United States,South Carolina,Charlelston,,-80.0604,32.8982,NAD83,13,m,30arc-sec,1,13,"",NULL
3450,CHN065,NULL,United States,South Carolina,Charlelston,,-80.068,32.9118,NAD83,7,m,30arc-sec,3,13,"",NULL
3451,CHN066,NULL,United States,South Carolina,Charlelston,,-79.9663,32.7359,NAD83,7,m,30arc-sec,1,16,"",NULL
3452,CHN067,NULL,United States,South Carolina,Charlelston,,-79.992,32.7695,NAD83,2,m,30arc-sec,41,15,"",NULL
3453,CHN068,NULL,United States,South Carolina,Charlelston,,-79.9387,32.7085,NAD83,0,m,30arc-sec,7,16,"",NULL
3454,CHN069,NULL,United States,South Carolina,Charlelston,,-79.9133,32.731,NAD83,3,m,30arc-sec,8,18,"",NULL
3455,CHN070,NULL,United States,South Carolina,Charlelston,,-80.1515,32.5892,NAD83,9,m,30arc-sec,10,15,"",NULL
3456,CHN071,NULL,United States,South Carolina,Charlelston,,-80.1675,32.5778,NAD83,11,m,30arc-sec,11,18,"",NULL
3457,CHN072,NULL,United States,South Carolina,Charlelston,,-80.1785,32.5723,NAD83,13,m,30arc-sec,1,11,"",NULL
3458,CHN073,NULL,United States,South Carolina,Charlelston,,-80.1712,32.5753,NAD83,11,m,30arc-sec,11,18,"",NULL
3459,CHN074,NULL,United States,South Carolina,Charlelston,,-79.9679,32.7164,NAD83,11,m,30arc-sec,2,15,"",NULL
3460,CHN075,NULL,United States,South Carolina,Charlelston,,-79.9477,32.7298,NAD83,8,m,30arc-sec,2,18,"",NULL
3461,CHN076,NULL,United States,South Carolina,Charlelston,,-79.9353,32.6621,NAD83,1,m,30arc-sec,2,18,"",NULL
3462,CLN001,NULL,United States,Arkansas,Calhoun,,-92.5832,33.3959,NAD27,37,m,30arc-sec,2,15,"",NULL
3463,CLN002,NULL,United States,Arkansas,Calhoun,,-92.5906,33.4169,NAD27,36,m,30arc-sec,32,15,"",NULL
3464,CLN003,NULL,United States,Arkansas,Calhoun,,-92.5874,33.4267,NAD27,35,m,30arc-sec,1,13,"",NULL
3465,CLN004,NULL,United States,Arkansas,Calhoun,,-92.5853,33.4356,NAD27,36,m,30arc-sec,9,13,"",NULL
3466,CLN005,NULL,United States,Arkansas,Calhoun,,-92.528,33.339,NAD27,34,m,30arc-sec,11,15,"",NULL
3467,CLN006,NULL,United States,Arkansas,Calhoun,,-92.5304,33.3477,NAD27,35,m,30arc-sec,2,15,"",NULL
3468,CLY001,NULL,United States,Arkansas,Clay,,-90.2322,36.2373,NAD27,77,m,30arc-sec,2,16,"",NULL
3469,CMN001,NULL,United States,Texas,Cameron,,-97.5469,25.9473,NAD27,13,m,30arc-sec,10,16,"",NULL
3470,CMN002,NULL,United States,Texas,Cameron,,-97.5597,25.9527,NAD27,13,m,30arc-sec,12,16,"",NULL
3471,CMN003,NULL,United States,Texas,Cameron,,-97.5684,25.9572,NAD27,15,m,30arc-sec,26,16,"",NULL
3472,CMN004,NULL,United States,Texas,Cameron,,-97.5761,25.9611,NAD27,14,m,30arc-sec,3,16,"",NULL
3473,CMN005,NULL,United States,Texas,Cameron,,-97.5842,25.9655,NAD27,15,m,30arc-sec,16,16,"",NULL
3474,CMN006,NULL,United States,Texas,Cameron,,-97.5921,25.9729,NAD27,15,m,30arc-sec,3,16,"",NULL
3475,CMN007,NULL,United States,Texas,Cameron,,-97.5979,25.9816,NAD27,16,m,30arc-sec,7,16,"",NULL
3476,CMN008,NULL,United States,Texas,Cameron,,-97.6018,25.9903,NAD27,16,m,30arc-sec,21,16,"",NULL
3477,CMN009,NULL,United States,Texas,Cameron,,-97.6037,25.9993,NAD27,15,m,30arc-sec,20,16,"",NULL
3478,CMN010,NULL,United States,Texas,Cameron,,-97.6055,26.0079,NAD27,15,m,30arc-sec,9,16,"",NULL
3479,CMN011,NULL,United States,Texas,Cameron,,-97.607,26.0154,NAD27,15,m,30arc-sec,34,16,"",NULL
3480,CMN012,NULL,United States,Texas,Cameron,,-97.6224,26.0232,NAD27,16,m,30arc-sec,5,16,"",NULL
3481,CMN013,NULL,United States,Texas,Cameron,,-97.6308,26.0258,NAD27,16,m,30arc-sec,11,16,"",NULL
3482,CMN014,NULL,United States,Texas,Cameron,,-97.641,26.029,NAD27,16,m,30arc-sec,7,16,"",NULL
3483,CMN015,NULL,United States,Texas,Cameron,,-97.651,26.0329,NAD27,17,m,30arc-sec,9,16,"",NULL
3484,CMN016,NULL,United States,Texas,Cameron,,-97.6587,26.0392,NAD27,18,m,30arc-sec,5,16,"",NULL
3485,CMN017,NULL,United States,Texas,Cameron,,-97.6713,26.0452,NAD27,18,m,30arc-sec,11,16,"",NULL
3486,CMN018,NULL,United States,Texas,Cameron,,-97.6827,26.0449,NAD27,17,m,30arc-sec,77,16,"",NULL
3487,CMN019,NULL,United States,Texas,Cameron,,-97.7047,26.0444,NAD27,18,m,30arc-sec,5,16,"",NULL
3488,CMN020,NULL,United States,Texas,Cameron,,-97.7206,26.0492,NAD27,18,m,30arc-sec,4,16,"",NULL
3489,CMN021,NULL,United States,Texas,Cameron,,-97.6181,26.057,NAD27,16,m,30arc-sec,20,16,"",NULL
3490,CMN022,NULL,United States,Texas,Cameron,,-97.6243,26.0468,NAD27,15,m,30arc-sec,5,16,"",NULL
3491,CMN023,NULL,United States,Texas,Cameron,,-97.6197,26.0739,NAD27,18,m,30arc-sec,1,16,"",NULL
3492, CMN024,NULL,United States,Texas,Cameron,,-97.6302,26.0847,NAD27,16,m,30arc-sec,5,16,"",NULL
3493,CMN025,NULL,United States,Texas,Cameron,,-97.644,26.0921,NAD27,17,m,30arc-sec,7,16,"",NULL
3494,CMN026,NULL,United States,Texas,Cameron,,-97.6472,26.1066,NAD27,16,m,30arc-sec,4,16,"",NULL
3495,CMN027,NULL,United States,Texas,Cameron,,-97.6644,26.1187,NAD27,15,m,30arc-sec,6,16,"",NULL
3496,CMN028,NULL,United States,Texas,Cameron,,-97.6653,26.0618,NAD27,16,m,30arc-sec,6,16,"",NULL
3497,CMN029,NULL,United States,Texas,Cameron,,-97.6059,26.1127,NAD27,12,m,30arc-sec,2,16,"",NULL
3498,CMN030,NULL,United States,Texas,Cameron,,-97.5749,26.1246,NAD27,10,m,30arc-sec,5,16,"",NULL
3499,CMN031,NULL,United States,Texas,Cameron,,-97.5435,26.0895,NAD27,14,m,30arc-sec,9,16,"",NULL
3500,CMN032,NULL,United States,Texas,Cameron,,-97.5756,26.0741,NAD27,14,m,30arc-sec,21,16,"",NULL
3501,CNC001,NULL,United States,Arkansas,Crittenden,,-90.204,35.211,NAD27,68,m,30arc-sec,11,16,"",NULL
3502,CNC002,NULL,United States,Arkansas,Crittenden,,-90.1843,35.2192,NAD27,65,m,30arc-sec,4,16,"",NULL
3503,CNC003,NULL,United States,Arkansas,Crittenden,,-90.1398,35.2181,NAD27,66,m,30arc-sec,67,16,"",NULL
3504,CNC004,NULL,United States,Arkansas,Crittenden,,-90.2545,35.2561,NAD27,67,m,30arc-sec,64,16,"",NULL
3505,CNC005,NULL,United States,Arkansas,Crittenden,,-90.2233,35.2767,NAD27,66,m,30arc-sec,3,16,"",NULL
3506,CNC006,NULL,United States,Arkansas,Crittenden,,-90.2006,35.2989,NAD27,68,m,30arc-sec,5,16,"",NULL
3507,CNC007,NULL,United States,Arkansas,Crittenden,,-90.2719,35.3101,NAD27,67,m,30arc-sec,1,16,"",NULL
3508,CNC008,NULL,United States,Arkansas,Crittenden,,-90.3255,35.263,NAD27,66,m,30arc-sec,53,16,"",NULL
3509,CNC009,NULL,United States,Arkansas,Crittenden,,-90.3272,35.2061,NAD27,64,m,30arc-sec,64,16,"",NULL
3510,CNC010,NULL,United States,Arkansas,Crittenden,,-90.3635,35.1665,NAD27,61,m,30arc-sec,42,16,"",NULL
3511,CNC011,NULL,United States,Arkansas,Crittenden,,-90.2926,35.1546,NAD27,62,m,30arc-sec,2,16,"",NULL
3512,CNC012,NULL,United States,Arkansas,Crittenden,,-90.365,35.1188,NAD27,61,m,30arc-sec,53,16,"",NULL
3513,CNC013,NULL,United States,Arkansas,Crittenden,,-90.2807,35.2114,NAD27,62,m,30arc-sec,12,16,"",NULL
3514,CNC014,NULL,United States,Arkansas,Crittenden,,-90.2547,35.2107,NAD27,66,m,30arc-sec,14,16,"",NULL
3515,CNC015,NULL,United States,Arkansas,Crittenden,,-90.298,35.2638,NAD27,67,m,30arc-sec,3,16,"",NULL
3516,CNC016,NULL,United States,Arkansas,Crittenden,,-90.1291,35.1928,NAD27,64,m,30arc-sec,1,16,"",NULL
3517,CNC017,NULL,United States,Arkansas,Crittenden,,-90.1405,35.143,NAD27,65,m,30arc-sec,24,14,"",NULL
3518,CNC018,NULL,United States,Arkansas,Crittenden,,-90.1318,35.1614,NAD27,65,m,30arc-sec,3,14,"",NULL
3519,CNC019,NULL,United States,Arkansas,Crittenden,,-90.1272,35.1708,NAD27,64,m,30arc-sec,73,14,"",NULL
3520,CNC020,NULL,United States,Arkansas,Crittenden,,-90.1158,35.2097,NAD27,64,m,30arc-sec,19,16,"",NULL
3521,CNC021,NULL,United States,Arkansas,Crittenden,,-90.1129,35.2401,NAD27,69,m,30arc-sec,7,14,"",NULL
3522,CNC022,NULL,United States,Arkansas,Crittenden,,-90.166,35.2482,NAD27,65,m,30arc-sec,7,16,"",NULL
3523,CNC023,NULL,United States,Arkansas,Crittenden,,-90.2012,35.2701,NAD27,67,m,30arc-sec,3,16,"",NULL
3524,CNC024,NULL,United States,Arkansas,Crittenden,,-90.2009,35.2871,NAD27,67,m,30arc-sec,78,16,"",NULL
3525,CNC025,NULL,United States,Arkansas,Crittenden,,-90.1961,35.3089,NAD27,66,m,30arc-sec,17,16,"",NULL
3526,CNC026,NULL,United States,Arkansas,Crittenden,,-90.2153,35.3794,NAD27,68,m,30arc-sec,50,16,"",NULL
3527,CNC027,NULL,United States,Arkansas,Crittenden,,-90.3076,35.307,NAD27,66,m,30arc-sec,71,16,"",NULL
3528,CNC028,NULL,United States,Arkansas,Crittenden,,-90.3252,35.3004,NAD27,65,m,30arc-sec,60,16,"",NULL
3529,CNC029,NULL,United States,Arkansas,Crittenden,,-90.1936,35.3791,NAD27,68,m,30arc-sec,2,16,"",NULL
3530,CNC030,NULL,United States,Arkansas,Crittenden,,-90.2317,35.3796,NAD27,66,m,30arc-sec,76,16,"",NULL
3531,CNC031,NULL,United States,Arkansas,Crittenden,,-90.3063,35.3513,NAD27,66,m,30arc-sec,4,18,"",NULL
3532,CNC032,NULL,United States,Arkansas,Crittenden,,-90.3063,35.3655,NAD27,66,m,30arc-sec,6,16,"",NULL
3533,CNC033,NULL,United States,Arkansas,Crittenden,,-90.1823,35.3297,NAD27,66,m,30arc-sec,2,14,"",NULL
3534,CNC034,NULL,United States,Arkansas,Crittenden,,-90.3857,35.432,NAD27,66,m,30arc-sec,12,16,"",NULL
3535,CNC035,NULL,United States,Arkansas,Crittenden,,-90.3859,35.4184,NAD27,66,m,30arc-sec,64,16,"",NULL
3536,CNC036,NULL,United States,Arkansas,Crittenden,,-90.4198,35.3651,NAD27,64,m,30arc-sec,60,16,"",NULL
3537,CNC037,NULL,United States,Arkansas,Crittenden,,-90.4841,35.4198,NAD27,63,m,30arc-sec,50,16,"",NULL
3538,CNC038,NULL,United States,Arkansas,Crittenden,,-90.2449,35.4194,NAD27,67,m,30arc-sec,77,16,"",NULL
3539,CSC001,NULL,United States,Arkansas,Cross,,-90.5221,35.2988,NAD27,64,m,30arc-sec,8,16,"",NULL
3540,CSC002,NULL,United States,Arkansas,Cross,,-90.5218,35.3097,NAD27,65,m,30arc-sec,15,16,"",NULL
3541,CSC003,NULL,United States,Arkansas,Cross,,-90.5227,35.326,NAD27,63,m,30arc-sec,70,16,"",NULL
3542,CSC004,NULL,United States,Arkansas,Cross,,-90.5609,35.1611,NAD27,61,m,30arc-sec,6,16,"",NULL
3543,CSC005,NULL,United States,Arkansas,Cross,,-90.5598,35.1793,NAD27,61,m,30arc-sec,14,16,"",NULL
3544,CSC006,NULL,United States,Arkansas,Cross,,-90.5031,35.3745,NAD27,63,m,30arc-sec,5,16,"",NULL
3545,CSC007,NULL,United States,Arkansas,Cross,,-90.5031,35.3545,NAD27,63,m,30arc-sec,72,16,"",NULL
3546,CSC008,NULL,United States,Arkansas,Cross,,-90.5302,35.4019,NAD27,63,m,30arc-sec,3,16,"",NULL
3547,DKN001,NULL,United States,Missouri,Dunklin,,-89.9611,36.2205,NAD27,75,m,30arc-sec,67,16,"",NULL
3548,DKN002,NULL,United States,Missouri,Dunklin,,-89.9769,36.1034,NAD27,74,m,30arc-sec,64,16,"",NULL
3549,DKN009,NULL,United States,Missouri,Dunklin,,-90.0715,36.1562,NAD27,78,m,30arc-sec,76,16,"",NULL
3550,DKN010,NULL,United States,Missouri,Dunklin,,-90.0871,36.1268,NAD27,77,m,30arc-sec,5,16,"",NULL
3551,DKN011,NULL,United States,Missouri,Dunklin,,-90.0999,36.0975,NAD27,76,m,30arc-sec,1,16,"",NULL
3552,DKN012,NULL,United States,Missouri,Dunklin,,-90.1503,36.047,NAD27,75,m,30arc-sec,69,16,"",NULL
3553,DKN013,NULL,United States,Missouri,Dunklin,,-90.2478,36.0173,NAD27,73,m,30arc-sec,1,16,"",NULL
3554,DSA001,NULL,United States,Arkansas,Desha,,-91.3335,33.7972,NAD27,46,m,30arc-sec,26,16,"",NULL
3555,DSA002,NULL,United States,Arkansas,Desha,,-91.3336,33.7958,NAD27,46,m,30arc-sec,26,16,"",NULL
3556,DSA003,NULL,United States,Arkansas,Desha,,-91.3337,33.7933,NAD27,46,m,30arc-sec,26,16,"",NULL
3557,DSO001,NULL,United States,Mississippi,Desoto,,-90.0016,34.9921,NAD27,101,m,30arc-sec,1,15,"",NULL
3558,DSO002,NULL,United States,Mississippi,Desoto,,-89.9979,34.953,NAD27,86,m,30arc-sec,38,9,"",NULL
3559,DSO003,NULL,United States,Mississippi,Desoto,,-89.9957,34.9348,NAD27,99,m,30arc-sec,8,9,"",NULL
3560,DSO004,NULL,United States,Mississippi,Desoto,,-89.9915,34.8705,NAD27,83,m,30arc-sec,1,9,"",NULL
3561,DSO005,NULL,United States,Mississippi,Desoto,,-89.9916,34.8614,NAD27,91,m,30arc-sec,1,9,"",NULL
3562,DSO006,NULL,United States,Mississippi,Desoto,,-89.9896,34.8579,NAD27,106,m,30arc-sec,2,9,"",NULL
3563,DSO007,NULL,United States,Mississippi,Desoto,,-90.0778,34.8612,NAD27,82,m,30arc-sec,12,9,"",NULL
3564,DSO008,NULL,United States,Mississippi,Desoto,,-90.0782,34.8639,NAD27,82,m,30arc-sec,12,9,"",NULL
3565,DSO009,NULL,United States,Mississippi,Desoto,,-89.9896,34.8625,NAD27,91,m,30arc-sec,1,9,"",NULL
3566,DSO010,NULL,United States,Mississippi,Desoto,,-89.9931,34.933,NAD27,100,m,30arc-sec,3,9,"",NULL
3567,DSO011,NULL,United States,Mississippi,Desoto,,-89.9898,34.7231,NAD27,68,m,30arc-sec,1,9,"",NULL
3568,DSO012,NULL,United States,Mississippi,Desoto,,-90.2248,34.8758,NAD27,60,m,30arc-sec,1,16,"",NULL
3569,DSO013,NULL,United States,Mississippi,Desoto,,-90.2255,34.8673,NAD27,59,m,30arc-sec,71,14,"",NULL
3570,DYR002,NULL,United States,Tennessee,Dyer,,-89.5315,36.1511,NAD27,80,m,30arc-sec,65,14,"",NULL
3571,GEE001,NULL,United States,Arkansas,Greene,,-90.3013,36.1571,NAD27,75,m,30arc-sec,2,16,"",NULL
3572,GEE002,NULL,United States,Arkansas,Greene,,-90.3198,36.1097,NAD27,74,m,30arc-sec,24,16,"",NULL
3573,GEE003,NULL,United States,Arkansas,Greene,,-90.3687,36.0478,NAD27,72,m,30arc-sec,10,16,"",NULL
3574,GEE004,NULL,United States,Arkansas,Greene,,-90.4415,35.9722,NAD27,71,m,30arc-sec,2,16,"",NULL
3575,HNC001,NULL,United States,Kentucky,Henderson,,-87.5922,37.8153,NAD27,116,m,30arc-sec,11,16,"",NULL
3576,HNC002,NULL,United States,Kentucky,Henderson,,-87.6669,37.8043,NAD27,116,m,30arc-sec,7,14,"",NULL
3577,HNC003,NULL,United States,Kentucky,Henderson,,-87.6908,37.8382,NAD27,110,m,30arc-sec,1,16,"",NULL
3578,HNC004,NULL,United States,Kentucky,Henderson,,-87.6978,37.8552,NAD27,111,m,30arc-sec,21,6,"",NULL
3579,HNC005,NULL,United States,Kentucky,Henderson,,-87.7019,37.8721,NAD27,108,m,30arc-sec,18,12,"",NULL
3580,HNC006,NULL,United States,Kentucky,Henderson,,-87.7073,37.8204,NAD27,118,m,30arc-sec,16,16,"",NULL
3581,HPD001,NULL,United States,Arkansas,Hempstead,,-93.8101,33.6062,NAD27,82,m,30arc-sec,7,9,"",NULL
3582,HPD002,NULL,United States,Arkansas,Hempstead,,-93.8103,33.597,NAD27,82,m,30arc-sec,1,9,"",NULL
3583,HPD003,NULL,United States,Arkansas,Hempstead,,-93.8151,33.6107,NAD27,84,m,30arc-sec,8,13,"",NULL
3584,HTH007,NULL,United States,Michigan,Houghton,,-88.2449,47.1664,NAD83,181,m,30arc-sec,4,5,"",NULL
3585,HTN001,NULL,United States,Michigan,Houghton,,-88.2634,47.1777,NAD83,184,m,30arc-sec,8,5,"",NULL
3586,HTN002,NULL,United States,Michigan,Houghton,,-88.2442,47.1795,NAD83,181,m,30arc-sec,32,5,"",NULL
3587,HTN003,NULL,United States,Michigan,Houghton,,-88.2449,47.1588,NAD83,181,m,30arc-sec,4,9,"",NULL
3588,HTN004,NULL,United States,Michigan,Houghton,,-88.2658,47.1579,NAD83,188,m,30arc-sec,20,9,"",NULL
3589,HTN005,NULL,United States,Michigan,Houghton,,-88.2688,47.168,NAD83,184,m,30arc-sec,1,5,"",NULL
3590,HTN006,NULL,United States,Michigan,Houghton,,-88.2585,47.178,NAD83,184,m,30arc-sec,8,5,"",NULL
3591,HTN008,NULL,United States,Michigan,Houghton,,-88.2664,47.1617,NAD83,186,m,30arc-sec,21,9,"",NULL
3592,IMC001,NULL,United States,California,Imperial,IWA-001,-115.5347,33.0966,NAD27,-54,m,30arc-sec,3,16,"Qal2",NULL
3593,IMC002,NULL,United States,California,Imperial,IWA-002,-115.5344,33.0966,NAD27,-54,m,30arc-sec,3,16,"Qal2",NULL
3594,IMC003,NULL,United States,California,Imperial,IWA-003,-115.5333,33.0966,NAD27,-56,m,30arc-sec,6,16,"Qal1",NULL
3595,IMC004,NULL,United States,California,Imperial,IWA-004,-115.5325,33.0966,NAD27,-56,m,30arc-sec,6,16,"Qal1",NULL
3596,IMC005,NULL,United States,California,Imperial,IWA-005,-115.5322,33.0971,NAD27,-56,m,30arc-sec,6,16,"Qal1",NULL
3597,IMC006,NULL,United States,California,Imperial,IWA-006,-115.5314,33.0972,NAD27,-56,m,30arc-sec,6,16,"Qal1",NULL
3598,IMC007,NULL,United States,California,Imperial,IWA-007,-115.5312,33.0969,NAD27,-56,m,30arc-sec,6,16,"Qal1",NULL
3599,IMC008,NULL,United States,California,Imperial,IWA-008,-115.5307,33.0966,NAD27,-56,m,30arc-sec,6,16,"Qal1",NULL
3600,IMC009,NULL,United States,California,Imperial,IWA-009,-115.5328,33.0966,NAD27,-56,m,30arc-sec,6,16,"Qal1",NULL
3601,IMC010,NULL,United States,California,Imperial,IWA-010,-115.5338,33.0966,NAD27,-54,m,30arc-sec,3,16,"Qal2",NULL
3602,IMC031,NULL,United States,California,Imperial,WLA5,-115.5306,33.0975,NAD27,-56,m,30arc-sec,6,16,"Qal1",NULL
3603,IMC038,NULL,United States,California,Imperial,WLA12,-115.5305,33.0973,NAD27,-56,m,30arc-sec,6,16,"Qal1",NULL
3604,IMC050,NULL,United States,California,Imperial,WLA24,-115.5305,33.0974,NAD27,-56,m,30arc-sec,6,16,"Qal1",NULL
3605,KER006,NULL,United States,California,Kern,Lancaster,-118.2913,34.8212,NAD27,742,m,30arc-sec,4,8,"Qal1",NULL
3606,KNX001,NULL,United States,Indiana,Knox,Paleoliquefaction Site,-87.6039,38.6446,NAD27,126,m,30arc-sec,6,15,"",NULL
3607,LAC001,NULL,United States,California,Los Angeles,,-118.2233,33.7964,NAD27,7,m,30arc-sec,9,15,"Qal1",NULL
3608,LAC010,NULL,United States,California,Los Angeles,,-118.2234,33.7962,NAD27,7,m,30arc-sec,9,15,"Qal2",NULL
3609,LAC019,NULL,United States,California,Los Angeles,Long Beach,-118.1734,33.88,NAD27,21,m,30arc-sec,12,16,"Qal1",NULL
3610,LAC020,NULL,United States,California,Los Angeles,Commerce,-118.1482,33.9743,NAD27,41,m,30arc-sec,1,12,"Qoa",NULL
3611,LAC021,NULL,United States,California,Los Angeles,Torrance,-118.3321,33.8705,NAD27,21,m,30arc-sec,22,11,"Qoa",NULL
3612,LAC027,NULL,United States,California,Los Angeles,Industry,-117.9507,34.0093,NAD27,104,m,30arc-sec,31,12,"Qal2",NULL
3613,LAC028,NULL,United States,California,Los Angeles,Rosemead,-118.0809,34.0512,NAD27,74,m,30arc-sec,1,8,"Qal2",NULL
3614,LAC120,NULL,United States,California,Los Angeles,Lancaster,-118.3965,34.8056,NAD27,786,m,30arc-sec,6,8,"Qal2",NULL
3615,LEE001,NULL,United States,Arkansas,Lee,,-90.8196,34.7205,NAD27,63,m,30arc-sec,17,16,"",NULL
3616,LEE002,NULL,United States,Arkansas,Lee,,-90.8196,34.7235,NAD27,63,m,30arc-sec,17,16,"",NULL
3617,LEE003,NULL,United States,Arkansas,Lee,,-90.8204,34.7157,NAD27,62,m,30arc-sec,10,16,"",NULL
3618,LEE004,NULL,United States,Arkansas,Lee,,-90.8108,34.7157,NAD27,63,m,30arc-sec,1,16,"",NULL
3619,LFE001,NULL,United States,Arkansas,Lafayette,,-93.6989,33.4245,NAD27,74,m,30arc-sec,13,15,"",NULL
3620,LFE002,NULL,United States,Arkansas,Lafayette,,-93.692,33.4146,NAD27,73,m,30arc-sec,4,15,"",NULL
3621,LFE003,NULL,United States,Arkansas,Lafayette,,-93.6942,33.4714,NAD27,77,m,30arc-sec,39,9,"",NULL
3622,LFE004,NULL,United States,Arkansas,Lafayette,,-93.676,33.4489,NAD27,75,m,30arc-sec,11,5,"",NULL
3623,LFE005,NULL,United States,Arkansas,Lafayette,,-93.8502,33.0909,NAD27,63,m,30arc-sec,1,13,"",NULL
3624,LFE006,NULL,United States,Arkansas,Lafayette,,-93.8339,33.1028,NAD27,65,m,30arc-sec,13,14,"",NULL
3625,LFE007,NULL,United States,Arkansas,Lafayette,,-93.8213,33.1134,NAD27,64,m,30arc-sec,13,14,"",NULL
3626,LFE008,NULL,United States,Arkansas,Lafayette,,-93.822,33.1219,NAD27,64,m,30arc-sec,26,14,"",NULL
3627,LFE009,NULL,United States,Arkansas,Lafayette,,-93.7921,33.1303,NAD27,64,m,30arc-sec,1,16,"",NULL
3628,LFE010,NULL,United States,Arkansas,Lafayette,,-93.7787,33.1374,NAD27,65,m,30arc-sec,9,16,"",NULL
3629,LVR001,NULL,United States,Arkansas,Little River,,-94.1409,33.5956,NAD27,89,m,30arc-sec,6,13,"",NULL
3630,LVR002,NULL,United States,Arkansas,Little River,,-94.1262,33.5953,NAD27,88,m,30arc-sec,5,9,"",NULL
3631,LVR003,NULL,United States,Arkansas,Little River,,-94.1106,33.5913,NAD27,87,m,30arc-sec,3,9,"",NULL
3632,LWE001,NULL,United States,Illinois,Lawrence,,-87.5111,38.7472,NAD27,126,m,30arc-sec,19,15,"",NULL
3633,MGA001,NULL,United States,Texas,Matagorda,,-95.769,28.75,NAD27,2,m,30arc-sec,12,16,"",NULL
3634,MGA002,NULL,United States,Texas,Matagorda,,-95.7747,28.7582,NAD27,3,m,30arc-sec,52,16,"",NULL
3635,MGA003,NULL,United States,Texas,Matagorda,,-95.7867,28.7651,NAD27,2,m,30arc-sec,48,16,"",NULL
3636,MGA004,NULL,United States,Texas,Matagorda,,-95.6124,28.7747,NAD27,4,m,30arc-sec,2,16,"",NULL
3637,MGA005,NULL,United States,Texas,Matagorda,,-95.6044,28.7964,NAD27,2,m,30arc-sec,4,16,"",NULL
3638,MGA006,NULL,United States,Texas,Matagorda,,-95.6102,28.802,NAD27,3,m,30arc-sec,3,16,"",NULL
3639,MGA007,NULL,United States,Texas,Matagorda,,-95.6167,28.7966,NAD27,2,m,30arc-sec,1,16,"",NULL
3640,MGA008,NULL,United States,Texas,Matagorda,,-95.6293,28.7899,NAD27,3,m,30arc-sec,76,16,"",NULL
3641,MGA009,NULL,United States,Texas,Matagorda,,-95.6365,28.8331,NAD27,3,m,30arc-sec,15,16,"",NULL
3642,MGA010,NULL,United States,Texas,Matagorda,,-95.6446,28.8254,NAD27,3,m,30arc-sec,6,16,"",NULL
3643,MLR001,NULL,United States,Arkansas,Miller,,-93.9544,33.5381,NAD27,83,m,30arc-sec,23,16,"",NULL
3644,MLR002,NULL,United States,Arkansas,Miller,,-93.9141,33.4908,NAD27,83,m,30arc-sec,1,16,"",NULL
3645,MLR003,NULL,United States,Arkansas,Miller,,-93.9233,33.491,NAD27,81,m,30arc-sec,2,16,"",NULL
3646,MLR004,NULL,United States,Arkansas,Miller,,-93.9158,33.4788,NAD27,81,m,30arc-sec,40,16,"",NULL
3647,MLR005,NULL,United States,Arkansas,Miller,,-93.8856,33.4725,NAD27,79,m,30arc-sec,20,14,"",NULL
3648,MLR006,NULL,United States,Arkansas,Miller,,-93.8201,33.4901,NAD27,78,m,30arc-sec,21,16,"",NULL
3649,MLR007,NULL,United States,Arkansas,Miller,,-93.8089,33.4917,NAD27,77,m,30arc-sec,8,14,"",NULL
3650,MLR008,NULL,United States,Arkansas,Miller,,-93.8879,33.5549,NAD27,81,m,30arc-sec,38,15,"",NULL
3651,MLR009,NULL,United States,Arkansas,Miller,,-93.8752,33.5899,NAD27,82,m,30arc-sec,4,13,"",NULL
3652,MLR010,NULL,United States,Arkansas,Miller,,-93.8756,33.5794,NAD27,81,m,30arc-sec,9,13,"",NULL
3653,MLR011,NULL,United States,Arkansas,Miller,,-93.8757,33.5713,NAD27,82,m,30arc-sec,18,15,"",NULL
3654,MLR012,NULL,United States,Arkansas,Miller,,-93.7041,33.363,NAD27,71,m,30arc-sec,11,16,"",NULL
3655,MLR013,NULL,United States,Arkansas,Miller,,-94.0108,33.5056,NAD27,84,m,30arc-sec,3,15,"",NULL
3656,MLR014,NULL,United States,Arkansas,Miller,,-94.0421,33.5512,NAD27,86,m,30arc-sec,3,9,"",NULL
3657,MSC001,NULL,United States,Arkansas,Mississippi,,-89.9855,35.9817,NAD27,72,m,30arc-sec,67,16,"",NULL
3658,MSC002,NULL,United States,Arkansas,Mississippi,,-90.0181,35.9814,NAD27,71,m,30arc-sec,78,16,"",NULL
3659,MSC003,NULL,United States,Arkansas,Mississippi,,-89.9144,35.9822,NAD27,74,m,30arc-sec,12,16,"",NULL
3660,MSC004,NULL,United States,Arkansas,Mississippi,,-89.9121,35.9818,NAD27,74,m,30arc-sec,12,16,"",NULL
3661,MSC005,NULL,United States,Arkansas,Mississippi,,-90.0344,35.9813,NAD27,70,m,30arc-sec,62,16,"",NULL
3662,MSC006,NULL,United States,Arkansas,Mississippi,,-90.0351,35.8141,NAD27,69,m,30arc-sec,72,16,"",NULL
3663,MSC007,NULL,United States,Arkansas,Mississippi,,-90.0174,35.842,NAD27,70,m,30arc-sec,66,16,"",NULL
3664,MSC008,NULL,United States,Arkansas,Mississippi,,-90.0987,35.6838,NAD27,68,m,30arc-sec,46,16,"",NULL
3665,MSC009,NULL,United States,Arkansas,Mississippi,,-90.0729,35.7151,NAD27,68,m,30arc-sec,60,16,"",NULL
3666,MSC010,NULL,United States,Arkansas,Mississippi,,-90.0737,35.771,NAD27,68,m,30arc-sec,61,16,"",NULL
3667,MSC011,NULL,United States,Arkansas,Mississippi,,-90.0572,35.9812,NAD27,70,m,30arc-sec,6,16,"",NULL
3668,MSC012,NULL,United States,Arkansas,Mississippi,,-90.0368,35.9669,NAD27,71,m,30arc-sec,9,16,"",NULL
3669,MSC013,NULL,United States,Arkansas,Mississippi,,-90.0366,35.9521,NAD27,70,m,30arc-sec,78,16,"",NULL
3670,MSC014,NULL,United States,Arkansas,Mississippi,,-89.9831,35.9519,NAD27,73,m,30arc-sec,77,16,"",NULL
3671,MSC015,NULL,United States,Arkansas,Mississippi,,-90.0049,35.952,NAD27,72,m,30arc-sec,60,16,"",NULL
3672,MSC016,NULL,United States,Arkansas,Mississippi,,-90.0365,35.9377,NAD27,71,m,30arc-sec,2,16,"",NULL
3673,MSC017,NULL,United States,Arkansas,Mississippi,,-90.0915,35.8073,NAD27,69,m,30arc-sec,57,16,"",NULL
3674,MSC018,NULL,United States,Arkansas,Mississippi,,-89.8561,35.9502,NAD27,76,m,30arc-sec,4,16,"",NULL
3675,MSC019,NULL,United States,Arkansas,Mississippi,,-89.8137,35.9736,NAD27,77,m,30arc-sec,70,16,"",NULL
3676,MSC020,NULL,United States,Arkansas,Mississippi,,-89.7931,35.8758,NAD27,74,m,30arc-sec,3,16,"",NULL
3677,MSC021,NULL,United States,Arkansas,Mississippi,,-89.8382,35.8957,NAD27,75,m,30arc-sec,73,16,"",NULL
3678,MSC022,NULL,United States,Arkansas,Mississippi,,-89.7353,35.9736,NAD27,77,m,30arc-sec,1,16,"",NULL
3679,MSC023,NULL,United States,Arkansas,Mississippi,,-89.7429,35.9953,NAD27,78,m,30arc-sec,4,16,"",NULL
3680,MSC024,NULL,United States,Arkansas,Mississippi,,-89.8123,35.9465,NAD27,77,m,30arc-sec,64,16,"",NULL
3681,MSC027,NULL,United States,Arkansas,Mississippi,,-90.2871,35.9321,NAD27,70,m,30arc-sec,2,16,"",NULL
3682,MSC029,NULL,United States,Arkansas,Mississippi,,-90.1546,35.9314,NAD27,70,m,30arc-sec,9,14,"",NULL
3683,MSC030,NULL,United States,Arkansas,Mississippi,,-90.1958,35.8369,NAD27,69,m,30arc-sec,1,16,"",NULL
3684,MSC031,NULL,United States,Arkansas,Mississippi,,-90.2014,35.8005,NAD27,68,m,30arc-sec,66,16,"",NULL
3685,MSC032,NULL,United States,Arkansas,Mississippi,,-90.2442,35.7283,NAD27,68,m,30arc-sec,3,16,"",NULL
3686,MSC034,NULL,United States,Arkansas,Mississippi,,-90.1775,35.6928,NAD27,68,m,30arc-sec,65,16,"",NULL
3687,MSC037,NULL,United States,Arkansas,Mississippi,,-90.0884,35.6258,NAD27,69,m,30arc-sec,61,16,"",NULL
3688,MSC038,NULL,United States,Arkansas,Mississippi,,-90.0701,35.6253,NAD27,69,m,30arc-sec,60,16,"",NULL
3689,MSC039,NULL,United States,Arkansas,Mississippi,,-89.8289,35.8525,NAD27,74,m,30arc-sec,2,16,"",NULL
3690,MSC040,NULL,United States,Arkansas,Mississippi,,-89.8387,35.8129,NAD27,73,m,30arc-sec,5,16,"",NULL
3691,MSC041,NULL,United States,Arkansas,Mississippi,,-89.8387,35.7912,NAD27,74,m,30arc-sec,45,16,"",NULL
3692,MSC042,NULL,United States,Arkansas,Mississippi,,-89.8562,35.7991,NAD27,73,m,30arc-sec,68,16,"",NULL
3693,MSC043,NULL,United States,Arkansas,Mississippi,,-89.874,35.7988,NAD27,72,m,30arc-sec,4,16,"",NULL
3694,MSC044,NULL,United States,Arkansas,Mississippi,,-89.9049,35.799,NAD27,71,m,30arc-sec,69,16,"",NULL
3695,MSC045,NULL,United States,Arkansas,Mississippi,,-90.0158,35.6829,NAD27,69,m,30arc-sec,76,16,"",NULL
3696,MSC046,NULL,United States,Arkansas,Mississippi,,-90.2005,35.4811,NAD27,68,m,30arc-sec,8,16,"",NULL
3697,MSC047,NULL,United States,Arkansas,Mississippi,,-90.1758,35.4661,NAD27,69,m,30arc-sec,15,16,"",NULL
3698,MSC048,NULL,United States,Arkansas,Mississippi,,-90.144,35.4768,NAD27,67,m,30arc-sec,2,16,"",NULL
3699,MSC049,NULL,United States,Arkansas,Mississippi,,-90.1213,35.5092,NAD27,67,m,30arc-sec,1,16,"",NULL
3700,MSC050,NULL,United States,Arkansas,Mississippi,,-90.0898,35.5166,NAD27,68,m,30arc-sec,5,16,"",NULL
3701,MSC051,NULL,United States,Arkansas,Mississippi,,-90.0814,35.4906,NAD27,69,m,30arc-sec,1,16,"",NULL
3702,MSC052,NULL,United States,Arkansas,Mississippi,,-90.1149,35.4896,NAD27,68,m,30arc-sec,7,16,"",NULL
3703,MSC053,NULL,United States,Arkansas,Mississippi,,-90.0895,35.5312,NAD27,67,m,30arc-sec,5,16,"",NULL
3704,MSC054,NULL,United States,Arkansas,Mississippi,,-90.0852,35.5906,NAD27,69,m,30arc-sec,44,16,"",NULL
3705,MSC055,NULL,United States,Arkansas,Mississippi,,-90.1163,35.5906,NAD27,68,m,30arc-sec,58,16,"",NULL
3706,MSC056,NULL,United States,Arkansas,Mississippi,,-90.1066,35.6038,NAD27,69,m,30arc-sec,62,16,"",NULL
3707,MSC057,NULL,United States,Arkansas,Mississippi,,-90.107,35.5514,NAD27,69,m,30arc-sec,63,16,"",NULL
3708,MSI001,NULL,United States,Missouri,Mississippi,,-89.3739,36.8338,NAD27,94,m,30arc-sec,71,16,"",NULL
3709,MSI002,NULL,United States,Missouri,Mississippi,,-89.3557,36.7594,NAD27,91,m,30arc-sec,27,16,"",NULL
3710,MSI003,NULL,United States,Missouri,Mississippi,,-89.3619,36.7213,NAD27,90,m,30arc-sec,19,16,"",NULL
3711,MSI004,NULL,United States,Missouri,Mississippi,,-89.2298,36.82,NAD27,91,m,30arc-sec,3,16,"",NULL
3712,MSI005,NULL,United States,Missouri,Mississippi,,-89.1987,36.8491,NAD27,92,m,30arc-sec,13,14,"",NULL
3713,MSI006,NULL,United States,Missouri,Mississippi,,-89.2785,36.8341,NAD27,92,m,30arc-sec,2,16,"",NULL
3714,MSI007,NULL,United States,Missouri,Mississippi,,-89.2108,36.7366,NAD27,92,m,30arc-sec,9,16,"",NULL
3715,MSI008,NULL,United States,Missouri,Mississippi,,-89.2426,36.696,NAD27,90,m,30arc-sec,49,16,"",NULL
3716,MSI009,NULL,United States,Missouri,Mississippi,,-89.284,36.7396,NAD27,90,m,30arc-sec,66,16,"",NULL
3717,NULL,NULL,United States,California,Alameda,,-122.249,37.8288,WGS84,49,m,30arc-sec,8,18,"Qal3",NULL
3718,NMD001,NULL,United States,Missouri,New Madrid,,-89.6409,36.4284,NAD27,85,m,30arc-sec,4,16,"",NULL
3719,NMD002,NULL,United States,Missouri,New Madrid,,-89.6691,36.4256,NAD27,85,m,30arc-sec,4,16,"",NULL
3720,NMD003,NULL,United States,Missouri,New Madrid,,-89.5725,36.425,NAD27,85,m,30arc-sec,66,14,"",NULL
3721,NMD004,NULL,United States,Missouri,New Madrid,,-89.7961,36.5839,NAD27,84,m,30arc-sec,6,16,"",NULL
3722,NMD005,NULL,United States,Missouri,New Madrid,,-89.8172,36.4811,NAD27,80,m,30arc-sec,4,16,"",NULL
3723,OAK066,NULL,United States,California,Alameda,Oakland,-122.242,37.7776,NAD27,0,m,30arc-sec,0,15,"af/Qi",NULL
3724,OAK095,NULL,United States,California,Alameda,Oakland,-122.289,37.8129,NAD27,5,m,30arc-sec,20,18,"Qs",NULL
3725,OAK096,NULL,United States,California,Alameda,Oakland,-122.294,37.8081,NAD27,2,m,30arc-sec,23,18,"Qs",NULL
3726,OAK097,NULL,United States,California,Alameda,Oakland,-122.226,37.768,NAD27,8,m,30arc-sec,20,18,"Qal2",NULL
3727,OAK098,NULL,United States,California,Alameda,Oakland,-122.234,37.7783,NAD27,7,m,30arc-sec,22,15,"Qal2",NULL
3728,OAK099,NULL,United States,California,Alameda,Oakland,-122.239,37.7808,NAD27,7,m,30arc-sec,22,18,"Qal2",NULL
3729,OAK100,NULL,United States,California,Alameda,Oakland,-122.227,37.7739,NAD27,8,m,30arc-sec,20,11,"Qal2",NULL
3730,OAK101,NULL,United States,California,Alameda,Oakland,-122.296,37.8142,NAD27,2,m,30arc-sec,22,18,"Qs",NULL
3731,OAK102,NULL,United States,California,Alameda,Oakland,-122.302,37.8102,NAD27,2,m,30arc-sec,1,18,"Qs",NULL
3732,OAK103,NULL,United States,California,Alameda,Oakland,-122.281,37.8278,NAD27,12,m,30arc-sec,25,18,"Qal2",NULL
3733,OAK104,NULL,United States,California,Alameda,Oakland,-122.277,37.8411,NAD27,16,m,30arc-sec,32,18,"Qal2",NULL
3734,OAK105,NULL,United States,California,Alameda,Oakland,-122.264,37.8323,NAD27,26,m,30arc-sec,44,18,"Qal2",NULL
3735,OAK106,NULL,United States,California,Alameda,Oakland,-122.264,37.8359,NAD27,34,m,30arc-sec,31,18,"Qal2",NULL
3736,OAK107,NULL,United States,California,Alameda,Oakland,-122.268,37.8503,NAD27,36,m,30arc-sec,67,18,"Qal2",NULL
3737,OAK108,NULL,United States,California,Alameda,Oakland,-122.258,37.8513,NAD27,71,m,30arc-sec,2,18,"Qal3",NULL
3738,OAK109,NULL,United States,California,Alameda,Oakland,-122.228,37.844,NAD27,150,m,30arc-sec,4,7,"Qal3",NULL
3739,OAK110,NULL,United States,California,Alameda,Oakland,-122.22,37.8374,NAD27,185,m,30arc-sec,4,3,"KJf",NULL
3740,OAK111,NULL,United States,California,Alameda,Oakland,-122.247,37.8284,NAD27,49,m,30arc-sec,8,18,"Qal3",NULL
3741,OAK112,NULL,United States,California,Alameda,Oakland,-122.304,37.808,NAD27,1,m,30arc-sec,4,18,"Qs",NULL
3742,OAK114,NULL,United States,California,Alameda,Oakland,-122.289,37.8129,NAD27,5,m,30arc-sec,20,18,"Qs",NULL
3743,OAK115,NULL,United States,California,Alameda,Oakland,-122.278,37.8096,NAD27,6,m,30arc-sec,28,18,"Qs",NULL
3744,OAK116,NULL,United States,California,Alameda,Oakland,-122.272,37.8094,NAD27,7,m,30arc-sec,2,18,"Qs",NULL
3745,OAK117,NULL,United States,California,Alameda,Oakland,-122.27,37.803,NAD27,15,m,30arc-sec,1,18,"Qs",NULL
3746,OAK118,NULL,United States,California,Alameda,Oakland,-122.277,37.8032,NAD27,8,m,30arc-sec,8,18,"Qs",NULL
3747,OAK119,NULL,United States,California,Alameda,Oakland,-122.166,37.7447,NAD27,11,m,30arc-sec,1,7,"Qal2",NULL
3748,OAK120,NULL,United States,California,Alameda,Oakland,-122.156,37.7404,NAD27,17,m,30arc-sec,5,7,"Qal2",NULL
3749,OAK121,NULL,United States,California,Alameda,Oakland,-122.161,37.7389,NAD27,14,m,30arc-sec,3,7,"Qal2",NULL
3750,OAK122,NULL,United States,California,Alameda,Oakland,-122.175,37.7513,NAD27,14,m,30arc-sec,11,7,"Qal2",NULL
3751,OAK123,NULL,United States,California,Alameda,Oakland,-122.186,37.7646,NAD27,9,m,30arc-sec,10,7,"Qal2",NULL
3752,OAK124,NULL,United States,California,Alameda,Oakland,-122.18,37.7598,NAD27,11,m,30arc-sec,18,7,"Qal2",NULL
3753,OAK125,NULL,United States,California,Alameda,Oakland,-122.193,37.7675,NAD27,17,m,30arc-sec,12,7,"Qal2",NULL
3754,OAK126,NULL,United States,California,Alameda,Oakland,-122.208,37.7687,NAD27,14,m,30arc-sec,20,7,"Qal2",NULL
3755,OBN001,NULL,United States,Tennessee,Obion,,-89.4413,36.3049,NAD27,88,m,30arc-sec,74,13,"",NULL
3756,OBN002,NULL,United States,Tennessee,Obion,,-89.4503,36.2827,NAD27,87,m,30arc-sec,2,14,"",NULL
3757,OBN003,NULL,United States,Tennessee,Obion,,-89.4605,36.255,NAD27,85,m,30arc-sec,63,14,"",NULL
3758,OBN004,NULL,United States,Tennessee,Obion,,-89.4862,36.2373,NAD27,84,m,30arc-sec,68,14,"",NULL
3759,OCA001,NULL,United States,Arkansas,Ouachita,,-92.8199,33.6067,NAD27,44,m,30arc-sec,11,15,"",NULL
3760,OCA002,NULL,United States,Arkansas,Ouachita,,-92.8184,33.5978,NAD27,38,m,30arc-sec,11,15,"",NULL
3761,OCA003,NULL,United States,Arkansas,Ouachita,,-92.7828,33.6075,NAD27,37,m,30arc-sec,5,15,"",NULL
3762,OCA004,NULL,United States,Arkansas,Ouachita,,-92.793,33.6013,NAD27,41,m,30arc-sec,1,15,"",NULL
3763,Oak001,NULL,United States,California,Alameda,Oakland,-122.32,37.8041,NAD27,3,m,30arc-sec,44,18,"af/Qi",NULL
3764,Oak002,NULL,United States,California,Alameda,Oakland,-122.322,37.807,NAD27,3,m,30arc-sec,44,18,"af/Qi",NULL
3765,Oak005,NULL,United States,California,Alameda,Oakland,-122.314,37.8018,NAD27,1,m,30arc-sec,15,18,"af/Qi",NULL
3766,Oak006,NULL,United States,California,Alameda,Oakland,-122.264,37.7917,NAD27,3,m,30arc-sec,10,18,"af/Qi",NULL
3767,Oak007,NULL,United States,California,Alameda,Oakland,-122.268,37.7988,NAD27,7,m,30arc-sec,35,18,"Qs",NULL
3768,Oak008,NULL,United States,California,Alameda,Oakland,-122.228,37.778,NAD27,14,m,30arc-sec,2,11,"Qal2",NULL
3769,Oak009,NULL,United States,California,Alameda,Oakland,-122.197,37.759,NAD27,6,m,30arc-sec,6,11,"Qal2",NULL
3770,Oak011,NULL,United States,California,Alameda,Oakland,-122.207,37.7717,NAD27,14,m,30arc-sec,20,7,"Qal2",NULL
3771,Oak012,NULL,United States,California,Alameda,Oakland,-122.231,37.8024,NAD27,56,m,30arc-sec,15,18,"Qoa",NULL
3772,Oak013,NULL,United States,California,Alameda,Oakland,-122.201,37.7297,NAD27,3,m,30arc-sec,5,15,"af/Qi",NULL
3773,Oak014,NULL,United States,California,Alameda,Oakland,-122.26,37.8353,NAD27,34,m,30arc-sec,31,18,"Qal2",NULL
3774,Oak015,NULL,United States,California,Alameda,Oakland,-122.276,37.825,NAD27,7,m,30arc-sec,24,18,"Qal2",NULL
3775,Oak017,NULL,United States,California,Alameda,Oakland,-122.194,37.7598,NAD27,6,m,30arc-sec,6,7,"Qal2",NULL
3776,Oak018,NULL,United States,California,Alameda,Oakland,-122.174,37.7435,NAD27,9,m,30arc-sec,10,7,"Qal2",NULL
3777,Oak019,NULL,United States,California,Alameda,Oakland,-122.296,37.8157,NAD27,2,m,30arc-sec,22,18,"af/Qi",NULL
3778,Oak020,NULL,United States,California,Alameda,Oakland,-122.29,37.8089,NAD27,5,m,30arc-sec,20,18,"Qs",NULL
3779,Oak021,NULL,United States,California,Alameda,Oakland,-122.297,37.8122,NAD27,2,m,30arc-sec,22,18,"Qs",NULL
3780,Oak022,NULL,United States,California,Alameda,Oakland,-122.184,37.7512,NAD27,5,m,30arc-sec,11,7,"Qal2",NULL
3781,Oak023,NULL,United States,California,Alameda,Oakland East,-122.24,37.7898,NAD27,19,m,30arc-sec,1,18,"Qoa",NULL
3782,Oak024,NULL,United States,California,Alameda,Oakland,-122.253,37.7939,NAD27,7,m,30arc-sec,36,18,"Qoa",NULL
3783,Oak025,NULL,United States,California,Alameda,Oakland,-122.257,37.8074,NAD27,4,m,30arc-sec,31,18,"Qoa",NULL
3784,Oak026,NULL,United States,California,Alameda,Oakland,-122.2,37.7818,NAD27,55,m,30arc-sec,2,7,"Qoa",NULL
3785,Oak027,NULL,United States,California,Alameda,Oakland,-122.163,37.749,NAD27,11,m,30arc-sec,1,7,"Qal3",NULL
3786,Oak028,NULL,United States,California,Alameda,Oakland,-122.175,37.7363,NAD27,11,m,30arc-sec,10,11,"Qal2",NULL
3787,Oak029,NULL,United States,California,Alameda,Oakland,-122.243,37.7915,NAD27,10,m,30arc-sec,9,18,"Qal3",NULL
3788,Oak030,NULL,United States,California,Alameda,Oakland,-122.215,37.7574,NAD27,0,m,30arc-sec,0,11,"af/Qi",NULL
3789,Oak031,NULL,United States,California,Alameda,Oakland,-122.261,37.7974,NAD27,3,m,30arc-sec,10,18,"af/Qi",NULL
3790,Oak032,NULL,United States,California,Alameda,Oakland,-122.187,37.7427,NAD27,4,m,30arc-sec,14,11,"Qal1",NULL
3791,Oak033,NULL,United States,California,Alameda,Oakland,-122.179,37.7372,NAD27,8,m,30arc-sec,11,11,"Qal2",NULL
3792,Oak034,NULL,United States,California,Alameda,Oakland,-122.175,37.7281,NAD27,11,m,30arc-sec,2,11,"Qal2",NULL
3793,Oak035,NULL,United States,California,Alameda,Oakland,-122.191,37.7379,NAD27,4,m,30arc-sec,13,18,"Qal1",NULL
3794,Oak036,NULL,United States,California,Alameda,Oakland,-122.189,37.729,NAD27,4,m,30arc-sec,14,15,"Qal1",NULL
3795,Oak037,NULL,United States,California,Alameda,Oakland,-122.222,37.7146,NAD27,-1,m,30arc-sec,3,18,"af/Qi",NULL
3796,Oak038,NULL,United States,California,Alameda,Oakland,-122.208,37.7202,NAD27,1,m,30arc-sec,1,15,"af/Qi",NULL
3797,Oak039,NULL,United States,California,Alameda,Oakland,-122.203,37.715,NAD27,0,m,30arc-sec,0,15,"af/Qi",NULL
3798,Oak040,NULL,United States,California,Alameda,Oakland,-122.207,37.7289,NAD27,3,m,30arc-sec,5,15,"af/Qi",NULL
3799,Oak041,NULL,United States,California,Alameda,Oakland,-122.226,37.7412,NAD27,0,m,30arc-sec,51,16,"af/Qi",NULL
3800,Oak042,NULL,United States,California,Alameda,Oakland,-122.213,37.7091,NAD27,1,m,30arc-sec,17,18,"af/Qi",NULL
3801,Oak043,NULL,United States,California,Alameda,Oakland,-122.232,37.7109,NAD27,-1,m,30arc-sec,1,18,"Qi",NULL
3802,Oak044,NULL,United States,California,Alameda,Oakland,-122.219,37.7023,NAD27,-1,m,30arc-sec,1,18,"af/Qi",NULL
3803,Oak045,NULL,United States,California,Alameda,Oakland,-122.226,37.7279,NAD27,0,m,30arc-sec,1,15,"af/Qi",NULL
3804,Oak046,NULL,United States,California,Alameda,Oakland,-122.189,37.729,NAD27,4,m,30arc-sec,14,15,"Qal1",NULL
3805,Oak047,NULL,United States,California,Alameda,Oakland,-122.282,37.8455,NAD27,19,m,30arc-sec,27,18,"Qal2",NULL
3806,Oak048,NULL,United States,California,Alameda,Oakland,-122.198,37.7541,NAD27,2,m,30arc-sec,10,11,"Qal1",NULL
3807,Oak049,NULL,United States,California,Alameda,Oakland,-122.282,37.8413,NAD27,16,m,30arc-sec,32,18,"Qal2",NULL
3808,Oak050,NULL,United States,California,Alameda,Oakland,-122.206,37.7556,NAD27,3,m,30arc-sec,1,11,"af/Qi",NULL
3809,Oak051,NULL,United States,California,Alameda,Oakland,-122.211,37.7504,NAD27,0,m,30arc-sec,0,11,"af/Qi",NULL
3810,Oak052,NULL,United States,California,Alameda,Oakland,-122.204,37.743,NAD27,2,m,30arc-sec,14,11,"af/Qi",NULL
3811,Oak053,NULL,United States,California,Alameda,Oakland,-122.31,37.8102,NAD27,3,m,30arc-sec,23,18,"af/Qi",NULL
3812,Oak054,NULL,United States,California,Alameda,Oakland,-122.302,37.816,NAD27,2,m,30arc-sec,1,18,"af/Qi",NULL
3813,Oak055,NULL,United States,California,Alameda,Oakland,-122.297,37.823,NAD27,1,m,30arc-sec,1,18,"af/Qi",NULL
3814,Oak056,NULL,United States,California,Alameda,Oakland,-122.311,37.8145,NAD27,3,m,30arc-sec,23,18,"af/Qi",NULL
3815,Oak057,NULL,United States,California,Alameda,Oakland,-122.324,37.8083,NAD27,3,m,30arc-sec,44,18,"af/Qi",NULL
3816,Oak058,NULL,United States,California,Alameda,Oakland,-122.291,37.7987,NAD27,1,m,30arc-sec,10,18,"af/Qi",NULL
3817,Oak059,NULL,United States,California,Alameda,Oakland,-122.311,37.7967,NAD27,2,m,30arc-sec,5,18,"af/Qi",NULL
3818,Oak060,NULL,United States,California,Alameda,Oakland,-122.33,37.8003,NAD27,0,m,30arc-sec,0,18,"af/Qi",NULL
3819,Oak061,NULL,United States,California,Alameda,Oakland,-122.281,37.8182,NAD27,7,m,30arc-sec,24,18,"Qal2",NULL
3820,Oak062,NULL,United States,California,Alameda,Oakland,-122.286,37.8129,NAD27,5,m,30arc-sec,20,18,"Qs",NULL
3821,Oak064,NULL,United States,California,Alameda,Oakland,-122.255,37.7889,NAD27,3,m,30arc-sec,19,18,"af/Qi",NULL
3822,Oak065,NULL,United States,California,Alameda,Oakland,-122.245,37.7853,NAD27,10,m,30arc-sec,9,18,"af/Qi",NULL
3823,Oak067,NULL,United States,California,Alameda,Oakland,-122.218,37.7649,NAD27,0,m,30arc-sec,0,11,"af/Qi",NULL
3824,Oak068,NULL,United States,California,Alameda,Oakland,-122.229,37.7691,NAD27,8,m,30arc-sec,20,11,"Qal2",NULL
3825,Oak069,NULL,United States,California,Alameda,Oakland,-122.238,37.7772,NAD27,7,m,30arc-sec,22,15,"Qal2",NULL
3826,Oak070,NULL,United States,California,Alameda,Oakland,-122.216,37.7883,NAD27,40,m,30arc-sec,7,18,"Qoa",NULL
3827,Oak071,NULL,United States,California,Alameda,Oakland,-122.158,37.7445,NAD27,26,m,30arc-sec,9,7,"Qal2",NULL
3828,Oak072,NULL,United States,California,Alameda,Oakland,-122.17,37.7601,NAD27,19,m,30arc-sec,1,3,"Qal2",NULL
3829,Oak073,NULL,United States,California,Alameda,Oakland,-122.176,37.7657,NAD27,11,m,30arc-sec,18,7,"Qal2",NULL
3830,Oak074,NULL,United States,California,Alameda,Oakland,-122.184,37.7732,NAD27,19,m,30arc-sec,26,3,"Qal2",NULL
3831,Oak075,NULL,United States,California,Alameda,Oakland,-122.216,37.8043,NAD27,81,m,30arc-sec,1,7,"Qal3",NULL
3832,Oak076,NULL,United States,California,Alameda,Oakland,-122.261,37.8247,NAD27,20,m,30arc-sec,2,18,"Qal2",NULL
3833,Oak077,NULL,United States,California,Alameda,Oakland,-122.203,37.7909,NAD27,48,m,30arc-sec,58,7,"Qoa",NULL
3834,Oak079,NULL,United States,California,Alameda,Oakland,-122.264,37.8083,NAD27,8,m,30arc-sec,1,18,"af/Qi",NULL
3835,Oak080,NULL,United States,California,Alameda,Oakland,-122.262,37.8113,NAD27,10,m,30arc-sec,3,18,"af/Qi",NULL
3836,Oak081,NULL,United States,California,Alameda,Oakland,-122.248,37.8096,NAD27,12,m,30arc-sec,8,18,"af/Qi",NULL
3837,Oak082,NULL,United States,California,Alameda,Oakland,-122.256,37.7999,NAD27,7,m,30arc-sec,36,18,"af/Qi",NULL
3838,Oak083,NULL,United States,California,Alameda,Oakland,-122.276,37.8334,NAD27,16,m,30arc-sec,32,18,"Qal2",NULL
3839,Oak084,NULL,United States,California,Alameda,Oakland,-122.269,37.8372,NAD27,25,m,30arc-sec,42,18,"Qal2",NULL
3840,Oak085,NULL,United States,California,Alameda,Oakland,-122.272,37.8188,NAD27,14,m,30arc-sec,3,18,"Qal2",NULL
3841,Oak086,NULL,United States,California,Alameda,Oakland,-122.22,37.7886,NAD27,33,m,30arc-sec,21,18,"Qoa",NULL
3842,Oak087,NULL,United States,California,Alameda,Oakland,-122.224,37.7906,NAD27,33,m,30arc-sec,21,18,"Qal3",NULL
3843,Oak088,NULL,United States,California,Alameda,Oakland,-122.222,37.7896,NAD27,33,m,30arc-sec,21,18,"Qal3",NULL
3844,Oak089,NULL,United States,California,Alameda,Oakland,-122.267,37.8259,NAD27,20,m,30arc-sec,1,18,"Qal2",NULL
3845,Oak090,NULL,United States,California,Alameda,Oakland,-122.266,37.8256,NAD27,26,m,30arc-sec,44,18,"Qal2",NULL
3846,Oak091,NULL,United States,California,Alameda,Oakland,-122.264,37.8252,NAD27,26,m,30arc-sec,44,18,"Qal2",NULL
3847,Oak092,NULL,United States,California,Alameda,Oakland,-122.268,37.8322,NAD27,20,m,30arc-sec,1,18,"Qal2",NULL
3848,Oak093,NULL,United States,California,Alameda,Oakland,-122.265,37.8451,NAD27,42,m,30arc-sec,61,18,"Qal2",NULL
3849,Oak094,NULL,United States,California,Alameda,Oakland,-122.186,37.7551,NAD27,5,m,30arc-sec,11,7,"Qal1",NULL
3850,POR001,NULL,United States,Indiana,Porter,,-87.0074,41.6811,NAD27,197,m,30arc-sec,4,18,"",NULL
3851,POR002,NULL,United States,Indiana,Porter,,-87.003,41.6831,NAD27,197,m,30arc-sec,4,18,"",NULL
3852,POR003,NULL,United States,Indiana,Porter,,-86.9615,41.6931,NAD27,0,m,30arc-sec,0,18,"",NULL
3853,POR004,NULL,United States,Indiana,Porter,,-86.9618,41.6974,NAD27,0,m,30arc-sec,0,18,"",NULL
3854,POR005,NULL,United States,Indiana,Porter,,-87.0479,41.6566,NAD27,193,m,30arc-sec,4,18,"",NULL
3855,POR006,NULL,United States,Indiana,Porter,,-87.0511,41.6598,NAD27,0,m,30arc-sec,0,18,"",NULL
3856,POR007,NULL,United States,Indiana,Porter,,-87.0607,41.6569,NAD27,192,m,30arc-sec,8,18,"",NULL
3857,POR008,NULL,United States,Indiana,Porter,,-87.0619,41.6597,NAD27,0,m,30arc-sec,0,18,"",NULL
3858,POR009,NULL,United States,Indiana,Porter,,-87.0651,41.6594,NAD27,0,m,30arc-sec,0,18,"",NULL
3859,POR010,NULL,United States,Indiana,Porter,,-87.0674,41.6541,NAD27,0,m,30arc-sec,0,18,"",NULL
3860,POR011,NULL,United States,Indiana,Porter,,-87.0695,41.6591,NAD27,0,m,30arc-sec,0,18,"",NULL
3861,POR012,NULL,United States,Indiana,Porter,,-87.0748,41.6569,NAD27,0,m,30arc-sec,0,18,"",NULL
3862,POR013,NULL,United States,Indiana,Porter,,-87.2201,41.6227,NAD27,0,m,30arc-sec,0,18,"",NULL
3863,POR014,NULL,United States,Indiana,Porter,,-87.2228,41.615,NAD27,189,m,30arc-sec,18,18,"",NULL
3864,POR015,NULL,United States,Indiana,Porter,,-87.2163,41.6198,NAD27,188,m,30arc-sec,6,18,"",NULL
3865,POR016,NULL,United States,Indiana,Porter,,-87.0094,41.6547,NAD27,203,m,30arc-sec,10,18,"",NULL
3866,POR017,NULL,United States,Indiana,Porter,,-87.0096,41.6564,NAD27,203,m,30arc-sec,10,18,"",NULL
3867,POR018,NULL,United States,Indiana,Porter,,-87.0095,41.6615,NAD27,196,m,30arc-sec,4,18,"",NULL
3868,POR019,NULL,United States,Indiana,Porter,,-87.0097,41.6625,NAD27,196,m,30arc-sec,4,18,"",NULL
3869,POR020,NULL,United States,Indiana,Porter,,-87.0097,41.6798,NAD27,0,m,30arc-sec,0,18,"",NULL
3870,POR021,NULL,United States,Indiana,Porter,,-87.0096,41.6774,NAD27,0,m,30arc-sec,0,18,"",NULL
3871,POR022,NULL,United States,Indiana,Porter,,-87.0097,41.6754,NAD27,0,m,30arc-sec,0,18,"",NULL
3872,POR023,NULL,United States,Indiana,Porter,,-86.9396,41.7037,NAD27,0,m,30arc-sec,0,18,"",NULL
3873,POR024,NULL,United States,Indiana,Porter,,-86.9438,41.7031,NAD27,0,m,30arc-sec,0,18,"",NULL
3874,POR025,NULL,United States,Indiana,Porter,,-86.9554,41.7011,NAD27,0,m,30arc-sec,0,18,"",NULL
3875,POT001,NULL,United States,Arkansas,Poinsett,,-90.5714,35.6854,NAD27,65,m,30arc-sec,2,16,"",NULL
3876,POT002,NULL,United States,Arkansas,Poinsett,,-90.4835,35.5794,NAD27,64,m,30arc-sec,7,16,"",NULL
3877,POT003,NULL,United States,Arkansas,Poinsett,,-90.5375,35.5593,NAD27,64,m,30arc-sec,58,16,"",NULL
3878,POT006,NULL,United States,Arkansas,Poinsett,,-90.3581,35.513,NAD27,64,m,30arc-sec,2,16,"",NULL
3879,POT007,NULL,United States,Arkansas,Poinsett,,-90.322,35.5697,NAD27,66,m,30arc-sec,6,16,"",NULL
3880,POT008,NULL,United States,Arkansas,Poinsett,,-90.4531,35.5139,NAD27,65,m,30arc-sec,3,16,"",NULL
3881,POT009,NULL,United States,Arkansas,Poinsett,,-90.5552,35.5384,NAD27,64,m,30arc-sec,10,16,"",NULL
3882,POT010,NULL,United States,Arkansas,Poinsett,,-90.6086,35.5503,NAD27,63,m,30arc-sec,69,16,"",NULL
3883,POT011,NULL,United States,Arkansas,Poinsett,,-90.6004,35.6055,NAD27,65,m,30arc-sec,2,16,"",NULL
3884,POT012,NULL,United States,Arkansas,Poinsett,,-90.5667,35.6347,NAD27,64,m,30arc-sec,1,16,"",NULL
3885,PST001,NULL,United States,Missouri,Pemiscot,,-89.9584,36.1323,NAD27,75,m,30arc-sec,1,16,"",NULL
3886,PST002,NULL,United States,Missouri,Pemiscot,,-89.9587,36.0089,NAD27,72,m,30arc-sec,1,16,"",NULL
3887,PST003,NULL,United States,Missouri,Pemiscot,,-89.9585,36.0307,NAD27,73,m,30arc-sec,1,16,"",NULL
3888,PST004,NULL,United States,Missouri,Pemiscot,,-89.9582,36.0598,NAD27,74,m,30arc-sec,2,16,"",NULL
3889,PST005,NULL,United States,Missouri,Pemiscot,,-89.9585,36.1034,NAD27,75,m,30arc-sec,7,16,"",NULL
3890,PST006,NULL,United States,Missouri,Pemiscot,,-89.7881,36.0145,NAD27,77,m,30arc-sec,69,16,"",NULL
3891,PST007,NULL,United States,Missouri,Pemiscot,,-89.7882,36.0064,NAD27,77,m,30arc-sec,66,16,"",NULL
3892,PST008,NULL,United States,Missouri,Pemiscot,,-89.784,36.0005,NAD27,77,m,30arc-sec,66,16,"",NULL
3893,PST009,NULL,United States,Missouri,Pemiscot,,-89.7702,36.0087,NAD27,77,m,30arc-sec,69,16,"",NULL
3894,PST010,NULL,United States,Missouri,Pemiscot,,-89.7703,36.0279,NAD27,77,m,30arc-sec,67,16,"",NULL
3895,PST015,NULL,United States,Missouri,Pemiscot,,-89.7659,36.0159,NAD27,76,m,30arc-sec,53,16,"",NULL
3896,PST016,NULL,United States,Missouri,Pemiscot,Only 5 seismic tests,-89.7661,36.074,NAD27,76,m,30arc-sec,79,16,"",NULL
3897,PST017,NULL,United States,Missouri,Pemiscot,,-89.7176,36.0883,NAD27,76,m,30arc-sec,68,16,"",NULL
3898,PST018,NULL,United States,Missouri,Pemiscot,,-89.695,36.0961,NAD27,77,m,30arc-sec,48,16,"",NULL
3899,PST019,NULL,United States,Missouri,Pemiscot,,-89.7042,36.1325,NAD27,78,m,30arc-sec,1,16,"",NULL
3900,PST020,NULL,United States,Missouri,Pemiscot,,-89.7234,36.1765,NAD27,80,m,30arc-sec,2,16,"",NULL
3901,PST021,NULL,United States,Missouri,Pemiscot,,-89.7,36.1922,NAD27,80,m,30arc-sec,70,14,"",NULL
3902,PST022,NULL,United States,Missouri,Pemiscot,,-89.6892,36.3018,NAD27,83,m,30arc-sec,3,14,"",NULL
3903,PST023,NULL,United States,Missouri,Pemiscot,,-89.7081,36.3056,NAD27,83,m,30arc-sec,5,14,"",NULL
3904,PST025,NULL,United States,Missouri,Pemiscot,,-89.7379,36.387,NAD27,82,m,30arc-sec,79,16,"",NULL
3905,PST027,NULL,United States,Missouri,Pemiscot,,-89.8155,36.3788,NAD27,80,m,30arc-sec,71,16,"",NULL
3906,PST028,NULL,United States,Missouri,Pemiscot,missing 16.85 m,-89.8087,36.3285,NAD27,80,m,30arc-sec,60,16,"",NULL
3907,PST030,NULL,United States,Missouri,Pemiscot,15.1-15.4 m missing,-89.9352,36.3802,NAD27,79,m,30arc-sec,2,16,"",NULL
3908,PSY001,NULL,United States,Indiana,Posey,,-87.7167,37.9806,NAD27,123,m,30arc-sec,4,11,"",NULL
3909,PSY002,NULL,United States,Indiana,Posey,Paleoliquefaction Site,-87.9066,38.1937,NAD27,113,m,30arc-sec,19,11,"",NULL
3910,PSY003,NULL,United States,Indiana,Posey,ANSS Site,-87.936,38.1305,NAD27,116,m,30arc-sec,2,15,"",NULL
3911,RCD001,NULL,United States,North Dakota,Richland,,-96.9739,46.4708,NAD27,311,m,30arc-sec,10,16,"",NULL
3912,RCD002,NULL,United States,North Dakota,Richland,,-97.0405,46.4708,NAD27,316,m,30arc-sec,70,14,"",NULL
3913,RCD004,NULL,United States,North Dakota,Richland,,-97.1554,46.4708,NAD27,321,m,30arc-sec,13,14,"",NULL
3914,RCD005,NULL,United States,North Dakota,Richland,,-97.2183,46.4273,NAD27,323,m,30arc-sec,60,16,"",NULL
3915,RCD006,NULL,United States,North Dakota,Richland,,-96.8937,46.4709,NAD27,291,m,30arc-sec,1,16,"",NULL
3916,RCD007,NULL,United States,North Dakota,Richland,,-97.1384,46.4706,NAD27,320,m,30arc-sec,1,14,"",NULL
3917,RCD008,NULL,United States,North Dakota,Richland,,-97.1763,46.4563,NAD27,323,m,30arc-sec,9,14,"",NULL
3918,RCD009,NULL,United States,North Dakota,Richland,,-97.2604,46.3982,NAD27,326,m,30arc-sec,1,16,"",NULL
3919,RCD010,NULL,United States,North Dakota,Richland,,-97.239,46.4128,NAD27,324,m,30arc-sec,2,14,"",NULL
3920,RCD011,NULL,United States,North Dakota,Richland,,-97.1973,46.4417,NAD27,323,m,30arc-sec,16,14,"",NULL
3921,RCD012,NULL,United States,North Dakota,Richland,,-97.1078,46.4705,NAD27,320,m,30arc-sec,3,14,"",NULL
3922,RCD013,NULL,United States,North Dakota,Richland,,-97.0935,46.4705,NAD27,320,m,30arc-sec,5,14,"",NULL
3923,RCD014,NULL,United States,North Dakota,Richland,,-97.0719,46.471,NAD27,319,m,30arc-sec,10,14,"",NULL
3924,RCD015,NULL,United States,North Dakota,Richland,,-97.0513,46.4707,NAD27,317,m,30arc-sec,55,14,"",NULL
3925,RCD016,NULL,United States,North Dakota,Richland,,-96.9183,46.4708,NAD27,297,m,30arc-sec,68,12,"",NULL
3926,RCD017,NULL,United States,North Dakota,Richland,,-96.9298,46.4707,NAD27,298,m,30arc-sec,69,12,"",NULL
3927,RCD018,NULL,United States,North Dakota,Richland,,-96.9419,46.4707,NAD27,306,m,30arc-sec,1,12,"",NULL
3928,RCD019,NULL,United States,North Dakota,Richland,,-96.9535,46.4707,NAD27,307,m,30arc-sec,6,12,"",NULL
3929,RCD020,NULL,United States,North Dakota,Richland,,-96.9889,46.4707,NAD27,313,m,30arc-sec,68,14,"",NULL
3930,RCD021,NULL,United States,North Dakota,Richland,,-97.0054,46.4708,NAD27,314,m,30arc-sec,14,14,"",NULL
3931,RCD022,NULL,United States,North Dakota,Richland,,-97.0203,46.4707,NAD27,315,m,30arc-sec,4,14,"",NULL
3932,RCD023,NULL,United States,North Dakota,Richland,,-97.1693,46.4707,NAD27,322,m,30arc-sec,4,14,"",NULL
3933,RCD024,NULL,United States,North Dakota,Richland,,-97.1836,46.4707,NAD27,322,m,30arc-sec,1,14,"",NULL
3934,RCD025,NULL,United States,North Dakota,Richland,,-97.2749,46.3982,NAD27,326,m,30arc-sec,1,16,"",NULL
3935,RCD026,NULL,United States,North Dakota,Richland,,-97.2476,46.3983,NAD27,326,m,30arc-sec,4,16,"",NULL
3936,RCD027,NULL,United States,North Dakota,Richland,,-97.2346,46.3983,NAD27,327,m,30arc-sec,2,16,"",NULL
3937,RCD028,NULL,United States,North Dakota,Richland,,-97.2207,46.3983,NAD27,326,m,30arc-sec,73,16,"",NULL
3938,RCD029,NULL,United States,North Dakota,Richland,,-97.2081,46.3984,NAD27,325,m,30arc-sec,63,16,"",NULL
3939,RCD030,NULL,United States,North Dakota,Richland,,-97.1808,46.3984,NAD27,325,m,30arc-sec,18,16,"",NULL
3940,RCD031,NULL,United States,North Dakota,Richland,,-97.1623,46.3983,NAD27,323,m,30arc-sec,1,16,"",NULL
3941,RCD032,NULL,United States,North Dakota,Richland,,-97.1491,46.3983,NAD27,322,m,30arc-sec,66,16,"",NULL
3942,RCD033,NULL,United States,North Dakota,Richland,,-97.1353,46.3983,NAD27,322,m,30arc-sec,5,16,"",NULL
3943,RCD034,NULL,United States,North Dakota,Richland,,-97.124,46.3983,NAD27,320,m,30arc-sec,5,16,"",NULL
3944,RCD035,NULL,United States,North Dakota,Richland,,-97.1108,46.3983,NAD27,320,m,30arc-sec,63,16,"",NULL
3945,RCD036,NULL,United States,North Dakota,Richland,,-97.0965,46.3982,NAD27,318,m,30arc-sec,1,16,"",NULL
3946,RCD037,NULL,United States,North Dakota,Richland,,-97.0717,46.3956,NAD27,318,m,30arc-sec,54,16,"",NULL
3947,RCD038,NULL,United States,North Dakota,Richland,,-97.0602,46.3836,NAD27,319,m,30arc-sec,3,16,"",NULL
3948,RCD039,NULL,United States,North Dakota,Richland,,-97.0441,46.3836,NAD27,318,m,30arc-sec,15,16,"",NULL
3949,RCD040,NULL,United States,North Dakota,Richland,,-97.0294,46.3836,NAD27,317,m,30arc-sec,12,16,"",NULL
3950,RCD041,NULL,United States,North Dakota,Richland,,-97.2185,46.3838,NAD27,327,m,30arc-sec,8,16,"",NULL
3951,RCD042,NULL,United States,North Dakota,Richland,,-97.0096,46.3835,NAD27,315,m,30arc-sec,2,16,"",NULL
3952,RCD043,NULL,United States,North Dakota,Richland,,-96.9955,46.3837,NAD27,312,m,30arc-sec,8,16,"",NULL
3953,RCD044,NULL,United States,North Dakota,Richland,,-96.9837,46.3836,NAD27,310,m,30arc-sec,61,16,"",NULL
3954,RCD045,NULL,United States,North Dakota,Richland,,-96.9566,46.3838,NAD27,307,m,30arc-sec,10,16,"",NULL
3955,RCD046,NULL,United States,North Dakota,Richland,,-97.2183,46.4127,NAD27,325,m,30arc-sec,3,14,"",NULL
3956,RCD047,NULL,United States,North Dakota,Richland,,-96.9359,46.3837,NAD27,305,m,30arc-sec,8,16,"",NULL
3957,RCD048,NULL,United States,North Dakota,Richland,,-96.9152,46.3837,NAD27,302,m,30arc-sec,56,16,"",NULL
3958,RCD049,NULL,United States,North Dakota,Richland,,-96.8963,46.3837,NAD27,300,m,30arc-sec,4,12,"",NULL
3959,RCD050,NULL,United States,North Dakota,Richland,,-96.8721,46.3839,NAD27,294,m,30arc-sec,4,16,"",NULL
3960,RCD051,NULL,United States,North Dakota,Richland,,-96.835,46.3839,NAD27,289,m,30arc-sec,5,16,"",NULL
3961,RCD052,NULL,United States,North Dakota,Richland,,-96.8345,46.471,NAD27,286,m,30arc-sec,48,16,"",NULL
3962,RCD053,NULL,United States,North Dakota,Richland,,-96.7478,46.4999,NAD27,282,m,30arc-sec,11,16,"",NULL
3963,RCD054,NULL,United States,North Dakota,Richland,,-96.7853,46.4999,NAD27,283,m,30arc-sec,63,16,"",NULL
3964,RCD055,NULL,United States,North Dakota,Richland,,-96.8277,46.4999,NAD27,284,m,30arc-sec,2,16,"",NULL
3965,RCD056,NULL,United States,North Dakota,Richland,,-96.8414,46.4889,NAD27,286,m,30arc-sec,65,16,"",NULL
3966,RCD057,NULL,United States,North Dakota,Richland,,-96.82,46.4706,NAD27,286,m,30arc-sec,60,16,"",NULL
3967,RCD058,NULL,United States,North Dakota,Richland,,-96.7991,46.4711,NAD27,284,m,30arc-sec,3,16,"",NULL
3968,RCD059,NULL,United States,North Dakota,Richland,,-96.8203,46.485,NAD27,284,m,30arc-sec,67,16,"",NULL
3969,RCD060,NULL,United States,North Dakota,Richland,,-96.8411,46.4782,NAD27,286,m,30arc-sec,63,16,"",NULL
3970,RCD061,NULL,United States,North Dakota,Richland,,-96.7361,46.4708,NAD27,282,m,30arc-sec,7,16,"",NULL
3971,RCD062,NULL,United States,North Dakota,Richland,,-96.7515,46.4708,NAD27,282,m,30arc-sec,1,16,"",NULL
3972,RCD063,NULL,United States,North Dakota,Richland,,-96.7709,46.4708,NAD27,283,m,30arc-sec,1,16,"",NULL
3973,RCD064,NULL,United States,North Dakota,Richland,,-96.7426,46.4275,NAD27,284,m,30arc-sec,61,16,"",NULL
3974,RCD065,NULL,United States,North Dakota,Richland,,-96.7611,46.4275,NAD27,284,m,30arc-sec,70,16,"",NULL
3975,RCD066,NULL,United States,North Dakota,Richland,,-96.7936,46.4275,NAD27,284,m,30arc-sec,53,16,"",NULL
3976,RCD067,NULL,United States,North Dakota,Richland,,-96.8257,46.4275,NAD27,286,m,30arc-sec,1,16,"",NULL
3977,RCD068,NULL,United States,North Dakota,Richland,,-96.8197,46.4201,NAD27,286,m,30arc-sec,62,16,"",NULL
3978,RCD069,NULL,United States,North Dakota,Richland,,-96.8198,46.4055,NAD27,287,m,30arc-sec,2,16,"",NULL
3979,RCD070,NULL,United States,North Dakota,Richland,,-96.8284,46.3984,NAD27,288,m,30arc-sec,2,16,"",NULL
3980,RCD071,NULL,United States,North Dakota,Richland,,-96.809,46.4274,NAD27,285,m,30arc-sec,1,16,"",NULL
3981,RCD072,NULL,United States,North Dakota,Richland,,-96.8205,46.4927,NAD27,284,m,30arc-sec,55,16,"",NULL
3982,RCD073,NULL,United States,North Dakota,Richland,,-96.7682,46.4999,NAD27,283,m,30arc-sec,58,16,"",NULL
3983,RCD074,NULL,United States,North Dakota,Richland,,-96.7428,46.4564,NAD27,282,m,30arc-sec,57,16,"",NULL
3984,RCD075,NULL,United States,North Dakota,Richland,,-96.7465,46.4418,NAD27,283,m,30arc-sec,57,16,"",NULL
3985,RCD076,NULL,United States,North Dakota,Richland,,-96.7987,46.4183,NAD27,284,m,30arc-sec,67,16,"",NULL
3986,RDC003,NULL,United States,North Dakota,Richland,,-97.124,46.4706,NAD27,320,m,30arc-sec,3,14,"",NULL
3987,SBC001,NULL,United States,California,San Bernardino,Colton,-117.3,34.0626,NAD27,299,m,30arc-sec,12,8,"Qal2",NULL
3988,SBC002,NULL,United States,California,San Bernardino,Redlands,-117.217,34.0522,NAD27,365,m,30arc-sec,3,12,"Qal2",NULL
3989,SBC003,NULL,United States,California,San Bernardino,Redlands,-117.155,34.081,NAD27,455,m,30arc-sec,61,8,"Qal2",NULL
3990,SBC004,NULL,United States,California,San Bernardino,Redlands,-117.178,34.0812,NAD27,420,m,30arc-sec,43,8,"Qal2",NULL
3991,SBC005,NULL,United States,California,San Bernardino,Redlands,-117.216,34.0776,NAD27,372,m,30arc-sec,18,12,"Qal2",NULL
3992,SBC006,NULL,United States,California,San Bernardino,Redlands,-117.226,34.0557,NAD27,359,m,30arc-sec,12,12,"Qal2",NULL
3993,SBC007,NULL,United States,California,San Bernardino,Redlands,-117.168,34.0048,NAD27,474,m,30arc-sec,27,8,"QT",NULL
3994,SBC008,NULL,United States,California,San Bernardino,Redlands,-117.189,34.0187,NAD27,435,m,30arc-sec,20,8,"Qal3",NULL
3995,SBC009,NULL,United States,California,San Bernardino,Redlands,-117.203,34.0275,NAD27,413,m,30arc-sec,28,8,"Qal3",NULL
3996,SBC010,NULL,United States,California,San Bernardino,County,-117.343,34.145,NAD27,409,m,30arc-sec,55,4,"Qal2",NULL
3997,SBC011,NULL,United States,California,San Bernardino,County,-117.385,34.1491,NAD27,459,m,30arc-sec,52,4,"Qoa",NULL
3998,SBC012,NULL,United States,California,San Bernardino,Rialto,-117.359,34.1284,NAD27,413,m,30arc-sec,10,4,"Qal2",NULL
3999,SBC013,NULL,United States,California,San Bernardino,San Bernardino,-117.279,34.1635,NAD27,403,m,30arc-sec,57,4,"Qal3",NULL
4000,SBC014,NULL,United States,California,San Bernardino,San Bernardino,-117.282,34.1493,NAD27,379,m,30arc-sec,5,4,"Qal2",NULL
4001,SBC015,NULL,United States,California,San Bernardino,San Bernardino,-117.311,34.114,NAD27,341,m,30arc-sec,14,8,"Qal2",NULL
4002,SBC016,NULL,United States,California,San Bernardino,San Bernardino,-117.344,34.1075,NAD27,364,m,30arc-sec,40,8,"Qoa",NULL
4003,SBC017,NULL,United States,California,San Bernardino,San Bernardino,-117.283,34.1074,NAD27,317,m,30arc-sec,8,4,"Qal2",NULL
4004,SBC018,NULL,United States,California,San Bernardino,San Bernardino,-117.255,34.1032,NAD27,331,m,30arc-sec,26,8,"Qal2",NULL
4005,SBC019,NULL,United States,California,San Bernardino,San Bernardino,-117.263,34.0712,NAD27,322,m,30arc-sec,28,8,"Qal2",NULL
4006,SBC020,NULL,United States,California,San Bernardino,San Bernardino,-117.295,34.0775,NAD27,301,m,30arc-sec,7,8,"Qal2",NULL
4007,SBC021,NULL,United States,California,San Bernardino,San Bernardino,-117.302,34.0865,NAD27,314,m,30arc-sec,31,8,"Qal2",NULL
4008,SBC022,NULL,United States,California,San Bernardino,Redlands,-117.197,34.0806,NAD27,397,m,30arc-sec,49,8,"Qal2",NULL
4009,SBC023,NULL,United States,California,San Bernardino,Redlands,-117.243,34.0745,NAD27,336,m,30arc-sec,21,8,"Qal2",NULL
4010,SBC024,NULL,United States,California,San Bernardino,County,-117.211,34.0376,NAD27,390,m,30arc-sec,7,12,"Qal3",NULL
4011,SBC025,NULL,United States,California,San Bernardino,County,-117.221,34.0461,NAD27,373,m,30arc-sec,9,12,"Qal2",NULL
4012,SBC026,NULL,United States,California,San Bernardino,Redlands,-117.213,34.0466,NAD27,390,m,30arc-sec,3,12,"Qoa",NULL
4013,SBC027,NULL,United States,California,San Bernardino,Redlands,-117.221,34.0533,NAD27,365,m,30arc-sec,3,12,"Qal2",NULL
4014,SBC028,NULL,United States,California,San Bernardino,Loma Linda,-117.23,34.0633,NAD27,354,m,30arc-sec,1,12,"Qal2",NULL
4015,SBC029,NULL,United States,California,San Bernardino,San Bernardino,-117.283,34.1216,NAD27,335,m,30arc-sec,36,8,"Qal3",NULL
4016,SBC030,NULL,United States,California,San Bernardino,San Bernardino,-117.29,34.0702,NAD27,302,m,30arc-sec,2,8,"Qal2",NULL
4017,SBC031,NULL,United States,California,San Bernardino,San Bernardino,-117.286,34.0686,NAD27,302,m,30arc-sec,2,8,"Qal2",NULL
4018,SBC032,NULL,United States,California,San Bernardino,San Bernardino,-117.285,34.065,NAD27,305,m,30arc-sec,42,8,"Qal2",NULL
4019,SBC033,NULL,United States,California,San Bernardino,San Bernardino,-117.283,34.0804,NAD27,309,m,30arc-sec,17,8,"Qal2",NULL
4020,SBC034,NULL,United States,California,San Bernardino,San Bernardino,-117.275,34.0868,NAD27,310,m,30arc-sec,12,8,"Qal2",NULL
4021,SBC035,NULL,United States,California,San Bernardino,San Bernardino,-117.262,34.0979,NAD27,323,m,30arc-sec,38,8,"Qal2",NULL
4022,SBC036,NULL,United States,California,San Bernardino,San Bernardino,-117.286,34.0937,NAD27,309,m,30arc-sec,13,8,"Qal2",NULL
4023,SBC037,NULL,United States,California,San Bernardino,San Bernardino,-117.282,34.1047,NAD27,317,m,30arc-sec,8,8,"Qal2",NULL
4024,SBC038,NULL,United States,California,San Bernardino,San Bernardino,-117.301,34.0789,NAD27,309,m,30arc-sec,21,8,"Qal2",NULL
4025,SBC039,NULL,United States,California,San Bernardino,San Bernardino,-117.299,34.069,NAD27,298,m,30arc-sec,1,8,"Qal2",NULL
4026,SBC040,NULL,United States,California,San Bernardino,San Bernardino,-117.293,34.081,NAD27,301,m,30arc-sec,7,8,"Qal2",NULL
4027,SBC041,NULL,United States,California,San Bernardino,Colton,-117.292,34.0617,NAD27,299,m,30arc-sec,12,8,"Qal2",NULL
4028,SBC042,NULL,United States,California,San Bernardino,Colton,-117.308,34.0564,NAD27,289,m,30arc-sec,3,8,"Qal2",NULL
4029,SBC043,NULL,United States,California,San Bernardino,Colton,-117.319,34.0448,NAD27,279,m,30arc-sec,10,8,"Qal2",NULL
4030,SBC044,NULL,United States,California,San Bernardino,Colton,-117.313,34.0481,NAD27,285,m,30arc-sec,18,8,"Qal2",NULL
4031,SBC045,NULL,United States,California,San Bernardino,San Bernardino,-117.333,34.0932,NAD27,336,m,30arc-sec,5,8,"Qal3",NULL
4032,SBC046,NULL,United States,California,San Bernardino,San Bernardino,-117.338,34.1025,NAD27,353,m,30arc-sec,1,8,"Qal3",NULL
4033,SBC047,NULL,United States,California,San Bernardino,San Bernardino,-117.351,34.1163,NAD27,383,m,30arc-sec,36,8,"Qal2",NULL
4034,SBC048,NULL,United States,California,San Bernardino,San Bernardino,-117.304,34.1021,NAD27,327,m,30arc-sec,36,8,"Qal2",NULL
4035,SBC049,NULL,United States,California,San Bernardino,San Bernardino,-117.321,34.1271,NAD27,366,m,30arc-sec,39,8,"Qal2",NULL
4036,SBC050,NULL,United States,California,San Bernardino,Loma Linda,-117.255,34.0606,NAD27,333,m,30arc-sec,35,8,"Qal2",NULL
4037,SBC051,NULL,United States,California,San Bernardino,Loma Linda,-117.253,34.052,NAD27,339,m,30arc-sec,10,8,"Qal3",NULL
4038,SBC052,NULL,United States,California,San Bernardino,Loma Linda,-117.247,34.0414,NAD27,425,m,30arc-sec,22,12,"Qal3",NULL
4039,SBC053,NULL,United States,California,San Bernardino,San Bernardino,-117.28,34.0682,NAD27,308,m,30arc-sec,4,8,"Qal2",NULL
4040,SBC054,NULL,United States,California,San Bernardino,San Bernardino,-117.275,34.0686,NAD27,308,m,30arc-sec,4,8,"Qal2",NULL
4041,SBC055,NULL,United States,California,San Bernardino,San Bernardino,-117.253,34.0711,NAD27,329,m,30arc-sec,16,8,"Qal2",NULL
4042,SBC056,NULL,United States,California,San Bernardino,San Bernardino,-117.29,34.0774,NAD27,304,m,30arc-sec,37,8,"Qal2",NULL
4043,SBC057,NULL,United States,California,San Bernardino,San Bernardino,-117.293,34.0744,NAD27,298,m,30arc-sec,1,8,"Qal2",NULL
4044,SBC058,NULL,United States,California,San Bernardino,San Bernardino,-117.297,34.1186,NAD27,340,m,30arc-sec,23,8,"Qal2",NULL
4045,SBC059,NULL,United States,California,San Bernardino,San Bernardino,-117.296,34.1224,NAD27,340,m,30arc-sec,23,8,"Qal2",NULL
4046,SBC060,NULL,United States,California,San Bernardino,San Bernardino,-117.292,34.1166,NAD27,331,m,30arc-sec,19,8,"Qal2",NULL
4047,SBC061,NULL,United States,California,San Bernardino,San Bernardino,-117.3,34.12,NAD27,340,m,30arc-sec,23,8,"Qal2",NULL
4048,SBC062,NULL,United States,California,San Bernardino,San Bernardino,-117.299,34.1161,NAD27,331,m,30arc-sec,19,8,"Qal3",NULL
4049,SBC063,NULL,United States,California,San Bernardino,San Bernardino,-117.346,34.1104,NAD27,376,m,30arc-sec,2,8,"Qoa",NULL
4050,SBC064,NULL,United States,California,San Bernardino,San Bernardino,-117.28,34.0838,NAD27,310,m,30arc-sec,12,8,"Qal2",NULL
4051,SBC065,NULL,United States,California,San Bernardino,San Bernardino,-117.289,34.0871,NAD27,305,m,30arc-sec,1,8,"Qal2",NULL
4052,SBC066,NULL,United States,California,San Bernardino,San Bernardino,-117.27,34.0913,NAD27,316,m,30arc-sec,20,8,"Qal2",NULL
4053,SBC067,NULL,United States,California,San Bernardino,San Bernardino,-117.284,34.1,NAD27,309,m,30arc-sec,13,8,"Qal2",NULL
4054,SBC068,NULL,United States,California,San Bernardino,San Bernardino,-117.283,34.1147,NAD27,322,m,30arc-sec,27,4,"Qal2",NULL
4055,SBC069,NULL,United States,California,San Bernardino,San Bernardino,-117.284,34.1187,NAD27,337,m,30arc-sec,20,8,"Qal2",NULL
4056,SBC070,NULL,United States,California,San Bernardino,San Bernardino,-117.294,34.1195,NAD27,340,m,30arc-sec,23,8,"Qal2",NULL
4057,SBC071,NULL,United States,California,San Bernardino,San Bernardino,-117.315,34.1185,NAD27,349,m,30arc-sec,28,8,"Qal2",NULL
4058,SBC072,NULL,United States,California,San Bernardino,San Bernardino,-117.308,34.1093,NAD27,335,m,30arc-sec,18,8,"Qal3",NULL
4059,SBC073,NULL,United States,California,San Bernardino,Loma Linda,-117.254,34.056,NAD27,339,m,30arc-sec,10,8,"Qal2",NULL
4060,SBC074,NULL,United States,California,San Bernardino,Loma Linda,-117.248,34.0447,NAD27,372,m,30arc-sec,5,8,"Qal3",NULL
4061,SBC075,NULL,United States,California,San Bernardino,Loma Linda,-117.243,34.0441,NAD27,372,m,30arc-sec,5,12,"Qal3",NULL
4062,SBC076,NULL,United States,California,San Bernardino,Loma Linda,-117.243,34.0399,NAD27,425,m,30arc-sec,22,12,"Qal3",NULL
4063,SBC077,NULL,United States,California,San Bernardino,San Bernardino,-117.302,34.0943,NAD27,317,m,30arc-sec,42,8,"Qal2",NULL
4064,SBC078,NULL,United States,California,San Bernardino,San Bernardino,-117.281,34.1424,NAD27,379,m,30arc-sec,5,8,"Qal2",NULL
4065,SBC079,NULL,United States,California,San Bernardino,San Bernardino,-117.282,34.1549,NAD27,391,m,30arc-sec,41,4,"Qal2",NULL
4066,SBC080,NULL,United States,California,San Bernardino,San Bernardino,-117.281,34.1363,NAD27,366,m,30arc-sec,44,8,"Qal2",NULL
4067,SBC081,NULL,United States,California,San Bernardino,San Bernardino,-117.283,34.1319,NAD27,350,m,30arc-sec,40,16,"Qal2",NULL
4068,SBC082,NULL,United States,California,San Bernardino,San Bernardino,-117.283,34.126,NAD27,350,m,30arc-sec,40,16,"Qal2",NULL
4069,SBC083,NULL,United States,California,San Bernardino,San Bernardino,-117.283,34.129,NAD27,350,m,30arc-sec,40,16,"Qal2",NULL
4070,SBC084,NULL,United States,California,San Bernardino,San Bernardino,-117.282,34.1586,NAD27,403,m,30arc-sec,57,4,"Qal2",NULL
4071,SBC085,NULL,United States,California,San Bernardino,County,-117.335,34.1375,NAD27,390,m,30arc-sec,44,8,"Qal2",NULL
4072,SBC086,NULL,United States,California,San Bernardino,County,-117.349,34.1541,NAD27,426,m,30arc-sec,63,4,"Qal2",NULL
4073,SBC087,NULL,United States,California,San Bernardino,Rialto,-117.365,34.1355,NAD27,407,m,30arc-sec,2,8,"Qal3",NULL
4074,SBC088,NULL,United States,California,San Bernardino,Rialto,-117.369,34.1372,NAD27,432,m,30arc-sec,9,8,"Qal2",NULL
4075,SBC089,NULL,United States,California,San Bernardino,Rialto,-117.375,34.1432,NAD27,434,m,30arc-sec,11,8,"Qal2",NULL
4076,SBC090,NULL,United States,California,San Bernardino,Redlands,-117.168,34.0807,NAD27,431,m,30arc-sec,36,8,"Qal2",NULL
4077,SBC091,NULL,United States,California,San Bernardino,Redlands,-117.19,34.0811,NAD27,409,m,30arc-sec,39,8,"Qal2",NULL
4078,SBC092,NULL,United States,California,San Bernardino,Redlands,-117.208,34.0819,NAD27,383,m,30arc-sec,1,8,"Qal2",NULL
4079,SBC093,NULL,United States,California,San Bernardino,Redlands,-117.225,34.0753,NAD27,363,m,30arc-sec,23,12,"Qal2",NULL
4080,SBC094,NULL,United States,California,San Bernardino,San Bernardino,-117.242,34.1067,NAD27,337,m,30arc-sec,2,8,"Qal2",NULL
4081,SBC096,NULL,United States,California,San Bernardino,San Bernardino,-117.283,34.0692,NAD27,308,m,30arc-sec,4,8,"Qal2",NULL
4082,SBC097,NULL,United States,California,San Bernardino,Yucaipa,-117.035,34.0462,NAD27,830,m,30arc-sec,72,3,"Qoa",NULL
4083,SBC098,NULL,United States,California,San Bernardino,Yucaipa,-117.035,34.0128,NAD27,787,m,30arc-sec,46,3,"Qoa",NULL
4084,SBC099,NULL,United States,California,San Bernardino,Victorville,-117.361,34.4645,NAD27,991,m,30arc-sec,25,6,"Qoa",NULL
4085,SBC100,NULL,United States,California,San Bernardino,Victorville,-117.358,34.4644,NAD27,983,m,30arc-sec,1,6,"Qal3",NULL
4086,SBC102,NULL,United States,California,San Bernardino,Victorville,-117.361,34.4609,NAD27,991,m,30arc-sec,25,6,"Qal3",NULL
4087,SBC103,NULL,United States,California,San Bernardino,Victorville,-117.365,34.4606,NAD27,991,m,30arc-sec,25,6,"Qal3",NULL
4088,SBC104,NULL,United States,California,San Bernardino,Victorville,-117.365,34.4641,NAD27,991,m,30arc-sec,25,6,"Qal2",NULL
4089,SBC106,NULL,United States,California,San Bernardino,County,-117.542,34.5958,NAD27,891,m,30arc-sec,23,16,"Qal2",NULL
4090,SBC107,NULL,United States,California,San Bernardino,County,-117.542,34.5695,NAD27,921,m,30arc-sec,34,8,"Qal2",NULL
4091,SBC108,NULL,United States,California,San Bernardino,County,-117.542,34.543,NAD27,954,m,30arc-sec,41,8,"Qal2",NULL
4092,SBC109,NULL,United States,California,San Bernardino,County,-117.542,34.5215,NAD27,995,m,30arc-sec,44,8,"Qal2",NULL
4093,SBC110,NULL,United States,California,San Bernardino,County,-117.619,34.4898,NAD27,1077,m,30arc-sec,1,8,"Qal3",NULL
4094,SBC111,NULL,United States,California,San Bernardino,County,-117.629,34.5122,NAD27,1016,m,30arc-sec,50,8,"Qal2",NULL
4095,SBC112,NULL,United States,California,San Bernardino,County,-117.63,34.5161,NAD27,1016,m,30arc-sec,50,8,"Qal2",NULL
4096,SBC113,NULL,United States,California,San Bernardino,Victorville,-117.359,34.4675,NAD27,982,m,30arc-sec,63,6,"Qal3",NULL
4097,SBC114,NULL,United States,California,San Bernardino,Victorville,-117.357,34.4671,NAD27,972,m,30arc-sec,8,6,"Qal3",NULL
4098,SBC115,NULL,United States,California,San Bernardino,Victorville,-117.403,34.422,NAD27,1091,m,30arc-sec,8,8,"Qal3",NULL
4099,SBC116,NULL,United States,California,San Bernardino,Joshua Tree,-116.274,34.1398,NAD27,776,m,30arc-sec,2,4,"Qal2",NULL
4100,SBC117,NULL,United States,California,San Bernardino,Joshua Tree,-116.276,34.1407,NAD27,787,m,30arc-sec,15,4,"Qal2",NULL
4101,SBC118,NULL,United States,California,San Bernardino,Joshua Tree,-116.274,34.1418,NAD27,775,m,30arc-sec,38,4,"Qal2",NULL
4102,SBC120,NULL,United States,California,San Bernardino,Joshua Tree,-116.276,34.1398,NAD27,787,m,30arc-sec,15,4,"Qal2",NULL
4103,SBC121,NULL,United States,California,San Bernardino,Joshua Tree,-116.301,34.1362,NAD27,823,m,30arc-sec,4,4,"Qal3",NULL
4104,SBC122,NULL,United States,California,San Bernardino,Joshua Tree,-116.302,34.1361,NAD27,823,m,30arc-sec,4,4,"Qal3",NULL
4105,SBC123,NULL,United States,California,San Bernardino,Joshua Tree,-116.245,34.1419,NAD27,744,m,30arc-sec,21,8,"Qal2",NULL
4106,SBC125,NULL,United States,California,San Bernardino,Joshua Tree,-116.29,34.1454,NAD27,800,m,30arc-sec,4,8,"Qal3",NULL
4107,SBC126,NULL,United States,California,San Bernardino,Joshua Tree,-116.281,34.0885,NAD27,1005,m,30arc-sec,10,4,"Qal3",NULL
4108,SBC127,NULL,United States,California,San Bernardino,Joshua Tree,-116.279,34.0885,NAD27,1005,m,30arc-sec,10,4,"Qal3",NULL
4109,SBC129,NULL,United States,California,San Bernardino,Joshua Tree,-116.281,34.0899,NAD27,1005,m,30arc-sec,10,4,"Qal3",NULL
4110,SBC130,NULL,United States,California,San Bernardino,Joshua Tree,-116.292,34.1411,NAD27,810,m,30arc-sec,73,4,"Qal3",NULL
4111,SBC131,NULL,United States,California,San Bernardino,Joshua Tree,-116.332,34.1417,NAD27,874,m,30arc-sec,9,7,"Qoa",NULL
4112,SBC132,NULL,United States,California,San Bernardino,County,-117.571,34.5171,NAD27,1002,m,30arc-sec,58,8,"Qal2",NULL
4113,SBC133,NULL,United States,California,San Bernardino,County,-117.603,34.5138,NAD27,1024,m,30arc-sec,68,8,"Qal3",NULL
4114,SCC001 ,NULL,United States,California,Santa Clara,Stanford,-122.1646,37.4324,NAD27,20,m,30arc-sec,38,12,"Qal2",NULL
4115,SCC003,NULL,United States,California,Santa Clara,Palo Alto,-122.1156,37.4515,NAD27,0,m,30arc-sec,26,16,"af/Qi",NULL
4116,SCC004,NULL,United States,California,Santa Clara,Palo Alto,-122.1153,37.4394,NAD27,0,m,30arc-sec,7,12,"af/Qi",NULL
4117,SCC005,NULL,United States,California,Santa Clara,Palo Alto,-122.1186,37.4364,NAD27,2,m,30arc-sec,3,12,"Qal1",NULL
4118,SCC006,NULL,United States,California,Santa Clara,Palo Alto,-122.1175,37.456,NAD27,0,m,30arc-sec,37,16,"af/Qi",NULL
4119,SCC008,NULL,United States,California,Santa Clara,Milpitas,-121.9154,37.4531,NAD27,6,m,30arc-sec,18,16,"Qal1",NULL
4120,SCC009,NULL,United States,California,Santa Clara,Milpitas,-121.9121,37.4432,NAD27,3,m,30arc-sec,10,16,"Qal1",NULL
4121,SCC010,NULL,United States,California,Santa Clara,Milpitas,-121.8747,37.4252,NAD27,36,m,30arc-sec,8,12,"Qal2",NULL
4122,SCC011,NULL,United States,California,Santa Clara,Milpitas,-121.8806,37.423,NAD27,25,m,30arc-sec,3,12,"Qal2",NULL
4123,SCC012,NULL,United States,California,Santa Clara,Milpitas,-121.9146,37.4299,NAD27,4,m,30arc-sec,3,16,"Qal1",NULL
4124,SCC013,NULL,United States,California,Santa Clara,San Jose,-121.9286,37.4231,NAD27,4,m,30arc-sec,3,18,"Qal1",NULL
4125,SCC014,NULL,United States,California,Santa Clara,San Jose,-121.924,37.4245,NAD27,6,m,30arc-sec,33,16,"Qal1",NULL
4126,SCC015,NULL,United States,California,Santa Clara,Palo Alto,-122.1297,37.4306,NAD27,5,m,30arc-sec,2,12,"Qal1",NULL
4127,SCC016,NULL,United States,California,Santa Clara,San Jose,-121.9462,37.4192,NAD27,0,m,30arc-sec,16,18,"Qal1",NULL
4128,SCC017,NULL,United States,California,Santa Clara,San Jose,-121.9497,37.4191,NAD27,0,m,30arc-sec,16,18,"Qal1",NULL
4129,SCC018,NULL,United States,California,Santa Clara,Sunnyvale,-121.9949,37.4109,NAD27,-1,m,30arc-sec,12,18,"Qal1",NULL
4130,SCC019,NULL,United States,California,Santa Clara,Sunnyvale,-122.0217,37.3957,NAD27,8,m,30arc-sec,10,16,"Qal1",NULL
4131,SCC021,NULL,United States,California,Santa Clara,Sunnyvale,-121.9994,37.3966,NAD27,5,m,30arc-sec,9,16,"Qal1",NULL
4132,SCC022,NULL,United States,California,Santa Clara,Sunnyvale,-122.0135,37.3869,NAD27,10,m,30arc-sec,15,16,"Qal2",NULL
4133,SCC023,NULL,United States,California,Santa Clara,Sunnyvale,-122.0393,37.3762,NAD27,28,m,30arc-sec,13,16,"Qal2",NULL
4134,SCC026,NULL,United States,California,Santa Clara,Sunnyvale,-122.0267,37.3821,NAD27,24,m,30arc-sec,38,16,"Qal2",NULL
4135,SCC028,NULL,United States,California,Santa Clara,Santa Clara,-121.9824,37.3922,NAD27,5,m,30arc-sec,31,18,"Qal1",NULL
4136,SCC030,NULL,United States,California,Santa Clara,Mountain View,-122.0987,37.4123,NAD27,6,m,30arc-sec,9,12,"Qal1",NULL
4137,SCC032,NULL,United States,California,Santa Clara,Mountain View,-122.0832,37.4051,NAD27,13,m,30arc-sec,5,12,"Qal2",NULL
4138,SCC033,NULL,United States,California,Santa Clara,Mountain View,-122.0657,37.4021,NAD27,13,m,30arc-sec,18,16,"Qal2",NULL
4139,SCC034,NULL,United States,California,Santa Clara,Mountain View,-122.076,37.4047,NAD27,13,m,30arc-sec,5,12,"Qal2",NULL
4140,SCC035,NULL,United States,California,Santa Clara,Sunnyvale,-122.0217,37.3957,NAD27,8,m,30arc-sec,10,16,"Qal1",NULL
4141,SCC036,NULL,United States,California,Santa Clara,Palo Alto,-122.1459,37.4496,NAD27,10,m,30arc-sec,1,16,"Qal1",NULL
4142,SCC037,NULL,United States,California,Santa Clara,Mountain View,-122.0597,37.3945,NAD27,20,m,30arc-sec,24,16,"Qal2",NULL
4143,SCC039,NULL,United States,California,Santa Clara,Sunnyvale,-121.9942,37.3999,NAD27,5,m,30arc-sec,9,16,"Qal1",NULL
4144,SCC042,NULL,United States,California,Santa Clara,Santa Clara,-121.9865,37.4106,NAD27,0,m,30arc-sec,1,18,"Qal1",NULL
4145,SCC043,NULL,United States,California,Santa Clara,Santa Clara,-121.9598,37.4102,NAD27,2,m,30arc-sec,7,16,"Qal1",NULL
4146,SCC045,NULL,United States,California,Santa Clara,San Jose,-121.9265,37.4127,NAD27,7,m,30arc-sec,2,18,"Qal1",NULL
4147,SCC046,NULL,United States,California,Santa Clara,San Jose,-121.9317,37.4166,NAD27,7,m,30arc-sec,2,18,"Qal1",NULL
4148,SCC047,NULL,United States,California,Santa Clara,Alviso,-121.9763,37.422,NAD27,2,m,30arc-sec,16,18,"af/Qi",NULL
4149,SCC048,NULL,United States,California,Santa Clara,Santa Clara,-121.9767,37.4078,NAD27,5,m,30arc-sec,1,16,"Qal1",NULL
4150,SCC049,NULL,United States,California,Santa Clara,Santa Clara,-121.987,37.3951,NAD27,4,m,30arc-sec,15,16,"Qal2",NULL
4151,SCC050,NULL,United States,California,Santa Clara,San Jose,-121.91,37.3669,NAD27,12,m,30arc-sec,4,16,"Qal1",NULL
4152,SCC051,NULL,United States,California,Santa Clara,Santa Clara,-121.941,37.3545,NAD27,16,m,30arc-sec,33,12,"Qal2",NULL
4153,SCC052,NULL,United States,California,Santa Clara,Santa Clara,-122.0044,37.3273,NAD27,49,m,30arc-sec,30,8,"Qal2",NULL
4154,SCC053,NULL,United States,California,Santa Clara,Santa Clara,-121.9745,37.3595,NAD27,16,m,30arc-sec,8,12,"Qal2",NULL
4155,SCC054,NULL,United States,California,Santa Clara,Mountain View,-122.0822,37.4209,NAD27,3,m,30arc-sec,2,12,"Qal1",NULL
4156,SCC055,NULL,United States,California,Santa Clara,Santa Clara,-121.9685,37.4014,NAD27,3,m,30arc-sec,1,16,"Qal1",NULL
4157,SCC056,NULL,United States,California,Santa Clara,Santa Clara,-121.9569,37.3914,NAD27,6,m,30arc-sec,16,16,"Qal1",NULL
4158,SCC057,NULL,United States,California,Santa Clara,Santa Clara,-121.9456,37.3903,NAD27,6,m,30arc-sec,71,16,"Qal1",NULL
4159,SCC060,NULL,United States,California,Santa Clara,SJ Airport,-121.9346,37.3689,NAD27,9,m,30arc-sec,8,16,"Qal1",NULL
4160,SCC061,NULL,United States,California,Santa Clara,SJ Airport,-121.9374,37.3633,NAD27,11,m,30arc-sec,3,16,"Qal1",NULL
4161,SCC064,NULL,United States,California,Santa Clara,SJ Airport,-121.9266,37.3552,NAD27,13,m,30arc-sec,15,16,"Qal2",NULL
4162,SCC066,NULL,United States,California,Santa Clara,SJ Airport,-121.9178,37.3597,NAD27,12,m,30arc-sec,3,16,"Qal2",NULL
4163,SCC067,NULL,United States,California,Santa Clara,SCVWD,-122.019,37.4176,NAD27,0,m,30arc-sec,6,18,"Qal1",NULL
4164,SCC069,NULL,United States,California,Santa Clara,SCVWD,-122.0202,37.412,NAD27,3,m,30arc-sec,5,18,"Qal1",NULL
4165,SCC070,NULL,United States,California,Santa Clara,SCVWD,-121.9802,37.4299,NAD27,-1,m,30arc-sec,11,16,"Qi",NULL
4166,SCC073,NULL,United States,California,Santa Clara,SJ Airport,-121.9156,37.357,NAD27,14,m,30arc-sec,1,16,"Qal2",NULL
4167,SCC076,NULL,United States,California,Santa Clara,SCVWD,-121.9267,37.426,NAD27,3,m,30arc-sec,2,16,"Qal1",NULL
4168,SCC077,NULL,United States,California,Santa Clara,SCVWD,-121.9287,37.4329,NAD27,3,m,30arc-sec,2,16,"Qal1",NULL
4169,SCC079,NULL,United States,California,Santa Clara,SCVWD,-121.9243,37.4053,NAD27,10,m,30arc-sec,18,18,"Qal1",NULL
4170,SCC081,NULL,United States,California,Santa Clara,SCVWD,-121.9159,37.3974,NAD27,11,m,30arc-sec,5,18,"Qal2",NULL
4171,SCC082,NULL,United States,California,Santa Clara,Moffett,-122.0439,37.4052,NAD27,9,m,30arc-sec,42,16,"Qal2",NULL
4172,SCC084,NULL,United States,California,Santa Clara,Moffett,-122.0465,37.4108,NAD27,4,m,30arc-sec,1,16,"Qal2",NULL
4173,SCC085,NULL,United States,California,Santa Clara,Moffett,-122.05,37.4176,NAD27,0,m,30arc-sec,4,16,"Qal1",NULL
4174,SCC086,NULL,United States,California,Santa Clara,Moffett,-122.053,37.4235,NAD27,1,m,30arc-sec,26,18,"Qal1",NULL
4175,SCC088,NULL,United States,California,Santa Clara,Moffett,-122.0578,37.4257,NAD27,-1,m,30arc-sec,33,18,"Qal1",NULL
4176,SCC089,NULL,United States,California,Santa Clara,SJ Airport,-121.9222,37.3574,NAD27,14,m,30arc-sec,13,16,"Qal1",NULL
4177,SCC092,NULL,United States,California,Santa Clara,SJ Airport,-121.9189,37.3547,NAD27,14,m,30arc-sec,13,16,"Qal1",NULL
4178,SCC093,NULL,United States,California,Santa Clara,SJ Airport,-121.928,37.3629,NAD27,12,m,30arc-sec,56,16,"Qal1",NULL
4179,SCC095,NULL,United States,California,Santa Clara,Moffett,-122.0484,37.4049,NAD27,9,m,30arc-sec,42,16,"Qal2",NULL
4180,SCC096,NULL,United States,California,Santa Clara,Moffett,-122.0384,37.4024,NAD27,8,m,30arc-sec,38,16,"Qal2",NULL
4181,SCC097,NULL,United States,California,Santa Clara,Moffett,-122.0413,37.4269,NAD27,-2,m,30arc-sec,39,18,"Qal1",NULL
4182,SCC098,NULL,United States,California,Santa Clara,Moffett,-122.0683,37.4275,NAD27,1,m,30arc-sec,3,16,"Qal1",NULL
4183,SCC099,NULL,United States,California,Santa Clara,SJ Parks,-121.9079,37.346,NAD27,17,m,30arc-sec,2,16,"Qal2",NULL
4184,SCC101,NULL,United States,California,Santa Clara,SJ Parks,-121.8901,37.3766,NAD27,20,m,30arc-sec,15,16,"Qal2",NULL
4185,SCC102,NULL,United States,California,Santa Clara,SJ Parks,-121.8639,37.3243,NAD27,29,m,30arc-sec,3,16,"Qal2",NULL
4186,SCC103,NULL,United States,California,Santa Clara,SJ Parks,-121.8987,37.3342,NAD27,22,m,30arc-sec,15,12,"Qal2",NULL
4187,SCC104,NULL,United States,California,Santa Clara,SJ Parks,-121.8928,37.3285,NAD27,26,m,30arc-sec,3,12,"Qal2",NULL
4188,SCC106,NULL,United States,California,Santa Clara,SJ Parks,-121.8839,37.3514,NAD27,18,m,30arc-sec,4,16,"Qal1",NULL
4189,SCC108,NULL,United States,California,Santa Clara,SJ Parks,-121.8754,37.3573,NAD27,22,m,30arc-sec,13,16,"Qal2",NULL
4190,SCC109,NULL,United States,California,Santa Clara,SJ Parks,-121.8761,37.3557,NAD27,22,m,30arc-sec,13,16,"Qal2",NULL
4191,SCC111,NULL,United States,California,Santa Clara,SJ Parks,-121.8721,37.3473,NAD27,25,m,30arc-sec,1,16,"Qal2",NULL
4192,SCC112,NULL,United States,California,Santa Clara,SJ Parks,-121.8682,37.3342,NAD27,26,m,30arc-sec,5,16,"Qal2",NULL
4193,SCC113,NULL,United States,California,Santa Clara,SJ Parks,-121.8944,37.377,NAD27,16,m,30arc-sec,6,16,"Qal2",NULL
4194,SCC114,NULL,United States,California,Santa Clara,SJ Parks,-121.9668,37.4257,NAD27,-1,m,30arc-sec,4,16,"Qi",NULL
4195,SCC116,NULL,United States,California,Santa Clara,SJ Streets,-121.8324,37.3712,NAD27,51,m,30arc-sec,3,12,"Qoa",NULL
4196,SCC117,NULL,United States,California,Santa Clara,SJ Streets,-121.8776,37.3445,NAD27,23,m,30arc-sec,1,16,"Qal2",NULL
4197,SCC118,NULL,United States,California,Santa Clara,SJ Streets,-121.8901,37.3647,NAD27,21,m,30arc-sec,3,16,"Qal2",NULL
4198,SCC119,NULL,United States,California,Santa Clara,SJ Streets,-121.9053,37.3751,NAD27,14,m,30arc-sec,18,16,"Qal2",NULL
4199,SCC120,NULL,United States,California,Santa Clara,SJ Streets,-121.8825,37.3719,NAD27,21,m,30arc-sec,2,16,"Qal2",NULL
4200,SCC123,NULL,United States,California,Santa Clara,SJ Streets,-121.8601,37.356,NAD27,25,m,30arc-sec,17,16,"Qal2",NULL
4201,SCC124,NULL,United States,California,Santa Clara,SJ Streets,-121.8733,37.3764,NAD27,31,m,30arc-sec,2,16,"Qal2",NULL
4202,SCC125,NULL,United States,California,Santa Clara,SJ Streets,-121.8659,37.3823,NAD27,37,m,30arc-sec,1,16,"Qal2",NULL
4203,SCC126,NULL,United States,California,Santa Clara,SJ Streets,-121.8556,37.3879,NAD27,48,m,30arc-sec,5,16,"Qal2",NULL
4204,SCC127,NULL,United States,California,Santa Clara,SJ Streets,-121.8272,37.4022,NAD27,237,m,30arc-sec,80,4,"sp",NULL
4205,SCC128,NULL,United States,California,Santa Clara,SJ Streets,-121.8471,37.3937,NAD27,60,m,30arc-sec,4,16,"Qal2",NULL
4206,SCC129,NULL,United States,California,Santa Clara,Postal,-121.8885,37.3915,NAD27,21,m,30arc-sec,4,16,"Qal2",NULL
4207,SCC130,NULL,United States,California,Santa Clara,SJ Streets,-121.8595,37.4055,NAD27,37,m,30arc-sec,34,12,"Qal2",NULL
4208,SCC131,NULL,United States,California,Santa Clara,SCVWD,-121.8695,37.3367,NAD27,26,m,30arc-sec,5,16,"Qal2",NULL
4209,SCC132,NULL,United States,California,Santa Clara,SCVWD,-121.9441,37.2768,NAD27,60,m,30arc-sec,8,12,"Qal2",NULL
4210,SCC133,NULL,United States,California,Santa Clara,SCVWD,-121.9032,37.3163,NAD27,34,m,30arc-sec,19,12,"Qal2",NULL
4211,SCC134,NULL,United States,California,Santa Clara,WRD,-121.9435,37.3178,NAD27,37,m,30arc-sec,2,12,"Qal2",NULL
4212,SCC135,NULL,United States,California,Santa Clara,SCVWD,-121.9363,37.3777,NAD27,8,m,30arc-sec,37,16,"Qal1",NULL
4213,SCC168,NULL,United States,California,Santa Clara,San Jose,-121.7973,37.316,NAD27,60,m,30arc-sec,50,16,"Qal2",NULL
4214,SCC169,NULL,United States,California,Santa Clara,Palo Alto,-122.1046,37.4587,NAD27,0,m,30arc-sec,1,18,"Qi",NULL
4215,SCC170,NULL,United States,California,Santa Clara,Palo Alto,-122.1351,37.4524,NAD27,8,m,30arc-sec,13,16,"Qal2",NULL
4216,SCC171,NULL,United States,California,Santa Clara,Palo Alto,-122.1351,37.4524,NAD27,8,m,30arc-sec,13,16,"Qal2",NULL
4217,SCC174,NULL,United States,California,Santa Clara,Cupertino,-122.0649,37.3346,NAD27,78,m,30arc-sec,3,8,"Qoa",NULL
4218,SCC175,NULL,United States,California,Santa Clara,Palo Alto,-122.1192,37.3999,NAD27,31,m,30arc-sec,35,12,"Qoa",NULL
4219,SCC176,NULL,United States,California,Santa Clara,Mountain View,-122.1,37.383,NAD27,42,m,30arc-sec,16,8,"Qoa",NULL
4220,SCC177,NULL,United States,California,Santa Clara,Cupertino,-122.0505,37.3374,NAD27,76,m,30arc-sec,30,8,"Qoa",NULL
4221,SCC178,NULL,United States,California,Santa Clara,Cupertino,-122.0449,37.3447,NAD27,61,m,30arc-sec,19,8,"Qoa",NULL
4222,SCC179,NULL,United States,California,Santa Clara,Cupertino,-122.0648,37.3521,NAD27,61,m,30arc-sec,20,8,"Qal2",NULL
4223,SCC180,NULL,United States,California,Santa Clara,,-122.055,37.3588,NAD27,51,m,30arc-sec,10,8,"Qal2",NULL
4224,SCC181,NULL,United States,California,Santa Clara,,-122.0153,37.3384,NAD27,47,m,30arc-sec,22,12,"Qoa",NULL
4225,SCC182,NULL,United States,California,Santa Clara,,-121.9914,37.3373,NAD27,35,m,30arc-sec,18,8,"Qal2",NULL
4226,SCC183,NULL,United States,California,Santa Clara,,-121.9437,37.3424,NAD27,24,m,30arc-sec,29,12,"Qal2",NULL
4227,SCC184,NULL,United States,California,Santa Clara,,-121.953,37.331,NAD27,32,m,30arc-sec,22,8,"Qal2",NULL
4228,SCC185,NULL,United States,California,Santa Clara,,-121.9487,37.3137,NAD27,42,m,30arc-sec,2,12,"Qal2",NULL
4229,SCC186,NULL,United States,California,Santa Clara,,-121.9481,37.301,NAD27,47,m,30arc-sec,7,12,"Qal2",NULL
4230,SCC187,NULL,United States,California,Santa Clara,,-121.9335,37.3053,NAD27,47,m,30arc-sec,10,12,"Qal2",NULL
4231,SCC188,NULL,United States,California,Santa Clara,,-121.9245,37.2824,NAD27,54,m,30arc-sec,7,12,"Qal2",NULL
4232,SCC189,NULL,United States,California,Santa Clara,,-121.9057,37.2815,NAD27,46,m,30arc-sec,6,12,"Qal2",NULL
4233,SCC190,NULL,United States,California,Santa Clara,,-121.8791,37.2868,NAD27,40,m,30arc-sec,9,12,"Qal2",NULL
4234,SCC191,NULL,United States,California,Santa Clara,,-121.877,37.3044,NAD27,36,m,30arc-sec,7,12,"Qal2",NULL
4235,SCC192,NULL,United States,California,Santa Clara,,-121.9699,37.3822,NAD27,11,m,30arc-sec,24,16,"Qal1",NULL
4236,SCC193,NULL,United States,California,Santa Clara,,-121.968,37.3907,NAD27,8,m,30arc-sec,6,18,"Qal1",NULL
4237,SCC194,NULL,United States,California,Santa Clara,,-121.9393,37.4145,NAD27,5,m,30arc-sec,1,18,"Qal1",NULL
4238,SCC195,NULL,United States,California,Santa Clara,,-121.8562,37.3505,NAD27,27,m,30arc-sec,20,16,"Qal1",NULL
4239,SCC196,NULL,United States,California,Santa Clara,,-121.837,37.341,NAD27,31,m,30arc-sec,13,12,"Qal1",NULL
4240,SCC197,NULL,United States,California,Santa Clara,,-121.8215,37.3124,NAD27,41,m,30arc-sec,18,16,"Qal1",NULL
4241,SCC198,NULL,United States,California,Santa Clara,,-121.9147,37.385,NAD27,11,m,30arc-sec,5,16,"Qal1",NULL
4242,SCC199,NULL,United States,California,Santa Clara,,-121.9342,37.4052,NAD27,4,m,30arc-sec,3,18,"Qal1",NULL
4243,SCR001,NULL,United States,Illinois,St Clair,,-90.1625,38.6204,NAD27,126,m,30arc-sec,9,9,"",NULL
4244,SCS001,NULL,United States,Missouri,St Charles,,-90.2123,38.8558,NAD27,129,m,30arc-sec,13,18,"",NULL
4245,SCT001,NULL,United States,Michigan,Schoolcraft,,-86.2934,45.9584,NAD83,188,m,30arc-sec,8,11,"",NULL
4246,SCT002,NULL,United States,Michigan,Schoolcraft,,-86.3062,45.9675,NAD83,188,m,30arc-sec,2,15,"",NULL
4247,SCT003,NULL,United States,Michigan,Schoolcraft,,-86.3031,45.9652,NAD83,190,m,30arc-sec,22,8,"",NULL
4248,SCT004,NULL,United States,Michigan,Schoolcraft,,-86.2999,45.9629,NAD83,188,m,30arc-sec,8,8,"",NULL
4249,SCT005,NULL,United States,Michigan,Schoolcraft,,-86.2967,45.9607,NAD83,188,m,30arc-sec,8,8,"",NULL
4250,SCT006,NULL,United States,Michigan,Schoolcraft,,-86.3127,45.9181,NAD83,180,m,30arc-sec,3,18,"",NULL
4251,SCT007,NULL,United States,Michigan,Schoolcraft,,-86.2974,45.925,NAD83,0,m,30arc-sec,0,18,"",NULL
4252,SCT008,NULL,United States,Michigan,Schoolcraft,,-86.283,45.9388,NAD83,174,m,30arc-sec,12,18,"",NULL
4253,SCT010,NULL,United States,Michigan,Schoolcraft,,-86.2613,45.9568,NAD83,180,m,30arc-sec,20,7,"",NULL
4254,SCT011,NULL,United States,Michigan,Schoolcraft,,-86.2693,45.9551,NAD83,179,m,30arc-sec,13,7,"",NULL
4255,SCT012,NULL,United States,Michigan,Schoolcraft,,-86.2704,45.9651,NAD83,184,m,30arc-sec,28,11,"",NULL
4256,SFC001,NULL,United States,Arkansas,Saint Francis,,-90.4376,35.0198,NAD27,60,m,30arc-sec,38,16,"",NULL
4257,SFC002,NULL,United States,Arkansas,Saint Francis,,-90.4376,35.049,NAD27,61,m,30arc-sec,69,16,"",NULL
4258,SFO036,NULL,United States,California,San Francisco,San Francisco,-122.3893,37.7869,NAD27,4,m,30arc-sec,4,18,"af/Qi",NULL
4259,SFO037,NULL,United States,California,San Francisco,San Francisco,-122.477,37.7978,NAD27,72,m,30arc-sec,3,7,"sp",NULL
4260,SMC008,NULL,United States,California,San Mateo,Menlo Park,-122.1726,37.4562,NAD27,18,m,30arc-sec,10,12,"Qal2",NULL
4261,SMC009,NULL,United States,California,San Mateo,Foster City,-122.2477,37.5558,NAD27,-1,m,30arc-sec,2,18,"af/Qi",NULL
4262,SMC010,NULL,United States,California,San Mateo,Foster City,-122.2477,37.5558,NAD27,-1,m,30arc-sec,2,18,"af/Qi",NULL
4263,SMC013,NULL,United States,California,San Mateo,Menlo Park,-122.2014,37.4232,NAD27,81,m,30arc-sec,1,4,"Tss",NULL
4264,SMC014,NULL,United States,California,San Mateo,Menlo Park,-122.1726,37.4562,NAD27,18,m,30arc-sec,10,12,"Qal2",NULL
4265,SMC015,NULL,United States,California,San Mateo,Menlo Park,-122.17,37.4549,NAD27,18,m,30arc-sec,10,16,"Qal2",NULL
4266,SMC016,NULL,United States,California,San Mateo,Menlo Park,-122.1694,37.4549,NAD27,18,m,30arc-sec,10,16,"Qal2",NULL
4267,SMC017,NULL,United States,California,San Mateo,Menlo Park,-122.1685,37.4545,NAD27,18,m,30arc-sec,10,16,"Qal2",NULL
4269,SMC018,NULL,United States,California,San Mateo,Menlo Park,-122.1677,37.4519,NAD27,18,m,30arc-sec,10,16,"Qal2",NULL
4270,SMC020,NULL,United States,California,San Mateo,Colma,-122.4539,37.672,NAD27,41,m,30arc-sec,10,18,"Qoa",NULL
4271,SMC021,NULL,United States,California,San Mateo,Colma,-122.4511,37.6694,NAD27,41,m,30arc-sec,10,18,"Qal3",NULL
4272,SMC022,NULL,United States,California,San Mateo,Daly City,-122.4682,37.6842,NAD27,53,m,30arc-sec,2,18,"Qoa",NULL
4273,SMC023,NULL,United States,California,San Mateo,Colma,-122.4593,37.6747,NAD27,59,m,30arc-sec,1,18,"Qal3",NULL
4274,SNC001,NULL,United States,California,Solano,Cordelia Junction,-122.1628,38.2341,NAD27,23,m,30arc-sec,26,3,"Qal2",NULL
4275,SOC002,NULL,United States,California,San Luis Obispo,Oceano,-120.6254,35.1098,NAD27,8,m,30arc-sec,5,18,"Qal3",NULL
4276,SOC003,NULL,United States,California,San Luis Obispo,Oceano,-120.6252,35.1099,NAD27,8,m,30arc-sec,5,18,"Qal3",NULL
4277,SOC004,NULL,United States,California,San Luis Obispo,Oceano,-120.625,35.11,NAD27,14,m,30arc-sec,35,18,"Qal3",NULL
4278,SOC005,NULL,United States,California,San Luis Obispo,Oceano,-120.6248,35.1101,NAD27,14,m,30arc-sec,35,18,"Qal3",NULL
4279,SOC006,NULL,United States,California,San Luis Obispo,Oceano,-120.6299,35.1043,NAD27,5,m,30arc-sec,14,18,"Qal2",NULL
4280,SOC007,NULL,United States,California,San Luis Obispo,Oceano,-120.6288,35.1043,NAD27,5,m,30arc-sec,14,18,"Qal2",NULL
4281,SOC008,NULL,United States,California,San Luis Obispo,Oceano,-120.6284,35.1044,NAD27,5,m,30arc-sec,14,18,"Qal2",NULL
4282,SOC009,NULL,United States,California,San Luis Obispo,Oceano,-120.6278,35.1046,NAD27,5,m,30arc-sec,14,18,"Qal2",NULL
4283,SOC010,NULL,United States,California,San Luis Obispo,Oceano,-120.6239,35.1079,NAD27,11,m,30arc-sec,55,18,"Qal3",NULL
4284,SOC011,NULL,United States,California,San Luis Obispo,Oceano,-120.6247,35.1078,NAD27,11,m,30arc-sec,55,18,"Qal3",NULL
4285,SOC012,NULL,United States,California,San Luis Obispo,Oceano,-120.6248,35.1077,NAD27,11,m,30arc-sec,55,18,"Qal3",NULL
4286,SOC013,NULL,United States,California,San Luis Obispo,Oceano,-120.6245,35.1086,NAD27,14,m,30arc-sec,35,18,"Qal3",NULL
4287,SOC014,NULL,United States,California,San Luis Obispo,Oceano,-120.6247,35.1085,NAD27,14,m,30arc-sec,35,18,"Qal3",NULL
4288,SOC015,NULL,United States,California,San Luis Obispo,Oceano,-120.625,35.1084,NAD27,14,m,30arc-sec,35,18,"Qal3",NULL
4289,SOC016,NULL,United States,California,San Luis Obispo,Oceano,-120.6242,35.1078,NAD27,11,m,30arc-sec,55,18,"Qal3",NULL
4290,SOC017,NULL,United States,California,San Luis Obispo,Oceano,-120.6253,35.1091,NAD27,8,m,30arc-sec,5,18,"Qal3",NULL
4291,SOC018,NULL,United States,California,San Luis Obispo,Oceano,-120.6249,35.1093,NAD27,14,m,30arc-sec,35,18,"Qal3",NULL
4292,SOC019,NULL,United States,California,San Luis Obispo,Oceano,-120.6223,35.1089,NAD27,14,m,30arc-sec,35,18,"Qal3",NULL
4293,SOC020,NULL,United States,California,San Luis Obispo,Oceano,-120.6215,35.1108,NAD27,14,m,30arc-sec,35,18,"Qal2",NULL
4294,SOC021,NULL,United States,California,San Luis Obispo,Oceano,-120.623,35.11,NAD27,14,m,30arc-sec,35,18,"Qal3",NULL
4295,SOC022,NULL,United States,California,San Luis Obispo,Oceano,-120.6292,35.1051,NAD27,5,m,30arc-sec,14,18,"Qal2",NULL
4296,SOC023,NULL,United States,California,San Luis Obispo,Oceano,-120.6311,35.1033,NAD27,5,m,30arc-sec,14,18,"",NULL
4297,SOC024,NULL,United States,California,San Luis Obispo,Oceano,-120.6312,35.104,NAD27,5,m,30arc-sec,14,18,"",NULL
4298,SOC025,NULL,United States,California,San Luis Obispo,Oceano,-120.6285,35.1051,NAD27,5,m,30arc-sec,14,18,"Qal2",NULL
4299,SOC026,NULL,United States,California,San Luis Obispo,Oceano,-120.6278,35.1053,NAD27,5,m,30arc-sec,14,18,"Qal2",NULL
4300,SOC027,NULL,United States,California,San Luis Obispo,Oceano,-120.6259,35.1037,NAD27,5,m,30arc-sec,14,18,"Qal2",NULL
4301,SOC028,NULL,United States,California,San Luis Obispo,Oceano,-120.6246,35.1016,NAD27,11,m,30arc-sec,55,18,"Qal2",NULL
4302,SOC029,NULL,United States,California,San Luis Obispo,Oceano,-120.6189,35.1002,NAD27,11,m,30arc-sec,55,18,"Qal2",NULL
4303,SOC030,NULL,United States,California,San Luis Obispo,Oceano,-120.6268,35.1055,NAD27,5,m,30arc-sec,14,18,"Qal2",NULL
4304,SOC031,NULL,United States,California,San Luis Obispo,Oceano,-120.628,35.1094,NAD27,8,m,30arc-sec,5,18,"Qal3",NULL
4305,SOC032,NULL,United States,California,San Luis Obispo,Oceano,-120.6264,35.1097,NAD27,8,m,30arc-sec,5,18,"Qal3",NULL
4306,SOC033,NULL,United States,California,San Luis Obispo,Oceano,-120.6267,35.1073,NAD27,5,m,30arc-sec,14,18,"Qal3",NULL
4307,SOC034,NULL,United States,California,San Luis Obispo,Oceano,-120.6279,35.1082,NAD27,5,m,30arc-sec,14,18,"Qal3",NULL
4308,SOC035,NULL,United States,California,San Luis Obispo,Oceano,-120.6186,35.0981,NAD27,10,m,30arc-sec,28,18,"Qal2",NULL
4309,SOC036,NULL,United States,California,San Luis Obispo,Oceano,-120.6191,35.0983,NAD27,10,m,30arc-sec,28,18,"Qal2",NULL
4310,SOC037,NULL,United States,California,San Luis Obispo,Oceano,-120.6181,35.0978,NAD27,10,m,30arc-sec,28,18,"Qal2",NULL
4311,STD001,NULL,United States,Missouri,Stoddard,,-89.7472,36.801,NAD27,89,m,30arc-sec,1,16,"",NULL
4312,STD002,NULL,United States,Missouri,Stoddard,,-89.7474,36.7144,NAD27,88,m,30arc-sec,2,16,"",NULL
4313,SYC001,NULL,United States,Tennessee,Shelby,,-89.9873,35.1946,NAD27,72,m,30arc-sec,3,11,"",NULL
4314,SYC002,NULL,United States,Tennessee,Shelby,,-89.9567,35.1925,NAD27,78,m,30arc-sec,4,15,"",NULL
4315,SYC003,NULL,United States,Tennessee,Shelby,,-89.9444,35.196,NAD27,75,m,30arc-sec,14,11,"",NULL
4316,SYC004,NULL,United States,Tennessee,Shelby,,-89.9003,35.1703,NAD27,78,m,30arc-sec,7,7,"",NULL
4317,SYC005,NULL,United States,Tennessee,Shelby,,-89.909,35.1875,NAD27,77,m,30arc-sec,4,11,"",NULL
4318,SYC006,NULL,United States,Tennessee,Shelby,,-89.9238,35.1997,NAD27,79,m,30arc-sec,15,11,"",NULL
4319,SYC007,NULL,United States,Tennessee,Shelby,,-89.9183,35.1912,NAD27,77,m,30arc-sec,4,11,"",NULL
4320,SYC008,NULL,United States,Tennessee,Shelby,,-89.9146,35.1866,NAD27,77,m,30arc-sec,4,11,"",NULL
4321,SYC009,NULL,United States,Tennessee,Shelby,,-89.8815,35.1568,NAD27,82,m,30arc-sec,7,11,"",NULL
4322,SYC010,NULL,United States,Tennessee,Shelby,,-89.8661,35.1341,NAD27,86,m,30arc-sec,7,9,"",NULL
4323,SYC011,NULL,United States,Tennessee,Shelby,,-89.8538,35.1336,NAD27,82,m,30arc-sec,14,13,"",NULL
4324,SYC012,NULL,United States,Tennessee,Shelby,,-89.8579,35.1431,NAD27,79,m,30arc-sec,17,9,"",NULL
4325,SYC013,NULL,United States,Tennessee,Shelby,,-89.8364,35.1289,NAD27,78,m,30arc-sec,2,13,"",NULL
4326,SYC014,NULL,United States,Tennessee,Shelby,,-89.8022,35.1184,NAD27,78,m,30arc-sec,3,9,"",NULL
4327,SYC015,NULL,United States,Tennessee,Shelby,,-89.7658,35.1,NAD27,86,m,30arc-sec,53,9,"",NULL
4328,SYC016,NULL,United States,Tennessee,Shelby,,-89.7507,35.1037,NAD27,91,m,30arc-sec,9,9,"",NULL
4329,SYC017,NULL,United States,Tennessee,Shelby,,-89.7316,35.1045,NAD27,89,m,30arc-sec,11,9,"",NULL
4330,SYC018,NULL,United States,Tennessee,Shelby,,-89.7212,35.098,NAD27,91,m,30arc-sec,3,9,"",NULL
4331,SYC019,NULL,United States,Tennessee,Shelby,,-89.7151,35.1015,NAD27,89,m,30arc-sec,12,9,"",NULL
4332,SYC020,NULL,United States,Tennessee,Shelby,,-89.7024,35.0911,NAD27,88,m,30arc-sec,10,9,"",NULL
4333,SYC021,NULL,United States,Tennessee,Shelby,,-89.6519,35.0783,NAD27,91,m,30arc-sec,2,7,"",NULL
4334,SYC022,NULL,United States,Tennessee,Shelby,,-89.9757,35.0072,NAD27,105,m,30arc-sec,9,9,"",NULL
4335,TNA001,NULL,United States,Mississippi,Tunica,,-90.2327,34.6314,NAD27,54,m,30arc-sec,7,16,"",NULL
4336,TNA002,NULL,United States,Mississippi,Tunica,,-90.2365,34.6344,NAD27,54,m,30arc-sec,7,16,"",NULL
4337,TNA003,NULL,United States,Mississippi,Tunica,,-90.2122,34.8298,NAD27,58,m,30arc-sec,3,16,"",NULL
4338,TNA004,NULL,United States,Mississippi,Tunica,,-90.2289,34.8011,NAD27,57,m,30arc-sec,45,16,"",NULL
4339,TNA005,NULL,United States,Mississippi,Tunica,,-90.2903,34.7876,NAD27,58,m,30arc-sec,56,16,"",NULL
4340,TNA006,NULL,United States,Mississippi,Tunica,,-90.2903,34.8098,NAD27,59,m,30arc-sec,52,16,"",NULL
4341,TNA007,NULL,United States,Mississippi,Tunica,,-90.2729,34.8028,NAD27,59,m,30arc-sec,53,16,"",NULL
4342,TNA008,NULL,United States,Mississippi,Tunica,,-90.3046,34.7727,NAD27,57,m,30arc-sec,3,16,"",NULL
4343,TNA009,NULL,United States,Mississippi,Tunica,,-90.3267,34.7952,NAD27,59,m,30arc-sec,75,16,"",NULL
4344,TNA010,NULL,United States,Mississippi,Tunica,,-90.3608,34.8399,NAD27,66,m,30arc-sec,8,16,"",NULL
4345,TNA011,NULL,United States,Mississippi,Tunica,,-90.3581,34.8353,NAD27,68,m,30arc-sec,5,16,"",NULL
4346,TNA012,NULL,United States,Mississippi,Tunica,,-90.4609,34.7097,NAD27,60,m,30arc-sec,1,5,"",NULL
4347,TNA013,NULL,United States,Mississippi,Tunica,,-90.4211,34.713,NAD27,56,m,30arc-sec,8,11,"",NULL
4348,TNA014,NULL,United States,Mississippi,Tunica,,-90.2662,34.7142,NAD27,57,m,30arc-sec,9,16,"",NULL
4349,TNA015,NULL,United States,Mississippi,Tunica,,-90.3406,34.6436,NAD27,55,m,30arc-sec,2,16,"",NULL
4350,TNA016,NULL,United States,Mississippi,Tunica,,-90.3182,34.6833,NAD27,55,m,30arc-sec,1,16,"",NULL
4351,TNA017,NULL,United States,Mississippi,Tunica,,-90.3405,34.6345,NAD27,54,m,30arc-sec,2,16,"",NULL
4352,TNA018,NULL,United States,Mississippi,Tunica,,-90.3568,34.5688,NAD27,55,m,30arc-sec,6,16,"",NULL
4353,TNA019,NULL,United States,Mississippi,Tunica,,-90.3452,34.5833,NAD27,54,m,30arc-sec,3,16,"",NULL
4354,TNA020,NULL,United States,Mississippi,Tunica,,-90.4367,34.5243,NAD27,53,m,30arc-sec,2,16,"",NULL
4355,TNA021,NULL,United States,Mississippi,Tunica,,-90.4106,34.5106,NAD27,52,m,30arc-sec,7,16,"",NULL
4356,TNA022,NULL,United States,Mississippi,Tunica,,-90.4608,34.5608,NAD27,54,m,30arc-sec,1,16,"",NULL
4357,TNA024,NULL,United States,Mississippi,Tunica,,-90.3519,34.6846,NAD27,56,m,30arc-sec,74,16,"",NULL
4358,TNA025,NULL,United States,Mississippi,Tunica,,-90.3444,34.6705,NAD27,55,m,30arc-sec,82,16,"",NULL
4359,TNA026,NULL,United States,Mississippi,Tunica,,-90.3365,34.681,NAD27,55,m,30arc-sec,63,16,"",NULL
4360,TNA027,NULL,United States,Mississippi,Tunica,,-90.3682,34.7285,NAD27,58,m,30arc-sec,8,16,"",NULL
4361,TNA029,NULL,United States,Mississippi,Tunica,,-90.3927,34.787,NAD27,60,m,30arc-sec,12,12,"",NULL
4362,TNA030,NULL,United States,Mississippi,Tunica,,-90.3579,34.7724,NAD27,59,m,30arc-sec,6,16,"",NULL
4363,TNA031,NULL,United States,Mississippi,Tunica,,-90.4488,34.7356,WGS84,60,m,30arc-sec,1,9,"",NULL
4364,TNA033,NULL,United States,Mississippi,Tunica,,-90.2467,34.7741,NAD27,57,m,30arc-sec,3,16,"",NULL
4365,TNA034,NULL,United States,Mississippi,Tunica,,-90.2455,34.7438,NAD27,56,m,30arc-sec,18,16,"",NULL
4366,TNA035,NULL,United States,Mississippi,Tunica,,-90.2334,34.5836,NAD27,53,m,30arc-sec,21,16,"",NULL
4367,TNA036,NULL,United States,Mississippi,Tunica,,-90.2364,34.67,NAD27,55,m,30arc-sec,3,16,"",NULL
4368,TNA038,NULL,United States,Mississippi,Tunica,,-90.2527,34.6997,NAD27,55,m,30arc-sec,1,16,"",NULL
4369,TNA039,NULL,United States,Mississippi,Tunica,,-90.4093,34.6699,NAD27,56,m,30arc-sec,1,16,"",NULL
4370,TNA040,NULL,United States,Mississippi,Tunica,,-90.4281,34.6575,NAD27,57,m,30arc-sec,19,9,"",NULL
4371,TNA041,NULL,United States,Mississippi,Tunica,,-90.468,34.5936,NAD27,54,m,30arc-sec,6,13,"",NULL
4372,TNA042,NULL,United States,Mississippi,Tunica,,-90.3332,34.5429,NAD27,52,m,30arc-sec,18,16,"",NULL
4373,TNA043,NULL,United States,Mississippi,Tunica,,-90.3926,34.5248,NAD27,51,m,30arc-sec,2,16,"",NULL
4374,TNA044,NULL,United States,Mississippi,Tunica,,-90.3162,34.7509,NAD27,57,m,30arc-sec,17,16,"",NULL
4375,TTE001,NULL,United States,Mississippi,Tate,,-89.9475,34.6179,NAD27,78,m,30arc-sec,9,7,"",NULL
4376,TTE002,NULL,United States,Mississippi,Tate,,-89.9702,34.7021,NAD27,70,m,30arc-sec,5,5,"",NULL
4377,UNN001,NULL,United States,Arkansas,Union,,-92.4836,33.2904,NAD27,43,m,30arc-sec,1,13,"",NULL
4378,UNN002,NULL,United States,Arkansas,Union,,-92.4752,33.2945,NAD27,32,m,30arc-sec,3,15,"",NULL
4379,UNN003,NULL,United States,Arkansas,Union,,-92.5031,33.3179,NAD27,37,m,30arc-sec,7,13,"",NULL
4380,UNN004,NULL,United States,Arkansas,Union,,-92.5258,33.3252,NAD27,33,m,30arc-sec,1,13,"",NULL
4381,UNN005,NULL,United States,Arkansas,Union,,-92.528,33.3307,NAD27,33,m,30arc-sec,1,13,"",NULL
4382,UNN006,NULL,United States,Arkansas,Union,,-92.5367,33.3363,NAD27,33,m,30arc-sec,1,15,"",NULL
4383,UNN007,NULL,United States,Arkansas,Union,,-92.1135,33.1587,NAD27,24,m,30arc-sec,1,13,"",NULL
4384,UNN008,NULL,United States,Arkansas,Union,,-92.1127,33.1512,NAD27,27,m,30arc-sec,8,15,"",NULL
4385,UNN009,NULL,United States,Arkansas,Union,,-92.1573,33.1476,NAD27,31,m,30arc-sec,18,15,"",NULL
4386,UNN010,NULL,United States,Arkansas,Union,,-92.3523,33.2993,NAD27,34,m,30arc-sec,2,13,"",NULL
4387,UNN011,NULL,United States,Arkansas,Union,,-92.0898,33.032,NAD27,29,m,30arc-sec,7,9,"",NULL
4388,UNN012,NULL,United States,Arkansas,Union,,-92.0983,33.0297,NAD27,32,m,30arc-sec,12,13,"",NULL
4389,UNN013,NULL,United States,Arkansas,Union,,-92.1079,33.0308,NAD27,31,m,30arc-sec,7,13,"",NULL
4390,UNN014,NULL,United States,Arkansas,Union,,-92.1131,33.038,NAD27,30,m,30arc-sec,6,13,"",NULL
4391,UNN015,NULL,United States,Arkansas,Union,,-92.1181,33.0474,NAD27,33,m,30arc-sec,14,13,"",NULL
4392,UNN016,NULL,United States,Arkansas,Union,,-92.1258,33.055,NAD27,27,m,30arc-sec,5,13,"",NULL
4393,UNN017,NULL,United States,Arkansas,Union,,-92.3612,33.2859,NAD27,34,m,30arc-sec,8,13,"",NULL
4394,UNN018,NULL,United States,Arkansas,Union,,-92.3745,33.2808,NAD27,35,m,30arc-sec,16,15,"",NULL
4395,VHC001,NULL,United States,Indiana,Vanderburgh,Evansville,-87.4928,37.9278,NAD27,111,m,30arc-sec,6,16,"",NULL
4396,VHC002,NULL,United States,Indiana,Vanderburgh,Evansville,-87.4714,37.9329,NAD27,112,m,30arc-sec,14,16,"",NULL
4397,VHC003,NULL,United States,Indiana,Vanderburgh,Evansville,-87.4712,37.9463,NAD27,117,m,30arc-sec,5,16,"",NULL
4398,VHC004,NULL,United States,Indiana,Vanderburgh,Evansville,-87.5722,37.951,NAD27,111,m,30arc-sec,1,9,"",NULL
4399,VHC005,NULL,United States,Indiana,Vanderburgh,Evansville,-87.568,37.9411,NAD27,108,m,30arc-sec,5,15,"",NULL
4400,VHC006,NULL,United States,Indiana,Vanderburgh,Evansville,-87.5595,37.9318,NAD27,109,m,30arc-sec,24,15,"",NULL
4401,VHC007,NULL,United States,Indiana,Vanderburgh,Evansville,-87.5023,37.9294,NAD27,111,m,30arc-sec,24,16,"",NULL
4402,VHC008,NULL,United States,Indiana,Vanderburgh,Evansville,-87.512,37.9072,NAD27,110,m,30arc-sec,1,16,"",NULL
4403,VHC009,NULL,United States,Indiana,Vanderburgh,Evansville,-87.5278,37.9155,NAD27,110,m,30arc-sec,8,15,"",NULL
4404,VHC010,NULL,United States,Indiana,Vanderburgh,Evansville,-87.5453,37.9229,NAD27,111,m,30arc-sec,3,15,"",NULL
4405,VHC011,NULL,United States,Indiana,Vanderburgh,Evansville,-87.4582,37.9913,NAD27,116,m,30arc-sec,10,15,"",NULL
4406,VHC012,NULL,United States,Indiana,Vanderburgh,Evansville,-87.4735,37.9765,NAD27,117,m,30arc-sec,23,15,"",NULL
4407,VHC013,NULL,United States,Indiana,Vanderburgh,Evansville,-87.4738,37.9894,NAD27,116,m,30arc-sec,8,15,"",NULL
4408,VHC014,NULL,United States,Indiana,Vanderburgh,Evansville,-87.4714,38.0275,NAD27,116,m,30arc-sec,16,15,"",NULL
4409,VHC015,NULL,United States,Indiana,Vanderburgh,Evansville,-87.4774,37.984,NAD27,116,m,30arc-sec,3,15,"",NULL
4410,VHC016,NULL,United States,Indiana,Vanderburgh,Evansville,-87.488,37.9775,NAD27,119,m,30arc-sec,5,15,"",NULL
4411,VHC017,NULL,United States,Indiana,Vanderburgh,Evansville,-87.5019,37.9763,NAD27,120,m,30arc-sec,23,15,"",NULL
4412,VHC018,NULL,United States,Indiana,Vanderburgh,Evansville,-87.5016,37.9828,NAD27,120,m,30arc-sec,23,15,"",NULL
4413,VHC019,NULL,United States,Indiana,Vanderburgh,Evansville,-87.5017,37.988,NAD27,124,m,30arc-sec,30,11,"",NULL
4414,VHC020,NULL,United States,Indiana,Vanderburgh,Evansville,-87.4519,37.9732,NAD27,119,m,30arc-sec,9,15,"",NULL
4415,VHC021,NULL,United States,Indiana,Vanderburgh,Evansville,-87.5474,37.992,NAD27,117,m,30arc-sec,17,7,"",NULL
4416,VHC022,NULL,United States,Indiana,Vanderburgh,Evansville,-87.5264,38.008,NAD27,117,m,30arc-sec,17,7,"",NULL
4417,VHC023,NULL,United States,Indiana,Vanderburgh,Evansville,-87.5277,37.9892,NAD27,118,m,30arc-sec,6,11,"",NULL
4418,VHC024,NULL,United States,Indiana,Vanderburgh,Evansville,-87.519,37.9843,NAD27,118,m,30arc-sec,12,11,"",NULL
4419,VHC025,NULL,United States,Indiana,Vanderburgh,Evansville,-87.5528,37.981,NAD27,117,m,30arc-sec,11,11,"",NULL
4420,VHC026,NULL,United States,Indiana,Vanderburgh,Evansville,-87.5623,37.9873,NAD27,118,m,30arc-sec,2,9,"",NULL
4421,VHC027,NULL,United States,Indiana,Vanderburgh,Evansville,-87.5779,37.9856,NAD27,117,m,30arc-sec,2,9,"",NULL
4422,VHC028,NULL,United States,Indiana,Vanderburgh,Evansville,-87.5855,37.9824,NAD27,114,m,30arc-sec,1,13,"",NULL
4423,VHC029,NULL,United States,Indiana,Vanderburgh,Evansville,-87.4728,38.0381,NAD27,115,m,30arc-sec,21,11,"",NULL
4424,VHC030,NULL,United States,Indiana,Vanderburgh,Evansville,-87.4738,38.0495,NAD27,115,m,30arc-sec,1,15,"",NULL
4425,VHC031,NULL,United States,Indiana,Vanderburgh,Evansville,-87.4919,38.0349,NAD27,115,m,30arc-sec,10,11,"",NULL
4426,VHC032,NULL,United States,Indiana,Vanderburgh,Evansville,-87.5937,37.9797,NAD27,117,m,30arc-sec,4,13,"",NULL
4427,VHC033,NULL,United States,Indiana,Vanderburgh,Evansville,-87.5816,37.984,NAD27,117,m,30arc-sec,2,9,"",NULL
4428,VHC034,NULL,United States,Indiana,Vanderburgh,Evansville,-87.5521,37.989,NAD27,118,m,30arc-sec,4,15,"",NULL
4429,VHC035,NULL,United States,Indiana,Vanderburgh,Evansville,-87.5659,37.9742,NAD27,118,m,30arc-sec,21,9,"",NULL
4430,VHC036,NULL,United States,Indiana,Vanderburgh,Evansville,-87.6256,37.9796,NAD27,119,m,30arc-sec,14,7,"",NULL
4431,VHC037,NULL,United States,Indiana,Vanderburgh,Evansville,-87.6341,37.9602,NAD27,118,m,30arc-sec,9,5,"",NULL
4432,VHC038,NULL,United States,Indiana,Vanderburgh,Evansville,-87.5949,38.025,NAD27,115,m,30arc-sec,7,7,"",NULL
4433,VHC039,NULL,United States,Indiana,Vanderburgh,Evansville,-87.5978,38.0135,NAD27,115,m,30arc-sec,6,7,"",NULL
4434,VHC040,NULL,United States,Indiana,Vanderburgh,Evansville,-87.505,38.0532,NAD27,117,m,30arc-sec,4,7,"",NULL
4435,VHC041,NULL,United States,Indiana,Vanderburgh,Evansville,-87.5405,38.0281,NAD27,115,m,30arc-sec,3,7,"",NULL
4436,WKC001,NULL,United States,Indiana,Warrick,Evansville,-87.4456,37.9911,NAD27,117,m,30arc-sec,2,15,"",NULL
4437,WKC002,NULL,United States,Indiana,Warrick,Evansville,-87.4454,38.0058,NAD27,116,m,30arc-sec,7,11,"",NULL
4438,WKC003,NULL,United States,Indiana,Warrick,Evansville,-87.4365,38.0067,NAD27,116,m,30arc-sec,1,15,"",NULL
4439,WKC004,NULL,United States,Indiana,Warrick,Evansville,-87.4365,38.0201,NAD27,116,m,30arc-sec,3,11,"",NULL
4440,WKC005,NULL,United States,Indiana,Warrick,Evansville,-87.4274,38.0274,NAD27,115,m,30arc-sec,2,11,"",NULL
4441,WKC006,NULL,United States,Indiana,Warrick,Evansville,-87.4658,38.0885,NAD27,115,m,30arc-sec,37,11,"",NULL
4442,WKC007,NULL,United States,Indiana,Warrick,Evansville,-87.4729,38.0583,NAD27,115,m,30arc-sec,60,11,"",NULL
4443,WKC008,NULL,United States,Indiana,Warrick,Evansville,-87.4503,37.9802,NAD27,118,m,30arc-sec,21,11,"",NULL
4444,WKC009,NULL,United States,Indiana,Warrick,Evansville,-87.4658,38.0781,NAD27,115,m,30arc-sec,20,15,"",NULL
4445,WKC010,NULL,United States,Indiana,Warrick,Evansville,-87.4659,38.0677,NAD27,115,m,30arc-sec,14,15,"",NULL
4446,WTE001,NULL,United States,Illinois,White,,-88.061,38.0523,NAD27,111,m,30arc-sec,71,15,"",NULL
4447,WYA1,NULL,United States,Missouri,Mississippi, Wyatt,-89.1582,36.9261,WGS84,94,m,30arc-sec,3,14,"",NULL
4448,oak003,NULL,United States,California,Alameda,Oakland,-122.316,37.8064,NAD27,1,m,30arc-sec,15,18,"af/Qi",NULL
4449,oak010,NULL,United States,California,Alameda,Oakland,-122.275,37.8081,NAD27,8,m,30arc-sec,8,18,"Qs",NULL
4450,ZY.SV01,NULL,United States,California,San Bernardino,,-117.4776,35.6455,WGS84,599,m,30arc-sec,11,4,"Qal3",NULL
4451,ZY.SV02,NULL,United States,California,Inyo,,-117.7048,35.8855,WGS84,703,m,30arc-sec,38,7,"Qal2",NULL
4452,ZY.SV03,NULL,United States,California,San Bernardino,,-117.5997,35.7705,WGS84,683,m,30arc-sec,34,12,"Qal2",NULL
4453,ZY.SV04,NULL,United States,California,Inyo,,-117.7018,35.9023,WGS84,710,m,30arc-sec,2,7,"Qal3",NULL
4454,ZY.SV05,NULL,United States,California,San Bernardino,,-117.5719,35.7224,WGS84,687,m,30arc-sec,4,16,"Qal3",NULL
4455,ZY.SV06,NULL,United States,California,San Bernardino,,-117.3811,35.6012,WGS84,572,m,30arc-sec,5,8,"crystalline",NULL
4456,ZY.SV07,NULL,United States,California,San Bernardino,,-117.6032,35.6976,WGS84,666,m,30arc-sec,11,16,"crystalline",NULL
4457,ZY.SV08,NULL,United States,California,San Bernardino,,-117.4187,35.5761,WGS84,601,m,30arc-sec,1,8,"Qal3",NULL
4458,ZY.SV09,NULL,United States,California,Inyo,,-117.661,35.8426,WGS84,701,m,30arc-sec,25,4,"Qal2",NULL
4460,CE.13197,NULL,United States,California,,,-117.9974,33.6623,WGS84,16,m,30arc-sec,7,18,"Qoa",NULL
4461,CE.13849,NULL,United States,California,Orange County,,-117.818,33.8535,WGS84,78,m,30arc-sec,58,8,"Qal3",NULL
4462,CE.13915,NULL,United States,California,Riverside,,-117.3439,33.9792,WGS84,296,m,30arc-sec,44,4,"Qoa",NULL
4463,CE.22791,NULL,United States,California,San Bernardino,,-116.8724,34.2411,WGS84,2118,m,30arc-sec,4,1,"Qal3",NULL
4464,CE.23091,NULL,United States,California,Riverside,,-117.5106,34.0136,WGS84,236,m,30arc-sec,44,12,"Qal2",NULL
4465,CE.23525,NULL,United States,California,Los Angeles,,-117.7487,34.0564,WGS84,264,m,30arc-sec,28,12,"Qal2",NULL
4466,CE.23542,NULL,United States,California,San Bernardino,,-117.2928,34.0656,WGS84,299,m,30arc-sec,12,8,"Qal2",NULL
4467,CE.23780,NULL,United States,California,San Bernardino,,-117.2872,34.0964,WGS84,309,m,30arc-sec,13,8,"Qal2",NULL
4468,CE.23899,NULL,United States,California,San Bernardino,,-117.3981,34.0692,WGS84,338,m,30arc-sec,37,8,"Qal2",NULL
4469,CE.24611,NULL,United States,California,Los Angeles,,-118.2466,34.0591,WGS84,119,m,30arc-sec,6,7,"Tsh",NULL
4470,CE.24851,NULL,United States,California,Los Angeles,,-118.3464,34.0695,WGS84,71,m,30arc-sec,30,4,"Qoa",NULL
4471,CE.24853,NULL,United States,California,Los Angeles,,-118.2865,34.0774,WGS84,94,m,30arc-sec,2,4,"Tsh",NULL
4472,CE.24185,NULL,United States,California,Ventura,,-118.8646,34.2876,WGS84,186,m,30arc-sec,8,4,"Qal3",NULL
4473,CE.57218,NULL,United States,California,Santa Clara,,-121.7417,37.2241,WGS84,75,m,30arc-sec,19,7,"Qal3",NULL
4474,CE.48906,NULL,United States,California,Santa Cruz,,-122.0211,36.9781,WGS84,8,m,30arc-sec,1,3,"Qoa",NULL
4475,CE.47524,NULL,United States,California,San Benito,,-121.3973,36.8483,WGS84,88,m,30arc-sec,1,8,"Qal1",NULL
4476,CE.47126,NULL,United States,California,San Benito,,-121.5369,36.8453,WGS84,61,m,30arc-sec,1,3,"Qal3",NULL
4477,CE.57203,NULL,United States,California,Santa Clara,,-121.5714,37.0355,WGS84,65,m,30arc-sec,11,7,"Qal1",NULL
4478,CE.47377,NULL,United States,California,Monterey,,-121.8979,36.5974,WGS84,16,m,30arc-sec,1,18,"Qoa",NULL
4479,CE.57370,NULL,United States,California,Santa Clara,,-121.764,37.2903,WGS84,142,m,30arc-sec,4,16,"QT",NULL
4480,CE.47762,NULL,United States,California,Monterey,,-121.6342,36.6973,WGS84,22,m,30arc-sec,20,11,"Qoa",NULL
4481,CE.47567,NULL,United States,California,,,-121.7789,36.8076,WGS84,8,m,30arc-sec,3,18,"Qs",NULL
4482,CE.47179,NULL,United States,California,Monterey,,-121.6432,36.6715,WGS84,14,m,30arc-sec,12,15,"Qoa",NULL
4483,CE.47189,NULL,United States,California,San Benito,,-121.3963,36.7526,WGS84,372,m,30arc-sec,2,3,"crystalline",NULL
4484,CE.58135,NULL,United States,California,Santa Cruz,,-122.0615,37.0014,WGS84,297,m,30arc-sec,22,1,"crystalline",NULL
4485,CE.57371,NULL,United States,California,Santa Clara,,-121.8289,37.273,WGS84,53,m,30arc-sec,5,16,"Qal3",NULL
4486,CE.47404,NULL,United States,California,Monterey,,-121.9019,36.6129,WGS84,36,m,30arc-sec,19,18,"Qoa",NULL
4487,CE.47405,NULL,United States,California,Monterey,,-121.8615,36.5991,WGS84,16,m,30arc-sec,14,18,"Qoa",NULL
4488,CE.13172,NULL,United States,California,Riverside,,-117.1507,33.4971,WGS84,309,m,30arc-sec,5,4,"Qal3",NULL
4489,CE.13079,NULL,United States,California,Riverside,,-117.443,33.9174,WGS84,242,m,30arc-sec,25,7,"Qal2",NULL
4490,CE.13925,NULL,United States,California,Riverside,,-117.2355,33.9019,WGS84,470,m,30arc-sec,17,4,"Qal2",NULL
4491,CE.13927,NULL,United States,California,Riverside,,-117.1731,33.9212,WGS84,498,m,30arc-sec,1,3,"Qal3",NULL
4492,CE.12092,NULL,United States,California,Riverside,,-116.9114,33.4818,WGS84,516,m,30arc-sec,4,3,"Qal3",NULL
4493,CE.12102,NULL,United States,California,Riverside,,-116.9592,33.7869,WGS84,474,m,30arc-sec,12,11,"Qal2",NULL
4494,CE.13921,NULL,United States,California,Riverside,,-117.4865,33.9753,WGS84,213,m,30arc-sec,1,8,"Qoa",NULL
4495,CE.13924,NULL,United States,California,Riverside,,-117.1274,33.7475,WGS84,481,m,30arc-sec,74,11,"Qoa",NULL
4496,CE.13080,NULL,United States,California,Riverside,,-117.2519,33.9677,WGS84,542,m,30arc-sec,1,4,"Qoa",NULL
4497,CE.12923,NULL,United States,California,Riverside,,-116.9322,33.7448,WGS84,521,m,30arc-sec,5,11,"Qal2",NULL
4498,CE.12331,NULL,United States,California,Riverside,,-116.9797,33.7289,WGS84,482,m,30arc-sec,9,7,"Qal2",NULL
4499,CE.13123,NULL,United States,California,Riverside,,-117.4453,33.9506,WGS84,240,m,30arc-sec,9,12,"Qoa",NULL
4500,AZ.BZN,NULL,United States,California,Riverside,,-116.67,33.49,WGS84,1366,m,30arc-sec,1,7,"crystalline",NULL
4501,AZ.CRY,NULL,United States,California,Riverside,,-116.74,33.57,WGS84,1166,m,30arc-sec,3,3,"crystalline",NULL
4502,AZ.FRD,NULL,United States,California,Riverside,,-116.6,33.49,WGS84,1104,m,30arc-sec,11,7,"crystalline",NULL
4503,AZ.RDM,NULL,United States,California,Riverside,,-116.85,33.63,WGS84,1337,m,30arc-sec,4,3,"crystalline",NULL
4504,AZ.SMER,NULL,United States,California,Riverside,,-117.17,33.46,WGS84,360,m,30arc-sec,8,7,"crystalline",NULL
4505,AZ.SND,NULL,United States,California,Riverside,,-116.61,33.55,WGS84,1413,m,30arc-sec,16,3,"Qal3",NULL
4506,CI.BLC,NULL,United States,California,Los Angeles,,-118.67,34.24,WGS84,589,m,30arc-sec,8,7,"Kss",NULL
4507,CI.CCA,NULL,United States,California,Kern,,-118.02,35.15,WGS84,749,m,30arc-sec,20,6,"Qal2",NULL
4508,CI.CJM,NULL,United States,California,San Bernardino,,-117.42,34.27,WGS84,1491,m,30arc-sec,67,3,"crystalline",NULL
4509,CI.COA,NULL,United States,California,Imperial,,-115.12,32.86,WGS84,33,m,30arc-sec,64,14,"Qal1",NULL
4510,CI.CRR,NULL,United States,California,Imperial,,-115.97,32.89,WGS84,86,m,30arc-sec,8,7,"Qal2",NULL
4511,CI.CTW,NULL,United States,California,Riverside,,-115.87,33.68,WGS84,536,m,30arc-sec,25,4,"Qal3",NULL
4512,CI.DEC,NULL,United States,California,Los Angeles,,-118.33,34.25,WGS84,493,m,30arc-sec,17,4,"crystalline",NULL
4513,CI.DEV,NULL,United States,California,Riverside,,-116.58,33.94,WGS84,347,m,30arc-sec,18,4,"Qal3",NULL
4514,CI.DGR,NULL,United States,California,Riverside,,-117.01,33.65,WGS84,638,m,30arc-sec,4,7,"crystalline",NULL
4515,CI.DJJ,NULL,United States,California,Los Angeles,,-118.46,34.11,WGS84,384,m,30arc-sec,34,4,"Kss",NULL
4516,CI.DLA,NULL,United States,California,Los Angeles,,-118.1,33.85,WGS84,18,m,30arc-sec,3,16,"Qal1",NULL
4517,CI.ELS2,NULL,United States,California,Riverside,,-117.43,33.65,WGS84,791,m,30arc-sec,1,1,"crystalline",NULL
4518,CI.GMA,NULL,United States,California,San Bernardino,,-116.38,34.29,WGS84,896,m,30arc-sec,2,7,"Qal2",NULL
4519,CI.HAR,NULL,United States,California,San Bernardino,,-117.3,35.01,WGS84,619,m,30arc-sec,2,12,"Qal2",NULL
4520,CI.HAY,NULL,United States,California,Riverside,,-115.64,33.71,WGS84,664,m,30arc-sec,58,7,"crystalline",NULL
4521,CI.HLL,NULL,United States,California,Los Angeles,,-118.36,34.18,WGS84,200,m,30arc-sec,8,8,"Qal2",NULL
4522,CI.HMT2,NULL,United States,California,Riverside,,-117,33.71,WGS84,473,m,30arc-sec,3,7,"crystalline",NULL
4523,CI.HOL,NULL,United States,California,Los Angeles,,-117.85,34.46,WGS84,1175,m,30arc-sec,19,4,"crystalline",NULL
4524,CI.IMP,NULL,United States,California,Imperial,,-115.56,32.9,WGS84,-26,m,30arc-sec,11,10,"Qal1",NULL
4525,CI.IPT,NULL,United States,California,San Bernardino,,-117.28,34.2,WGS84,750,m,30arc-sec,17,4,"crystalline",NULL
4526,CI.JNH2,NULL,United States,California,Los Angeles,,-117.96,34.45,WGS84,1345,m,30arc-sec,38,4,"Qoa",NULL
4527,CI.LFP,NULL,United States,California,Los Angeles,,-118.4881,34.3053,WGS84,367,m,30arc-sec,1,4,"Qoa",NULL
4528,CI.LGB,NULL,United States,California,Los Angeles,,-118.15,33.98,WGS84,43,m,30arc-sec,32,8,"Qoa",NULL
4529,CI.LKH,NULL,United States,California,San Diego,,-116.76,33.24,WGS84,826,m,30arc-sec,9,1,"Qal1",NULL
4530,CI.LLS,NULL,United States,California,Orange County,,-117.94,33.68,WGS84,16,m,30arc-sec,11,16,"Qal3",NULL
4531,CI.LMH,NULL,United States,California,Riverside,,-117.39,33.74,WGS84,472,m,30arc-sec,17,3,"Tv",NULL
4532,CI.LMS,NULL,United States,California,Riverside,,-117.44,33.82,WGS84,452,m,30arc-sec,7,7,"Tsh",NULL
4533,CI.LRR2,NULL,United States,California,Los Angeles,,-118.03,34.53,WGS84,878,m,30arc-sec,3,12,"crystalline",NULL
4534,CI.LTP,NULL,United States,California,Los Angeles,,-118.18,33.88,WGS84,22,m,30arc-sec,22,16,"Qal1",NULL
4535,CI.LUC2,NULL,United States,California,San Bernardino,,-116.96,34.46,WGS84,873,m,30arc-sec,28,4,"Qal2",NULL
4536,CI.MGE,NULL,United States,California,Riverside,,-116.37,33.82,WGS84,71,m,30arc-sec,24,4,"Qal2",NULL
4537,CI.MUR,NULL,United States,California,Riverside,,-117.2,33.6,WGS84,453,m,30arc-sec,8,7,"crystalline",NULL
4538,CI.MWC,NULL,United States,California,Los Angeles,,-118.06,34.22,WGS84,1599,m,30arc-sec,60,3,"crystalline",NULL
4539,CI.OLI,NULL,United States,California,Los Angeles,,-117.92,33.95,WGS84,164,m,30arc-sec,1,4,"Tss",NULL
4540,CI.OSI,NULL,United States,California,Los Angeles,,-118.72,34.61,WGS84,761,m,30arc-sec,2,1,"Tsh",NULL
4541,CI.PALA,NULL,United States,California,San Diego,,-117.03,33.39,WGS84,544,m,30arc-sec,20,3,"Qal3",NULL
4542,CI.PDR,NULL,United States,California,,,-118.44,33.96,WGS84,37,m,30arc-sec,16,11,"Qoa",NULL
4543,CI.PDU,NULL,United States,California,San Bernardino,,-117.64,34.12,WGS84,451,m,30arc-sec,14,4,"Qal3",NULL
4544,CI.PER,NULL,United States,California,Riverside,,-117.21,33.86,WGS84,449,m,30arc-sec,1,11,"Qoa",NULL
4545,CI.POB2,NULL,United States,California,Riverside,,-116.92,33.69,WGS84,913,m,30arc-sec,3,7,"crystalline",NULL
4546,CI.PSD,NULL,United States,California,Riverside,,-116.55,33.82,WGS84,138,m,30arc-sec,22,4,"Qal2",NULL
4547,CI.PSR,NULL,United States,California,Los Angeles,,-117.81,34.09,WGS84,294,m,30arc-sec,12,7,"Tv",NULL
4548,CI.RAG,NULL,United States,California,San Bernardino,,-116.15,34.68,WGS84,700,m,30arc-sec,2,8,"Tv",NULL
4549,CI.RHC2,NULL,United States,California,Los Angeles,,-118.01,34,WGS84,281,m,30arc-sec,14,16,"Tss",NULL
4550,CI.RIO,NULL,United States,California,Los Angeles,,-117.98,34.1,WGS84,113,m,30arc-sec,1,8,"Qal2",NULL
4551,CI.RKMO,NULL,United States,California,Orange County,,-117.61,33.67,WGS84,365,m,30arc-sec,34,7,"Tss",NULL
4552,CI.RPV,NULL,United States,California,,,-118.4,33.74,WGS84,0,m,30arc-sec,0,18,"Qoa",NULL
4553,CI.RUS,NULL,United States,California,Los Angeles,,-118.08,34.05,WGS84,71,m,30arc-sec,1,8,"Qal2",NULL
4554,CI.SDD,NULL,United States,California,Orange County,,-117.66,33.55,WGS84,96,m,30arc-sec,12,5,"Qal3",NULL
4555,CI.SES,NULL,United States,California,Ventura,,-119.14,34.44,WGS84,479,m,30arc-sec,26,3,"Qoa",NULL
4556,CI.SGL,NULL,United States,California,,,-115.73,32.65,WGS84,103,m,30arc-sec,1,12,"Qoa",NULL
4557,CI.SMF2,NULL,United States,California,Los Angeles,,-118.45,34.02,WGS84,49,m,30arc-sec,1,3,"Qoa",NULL
4558,CI.SRN,NULL,United States,California,Orange County,,-117.79,33.83,WGS84,225,m,30arc-sec,4,8,"Qoa",NULL
4559,CI.STC,NULL,United States,California,Ventura,,-119.19,34.3,WGS84,167,m,30arc-sec,31,3,"Qal3",NULL
4560,CI.STS,NULL,United States,California,Los Angeles,,-118.2,33.79,WGS84,8,m,30arc-sec,1,16,"Qal1",NULL
4561,CI.SVD,NULL,United States,California,San Bernardino,,-117.1,34.1,WGS84,661,m,30arc-sec,4,4,"Qal3",NULL
4562,CI.TOW2,NULL,United States,California,Inyo,,-117.76,35.81,WGS84,682,m,30arc-sec,8,8,"Qal2",NULL
4563,CI.TPO,NULL,United States,California,Kern,,-118.23,34.88,WGS84,772,m,30arc-sec,4,8,"Tv",NULL
4564,CI.USC,NULL,United States,California,Los Angeles,,-118.29,34.02,WGS84,63,m,30arc-sec,4,11,"Qal2",NULL
4565,CI.VTV,NULL,United States,California,San Bernardino,,-117.33,34.56,WGS84,845,m,30arc-sec,5,8,"Qoa",NULL
4566,CI.WLT,NULL,United States,California,Los Angeles,,-117.95,34.01,WGS84,107,m,30arc-sec,1,12,"Qal2",NULL
4567,CI.WRC2,NULL,United States,California,Inyo,,-117.65,35.95,WGS84,925,m,30arc-sec,3,4,"Tv",NULL
4568,CI.WSS,NULL,United States,California,Los Angeles,,-118.65,34.17,WGS84,311,m,30arc-sec,6,7,"Tsh",NULL
4569,CI.YUH2,NULL,United States,California,Imperial,,-115.92,32.65,WGS84,167,m,30arc-sec,14,3,"crystalline",NULL
4570,AZ.LVA2,NULL,United States,California,San Diego,,-116.56,33.35,WGS84,1491,m,30arc-sec,40,1,"crystalline",NULL
4571,BZ.BDM,NULL,United States,California,Contra Costa,,-121.87,37.95,WGS84,357,m,30arc-sec,8,4,"Tss",NULL
4572,BZ.BKS,NULL,United States,California,Alameda,,-122.24,37.88,WGS84,366,m,30arc-sec,1,3,"Tss",NULL
4573,BK.CMB,NULL,United States,California,Tuolumne,,-120.39,38.03,WGS84,704,m,30arc-sec,16,1,"crystalline",NULL
4574,BK.CVS,NULL,United States,California,Sonoma,,-122.46,38.35,WGS84,338,m,30arc-sec,1,5,"Tv",NULL
4575,BK.DANT,NULL,United States,California,Tehama,,-121.8,40.29,WGS84,994,m,30arc-sec,13,1,"Tv",NULL
4576,BK.FARB,NULL,United States,California,,,-123,37.7,WGS84,0,m,30arc-sec,0,18,"",NULL
4577,BK.HATC,NULL,United States,California,Shasta,,-121.46,40.82,WGS84,1015,m,30arc-sec,5,3,"Tv",NULL
4578,BK.HOPS,NULL,United States,California,Mendocino,,-123.07,38.99,WGS84,285,m,30arc-sec,1,7,"KJf",NULL
4579,BK.JCC,NULL,United States,California,Humboldt,,-124.03,40.82,WGS84,109,m,30arc-sec,3,7,"KJf",NULL
4580,BK.JRSC,NULL,United States,California,San Mateo,,-122.24,37.4,WGS84,117,m,30arc-sec,7,3,"Qal3",NULL
4581,BK.MCCM,NULL,United States,California,Marin,,-122.88,38.14,WGS84,-8,m,30arc-sec,8,1,"",NULL
4582,BK.MHC,NULL,United States,California,Santa Clara,,-121.64,37.34,WGS84,1071,m,30arc-sec,52,1,"KJf",NULL
4583,BK.MNRC,NULL,United States,California,Lake,,-122.44,38.88,WGS84,717,m,30arc-sec,34,1,"Kss",NULL
4584,BK.ORV,NULL,United States,California,Butte,,-121.5,39.55,WGS84,261,m,30arc-sec,28,5,"crystalline",NULL
4585,BK.PACP,NULL,United States,California,Santa Clara,,-121.29,37.01,WGS84,669,m,30arc-sec,3,1,"Tv",NULL
4586,BK.PETY,NULL,United States,California,Tehama,,-122.79,40.18,WGS84,790,m,30arc-sec,31,1,"Kss",NULL
4587,BK.PKD,NULL,United States,California,Monterey,,-120.54,35.95,WGS84,618,m,30arc-sec,4,1,"Qal3",NULL
4588,BK.SAO,NULL,United States,California,San Benito,,-121.45,36.76,WGS84,372,m,30arc-sec,12,3,"crystalline",NULL
4589,BK.SCOT,NULL,United States,California,Siskiyou,,-122.85,41.39,WGS84,954,m,30arc-sec,17,3,"crystalline",NULL
4590,BK.SCZ,NULL,United States,California,Monterey,,-121.4,36.6,WGS84,315,m,30arc-sec,3,3,"crystalline",NULL
4591,BK.SUTB,NULL,United States,California,Sutter,,-121.79,39.23,WGS84,251,m,30arc-sec,16,4,"QT",NULL
4592,BK.TCHL,NULL,United States,California,San Luis Obispo,,-120.4,35.69,WGS84,411,m,30arc-sec,39,1,"QT",NULL
4593,BK.THIS,NULL,United States,California,San Luis Obispo,,-120.23,35.72,WGS84,610,m,30arc-sec,38,7,"Kss",NULL
4594,BK.TRAM,NULL,United States,California,San Luis Obispo,,-120.27,35.68,WGS84,610,m,30arc-sec,23,1,"QT",NULL
4595,BK.TRIN,NULL,United States,California,Trinity,,-122.7,40.97,WGS84,844,m,30arc-sec,16,3,"crystalline",NULL
4596,BK.TSCN,NULL,United States,California,San Luis Obispo,,-120.35,35.54,WGS84,461,m,30arc-sec,38,5,"QT",NULL
4597,BK.VAK,NULL,United States,California,Alameda,,-122.25,37.88,WGS84,343,m,30arc-sec,19,3,"Tv",NULL
4598,BK.WENL,NULL,United States,California,Alameda,,-121.76,37.62,WGS84,220,m,30arc-sec,1,11,"Tss",NULL
4599,BK.YBH,NULL,United States,California,Siskiyou,,-122.71,41.73,WGS84,1073,m,30arc-sec,7,1,"crystalline",NULL
4600,CI.DTP,NULL,United States,California,Kern,,-117.85,35.27,WGS84,897,m,30arc-sec,1,16,"crystalline",NULL
4601,CI.HDH,NULL,United States,California,Los Angeles,,-118.64,34.78,WGS84,938,m,30arc-sec,10,8,"Qal3",NULL
4602,CI.LCG,NULL,United States,California,Los Angeles,,-118.38,34,WGS84,87,m,30arc-sec,1,7,"QT",NULL
4603,CI.LMR2,NULL,United States,California,Kern,,-117.7,34.93,WGS84,924,m,30arc-sec,9,12,"crystalline",NULL
4604,CI.LMY,NULL,United States,California,Ventura,,-119.1,34.73,WGS84,1561,m,30arc-sec,18,1,"Qoa",NULL
4605,CI.MOP,NULL,United States,California,Ventura,,-118.9,34.28,WGS84,145,m,30arc-sec,3,4,"Qal2",NULL
4606,CI.MPM,NULL,United States,California,Inyo,,-117.49,36.06,WGS84,2021,m,30arc-sec,28,3,"crystalline",NULL
4607,CI.QLC,NULL,United States,California,Santa Barbara,,-119.97,35.04,WGS84,539,m,30arc-sec,14,7,"Tss",NULL
4608,CI.RSI,NULL,United States,California,Santa Barbara,,-120.21,34.85,WGS84,165,m,30arc-sec,12,3,"Qoa",NULL
4609,CI.RVR,NULL,United States,California,Riverside,,-117.38,33.99,WGS84,260,m,30arc-sec,3,4,"Qoa",NULL
4610,CI.SMI,NULL,United States,California,,,-120.35,34.04,WGS84,148,m,30arc-sec,1,18,"Tss",NULL
4611,CI.SRT,NULL,United States,California,Kern,,-117.75,35.69,WGS84,701,m,30arc-sec,1,16,"Qal2",NULL
4612,CI.SYN,NULL,United States,California,Santa Barbara,,-120.07,34.61,WGS84,195,m,30arc-sec,14,7,"Qoa",NULL
4613,CI.WBM,NULL,United States,California,Kern,,-117.89,35.61,WGS84,906,m,30arc-sec,8,4,"Qoa",NULL
4614,CI.WCS2,NULL,United States,California,Inyo,,-117.77,36.03,WGS84,1166,m,30arc-sec,27,3,"crystalline",NULL
4615,CI.WMF,NULL,United States,California,Inyo,,-117.85,36.12,WGS84,1609,m,30arc-sec,17,3,"Qal3",NULL
4616,CI.YEG2,NULL,United States,California,Kern,,-119.96,35.44,WGS84,940,m,30arc-sec,40,1,"Tsh",NULL
4617,NC.AFD,NULL,United States,California,Placer,,-120.97,38.95,WGS84,511,m,30arc-sec,3,5,"crystalline",NULL
4618,NC.GDXB,NULL,United States,California,Sonoma,,-122.8,38.81,WGS84,964,m,30arc-sec,3,1,"KJf",NULL
4619,NC.MCB,NULL,United States,California,Mono,,-118.9,37.64,WGS84,2201,m,30arc-sec,2,3,"Tv",NULL
4620,Kaiser Ontario,NULL,United States,California,San Bernardino,,-117.60697,34.036314,WGS84,261,m,30arc-sec,2,8,"Qal2",NULL
4622,74024,NULL,United States,California,Los Angeles,Downtown LA,-118.2429,34.0506,WGS84,108,m,30arc-sec,15,7,"Qal2",NULL
4623,75220,NULL,United States,California,Los Angeles,Los Angeles,-118.2709,34.1426,WGS84,148,m,30arc-sec,5,8,"Qoa",NULL
4625,76124,70000447,United States,California,Los Angeles,UCLA,-118.4421,34.0673,WGS84,132,m,30arc-sec,11,4,"Qoa",NULL
4626,76163,NULL,United States,California,Los Angeles,Costa Mesa,-117.8853,33.6913,WGS84,15,m,30arc-sec,6,16,"Qal1",NULL
4627,76173,NULL,United States,California,Los Angeles,Santa Monica,-118.4937,34.014,WGS84,30,m,30arc-sec,17,1,"Qoa",NULL
4628,76238,NULL,United States,California,Los Angeles,Bakersfield,-119.0159,35.3729,WGS84,125,m,30arc-sec,1,16,"Qal1",NULL
4629,76239,NULL,United States,California,Los Angeles,Monterey Park ,-118.1326,34.0642,WGS84,121,m,30arc-sec,12,8,"Qoa",NULL
4632,77249,NULL,United States,California,Los Angeles,Downtown LA ,-118.2561,34.0459,WGS84,98,m,30arc-sec,1,7,"Qal2",NULL
4633,76251,NULL,United States,California,Los Angeles,Port of Long Beach,-118.217,33.76,WGS84,7,m,30arc-sec,2,15,"af/Qi",NULL
4634,76252,NULL,United States,California,Los Angeles,Westwood ,-118.4318,34.0643,WGS84,108,m,30arc-sec,5,4,"Qal3",NULL
4635,77042,NULL,United States,California,Los Angeles,Panorama City,-118.4498,34.2335,WGS84,266,m,30arc-sec,12,8,"Qal2",NULL
4636,77056,NULL,United States,California,Los Angeles,Hollywod,-118.3004,34.0975,WGS84,114,m,30arc-sec,59,8,"Qoa",NULL
4637,77091,NULL,United States,California,Los Angeles,"""Campbell",-121.9501,37.2942,WGS84,50,m,30arc-sec,3,12,"Qal2",NULL
4638,77105,NULL,United States,California,Orange County,Newport Beach ,-117.8648,33.6711,WGS84,20,m,30arc-sec,8,16,"Qoa",NULL
4639,77171,NULL,United States,California,Los Angeles,UCLA ,-118.4458,34.0698,WGS84,132,m,30arc-sec,11,3,"Qal3",NULL
4640,77200,NULL,United States,California,Los Angeles,City Terrace ,-118.1802,34.0462,WGS84,119,m,30arc-sec,6,7,"Qoa",NULL
4641,77210,NULL,United States,California,Los Angeles,Santa Monica ,-118.4773,34.0289,WGS84,51,m,30arc-sec,7,1,"Qal2",NULL
4642,77245,NULL,United States,California,Los Angeles,Downtown LA ,-118.249,34.0534,WGS84,108,m,30arc-sec,15,7,"Tss",NULL
4643,77277,NULL,United States,California,Orange County,Costa Mesa,-117.8855,33.6931,WGS84,14,m,30arc-sec,1,16,"Qal1",NULL
4644,77289,NULL,United States,California,Los Angeles,Westwood ,-118.431,34.066,WGS84,108,m,30arc-sec,5,4,"Qoa",NULL
4645,77321,NULL,United States,California,Los Angeles,Wilmington,-118.2346,33.7815,WGS84,6,m,30arc-sec,42,13,"Qal1",NULL
4646,78023,NULL,United States,California,Los Angeles,East LA,-118.217,34.0502,WGS84,98,m,30arc-sec,6,7,"Qoa",NULL
4647,78034,NULL,United States,California,Los Angeles,El Segundo ,-118.3892,33.9143,WGS84,36,m,30arc-sec,2,15,"Qoa",NULL
4648,78035,NULL,United States,California,Los Angeles,Long Beach ,-118.1895,33.767,WGS84,17,m,30arc-sec,6,12,"Qoa",NULL
4649,78051,NULL,United States,California,Los Angeles,USC,-118.288,34.0232,WGS84,63,m,30arc-sec,4,7,"Qal2",NULL
4650,78088,NULL,United States,California,Los Angeles,Santa Monica,-118.4983,34.0193,WGS84,43,m,30arc-sec,56,1,"Qoa",NULL
4651,78107,NULL,United States,California,Los Angeles,Los Angeles,-118.2702,34.0638,WGS84,117,m,30arc-sec,3,4,"Tsh",NULL
4652,78111,NULL,United States,California,Los Angeles,Pasadena,-118.1345,34.1456,WGS84,259,m,30arc-sec,8,4,"Qoa",NULL
4653,78175,NULL,United States,California,Los Angeles,Wilmington,-118.2883,33.7728,WGS84,39,m,30arc-sec,5,15,"Qoa",NULL
4654,78188,NULL,United States,California,Los Angeles,Burbank,-118.3128,34.1859,WGS84,208,m,30arc-sec,49,4,"Qal3",NULL
4655,78194,NULL,United States,California,Orange County,Newport Beach,-117.8655,33.6625,WGS84,21,m,30arc-sec,5,16,"Qoa",NULL
4656,78321,NULL,United States,California,Los Angeles,Carson,-118.2392,33.8106,WGS84,11,m,30arc-sec,3,16,"Qoa",NULL
4657,78344,NULL,United States,California,Los Angeles,Irvine,-117.862,33.6749,WGS84,20,m,30arc-sec,8,16,"Qoa",NULL
4658,78383,NULL,United States,California,Los Angeles,Burbank,-118.3336,34.1544,WGS84,169,m,30arc-sec,6,8,"Qal2",NULL
4659,78384,NULL,United States,California,Los Angeles,El Monte,-118.0693,34.0714,WGS84,83,m,30arc-sec,4,8,"Qal2",NULL
4660,79077,NULL,United States,California,Los Angeles,Panorama City,-118.4493,34.2211,WGS84,249,m,30arc-sec,1,8,"Qal2",NULL
4661,79203,NULL,United States,California,Los Angeles,Glendale ,-118.2542,34.1571,WGS84,186,m,30arc-sec,5,4,"Qal3",NULL
4662,79207,NULL,United States,California,Los Angeles,Long Beach ,-118.1336,34.7831,WGS84,700,m,30arc-sec,12,16,"Qoa",NULL
4663,79252,NULL,United States,California,Los Angeles,LAX,-118.3703,33.9452,WGS84,33,m,30arc-sec,4,7,"Qoa",NULL
4664,79294,NULL,United States,California,Orange County,Newport Beach ,-117.8778,33.6174,WGS84,56,m,30arc-sec,42,15,"Qoa",NULL
4665,80198,NULL,United States,California,Los Angeles,Carson ,-118.236,33.815,WGS84,11,m,30arc-sec,3,16,"Qal1",NULL
4666,80392,NULL,United States,California,Los Angeles,Redondo Beach,-118.3717,33.8953,WGS84,25,m,30arc-sec,1,11,"Qoa",NULL
4667,81025,NULL,United States,California,Los Angeles,El Segundo ,-118.3839,33.9302,WGS84,35,m,30arc-sec,2,8,"Qoa",NULL
4668,81052,NULL,United States,California,Los Angeles,Anaheim,-117.9421,33.8403,WGS84,42,m,30arc-sec,2,8,"Qal1",NULL
4669,81059,NULL,United States,California,Los Angeles,Glendale ,-118.2545,34.1545,WGS84,186,m,30arc-sec,5,4,"Qal2",NULL
4670,81092,NULL,United States,California,Los Angeles,"""Moreno",-117.1214,33.9195,WGS84,488,m,30arc-sec,76,3,"Qal2",NULL
4671,81173,NULL,United States,California,Los Angeles,Long Beach ,-118.1749,33.7652,WGS84,0,m,30arc-sec,0,16,"Qoa",NULL
4672,81373,NULL,United States,California,Los Angeles,Beverly Hills,-118.3964,34.0753,WGS84,83,m,30arc-sec,6,8,"Qal3",NULL
4673,81411,NULL,United States,California,Los Angeles,Pasadena,-118.1418,34.1428,WGS84,268,m,30arc-sec,1,4,"Qoa",NULL
4674,82007,NULL,United States,California,Los Angeles,Alhambra,-118.125,34.0978,WGS84,144,m,30arc-sec,3,8,"Qoa",NULL
4675,82031,NULL,United States,California,Los Angeles,Alhambra,-118.1503,34.0814,WGS84,139,m,30arc-sec,42,7,"Qoa",NULL
4676,82264,NULL,United States,California,Los Angeles,Downtown LA ,-118.2667,34.0366,WGS84,74,m,30arc-sec,1,7,"Qal2",NULL
4677,82279,NULL,United States,Illinois,Will,"""Lemont",-88.0458,41.6587,WGS84,179,m,30arc-sec,3,9,"0",NULL
4678,AZ.CPE,NULL,United States,California,San Diego,,-117.11,32.89,WGS84,153,m,30arc-sec,1,5,"Qoa",NULL
4679,AZ.TRO,NULL,United States,California,Riverside,,-116.43,33.52,WGS84,2486,m,30arc-sec,60,1,"crystalline",NULL
4680,CI.CJV2,NULL,United States,California,Los Angeles,,-118.14,34.53,WGS84,1139,m,30arc-sec,31,4,"crystalline",NULL
4681,CI.HYS,NULL,United States,California,San Bernardino,,-117.57,34.87,WGS84,867,m,30arc-sec,8,8,"Qal2",NULL
4682,CI.KYV,NULL,United States,California,Riverside,,-116.17,33.93,WGS84,1514,m,30arc-sec,9,7,"crystalline",NULL
4683,CI.MTG,NULL,United States,California,San Diego,,-116.65,33.2,WGS84,1133,m,30arc-sec,25,7,"Qal3",NULL
4684,CI.PDE,NULL,United States,California,Los Angeles,,-118.58,34.44,WGS84,331,m,30arc-sec,1,1,"Qal2",NULL
4685,CI.RUN,NULL,United States,California,Imperial,,-114.98,32.97,WGS84,148,m,30arc-sec,1,8,"Qoa",NULL
4686,CI.SLH,NULL,United States,California,San Diego,,-116.25,33.19,WGS84,157,m,30arc-sec,2,12,"Qoa",NULL
4687,CI.SNR,NULL,United States,California,Imperial,,-115.44,32.86,WGS84,-30,m,30arc-sec,14,16,"Qal1",NULL
4688,CI.SPF,NULL,United States,California,Los Angeles,,-118.65,34.06,WGS84,414,m,30arc-sec,52,1,"Tss",NULL
4689,CI.WMD,NULL,United States,California,Imperial,,-115.58,33.04,WGS84,-44,m,30arc-sec,64,16,"Qal1",NULL
4690,CI.WTT2,NULL,United States,California,Los Angeles,,-118.26,33.95,WGS84,39,m,30arc-sec,81,16,"Qal1",NULL
4691,AZ.RRSP,NULL,United States,California,Riverside,,-116.74,33.65,WGS84,1525,m,30arc-sec,8,1,"crystalline",NULL
4692,BK.BRIB,NULL,United States,California,Contra Costa,,-122.15,37.92,WGS84,278,m,30arc-sec,12,1,"Tsh",NULL
4693,BK.GASB,NULL,United States,California,Glenn,,-122.72,39.65,WGS84,1153,m,30arc-sec,23,1,"KJf",NULL
4694,CI.ACP,NULL,United States,California,San Diego,,-116.3,32.95,WGS84,436,m,30arc-sec,21,3,"Qal3",NULL
4695,CI.AVM,NULL,United States,California,San Bernardino,,-116.62,35.07,WGS84,813,m,30arc-sec,13,4,"crystalline",NULL
4696,CI.CDD,NULL,United States,California,Yuma,,-114.36,32.58,WGS84,196,m,30arc-sec,64,12,"",NULL
4697,CI.CDM,NULL,United States,California,Ventura,,-119.34,34.37,WGS84,167,m,30arc-sec,7,3,"water",NULL
4698,CI.CHR,NULL,United States,California,Ventura,,-119.39,34.73,WGS84,1048,m,30arc-sec,15,1,"Qal3",NULL
4699,CI.CKP,NULL,United States,California,Riverside,,-114.89,33.56,WGS84,139,m,30arc-sec,13,12,"Qal2",NULL
4700,CI.CRG,NULL,United States,California,San Luis Obispo,,-119.72,35.24,WGS84,1039,m,30arc-sec,8,3,"Tsh",NULL
4701,CI.CSH,NULL,United States,California,Riverside,,-116.6,33.64,WGS84,1632,m,30arc-sec,18,3,"Tss",NULL
4702,CI.CWP,NULL,United States,California,Orange County,,-117.56,33.56,WGS84,172,m,30arc-sec,18,7,"Tss",NULL
4703,CI.CYP,NULL,United States,California,San Diego,,-116.63,32.91,WGS84,1069,m,30arc-sec,33,1,"crystalline",NULL
4704,CI.DAW,NULL,United States,California,Inyo,,-117.59,36.27,WGS84,1498,m,30arc-sec,3,7,"Qal3",NULL
4705,CI.DZA,NULL,United States,California,San Diego,,-116.77,32.61,WGS84,474,m,30arc-sec,16,3,"Tv",NULL
4706,CI.FDR,NULL,United States,California,Kern,,-118.93,35.64,WGS84,342,m,30arc-sec,10,5,"Qal3",NULL
4707,CI.FOX2,NULL,United States,California,Los Angeles,,-118.24,34.73,WGS84,721,m,30arc-sec,9,12,"Qal1",NULL
4708,CI.FRK,NULL,United States,California,Imperial,,-115.64,33.4,WGS84,78,m,30arc-sec,67,4,"Qoa",NULL
4709,CI.HIW,NULL,United States,California,San Bernardino,,-115.38,35.04,WGS84,1261,m,30arc-sec,3,3,"Qal3",NULL
4710,CI.JTH,NULL,United States,California,San Bernardino,,-116.04,34.13,WGS84,599,m,30arc-sec,1,8,"Qal2",NULL
4711,CI.LOC,NULL,United States,California,Santa Barbara,,-120.45,34.69,WGS84,100,m,30arc-sec,7,5,"Qoa",NULL
4712,CI.LUS,NULL,United States,California,San Diego,,-117.16,33.01,WGS84,103,m,30arc-sec,25,5,"crystalline",NULL
4713,CI.LVO,NULL,United States,California,Santa Barbara,,-119.88,34.56,WGS84,312,m,30arc-sec,6,3,"QT",NULL
4714,CI.LYP,NULL,United States,California,San Diego,,-116.75,32.7,WGS84,781,m,30arc-sec,13,3,"crystalline",NULL
4715,CI.RCR,NULL,United States,California,San Diego,,-116.31,33.36,WGS84,220,m,30arc-sec,32,3,"crystalline",NULL
4716,CI.RHR,NULL,United States,California,San Diego,,-117.18,33.29,WGS84,179,m,30arc-sec,3,5,"crystalline",NULL
4717,CI.SLV,NULL,United States,California,Imperial,,-115.3,33.24,WGS84,265,m,30arc-sec,2,4,"Qal3",NULL
4718,CI.SOC,NULL,United States,California,,,-117.58,33.39,WGS84,40,m,30arc-sec,17,7,"Qoa",NULL
4719,CI.SRA,NULL,United States,California,San Bernardino,,-115.95,34.61,WGS84,423,m,30arc-sec,7,8,"Qal3",NULL
4720,CI.SRI,NULL,United States,California,,,-120.08,33.98,WGS84,314,m,30arc-sec,20,18,"Tsh",NULL
4721,CI.SWP,NULL,United States,California,Imperial,,-116.1,32.79,WGS84,265,m,30arc-sec,1,3,"Qal3",NULL
4722,CI.TER2,NULL,United States,California,Kern,,-119.36,35.33,WGS84,91,m,30arc-sec,16,16,"Qal1",NULL
4723,CI.VDJ,NULL,United States,California,San Bernardino,,-114.57,34.19,WGS84,281,m,30arc-sec,12,8,"Qoa",NULL
4724,CI.WAS2,NULL,United States,California,Kern,,-118.56,35.74,WGS84,1891,m,30arc-sec,26,1,"crystalline",NULL
4725,CI.WOR,NULL,United States,California,Kern,,-118.24,35.7,WGS84,949,m,30arc-sec,54,3,"crystalline",NULL
4726,NC.KEB,NULL,United States,California,Curry,,-124.334251,42.872211,WGS84,772,m,30arc-sec,16,7,"",NULL
4727,NC.KSXB,NULL,United States,California,Del Norte,,-123.88,41.83,WGS84,1107,m,30arc-sec,7,1,"sp",NULL
4728,CI.AGO,NULL,United States,California,Los Angeles,,-118.77,34.15,WGS84,281,m,30arc-sec,21,7,"Tv",NULL
4729,CI.BAC,NULL,United States,California,Riverside,,-117.04,33.61,WGS84,546,m,30arc-sec,16,7,"crystalline",NULL
4730,CI.BAI,NULL,United States,California,Los Angeles,,-118.77,34.78,WGS84,1072,m,30arc-sec,8,1,"Tsh",NULL
4731,CI.BUE,NULL,United States,California,Santa Barbara,,-120.2,34.61,WGS84,111,m,30arc-sec,15,5,"Qal3",NULL
4732,CI.CFD,NULL,United States,California,,,-119.52,34.4,WGS84,7,m,30arc-sec,12,3,"Qal2",NULL
4733,CI.CFT,NULL,United States,California,San Bernardino,,-117.11,34.04,WGS84,672,m,30arc-sec,2,8,"Qoa",NULL
4734,CI.CHI,NULL,United States,California,,,-119.22,34.18,WGS84,6,m,30arc-sec,2,18,"Qal1",NULL
4735,CI.CLO,NULL,United States,California,Ventura,,-119.01,34.22,WGS84,52,m,30arc-sec,1,8,"Qal2",NULL
4736,CI.COK2,NULL,United States,California,Imperial,,-115.73,32.85,WGS84,-16,m,30arc-sec,35,12,"Qal1",NULL
4737,CI.CRF,NULL,United States,California,Los Angeles,,-118.04,33.87,WGS84,21,m,30arc-sec,12,16,"Qal1",NULL
4738,CI.CRN,NULL,United States,California,Riverside,,-117.56,33.88,WGS84,194,m,30arc-sec,2,12,"Qal3",NULL
4739,CI.CSL,NULL,United States,California,Los Angeles,,-118.62,34.5,WGS84,360,m,30arc-sec,1,1,"Qal3",NULL
4740,CI.CVW,NULL,United States,California,Kern,,-118.94,34.92,WGS84,802,m,30arc-sec,40,4,"Tsh",NULL
4741,CI.CZN,NULL,United States,California,Riverside,,-116.78,33.91,WGS84,527,m,30arc-sec,12,3,"Qal3",NULL
4742,CI.DTC,NULL,United States,California,Los Angeles,,-118.66,34.42,WGS84,323,m,30arc-sec,1,3,"Qoa",NULL
4743,CI.EMS,NULL,United States,California,Imperial,,-114.99,32.74,WGS84,44,m,30arc-sec,2,16,"Qal1",NULL
4744,CI.FMO,NULL,United States,California,Ventura,,-118.92,34.41,WGS84,148,m,30arc-sec,21,3,"Qal2",NULL
4745,CI.FON,NULL,United States,California,San Bernardino,,-117.44,34.1,WGS84,384,m,30arc-sec,34,8,"Qal2",NULL
4746,CI.FRM,NULL,United States,California,Ventura,,-118.97,34.78,WGS84,2371,m,30arc-sec,4,1,"crystalline",NULL
4747,CI.FUL,NULL,United States,California,Orange County,,-117.92,33.87,WGS84,55,m,30arc-sec,14,8,"Qal2",NULL
4748,CI.GFS,NULL,United States,California,Santa Barbara,,-120.21,34.48,WGS84,126,m,30arc-sec,4,1,"Tss",NULL
4749,CI.GOU,NULL,United States,California,Los Angeles,,-118.19,34.22,WGS84,573,m,30arc-sec,4,3,"crystalline",NULL
4750,CI.GVR,NULL,United States,California,Los Angeles,,-118.12,34.05,WGS84,137,m,30arc-sec,11,8,"Tss",NULL
4751,CI.HLN,NULL,United States,California,San Bernardino,,-117.22,34.12,WGS84,357,m,30arc-sec,48,4,"Qal2",NULL
4752,CI.IDY,NULL,United States,California,Riverside,,-116.72,33.75,WGS84,1641,m,30arc-sec,29,1,"crystalline",NULL
4753,CI.IVY,NULL,United States,California,Riverside,,-117.48,33.76,WGS84,336,m,30arc-sec,25,3,"Qal3",NULL
4754,CI.KIK,NULL,United States,California,Los Angeles,,-118.1,34.15,WGS84,223,m,30arc-sec,59,4,"Qoa",NULL
4755,CI.KML,NULL,United States,California,,,-117.88,33.6,WGS84,7,m,30arc-sec,15,15,"",NULL
4756,CI.LAT,NULL,United States,California,Los Angeles,,-118.78,34.04,WGS84,134,m,30arc-sec,5,1,"Tsh",NULL
4757,CI.LEO,NULL,United States,California,Los Angeles,,-118.31,34.63,WGS84,1035,m,30arc-sec,28,4,"Qal3",NULL
4758,CI.LVY,NULL,United States,California,Ventura,,-119.16,34.17,WGS84,12,m,30arc-sec,7,16,"Qal1",NULL
4759,CI.MAG,NULL,United States,California,Kern,,-118.92,35.36,WGS84,138,m,30arc-sec,1,8,"Qoa",NULL
4760,CI.MES,NULL,United States,California,Ventura,,-119.1,34.26,WGS84,73,m,30arc-sec,1,8,"Qoa",NULL
4761,CI.MMC,NULL,United States,California,Orange County,,-117.76,33.57,WGS84,99,m,30arc-sec,4,15,"Tss",NULL
4762,CI.MNO,NULL,United States,California,Riverside,,-117.17,33.95,WGS84,563,m,30arc-sec,79,4,"Qoa",NULL
4763,CI.MOR,NULL,United States,California,Riverside,,-117.14,33.5,WGS84,347,m,30arc-sec,6,7,"QT",NULL
4764,CI.NEN,NULL,United States,California,Los Angeles,,-118.5,34.78,WGS84,853,m,30arc-sec,50,8,"Qal2",NULL
4765,CI.NOT,NULL,United States,California,Los Angeles,,-118.56,34.23,WGS84,254,m,30arc-sec,15,4,"Qal2",NULL
4766,CI.NWH,NULL,United States,California,Orange County,,-117.75,33.73,WGS84,118,m,30arc-sec,16,4,"Tss",NULL
4767,CI.OGC,NULL,United States,California,Orange County,,-117.84,33.79,WGS84,72,m,30arc-sec,14,16,"Qoa",NULL
4768,CI.PDW,NULL,United States,California,Riverside,,-117.62,33.92,WGS84,160,m,30arc-sec,1,12,"Qoa",NULL
4769,CI.PGA,NULL,United States,California,Riverside,,-117.06,33.49,WGS84,351,m,30arc-sec,6,7,"Qal2",NULL
4770,CI.PUT,NULL,United States,California,Los Angeles,,-117.97,34.69,WGS84,747,m,30arc-sec,30,16,"Qal2",NULL
4771,CI.QUG,NULL,United States,California,Los Angeles,,-118.5,34.4,WGS84,532,m,30arc-sec,27,7,"QT",NULL
4772,CI.RCU,NULL,United States,California,San Bernardino,,-117.52,34.08,WGS84,326,m,30arc-sec,12,8,"Qal2",NULL
4773,CI.RMM,NULL,United States,California,San Bernardino,,-116.62,34.64,WGS84,1569,m,30arc-sec,3,7,"crystalline",NULL
4774,CI.SHU,NULL,United States,California,Los Angeles,,-118.16,34.64,WGS84,783,m,30arc-sec,27,8,"Qal2",NULL
4775,CI.SIL,NULL,United States,California,San Bernardino,,-116.83,34.35,WGS84,1718,m,30arc-sec,15,4,"crystalline",NULL
4776,CI.SLM,NULL,United States,California,Los Angeles,,-118.42,34.45,WGS84,575,m,30arc-sec,52,3,"Tss",NULL
4777,CI.SMT,NULL,United States,California,Ventura,,-119.01,34.33,WGS84,492,m,30arc-sec,8,8,"Tsh",NULL
4778,CI.SQC,NULL,United States,California,Santa Barbara,,-120.29,34.87,WGS84,125,m,30arc-sec,1,7,"Qal2",NULL
4779,CI.SSS,NULL,United States,California,Riverside,,-117.45,34.03,WGS84,521,m,30arc-sec,19,8,"crystalline",NULL
4780,CI.TEJ,NULL,United States,California,Kern,,-118.69,35.23,WGS84,678,m,30arc-sec,9,4,"Qoa",NULL
4781,CI.THC,NULL,United States,California,Kern,,-118.66,34.91,WGS84,1691,m,30arc-sec,3,1,"crystalline",NULL
4782,CI.TJR,NULL,United States,California,Kern,,-118.74,35.03,WGS84,463,m,30arc-sec,38,4,"Qoa",NULL
4783,CI.AGA,NULL,United States,California,Riverside,,-116.4,33.64,WGS84,813,m,30arc-sec,1,3,"crystalline",NULL
4784,CI.BCC,NULL,United States,California,Riverside,,-117.26,33.58,WGS84,382,m,30arc-sec,6,3,"crystalline",NULL
4785,CI.CAP,NULL,United States,California,San Diego,,-117.19,33.39,WGS84,311,m,30arc-sec,12,1,"crystalline",NULL
4786,CI.JCS,NULL,United States,California,San Diego,,-116.6,33.09,WGS84,1264,m,30arc-sec,35,1,"crystalline",NULL
4787,CI.JRC,NULL,United States,California,Inyo,,-117.81,35.98,WGS84,1425,m,30arc-sec,3,7,"crystalline",NULL
4788,CI.LGU,NULL,United States,California,,,-119.07,34.11,WGS84,179,m,30arc-sec,6,16,"Tsh",NULL
4789,CI.LKL,NULL,United States,California,Los Angeles,,-117.82,34.62,WGS84,808,m,30arc-sec,13,8,"Qal2",NULL
4790,CI.NEE,NULL,United States,California,San Bernardino,,-114.6,34.82,WGS84,172,m,30arc-sec,1,8,"Qoa",NULL
4791,CI.NSS,NULL,United States,California,Riverside,,-115.95,33.56,WGS84,45,m,30arc-sec,1,4,"Qal3",NULL
4792,CI.SMS,NULL,United States,California,,,-118.46,34.01,WGS84,44,m,30arc-sec,3,3,"Qoa",NULL
4793,CI.SPG,NULL,United States,California,Tulare,,-118.81,36.14,WGS84,334,m,30arc-sec,19,3,"Qal3",NULL
4794,CI.THX,NULL,United States,California,Riverside,,-116.16,33.63,WGS84,-37,m,30arc-sec,4,12,"Qal1",NULL
4795,CI.TOV,NULL,United States,California,Ventura,,-118.82,34.16,WGS84,310,m,30arc-sec,2,11,"Qoa",NULL
4796,CI.WER,NULL,United States,California,Kern,,-119.03,35.06,WGS84,123,m,30arc-sec,5,12,"Qal2",NULL
4797,CI.WTT,NULL,United States,California,Los Angeles,,-118.26,33.95,WGS84,39,m,30arc-sec,81,16,"Qal1",NULL
4798,CI.BKR,NULL,United States,California,San Bernardino,,-116.07,35.27,WGS84,289,m,30arc-sec,31,4,"Qal2",NULL
4799,CI.BTC,NULL,United States,California,Imperial,,-115.22,33.01,WGS84,36,m,30arc-sec,8,16,"Qal1",NULL
4800,CI.FPC,NULL,United States,California,San Bernardino,,-117.58,35.08,WGS84,868,m,30arc-sec,5,12,"crystalline",NULL
4801,CI.OAT,NULL,United States,California,Los Angeles,,-118.61,34.34,WGS84,1015,m,30arc-sec,9,3,"Tss",NULL
4802,CI.SOF,NULL,United States,California,,,-117.56,33.37,WGS84,23,m,30arc-sec,11,3,"",NULL
4803,NC.MDY,NULL,United States,California,Mono,,-119.01,37.66,WGS84,2618,m,30arc-sec,5,1,"Tv",NULL
4804,NC.MLI,NULL,United States,California,Mono,,-119.02,37.64,WGS84,2955,m,30arc-sec,13,3,"Tv",NULL
4805,NC.MINS,NULL,United States,California,Madera,,-119.06,37.65,WGS84,2779,m,30arc-sec,22,1,"crystalline",NULL
4806,NC.CMW,NULL,United States,California,Alameda,,-121.89,37.54,WGS84,345,m,30arc-sec,1,4,"Tss",NULL
4807,NC.LDH,NULL,United States,California,Shasta,,-121.58,40.51,WGS84,2067,m,30arc-sec,5,3,"Tv",NULL
4808,NC.LMC,NULL,United States,California,Siskiyou,,-122.12,41.27,WGS84,1060,m,30arc-sec,26,2,"Qal3",NULL
4809,NC.LBR,NULL,United States,California,Siskiyou,,-122.07,41.41,WGS84,1644,m,30arc-sec,5,4,"Qal3",NULL
4810,NC.LGY,NULL,United States,California,Siskiyou,,-122.2,41.34,WGS84,2081,m,30arc-sec,14,2,"Tv",NULL
4811,NC.KCPB,NULL,United States,California,Mendocino,,-123.58,39.69,WGS84,1221,m,30arc-sec,1,1,"Tss",NULL
4812,NC.LDL,NULL,United States,California,Siskiyou,,-122.29,41.38,WGS84,1704,m,30arc-sec,1,4,"Tv",NULL
4813,NC.KHBB,NULL,United States,California,Trinity,,-123.22,40.66,WGS84,1806,m,30arc-sec,5,1,"crystalline",NULL
4814,NC.KMR,NULL,United States,California,Humboldt,,-123.71,40.2,WGS84,814,m,30arc-sec,26,1,"KJf",NULL
4815,NC.KHMB,NULL,United States,California,Humboldt,,-123.73,40.87,WGS84,1402,m,30arc-sec,7,1,"sp",NULL
4816,AZ.SI05,NULL,United States,California,San Diego,,-117.25,32.84,WGS84,196,m,30arc-sec,11,18,"Kss",NULL
4817,NC.KMPB,NULL,United States,California,Humboldt,,-124.12,40.42,WGS84,804,m,30arc-sec,35,1,"Tss",NULL
4818,NC.KCT,NULL,United States,California,Humboldt,,-124.34,40.48,WGS84,379,m,30arc-sec,7,18,"Tss",NULL
4819,NC.KRP,NULL,United States,California,Humboldt,,-124.02,41.16,WGS84,758,m,30arc-sec,4,1,"KJf",NULL
4820,NC.KBO,NULL,United States,California,Curry,,-124.23,42.21,WGS84,930,m,30arc-sec,37,1,"",NULL
4821,RE.SNJT,NULL,United States,California,San Benito,,-121.45,36.82,WGS84,152,m,30arc-sec,5,7,"Tss",NULL
4822,RE.SNJT1,NULL,United States,California,San Benito,,-121.45,36.82,WGS84,152,m,30arc-sec,5,7,"Tss",NULL
4823,RE.SNJT2,NULL,United States,California,San Benito,,-121.45,36.82,WGS84,152,m,30arc-sec,5,7,"Tss",NULL
4824,RE.ONFB,NULL,United States,California,Merced,,-121.04,37.09,WGS84,54,m,30arc-sec,10,3,"Qoa",NULL
4825,RE.ONFB1,NULL,United States,California,Merced,,-121.04,37.09,WGS84,54,m,30arc-sec,10,3,"Qoa",NULL
4826,RE.ONFB2,NULL,United States,California,Merced,,-121.05,37.1,WGS84,56,m,30arc-sec,7,3,"Kss",NULL
4827,PB.B093,NULL,United States,California,Riverside,,-116.76,33.59,WGS84,1251,m,30arc-sec,2,3,"crystalline",NULL
4828,PB.B082,NULL,United States,California,Riverside,,-116.6,33.6,WGS84,1412,m,30arc-sec,5,11,"Qal3",NULL
4829,PB.B086,NULL,United States,California,Riverside,,-116.53,33.56,WGS84,1399,m,30arc-sec,2,3,"Qal3",NULL
4830,PB.B087,NULL,United States,California,Riverside,,-116.6,33.5,WGS84,1202,m,30arc-sec,6,7,"Qal3",NULL
4831,YN.JORD,NULL,United States,California,Riverside,,-116.64,33.47,WGS84,1220,m,30arc-sec,43,3,"crystalline",NULL
4832,PB.B088,NULL,United States,California,San Diego,,-116.62,33.37,WGS84,1390,m,30arc-sec,2,3,"crystalline",NULL
4833,YN.GVAR1,NULL,United States,California,Riverside,,-116.71,33.67,WGS84,1508,m,30arc-sec,24,3,"crystalline",NULL
4834,LI.LTL,NULL,United States,Louisiana,Livingston,,-90.766,30.5374,WGS84,18,m,30arc-sec,7,13,"",NULL
4835,ZY.SHF7,NULL,United States,California,Imperial,,-115.718,32.94397,WGS84,31,m,30arc-sec,1,8,"Qoa",NULL
4836,ZY.OWL1,NULL,United States,California,Inyo,,-117.85973,36.38562,WGS84,1154,m,30arc-sec,3,16,"Qal3",NULL
4837,CI.IBP,NULL,United States,California,Imperial,,-116.09286,32.66112,WGS84,761,m,30arc-sec,17,1,"crystalline",NULL
4838,BK.WDC,NULL,United States,California,Shasta,,-122.54113,40.57988,WGS84,318,m,30arc-sec,14,3,"crystalline",NULL
4839,CI.BLA2,NULL,United States,California,San Bernardino,,-116.38993,34.06931,WGS84,1234,m,30arc-sec,5,3,"Qoa",NULL
4840,CI.NCH,NULL,United States,California,Santa Barbara,,-119.67395,34.9427,WGS84,666,m,30arc-sec,13,4,"Qal2",NULL
4841,AZ.HWB,NULL,United States,California,San Diego,,-116.9596,33.0262,WGS84,458,m,30arc-sec,22,1,"crystalline",NULL
4842,AZ.MONP2,NULL,United States,California,San Diego,,-116.4223,32.892,WGS84,1658,m,30arc-sec,87,1,"crystalline",NULL
4843,BC.SPX,NULL,United States,California,,,-115.466,31.0451,WGS84,2666,m,30arc-sec,65,1,"",NULL
4844,AZ.SOL,NULL,United States,California,San Diego,,-117.248,32.841,WGS84,196,m,30arc-sec,11,18,"Kss",NULL
4845,CI.WWF,NULL,United States,California,Imperial,,-115.57888,33.27884,WGS84,-62,m,30arc-sec,1,16,"Qal2",NULL
4846,CI.SNO,NULL,United States,California,San Bernardino,,-116.80778,34.03515,WGS84,2128,m,30arc-sec,78,1,"crystalline",NULL
4847,CI.RFR,NULL,United States,California,San Luis Obispo,,-120.09721,35.11358,WGS84,400,m,30arc-sec,6,1,"Kss",NULL
4848,BC.CBX,NULL,United States,California,,,-116.6636,32.3131,WGS84,1147,m,30arc-sec,50,3,"",NULL
4849,BC.CPX,NULL,United States,California,,,-115.305,32.4195,WGS84,83,m,30arc-sec,3,16,"",NULL
4850,BC.TJX,NULL,United States,California,,,-117.0543,32.51017,WGS84,182,m,30arc-sec,23,7,"",NULL
4851,BC.UABX,NULL,United States,California,,,-115.4447,32.6316,WGS84,4,m,30arc-sec,5,16,"",NULL
4852,BK.HAST,NULL,United States,California,Monterey,,-121.5514,36.3887,WGS84,552,m,30arc-sec,29,1,"Tsh",NULL
4853,BC.CCX,NULL,United States,California,,,-116.66446,31.86789,WGS84,50,m,30arc-sec,5,3,"",NULL
4854,BC.TKX,NULL,United States,California,,,-116.6075,32.5687,WGS84,546,m,30arc-sec,14,1,"",NULL
4855,BC.VTX,NULL,United States,California,,,-115.784,31.3914,WGS84,745,m,30arc-sec,8,1,"",NULL
4856,NN.DSP,NULL,United States,California,Inyo,,-117.9722,37.368,WGS84,1668,m,30arc-sec,12,3,"crystalline",NULL
4857,NN.GWY,NULL,United States,California,Inyo,,-116.6698,36.186,WGS84,1521,m,30arc-sec,39,4,"Tv",NULL
4858,NN.LCH,NULL,United States,California,Inyo,,-117.6459,37.2329,WGS84,1441,m,30arc-sec,22,3,"Qal3",NULL
4859,NN.WLDB,NULL,United States,California,Nye,,-116.6266,36.7927,WGS84,1054,m,30arc-sec,25,4,"",NULL
4860,SN.HEL,NULL,United States,California,Inyo,,-116.9759,36.7246,WGS84,668,m,30arc-sec,6,1,"Qoa",NULL
4861,NN.SHP,NULL,United States,California,Clark,,-115.1567,36.5047,WGS84,1663,m,30arc-sec,2,4,"",NULL
4862,SB.CPSLO,NULL,United States,California,San Luis Obispo,,-120.66716,35.30211,WGS84,95,m,30arc-sec,5,3,"KJf",NULL
4863,BC.DOCTX,NULL,United States,California,,,-114.7452,31.9595,WGS84,12,m,30arc-sec,2,16,"",NULL
4864,BC.GUVIX,NULL,United States,California,,,-115.076,32.3029,WGS84,13,m,30arc-sec,61,16,"",NULL
4865,BC.PESCX,NULL,United States,California,,,-114.9649,32.4338,WGS84,23,m,30arc-sec,3,16,"",NULL
4866,BC.RMX,NULL,United States,California,,,-116.0288,32.5535,WGS84,1219,m,30arc-sec,6,3,"",NULL
4867,BC.SFX,NULL,United States,California,,,-114.851,31.0376,WGS84,42,m,30arc-sec,16,8,"",NULL
4868,CI.POR,NULL,United States,California,Tulare,,-119.00343,36.10368,WGS84,232,m,30arc-sec,3,16,"sp",NULL
4869,CI.WHF,NULL,United States,California,Kern,,-118.35183,35.69513,WGS84,894,m,30arc-sec,1,3,"Qal3",NULL
4870,GS.CA05,NULL,United States,California,San Bernardino,,-117.28689,35.58926,WGS84,616,m,30arc-sec,40,12,"Qal3",NULL
4871,CI.WBP,NULL,United States,California,Tulare,,-118.07414,35.87841,WGS84,2352,m,30arc-sec,21,1,"crystalline",NULL
4872,NN.QSM,NULL,United States,California,Inyo,,-116.8691,35.965,WGS84,394,m,30arc-sec,1,4,"Qoa",NULL
4873,NN.GMN,NULL,United States,California,Esmeralda,,-117.2607,37.3003,WGS84,2065,m,30arc-sec,1,4,"",NULL
4874,CI.JPLS,NULL,United States,California,Los Angeles,,-118.17368,34.2053,WGS84,397,m,30arc-sec,18,3,"Qoa",NULL
4875,BC.SJX,NULL,United States,California,,,-115.948,32.0048,WGS84,1616,m,30arc-sec,41,7,"",NULL
4876,BC.RITX,NULL,United States,California,,,-114.96158,32.166,WGS84,12,m,30arc-sec,22,16,"",NULL
4878,CI.WLH2,NULL,United States,California,Tulare,,-118.31319,36.15207,WGS84,2655,m,30arc-sec,13,9,"crystalline",NULL
4879,BK.LIND,NULL,United States,California,Tulare,,-119.05668,36.35307,WGS84,190,m,30arc-sec,15,15,"crystalline",NULL
4880,BK.LEGD,NULL,United States,California,Merced,,-120.14916,37.21426,WGS84,95,m,30arc-sec,23,16,"Qoa",NULL
4881,BK.LCUV,NULL,United States,California,San Luis Obispo,,-120.73221,35.65196,WGS84,312,m,30arc-sec,12,1,"Tsh",NULL
4882,BK.LCOW,NULL,United States,California,Shasta,,-122.18524,40.64261,WGS84,239,m,30arc-sec,13,3,"Tss",NULL
4883,BK.BUCR,NULL,United States,California,Mariposa,,-120.1496,37.6733,WGS84,1036,m,30arc-sec,14,1,"crystalline",NULL
4884,BK.BRIC,NULL,United States,California,Humboldt,,-123.8965,40.11223,WGS84,207,m,30arc-sec,31,9,"Tss",NULL
4885,BK.BONV,NULL,United States,California,Mendocino,,-123.34856,38.98742,WGS84,237,m,30arc-sec,11,1,"sp",NULL
4886,BK.BL67,NULL,United States,California,Alameda,,-122.24318,37.87492,WGS84,213,m,30arc-sec,2,3,"Kss",NULL
4887,BK.BARR,NULL,United States,California,Mendocino,,-123.19748,39.30477,WGS84,273,m,30arc-sec,28,3,"KJf",NULL
4888,BK.AONC,NULL,United States,California,Tehama,,-122.0608,39.93981,WGS84,64,m,30arc-sec,35,16,"Qal2",NULL
4889,BK.YUBA,NULL,United States,California,Nevada,,-120.53722,39.33756,WGS84,2300,m,30arc-sec,45,1,"crystalline",NULL
4890,BK.TWIT,NULL,United States,California,Sacramento,,-121.68321,38.09712,WGS84,-3,m,30arc-sec,13,11,"Qi",NULL
4891,BK.TULE,NULL,United States,California,Modoc,,-121.46731,41.9647,WGS84,1229,m,30arc-sec,69,12,"Qal1",NULL
4892,BK.RVIT,NULL,United States,California,Mendocino,,-123.37859,39.90629,WGS84,811,m,30arc-sec,1,1,"KJf",NULL
4893,BK.RUSS,NULL,United States,California,Yolo,,-121.86743,38.54465,WGS84,27,m,30arc-sec,1,16,"Qoa",NULL
4894,BK.RBOW,NULL,United States,California,Humboldt,,-124.11136,40.33467,WGS84,1035,m,30arc-sec,7,1,"Tss",NULL
4895,BK.FORD,NULL,United States,California,Monterey,,-121.78054,36.6879,WGS84,30,m,30arc-sec,8,18,"Qs",NULL
4896,BK.DMOR,NULL,United States,California,Humboldt,,-123.70331,40.70973,WGS84,1227,m,30arc-sec,30,1,"KJf",NULL
4897,BK.OAKV,NULL,United States,California,Napa,,-122.41085,38.43057,WGS84,61,m,30arc-sec,5,3,"Qal3",NULL
4898,BK.MTOS,NULL,United States,California,Stanislaus,,-121.3278,37.5049,WGS84,280,m,30arc-sec,7,1,"KJf",NULL
4899,BK.MOGU,NULL,United States,California,Siskiyou,,-122.4205,41.83072,WGS84,807,m,30arc-sec,8,7,"Tv",NULL
4900,BK.MOD,NULL,United States,California,Modoc,,-120.30295,41.90246,WGS84,1566,m,30arc-sec,15,16,"Tv",NULL
4901,BK.MNDO,NULL,United States,California,Mendocino,,-123.74511,39.31418,WGS84,185,m,30arc-sec,2,18,"Qoa",NULL
4902,BK.GALB,NULL,United States,California,Mendocino,,-123.25636,38.86192,WGS84,447,m,30arc-sec,11,1,"Tss",NULL
4903,BK.PINL,NULL,United States,California,,,-122.36602,38.01,WGS84,0,m,30arc-sec,0,18,"Tss",NULL
4904,BK.PETL,NULL,United States,California,,,-124.34259,40.28844,WGS84,103,m,30arc-sec,1,18,"Tss",NULL
4905,BK.KARE,NULL,United States,California,Fresno,,-119.50381,36.59736,WGS84,106,m,30arc-sec,5,14,"Qoa",NULL
4906,BK.JEPS,NULL,United States,California,Solano,,-121.82518,38.25789,WGS84,4,m,30arc-sec,10,16,"Qoa",NULL
4907,BK.INGL,NULL,United States,California,Mendocino,,-123.69844,39.52898,WGS84,274,m,30arc-sec,17,3,"Tss",NULL
4908,BK.BJES,NULL,United States,California,Humboldt,,-123.87996,40.54362,WGS84,992,m,30arc-sec,10,1,"KJf",NULL
4909,GS.CA02,NULL,United States,California,Inyo,,-117.35542,35.82915,WGS84,543,m,30arc-sec,80,3,"Qal3",NULL
4910,BC.YUCAX,NULL,United States,California,,,-115.0094,32.6054,WGS84,19,m,30arc-sec,4,12,"",NULL
4911,BK.WSRE,NULL,United States,California,Fresno,,-120.11723,36.33543,WGS84,85,m,30arc-sec,1,16,"Qal1",NULL
4912,BK.WINE,NULL,United States,California,Fresno,,-119.90772,36.67021,WGS84,76,m,30arc-sec,10,16,"Qoa",NULL
4913,BK.WELL,NULL,United States,California,Amador,,-120.7241,38.43847,WGS84,581,m,30arc-sec,3,1,"crystalline",NULL
4914,BK.WEAV,NULL,United States,California,Trinity,,-122.98404,40.74575,WGS84,1095,m,30arc-sec,3,3,"crystalline",NULL
4915,BK.SIGP,NULL,United States,California,Del Norte,,-124.06781,41.87266,WGS84,525,m,30arc-sec,3,1,"sp",NULL
4916,BK.SHEP,NULL,United States,California,Siskiyou,,-121.8393,41.7826,WGS84,1377,m,30arc-sec,11,4,"Tv",NULL
4917,BK.SFRE,NULL,United States,California,Yuba,,-121.32278,39.25655,WGS84,221,m,30arc-sec,1,7,"crystalline",NULL
4918,BK.QRDG,NULL,United States,California,Napa,,-122.14485,38.48086,WGS84,339,m,30arc-sec,5,1,"Kss",NULL
4919,NC.LRD,NULL,United States,California,Plumas,,-121.4634,40.465,WGS84,2277,m,30arc-sec,1,1,"Tv",NULL
4920,NC.LEL,NULL,United States,California,Tehama,,-121.518,40.4642,WGS84,2336,m,30arc-sec,16,1,"Tv",NULL
4922,BK.DCMP,NULL,United States,California,Mendocino,,-123.3375,39.46897,WGS84,516,m,30arc-sec,2,5,"KJf",NULL
4923,BK.NULI,NULL,United States,California,Monterey,,-121.23554,36.02134,WGS84,348,m,30arc-sec,4,3,"Tsh",NULL
4924,NC.OBHB,NULL,United States,California,Butte,,-121.4619,39.6518,WGS84,868,m,30arc-sec,3,1,"crystalline",NULL
4925,BK.HELL,NULL,United States,California,Fresno,,-119.02282,36.68011,WGS84,1118,m,30arc-sec,53,1,"crystalline",NULL
4926,BC.SLRCX,NULL,United States,California,,,-114.7049,32.4579,WGS84,47,m,30arc-sec,4,16,"",NULL
4928,NC.SN11,NULL,United States,California,Napa,,-122.2853,38.2958,WGS84,8,m,30arc-sec,26,7,"Qal2",NULL
4929,NC.SN10,NULL,United States,California,Napa,,-122.2888,38.3028,WGS84,7,m,30arc-sec,4,7,"Qal2",NULL
4930,NC.SN09,NULL,United States,California,Napa,,-122.2888,38.2997,WGS84,8,m,30arc-sec,26,7,"Qal2",NULL
4931,NC.SN07,NULL,United States,California,Napa,,-122.301,38.3057,WGS84,18,m,30arc-sec,18,3,"Qal2",NULL
4932,NC.SN06,NULL,United States,California,Napa,,-122.3142,38.3064,WGS84,23,m,30arc-sec,25,3,"Qal2",NULL
4933,NC.SN05,NULL,United States,California,Napa,,-122.3251,38.3093,WGS84,43,m,30arc-sec,2,3,"Tv",NULL
4934,NC.SN04,NULL,United States,California,Napa,,-122.3449,38.3131,WGS84,66,m,30arc-sec,8,3,"Kss",NULL
4935,NC.SN03,NULL,United States,California,Napa,,-122.3473,38.3089,WGS84,66,m,30arc-sec,8,3,"Qoa",NULL
4936,NC.SN02,NULL,United States,California,Napa,,-122.3357,38.3062,WGS84,50,m,30arc-sec,2,3,"Qal3",NULL
4937,NC.SN01,NULL,United States,California,Napa,,-122.3396,38.3046,WGS84,50,m,30arc-sec,2,3,"Qal3",NULL
4938,BK.OXMT,NULL,United States,California,San Mateo,,-122.42431,37.49936,WGS84,143,m,30arc-sec,4,1,"crystalline",NULL
4939,BC.PIX,NULL,United States,California,,,-113.4599,31.5629,WGS84,68,m,30arc-sec,1,8,"",NULL
4940,BK.MHDL,NULL,United States,California,,,-122.49431,37.84232,WGS84,180,m,30arc-sec,4,3,"Qal3",NULL
4941,BK.HUMO,NULL,United States,California,Jackson,,-122.95669,42.6071,WGS84,540,m,30arc-sec,10,3,"",NULL
4942,NC.KRMB,NULL,United States,California,Del Norte,,-123.908,41.523,WGS84,1243,m,30arc-sec,1,5,"sp",NULL
4943,BK.ELFS,NULL,United States,California,Lassen,,-120.72791,40.61835,WGS84,1563,m,30arc-sec,13,11,"Tv",NULL
4944,BK.POTR,NULL,United States,California,Solano,,-121.93535,38.20263,WGS84,52,m,30arc-sec,17,16,"Tss",NULL
4945,NN.WCN,NULL,United States,California,Washoe,,-119.759,39.3104,WGS84,1720,m,30arc-sec,2,7,"",NULL
4946,NN.OMM,NULL,United States,California,Mono,,-119.0004,37.6123,WGS84,2683,m,30arc-sec,2,3,"crystalline",NULL
4947,NN.RUB,NULL,United States,California,El Dorado,,-120.1549,39.0517,WGS84,2001,m,30arc-sec,21,1,"Qoa",NULL
4948,TA.L02D,NULL,United States,California,Josephine,,-123.6031,42.1578,WGS84,461,m,30arc-sec,1,3,"",NULL
4949,NN.OMMB,NULL,United States,California,Mono,,-119.0005,37.6131,WGS84,2683,m,30arc-sec,2,3,"crystalline",NULL
4950,NN.PAH,NULL,United States,California,Washoe,,-119.3854,39.7106,WGS84,1541,m,30arc-sec,2,4,"",NULL
4951,NN.PNT,NULL,United States,California,Douglas,,-119.5997,39.0891,WGS84,2127,m,30arc-sec,72,3,"",NULL
4952,NN.SRV2,NULL,United States,California,Sierra,,-120.3432,39.6533,WGS84,1636,m,30arc-sec,4,16,"Tv",NULL
4953,NN.SRV3,NULL,United States,California,Sierra,,-120.4415,39.6505,WGS84,1512,m,30arc-sec,2,4,"Qal3",NULL
4954,NN.SRVL,NULL,United States,California,Sierra,,-120.3306,39.5709,WGS84,1627,m,30arc-sec,64,15,"Tv",NULL
4955,TA.K04D,NULL,United States,California,Klamath,,-121.7535,42.6246,WGS84,1303,m,30arc-sec,9,5,"",NULL
4956,TA.L02E,NULL,United States,California,Josephine,,-123.6029,42.158,WGS84,461,m,30arc-sec,1,3,"",NULL
4957,TA.L04D,NULL,United States,California,Jackson,,-122.3046,42.218,WGS84,1459,m,30arc-sec,63,1,"",NULL
4958,TA.M02C,NULL,United States,California,Siskiyou,,-122.8538,41.392,WGS84,917,m,30arc-sec,34,3,"Qal3",appears to have similar lat/long as BK.SCOT
4959,TA.M04C,NULL,United States,California,Siskiyou,,-121.8393,41.7826,WGS84,1377,m,30arc-sec,11,4,"Tv",appears to have similar lat/long as BK.SHEP
4960,TA.N02D,NULL,United States,California,Trinity,,-122.705,40.974,WGS84,937,m,30arc-sec,11,3,"crystalline",appears to have similar lat/long as BK.TRIN
4961,TA.O02D,NULL,United States,California,Tehama,,-122.7884,40.1766,WGS84,790,m,30arc-sec,31,1,"Kss",NULL
4962,TA.O03E,NULL,United States,California,Tehama,,-121.8021,40.2946,WGS84,969,m,30arc-sec,14,1,"Tv",appears to have similar lat/long as BK.DANT
4963,PG.OBS1,NULL,United States,California,,,-120.9348,35.2709,WGS84,0,m,30arc-sec,0,18,"",NULL
4964,PG.OBS2,NULL,United States,California,,,-120.9603,35.2569,WGS84,0,m,30arc-sec,0,18,"",NULL
4965,PG.OBS3,NULL,United States,California,,,-120.9396,35.2232,WGS84,0,m,30arc-sec,0,18,"",NULL
4966,PG.OBS4,NULL,United States,California,,,-120.8704,35.191,WGS84,0,m,30arc-sec,0,18,"",NULL
4967,NN.EMB,NULL,United States,California,El Dorado,,-120.1029,38.9744,WGS84,2163,m,30arc-sec,25,1,"crystalline",NULL
4968,NN.LHV,NULL,United States,California,Mineral,,-118.5049,38.2513,WGS84,2378,m,30arc-sec,7,7,"",NULL
4969,NN.REDF,NULL,United States,California,Washoe,,-119.7647,39.39,WGS84,1480,m,30arc-sec,2,4,"",NULL
4970,NN.BEK,NULL,United States,California,Plumas,,-120.3596,39.8666,WGS84,1682,m,30arc-sec,26,3,"Tv",NULL
4971,NN.COLR,NULL,United States,California,Washoe,,-119.7905,41.9582,WGS84,1473,m,30arc-sec,2,18,"",NULL
4972,NN.WAK,NULL,United States,California,Mono,,-119.4382,38.5043,WGS84,1914,m,30arc-sec,21,4,"crystalline",NULL
4973,NN.CTC,NULL,United States,California,Placer,,-120.126,39.2077,WGS84,2077,m,30arc-sec,25,1,"Tv",NULL
4974,Geometrics_1,NULL,United States,California,Los Angeles,Pasadena,-118.128815,34.136806,WGS84,239,m,30arc-sec,2,4,"Qoa",USGS Pasadena
4975,Geometrics_2,NULL,United States,California,Santa Clara,Sunnyvale,-122.019585,37.365101,WGS84,33,m,30arc-sec,20,12,"Qal2",166 Sunnyvale (Braly Park)
4976,Geometrics_3,NULL,United States,California,Santa Clara,San Jose,-121.894653,37.349602,WGS84,19,m,30arc-sec,5,16,"Qal1",167 San Jose  (Japan Town)
4977,Geometrics_4,NULL,South Korea,Daejeon,,Araennapjakgol,127.360687,36.379398,WGS84,56,m,30arc-sec,8,7,"",KIGAM
4978,Geometrics_5,NULL,Myanmar,Yangon,,Kyaukkala,96.122124,16.875099,WGS84,18,m,30arc-sec,10,16,"",Myanmar demonstration 2019
4979,Geometrics_6,NULL,United States,California,Sacramento,Ovale,-121.209259,38.696999,WGS84,74,m,30arc-sec,64,13,"Qoa",168 Orangevale
4980,Geometrics_7,NULL,United States,California,Riverside,Pinyon Pines,-116.459435,33.611599,WGS84,1290,m,30arc-sec,5,3,"crystalline",Pinyon Flats Array-1
4981,Geometrics_8,NULL,United States,California,Riverside,Pinyon Pines,-116.457237,33.611698,WGS84,1301,m,30arc-sec,11,3,"crystalline",Pinyon Flats Array-3
4982,Geometrics_9,NULL,United States,California,Riverside,Pinyon Pines,-116.455757,33.6115,WGS84,1301,m,30arc-sec,11,3,"crystalline",HVSR-4
4983,Geometrics_10,NULL,United States,California,Riverside,Pinyon Pines,-116.455757,33.610699,WGS84,1301,m,30arc-sec,11,3,"crystalline",HVSR-5
4984,Geometrics_11,NULL,United States,California,Riverside,Pinyon Pines,-116.452873,33.610699,WGS84,1301,m,30arc-sec,11,3,"crystalline",HVSR-6
4985,Geometrics_12,NULL,United States,California,Riverside,Pinyon Pines,-116.451622,33.609001,WGS84,1301,m,30arc-sec,11,3,"crystalline",HVSR-7
4986,Geometrics_13,NULL,United States,California,Riverside,Pinyon Pines,-116.452217,33.606201,WGS84,1278,m,30arc-sec,52,3,"crystalline",HVSR-8
4987,Geometrics_14,NULL,United States,California,Santa Clara,San Jose,-121.873634,37.375599,WGS84,31,m,30arc-sec,2,16,"Qal2",170 : San Jose (Dennis)
4988,Geometrics_15,NULL,United States,California,Santa Clara,San Jose,-121.8897,37.395679,WGS84,20,m,30arc-sec,1,16,"Qal2",171 : San Jose (Lundy)
4989,Geometrics_16,NULL,United States,California,Santa Clara,San Jose,-121.895857,37.355051,WGS84,15,m,30arc-sec,44,16,"Qal1",172 San Jose (Raymond Bernal Jr Memorial Park)
4990,Geometrics_17,NULL,United States,California,Santa Clara,San Jose,-121.910563,37.343898,WGS84,16,m,30arc-sec,1,16,"Qal2",173 San Jose (Columbus Park)
4991,Geometrics_18,NULL,United States,California,Santa Clara,San Jose,-121.802383,37.410801,WGS84,578,m,30arc-sec,14,4,"Tss",174 San Jose (Sierra Open Space Preserve)
4992,Geometrics_19,NULL,United States,California,Santa Clara,Milpitas,-121.900871,37.416852,WGS84,6,m,30arc-sec,4,16,"Qal1",175 Milpitas (Great Mall)
4993,Geometrics_20,NULL,Singapore,East,,Kampong Ayer Gemuruh,103.969134,1.338292,WGS84,11,m,30arc-sec,1,5,"",Changi business park (1)
4994,Geometrics_21,NULL,Singapore,East,,Kampong Ayer Gemuruh,103.969365,1.337474,WGS84,11,m,30arc-sec,1,5,"",Changi business park (2)
4995,Geometrics_22,NULL,Singapore,East,,Kampong Ayer Gemuruh,103.968382,1.338702,WGS84,11,m,30arc-sec,1,5,"",Changi business park (3)
4996,Geometrics_23,NULL,India,Telangana,,Uppal Kalan,78.550797,17.4137,WGS84,499,m,30arc-sec,68,11,"",NGRI
4997,Geometrics_24,NULL,India,NCT of Delhi,,Jangpura,77.225832,28.588638,WGS84,211,m,30arc-sec,1,16,"",New Delhi
4998,Geometrics_25,NULL,India,NCT of Delhi,,New Delhi,77.21547,28.619272,WGS84,218,m,30arc-sec,11,12,"",new delhi3
4999,Geometrics_26,NULL,India,NCT of Delhi,,New Delhi,77.215686,28.620737,WGS84,218,m,30arc-sec,11,12,"",new delhi3
5000,Geometrics_27,NULL,India,NCT of Delhi,,New Delhi,77.217961,28.620356,WGS84,216,m,30arc-sec,5,12,"",new delhi3
5001,Geometrics_28,NULL,India,NCT of Delhi,,New Delhi,77.218787,28.619849,WGS84,216,m,30arc-sec,5,12,"",new delhi3
5002,Geometrics_29,NULL,Thailand,Bangkok Metropolis,,Ban Yang,100.571007,13.8451,WGS84,9,m,30arc-sec,32,16,"",Bangkok (Kasetsart University)
5003,Geometrics_30,NULL,Thailand,Chiang Rai,,Ban Pa Sang Wiwat,99.875647,20.033872,WGS84,400,m,30arc-sec,5,0,"",chiang rai
5004,Geometrics_31,NULL,Singapore,West,,Boon Lay,103.699654,1.334389,WGS84,19,m,30arc-sec,3,13,"",PGS (Boon lay way)
5005,Geometrics_32,NULL,United States,California,,Fremont,-122.089012,37.553902,WGS84,0,m,30arc-sec,7,18,"Qi",ST01 CMP00
5006,Geometrics_33,NULL,United States,California,,Fremont,-122.088562,37.555302,WGS84,0,m,30arc-sec,7,18,"Qi",ST15 CMP01
5007,Geometrics_34,NULL,United States,California,,Fremont,-122.082863,37.5625,WGS84,0,m,30arc-sec,5,18,"Qi",ST59 CMP10
5008,Geometrics_35,NULL,United States,California,Alameda,Fremont,-122.064369,37.568199,WGS84,2,m,30arc-sec,6,18,"Qal1",ST76 CMP24
5009,Geometrics_36,NULL,United States,California,Santa Clara,San Jose,-121.889511,37.361401,WGS84,21,m,30arc-sec,3,16,"Qal2",San Jose (Luna Park)
5010,Geometrics_37,NULL,United States,California,San Mateo,Brisbane,-122.382331,37.676492,WGS84,0,m,30arc-sec,0,7,"af/Qi",Brisbane
5011,Geometrics_38,NULL,United States,California,Santa Clara,Santa Clara,-121.980591,37.394398,WGS84,5,m,30arc-sec,31,16,"Qal1",Mission College
5012,Geometrics_39,NULL,United States,California,Santa Clara,Santa Clara,-121.936905,37.352528,WGS84,16,m,30arc-sec,33,16,"Qal2",Santa Clara station
5013,Geometrics_40,NULL,United States,Washington,King,Redmond,-122.090017,47.672623,WGS84,25,m,30arc-sec,1,1,"",Redmond
5014,Geometrics_41,NULL,United States,Washington,Thurston,Olympia,-122.904364,47.058195,WGS84,2,m,30arc-sec,7,11,"",Olympia
5015,Geometrics_42,NULL,United States,California,Santa Clara,Santa Clara,-121.972931,37.368301,WGS84,14,m,30arc-sec,25,16,"Qal2",Bracher Elementary School
5016,Geometrics_43,NULL,India,NCT of Delhi,,New Delhi,77.215686,28.620737,WGS84,218,m,30arc-sec,11,12,"",new delhi3
5017,Geometrics_44,NULL,India,NCT of Delhi,,New Delhi,77.217961,28.620356,WGS84,216,m,30arc-sec,5,12,"",new delhi3
5018,Geometrics_45,NULL,India,NCT of Delhi,,New Delhi,77.217961,28.620356,WGS84,216,m,30arc-sec,5,12,"",new delhi3
5019,Geometrics_46,NULL,United States,California,Merced,Los Banos,-121.015092,37.055184,WGS84,89,m,30arc-sec,54,3,"Qoa",Los Banos
5020,Geometrics_47,NULL,United States,California,San Bernardino,Pinon Hills,-117.647306,34.442506,WGS84,1202,m,30arc-sec,49,4,"Qal3",Pinon Hills
5021,Geometrics_48,NULL,United States,California,Riverside,Rancho Mirage,-116.407427,33.738058,WGS84,66,m,30arc-sec,43,7,"Qal3",Rancho Mirage Starbucks
5022,Geometrics_49,NULL,United States,California,Riverside,Rancho Mirage,-116.411606,33.742456,WGS84,69,m,30arc-sec,6,4,"Qal3",Rancho Mirage Holiday Inn
5023,Geometrics_50,NULL,United States,California,Imperial,Calexico,-115.500055,32.697155,WGS84,-1,m,30arc-sec,14,16,"Qal1",Calexico
5024,Geometrics_51,NULL,United States,California,Imperial,Holtville,-115.433479,32.862,WGS84,-30,m,30arc-sec,14,16,"Qal1",SNR
5025,Geometrics_52,NULL,United States,California,Imperial,Westmorland,-115.822723,33.1166,WGS84,-60,m,30arc-sec,3,8,"Qoa",EER
5026,Geometrics_53,NULL,Japan,Hyogo,,Arinodai,135.235275,34.8195,WGS84,248,m,30arc-sec,1,5,"",SMD3_P01_西宮市すみれ台3丁目
5027,Geometrics_54,NULL,Japan,Hyogo,,Arinodai,135.235277,34.819327,WGS84,248,m,30arc-sec,1,5,"",SMD3_P02
5028,Geometrics_55,NULL,Japan,Hyogo,,Arinodai,135.234998,34.819264,WGS84,248,m,30arc-sec,1,5,"",SMD3_P03
5029,Geometrics_56,NULL,Japan,Hyogo,,Arinodai,135.234736,34.819233,WGS84,248,m,30arc-sec,1,5,"",SMD3_P04
5030,Geometrics_57,NULL,Japan,Hyogo,,Arinodai,135.234473,34.819213,WGS84,248,m,30arc-sec,1,5,"",SMD3_P05
5031,Geometrics_58,NULL,Japan,Hyogo,,Arinodai,135.234238,34.819174,WGS84,248,m,30arc-sec,1,5,"",SMD3_P06
5032,Geometrics_59,NULL,Japan,Hyogo,,Arinodai,135.233951,34.819147,WGS84,248,m,30arc-sec,1,5,"",SMD3_P07
5033,Geometrics_60,NULL,Japan,Hyogo,,Arinodai,135.23372,34.81911,WGS84,248,m,30arc-sec,1,5,"",SMD3_P08
5034,Geometrics_61,NULL,Japan,Hyogo,,Arinodai,135.233371,34.819073,WGS84,248,m,30arc-sec,1,5,"",SMD3_P09
5035,Geometrics_62,NULL,Japan,Hyogo,,Arinodai,135.235031,34.819633,WGS84,248,m,30arc-sec,1,5,"",SMD3_P10
5036,Geometrics_63,NULL,Japan,Hyogo,,Arinodai,135.234753,34.819634,WGS84,248,m,30arc-sec,1,5,"",SMD3_P11
5037,Geometrics_64,NULL,Japan,Hyogo,,Arinodai,135.234512,34.81958,WGS84,248,m,30arc-sec,1,5,"",SMD3_P12
5038,Geometrics_65,NULL,Japan,Hyogo,,Arinodai,135.234283,34.819519,WGS84,248,m,30arc-sec,1,5,"",SMD3_P13
5039,Geometrics_66,NULL,Japan,Hyogo,,Arinodai,135.234085,34.819504,WGS84,248,m,30arc-sec,1,5,"",SMD3_P14
5040,Geometrics_67,NULL,Japan,Hyogo,,Arinodai,135.235107,34.819172,WGS84,248,m,30arc-sec,1,5,"",SMD3_P18
5041,Geometrics_68,NULL,Japan,Hyogo,,Arinodai,135.235092,34.81937,WGS84,248,m,30arc-sec,1,5,"",SMD3_P17
5042,Geometrics_69,NULL,Japan,Hyogo,,Arinodai,135.23387,34.819486,WGS84,248,m,30arc-sec,1,5,"",SMD3_P15
5043,Geometrics_70,NULL,Japan,Hyogo,,Arinodai,135.235056,34.819565,WGS84,248,m,30arc-sec,1,5,"",SMD3_P16
5044,Geometrics_71,NULL,United States,Washington,King,Bellevue,-122.198723,47.617125,WGS84,60,m,30arc-sec,31,5,"",10605 NE 8th Street : Array-B
5045,Geometrics_72,NULL,United States,California,Santa Clara,San Jose,-121.883392,37.380733,WGS84,20,m,30arc-sec,15,16,"Qal2",001: Townsend Park (Stefan)
5046,Geometrics_73,NULL,United States,California,Santa Clara,Milpitas,-121.907969,37.408645,WGS84,9,m,30arc-sec,1,18,"Qal1",002: Pinewood Park (Stefan)
5047,Geometrics_74,NULL,United States,California,Santa Clara,San Jose,-121.924791,37.40663,WGS84,10,m,30arc-sec,18,18,"Qal1",003: Coyote Creek (Stefan)
5048,Geometrics_75,NULL,United States,California,Santa Clara,Santa Clara,-121.957907,37.407943,WGS84,3,m,30arc-sec,25,16,"Qal1",004: Lick Mill (Stefan)
5049,Geometrics_76,NULL,United States,California,Santa Clara,Santa Clara,-121.969861,37.406756,WGS84,3,m,30arc-sec,1,16,"Qal1",005: Levi Stadium (Stefan)
5050,Geometrics_77,NULL,United States,California,Santa Clara,Santa Clara,-121.964905,37.39748,WGS84,4,m,30arc-sec,3,16,"Qal1",006: Fuller Street Park (Stefan)
5051,Geometrics_78,NULL,United States,California,,Richmond,-122.347549,37.9174,WGS84,3,m,30arc-sec,28,7,"Qoa",D. Underwood 1
5052,Geometrics_79,NULL,United States,California,,El Cerrito,-122.3014,37.914323,WGS84,28,m,30arc-sec,9,11,"Qoa",D. Underwood 2
5053,Geometrics_80,NULL,United States,California,Contra Costa,Kensington,-122.293813,37.9183,WGS84,181,m,30arc-sec,5,11,"KJf",D. Underwood 3
5054,Geometrics_81,NULL,United States,California,Contra Costa,Kensington,-122.28756,37.919411,WGS84,236,m,30arc-sec,13,7,"sp",D. Underwood 4
5055,Geometrics_82,NULL,United States,California,,Richmond,-122.347548,37.917345,WGS84,3,m,30arc-sec,28,7,"Qoa",D. Underwood 5
5056,Geometrics_83,NULL,United States,California,,Richmond,-122.35585,37.912617,WGS84,3,m,30arc-sec,25,18,"af/Qi",D. Underwood 6
5057,Geometrics_84,NULL,United States,California,,Richmond,-122.34996,37.914558,WGS84,0,m,30arc-sec,0,7,"af/Qi",D. Underwood 7
5058,Geometrics_85,NULL,United States,California,Santa Clara,San Jose,-121.996649,37.31553,WGS84,56,m,30arc-sec,7,8,"Qal2",Sterling Barnhart Park
5059,Geometrics_86,NULL,United States,California,Santa Clara,Santa Clara,-121.964118,37.356448,WGS84,20,m,30arc-sec,16,12,"Qal2",009: Warburton (Stefan)
5060,Geometrics_87,NULL,United States,California,Santa Clara,Santa Clara,-121.990185,37.379988,WGS84,12,m,30arc-sec,15,16,"Qal2",010: Fujitsu (Stefan)
5061,Geometrics_88,NULL,United States,California,Santa Clara,Sunnyvale,-122.041461,37.377569,WGS84,28,m,30arc-sec,13,16,"Qal2",011: Washington Park (Stefan)
5062,Geometrics_89,NULL,United States,California,Santa Clara,Sunnyvale,-122.042853,37.391547,WGS84,26,m,30arc-sec,1,16,"Qal2",012: Encinal (Stefan)
5063,Geometrics_90,NULL,United States,California,Santa Clara,Sunnyvale,-122.014366,37.385582,WGS84,10,m,30arc-sec,15,16,"Qal2",013: Fair Oaks (Stefan)
5064,Geometrics_91,NULL,United States,California,Santa Clara,Sunnyvale,-122.000831,37.397311,WGS84,5,m,30arc-sec,3,16,"Qal1",014: Lake Wood (Stefan)
5065,Geometrics_92,NULL,United States,California,Santa Clara,Sunnyvale,-122.035627,37.411352,WGS84,4,m,30arc-sec,5,18,"Qal1",015: Moffett Field (Stefan)
5066,Geometrics_93,NULL,Japan,Ibaraki,,Tsukuba,140.081741,36.070259,WGS84,29,m,30arc-sec,2,9,"",Location 2
5067,Geometrics_94,NULL,Japan,Ibaraki,,Tsukuba,140.084717,36.069588,WGS84,23,m,30arc-sec,16,9,"",Location 1
5068,Geometrics_95,NULL,United States,California,Santa Clara,Palo Alto,-122.127237,37.407299,WGS84,23,m,30arc-sec,27,12,"Qoa",016: Briones Park (Stefan)
5069,Geometrics_96,NULL,United States,California,Santa Clara,Los Altos Hills,-122.138502,37.391175,WGS84,61,m,30arc-sec,10,8,"QT",017: Esther Clark (Stefan)
5070,Geometrics_97,NULL,United States,California,Santa Clara,Los Altos,-122.119357,37.375651,WGS84,58,m,30arc-sec,15,8,"Qal3",018: PGGS (Stefan)
5071,Geometrics_98,NULL,United States,California,Santa Clara,Los Altos,-122.101693,37.381638,WGS84,49,m,30arc-sec,31,8,"Qoa",019: Almond Field (Stefan)
5072,Geometrics_99,NULL,United States,California,Santa Clara,Mountain View,-122.080096,37.371995,WGS84,46,m,30arc-sec,31,8,"Qal2",020: Cuesta Park (Stefan)
5073,Geometrics_100,NULL,United States,California,Santa Clara,Blossom Valley,-122.091601,37.358474,WGS84,56,m,30arc-sec,33,8,"Qoa",021: Mckenzie Park (Stefan)
5074,Geometrics_101,NULL,United States,California,Santa Clara,Blossom Valley,-122.086238,37.35762,WGS84,69,m,30arc-sec,9,8,"Qal2",Heritage Oaks Park
5075,Geometrics_102,NULL,United States,California,Santa Clara,Mountain View,-122.082706,37.372589,WGS84,46,m,30arc-sec,31,8,"Qal2",Cuesta Park
5076,Geometrics_103,NULL,United States,California,Santa Clara,Blossom Valley,-122.088022,37.37193,WGS84,45,m,30arc-sec,17,8,"Qal2",Blossom Valley
5077,Geometrics_104,NULL,United States,California,Santa Clara,Monte Vista,-122.034005,37.304794,WGS84,89,m,30arc-sec,62,4,"Qoa",De Anza Shopping Center
5078,Geometrics_105,NULL,Japan,Ibaraki,,Yatabe,140.06105,36.060528,WGS84,17,m,30arc-sec,5,13,"",Location 3
5079,Geometrics_106,NULL,United States,California,Santa Clara,San Jose,-121.818268,37.374142,WGS84,52,m,30arc-sec,2,8,"Qoa",022: Fleming Park (Stefan)
5080,Geometrics_107,NULL,United States,California,Santa Clara,San Jose,-121.817664,37.360583,WGS84,41,m,30arc-sec,14,8,"Qal2",023: The Academies (Stefan)
5081,Geometrics_108,NULL,United States,California,Santa Clara,San Jose,-121.796169,37.347381,WGS84,62,m,30arc-sec,32,8,"Qal3",024: Fernish Park(Stefan)
5082,Geometrics_109,NULL,United States,California,Santa Clara,San Jose,-121.779688,37.335179,WGS84,110,m,30arc-sec,21,8,"Kss",025: Groesbeck (Stefan)
5083,Geometrics_110,NULL,United States,California,Santa Clara,San Jose,-121.780235,37.313992,WGS84,77,m,30arc-sec,3,12,"Qal2",026: Mattique (Stefan)
5084,Geometrics_111,NULL,United States,California,Santa Clara,San Jose,-121.768486,37.29052,WGS84,154,m,30arc-sec,6,12,"QT",027: Canyon Creek (Stefan)
5085,Geometrics_112,NULL,United States,California,Santa Clara,San Jose,-121.756866,37.280823,WGS84,172,m,30arc-sec,18,12,"Qal3",028: Flowering Meadow (Stefan)
5086,Geometrics_113,NULL,United States,California,Santa Clara,San Jose,-121.812446,37.318405,WGS84,41,m,30arc-sec,30,16,"Qal1",029: Asana (Stefan)
5087,Geometrics_114,NULL,United States,California,Santa Clara,San Jose,-121.824982,37.339413,WGS84,35,m,30arc-sec,14,12,"Qal1",030: Hillview Park (Stefan)
5088,Geometrics_115,NULL,United States,California,Santa Clara,San Jose,-121.812726,37.282257,WGS84,51,m,30arc-sec,7,16,"Qal3",031: Hellyer Park (Stefan)
5089,Geometrics_116,NULL,United States,California,Santa Clara,San Jose,-121.8187,37.247741,WGS84,52,m,30arc-sec,1,12,"Qal1",032: Miner Park (Stefan)
5090,Geometrics_117,NULL,United States,California,Santa Clara,San Jose,-121.835593,37.240469,WGS84,49,m,30arc-sec,70,16,"Qal1",033: Victory (Stefan)
5091,Geometrics_118,NULL,United States,California,Santa Clara,San Jose,-121.888933,37.233135,WGS84,77,m,30arc-sec,5,12,"Qoa",034: TJ Martin (Stefan)
5092,Geometrics_119,NULL,United States,California,Santa Clara,San Jose,-121.919317,37.230963,WGS84,135,m,30arc-sec,9,8,"Qoa",035: Belgatos (Stefan)
5093,Geometrics_120,NULL,United States,California,Santa Clara,Los Gatos,-121.966119,37.221991,WGS84,144,m,30arc-sec,21,7,"Tsh",036: Worcester (Stefan)
5094,Geometrics_121,NULL,United States,California,Santa Clara,Saratoga,-122.016235,37.269063,WGS84,104,m,30arc-sec,47,3,"Qoa",037: Heritage Orchard (Stefan)
5095,Geometrics_122,NULL,United States,California,Santa Clara,Saratoga,-122.026181,37.277508,WGS84,109,m,30arc-sec,56,3,"Qoa",038: Argonaut (Stefan)
5096,Geometrics_123,NULL,United States,California,Santa Clara,San Jose,-121.998565,37.281784,WGS84,80,m,30arc-sec,23,8,"Qal2",039: El Quito (Stefan)
5097,Geometrics_124,NULL,United States,California,Santa Clara,San Jose,-121.97951,37.296663,WGS84,60,m,30arc-sec,6,8,"Qal2",040: Hathaway Park (Stefan)
5098,Geometrics_125,NULL,United States,California,Santa Clara,Campbell,-121.976376,37.266808,WGS84,70,m,30arc-sec,9,8,"Qoa",041: Jack Fischer (Stefan)
5099,Geometrics_126,NULL,United States,California,Santa Clara,San Jose,-121.941693,37.255963,WGS84,81,m,30arc-sec,23,8,"Qoa",042: Houge Park (Stefan)
5100,Geometrics_127,NULL,United States,California,Santa Clara,San Jose,-121.915209,37.260263,WGS84,56,m,30arc-sec,13,12,"Qoa",043: Butcher Dog Park (Stefan)
5101,Geometrics_128,NULL,United States,California,Santa Clara,San Jose,-121.90299,37.273054,WGS84,49,m,30arc-sec,2,12,"Qal2",044: Kirk Park (Stefan)
5102,Geometrics_129,NULL,United States,California,Santa Clara,San Jose,-121.875521,37.267655,WGS84,46,m,30arc-sec,24,12,"Qal2",045: Thousand Oaks (Stefan)
5103,Geometrics_130,NULL,United States,California,Santa Clara,San Jose,-121.865689,37.262151,WGS84,51,m,30arc-sec,13,12,"Qal2",046: Lief Erikson (Stefan)
5104,Geometrics_131,NULL,United States,California,Santa Clara,San Jose,-121.836059,37.259286,WGS84,48,m,30arc-sec,15,12,"Qal1",047: Martial Cottle (Stefan)
5105,Geometrics_132,NULL,United States,California,Santa Clara,San Jose,-121.861244,37.286969,WGS84,89,m,30arc-sec,36,12,"sp",048: Vieira Park (Stefan)
5106,Geometrics_133,NULL,United States,California,Sonoma,Sonoma,-122.455055,38.281582,WGS84,20,m,30arc-sec,26,3,"Qoa",Sonoma
5107,Geometrics_134,NULL,Japan,Ibaraki,,Tateno,140.138163,36.010834,WGS84,24,m,30arc-sec,5,9,"",20200421
5108,Geometrics_135,NULL,Japan,Ibaraki,,Tateno,140.138734,36.01149,WGS84,24,m,30arc-sec,5,9,"",ooi
5109,Geometrics_136,NULL,United States,California,Santa Clara,Sunnyvale,-122.027077,37.435291,WGS84,-1,m,30arc-sec,1,18,"Qi",Bay trail 1
5110,Geometrics_137,NULL,United States,California,Santa Clara,Sunnyvale,-122.007744,37.431923,WGS84,-1,m,30arc-sec,9,18,"Qi",Bay trail 2
5111,Geometrics_138,NULL,Japan,Ibaraki,,Tateno,140.141504,36.011022,WGS84,24,m,30arc-sec,5,9,"",20200504
5112,Geometrics_139,NULL,United States,California,Napa,Napa,-122.285522,38.30275,WGS84,7,m,30arc-sec,4,7,"Qal2",N1 - Solomon Memorial Grove (Stefan)
5113,Geometrics_140,NULL,United States,California,Napa,Napa,-122.28299,38.30183,WGS84,8,m,30arc-sec,28,7,"Qal2",N2 - Exbow Commons (Stefan)
5114,Geometrics_141,NULL,United States,California,Napa,Napa,-122.289764,38.300709,WGS84,7,m,30arc-sec,4,7,"Qal2",N3 - Napa Creek (Stefan)
5115,Geometrics_142,NULL,United States,California,Napa,Napa,-122.289207,38.304417,WGS84,7,m,30arc-sec,4,3,"Qal2",N4 - New Tech High School (Stefan)
5116,Geometrics_143,NULL,United States,California,Napa,Napa,-122.280754,38.305691,WGS84,8,m,30arc-sec,28,3,"Qal3",N5 - Oxbow Preserve (Stefan)
5117,Geometrics_144,NULL,United States,California,Napa,Napa,-122.270332,38.29673,WGS84,18,m,30arc-sec,10,11,"Qoa",N6 - Fairview Park (Stefan)
5118,Geometrics_145,NULL,United States,California,Napa,Napa,-122.336411,38.321373,WGS84,51,m,30arc-sec,29,3,"Qoa",N8 - Alston Park (Stefan)
5119,Geometrics_146,NULL,United States,California,Napa,Napa,-122.301445,38.302483,WGS84,18,m,30arc-sec,18,3,"Qal2",N9 - California & D (Stefan)
5120,Geometrics_147,NULL,United States,California,Napa,Napa,-122.30349,38.314064,WGS84,19,m,30arc-sec,26,3,"Qal2",N10 - Pueblo Field (Stefan)
5121,Geometrics_148,NULL,United States,California,Napa,Napa,-122.281509,38.288719,WGS84,2,m,30arc-sec,28,3,"Qal2",N12 - Napa River East (Stefan)
5122,Geometrics_149,NULL,United States,California,Napa,Napa,-122.289528,38.316463,WGS84,8,m,30arc-sec,8,3,"Qal2",N13 - OBrien Park (Stefan)
5123,Geometrics_150,NULL,United States,California,Napa,Napa,-122.268211,38.30228,WGS84,39,m,30arc-sec,7,11,"Tv",N11 - Lakeview Park (Stefan)
5124,Geometrics_151,NULL,United States,California,Napa,Napa,-122.239815,38.27092,WGS84,169,m,30arc-sec,2,11,"Tv",049: Skyline Park (Stefan)
5125,Geometrics_152,NULL,United States,California,Napa,Napa,-122.257294,38.334335,WGS84,36,m,30arc-sec,6,7,"QT",N14 - Vichy Springs (Stefan)
5126,Geometrics_153,NULL,United States,California,Napa,Napa,-122.315666,38.308468,WGS84,26,m,30arc-sec,11,3,"Qal2",N16 - West Park (Stefan)
5127,Geometrics_154,NULL,United States,California,Napa,Napa,-122.313324,38.294914,WGS84,19,m,30arc-sec,5,3,"Qoa",N17 - Laurel Park (Stefan)
5128,Geometrics_155,NULL,United States,California,San Mateo,Brisbane,-122.382332,37.676491,WGS84,0,m,30arc-sec,0,7,"af/Qi",Brisbane
5129,Geometrics_156,NULL,United States,California,Napa,Napa,-122.303436,38.28495,WGS84,8,m,30arc-sec,14,3,"Qoa",N18 - Harvest School (Stefan)
5130,Geometrics_157,NULL,United States,California,Napa,Napa,-122.293724,38.284538,WGS84,8,m,30arc-sec,15,3,"Qoa",N19 - Collabria Care (Stefan)
5131,Geometrics_158,NULL,United States,California,Napa,Napa,-122.283043,38.276501,WGS84,2,m,30arc-sec,48,3,"Qal1",N20 - Napa River West (Stefan)
5132,Geometrics_159,NULL,United States,California,Napa,Napa,-122.305344,38.278446,WGS84,8,m,30arc-sec,10,3,"Tv",N21 - Snow School (Stefan)
5133,Geometrics_160,NULL,United States,California,Napa,Napa,-122.345779,38.309387,WGS84,66,m,30arc-sec,8,3,"Qal3",N23 - Partrick Road (Stefan)
5134,Geometrics_161,NULL,United States,California,Napa,Napa,-122.335358,38.307911,WGS84,50,m,30arc-sec,2,3,"Qal3",N22 - Century Oaks (Stefan)
5135,Geometrics_162,NULL,United States,California,Napa,Napa,-122.265167,38.287357,WGS84,17,m,30arc-sec,1,11,"Qal3",N25 - Camille Park (Stefan)
5136,Geometrics_163,NULL,Japan,Fukuoka,,Minami-torihatamachi,130.819369,33.900549,WGS84,3,m,30arc-sec,1,18,"",20200521
5137,Geometrics_164,NULL,United States,California,Napa,Napa,-122.354614,38.298786,WGS84,153,m,30arc-sec,55,3,"Kss",N24 - Timberhill (Stefan)
5138,Geometrics_165,NULL,United States,California,Napa,Napa,-122.246552,38.296215,WGS84,34,m,30arc-sec,1,11,"Qoa",N27 - Mt. George (Stefan)
5139,Geometrics_166,NULL,United States,California,Napa,Napa,-122.271431,38.311031,WGS84,48,m,30arc-sec,11,7,"Tv",N28 - Clark King (Stefan)
5140,Geometrics_167,NULL,United States,California,Napa,Napa,-122.306686,38.335388,WGS84,19,m,30arc-sec,5,3,"Qoa",N30 - Solomon Park (Stefan)
5141,Geometrics_168,NULL,Japan,Fukuoka,,Ginza,130.818527,33.899872,WGS84,0,m,30arc-sec,0,18,"","200520-01 Kitakyushu-shi, Tobata-ku"
5142,Geometrics_169,NULL,Japan,Fukuoka,,Ginza,130.817856,33.900208,WGS84,3,m,30arc-sec,1,18,"","200520-02 Kitakyushu-shi, Tobata-ku"
5143,Geometrics_170,NULL,Japan,Fukuoka,,Ginza,130.815979,33.898277,WGS84,5,m,30arc-sec,2,18,"","200521-03 Kitakyushu-shi, Tobata-ku"
5144,Geometrics_171,NULL,Japan,Fukuoka,,Ginza,130.815598,33.898151,WGS84,5,m,30arc-sec,2,18,"","200521-04 Kitakyushu-shi, Tobata-ku"
5145,Geometrics_172,NULL,Japan,Fukuoka,,Ginza,130.814163,33.896519,WGS84,5,m,30arc-sec,2,18,"","200521-05 Kitakyushu-shi, Tobata-ku"
5146,Geometrics_173,NULL,Japan,Fukuoka,,Minami-torihatamachi,130.820099,33.897839,WGS84,0,m,30arc-sec,0,18,"","200521-06 Kitakyushu-shi, Tobata-ku"
5147,Geometrics_174,NULL,Japan,Fukuoka,,Meijimachi,130.821686,33.90015,WGS84,3,m,30arc-sec,1,18,"","200521-07 Kitakyushu-shi, Tobata-ku"
5148,Geometrics_175,NULL,Japan,Fukuoka,,Minami-torihatamachi,130.81929,33.900433,WGS84,3,m,30arc-sec,1,18,"","200521-08 Kitakyushu-shi, Tobata-ku"
5149,Geometrics_176,NULL,United States,California,Napa,Napa,-122.296547,38.309273,WGS84,14,m,30arc-sec,18,3,"Qal2","N33 - Napa High (Stefan,Cari)"
5150,Geometrics_177,NULL,United States,California,Napa,Napa,-122.283318,38.298065,WGS84,5,m,30arc-sec,2,7,"water","N32 - Napa River (Stefan,Cari)"
5151,Geometrics_178,NULL,United States,California,Napa,Napa,-122.319855,38.303001,WGS84,37,m,30arc-sec,29,3,"Qal3","N31 - Westwood Hills (Stefan,Cari)"
5152,Geometrics_179,NULL,United States,California,Napa,Napa,-122.318825,38.294273,WGS84,94,m,30arc-sec,6,3,"Tv",050: Westwood Hills 2 (Stefan)
5153,Geometrics_180,NULL,United States,California,Napa,Napa,-122.322868,38.296841,WGS84,94,m,30arc-sec,6,3,"Tss",051: Westwood Hills 3 (Stefan)
5154,Geometrics_181,NULL,Japan,Ibaraki,,Tsukuba,140.078324,36.067362,WGS84,29,m,30arc-sec,2,13,"",20042203
5155,Geometrics_182,NULL,United States,California,Napa,Napa,-122.31883,38.294264,WGS84,94,m,30arc-sec,6,3,"Tv",WW hills hv
5156,Geometrics_183,NULL,Japan,Hyogo,,Naruohama,135.375084,34.702355,WGS84,1,m,30arc-sec,1,3,"",200527_MukoR35
5157,Geometrics_184,NULL,Japan,Hyogo,,Mukocho,135.372491,34.762149,WGS84,13,m,30arc-sec,5,1,"",200527_MukoR21
5158,Geometrics_185,NULL,Japan,Hyogo,,Naruohama,135.373086,34.698097,WGS84,0,m,30arc-sec,0,3,"",200527_MukoR36
5159,Geometrics_186,NULL,Japan,Hyogo,,Takarazuka,135.357242,34.803809,WGS84,31,m,30arc-sec,30,5,"",200526_MukoR10
5160,Geometrics_187,NULL,Japan,Hyogo,,Kawamo,135.348237,34.8061,WGS84,40,m,30arc-sec,4,5,"",200526_MukoR12
5161,Geometrics_188,NULL,Japan,Hyogo,,Mukocho,135.372502,34.758721,WGS84,13,m,30arc-sec,5,7,"",200528_MukoR22
5162,Geometrics_189,NULL,Japan,Hyogo,,Mukocho,135.373107,34.75492,WGS84,9,m,30arc-sec,25,7,"",200528_MukoR23
5163,Geometrics_190,NULL,Japan,Hyogo,,Mizudocho,135.378144,34.741281,WGS84,6,m,30arc-sec,33,3,"",200528_MukoR26
5164,Geometrics_191,NULL,Japan,Hyogo,,Oshima,135.379924,34.736739,WGS84,6,m,30arc-sec,33,3,"",200528_MukoR27
5165,Geometrics_192,NULL,Japan,Hyogo,,Yumotocho,135.343348,34.808193,WGS84,40,m,30arc-sec,4,5,"",200528_MukoR41
5166,Geometrics_193,NULL,Japan,Hyogo,,Yumotocho,135.339457,34.810137,WGS84,49,m,30arc-sec,2,5,"",200528_MukoR43
5167,Geometrics_194,NULL,Japan,Hyogo,,Yumotocho,135.339664,34.810169,WGS84,49,m,30arc-sec,2,5,"",200528_MukoR42
5168,Geometrics_195,NULL,Japan,Hyogo,,Takarazuka,135.352838,34.805266,WGS84,31,m,30arc-sec,30,5,"",200526_MukoR11
5169,Geometrics_196,NULL,Japan,Hyogo,,Mukocho,135.372706,34.766613,WGS84,13,m,30arc-sec,5,1,"",200526_MukoR01
5170,Geometrics_197,NULL,Japan,Hyogo,,Takatsukasa,135.372879,34.771564,WGS84,14,m,30arc-sec,6,1,"",200526_MukoR02
5171,Geometrics_198,NULL,Japan,Hyogo,,Takatsukasa,135.373017,34.777317,WGS84,20,m,30arc-sec,9,1,"",200526_MukoR03
5172,Geometrics_199,NULL,Japan,Hyogo,,Takatsukasa,135.371981,34.782013,WGS84,20,m,30arc-sec,9,5,"",200526_MukoR04
5173,Geometrics_200,NULL,Japan,Hyogo,,Takatsukasa,135.370783,34.785855,WGS84,22,m,30arc-sec,3,5,"",200526_MukoR05
5174,Geometrics_201,NULL,Japan,Hyogo,,Takamatsucho,135.369542,34.790327,WGS84,22,m,30arc-sec,3,5,"",200526_MukoR06
5175,Geometrics_202,NULL,Japan,Hyogo,,Takamatsucho,135.367595,34.794236,WGS84,28,m,30arc-sec,4,5,"",200526_MukoR07
5176,Geometrics_203,NULL,Japan,Hyogo,,Takarazuka,135.36428,34.79831,WGS84,26,m,30arc-sec,5,5,"",200526_MukoR08
5177,Geometrics_204,NULL,Japan,Hyogo,,Takarazuka,135.361184,34.800621,WGS84,30,m,30arc-sec,10,5,"",200526_MukoR09
5178,Geometrics_205,NULL,Japan,Hyogo,,Naruocho,135.37929,34.710883,WGS84,1,m,30arc-sec,7,3,"",200527_MukoR33
5179,Geometrics_206,NULL,Japan,Hyogo,,Naruocho,135.377218,34.706607,WGS84,1,m,30arc-sec,1,3,"",200527_MukoR34
5180,Geometrics_207,NULL,Japan,Hyogo,,Oshima,135.379032,34.732434,WGS84,4,m,30arc-sec,1,3,"",200527_MukoR28
5181,Geometrics_208,NULL,Japan,Hyogo,,Oshima,135.380079,34.727802,WGS84,4,m,30arc-sec,1,3,"",200527_MukoR29
5182,Geometrics_209,NULL,Japan,Hyogo,,Oshima,135.383386,34.72325,WGS84,1,m,30arc-sec,3,4,"",200527_MukoR30
5183,Geometrics_210,NULL,Japan,Hyogo,,Oshima,135.382542,34.719503,WGS84,2,m,30arc-sec,11,4,"",200527_MukoR31
5184,Geometrics_211,NULL,Japan,Hyogo,,Naruocho,135.380384,34.715291,WGS84,1,m,30arc-sec,7,3,"",200527_MukoR32
5185,Geometrics_212,NULL,Japan,Hyogo,,Mukocho,135.374499,34.750073,WGS84,9,m,30arc-sec,25,5,"",200527_MukoR24
5186,Geometrics_213,NULL,Japan,Hyogo,,Mukocho,135.375789,34.745516,WGS84,6,m,30arc-sec,2,5,"",200527_MukoR25
5187,Geometrics_214,NULL,United States,California,Napa,Napa,-122.340958,38.304157,WGS84,50,m,30arc-sec,2,3,"Qal3",N34 - Browns Valley Fibonacci (Stefan)
5188,Geometrics_215,NULL,United States,California,Napa,Napa,-122.322319,38.325344,WGS84,24,m,30arc-sec,7,3,"Qal2",N35 - Northwood School (Stefan)
5189,Geometrics_216,NULL,United States,California,Napa,Napa,-122.327019,38.331421,WGS84,27,m,30arc-sec,8,3,"Qal2",N36 - Las Flores Park (Stefan)
5190,Geometrics_217,NULL,United States,California,Napa,Napa,-122.31662,38.317406,WGS84,24,m,30arc-sec,16,3,"Qal2",N37 - Pueblo Vista (Stefan)
5191,Geometrics_218,NULL,Japan,Hyogo,,Mukocho,135.366714,34.76704,WGS84,14,m,30arc-sec,6,1,"",Danjo8 PL Asphalt  ATOM
5192,Geometrics_219,NULL,Japan,Hyogo,,Mukocho,135.366714,34.767033,WGS84,14,m,30arc-sec,6,1,"","Danjo8 PL Soil, ATOM PW0.1Hz"
5193,Geometrics_220,NULL,United States,California,Napa,Napa,-122.2929,38.29377,WGS84,12,m,30arc-sec,22,3,"Qal2","N38 - Fuller Park (S,C,P)"
5194,Geometrics_221,NULL,United States,California,Napa,Napa,-122.303436,38.28495,WGS84,8,m,30arc-sec,14,3,"Qoa","N39 - Harvest School 1+2 (S,C,P)"
5195,Geometrics_222,NULL,Japan,Hyogo,,Nishinomiya-hama,135.328709,34.711188,WGS84,0,m,30arc-sec,0,3,"",200601_Shuku01_MMisland
5196,Geometrics_223,NULL,Japan,Hyogo,,Nishinomiya-hama,135.331186,34.720818,WGS84,5,m,30arc-sec,1,1,"",200601_Shuku02_MMisland
5197,Geometrics_224,NULL,Japan,Hyogo,,Izumicho,135.333887,34.722755,WGS84,0,m,30arc-sec,0,1,"",200601-OmaeATOM
5198,Geometrics_225,NULL,Japan,Hyogo,,Izumicho,135.329028,34.72514,WGS84,3,m,30arc-sec,2,1,"",200601_ShukuR03_Soil
5199,Geometrics_226,NULL,Japan,Hyogo,,Izumicho,135.329139,34.728904,WGS84,3,m,30arc-sec,2,1,"",20060_ShukuR04_Soil
5200,Geometrics_227,NULL,Japan,Hyogo,,Izumicho,135.329204,34.7321,WGS84,3,m,30arc-sec,2,1,"",200601_ShukuR05_Soil
5201,Geometrics_228,NULL,Japan,Hyogo,,Tonoyamacho,135.329125,34.736245,WGS84,9,m,30arc-sec,8,1,"",200601_ShukuR06_Soil
5202,Geometrics_229,NULL,Japan,Hyogo,,Nangocho,135.328494,34.74037,WGS84,9,m,30arc-sec,8,1,"",200601_ShukuR07_Soil
5203,Geometrics_230,NULL,United States,California,Napa,Napa,-122.283363,38.260574,WGS84,-1,m,30arc-sec,15,3,"Qi","N40 - NVC Softball Fields (S,C,P)"
5204,Geometrics_231,NULL,United States,California,Napa,Napa,-122.307564,38.326553,WGS84,18,m,30arc-sec,2,7,"Qal2",N41 - Bel Aire Park (Stefan)
5205,Geometrics_232,NULL,United States,California,Napa,Napa,-122.330788,38.343987,WGS84,31,m,30arc-sec,9,3,"Qoa",N42 - Abruzzini Park (Stefan)
5206,Geometrics_233,NULL,Japan,Tokyo,,Kichijoji-kitamachi,139.568847,35.712228,WGS84,60,m,30arc-sec,6,5,"",200604-1-吉祥寺
5207,Geometrics_234,NULL,United States,California,Napa,Napa,-122.318993,38.347885,WGS84,26,m,30arc-sec,9,3,"Qoa",N43 - Springwood Park (Stefan)
5208,Geometrics_235,NULL,Japan,Shizuoka,,Kuwagi,138.968098,35.313133,WGS84,422,m,30arc-sec,34,2,"",200604-2-足柄SA
5209,Geometrics_236,NULL,Japan,Shizuoka,,Yamanashi,137.905715,34.823323,WGS84,49,m,30arc-sec,14,3,"",200604-3-遠州森町PA
5210,Geometrics_237,NULL,Japan,Aichi,,Nakagawa,137.04664,35.043009,WGS84,21,m,30arc-sec,9,15,"",200604-4-刈谷SA
5211,Geometrics_238,NULL,Japan,Mie,,Yamamotocho,136.467317,34.962322,WGS84,154,m,30arc-sec,3,3,"",200604-5-SuzukaSA
5212,Geometrics_239,NULL,Japan,Kyoto,,Kuga,135.721268,34.942914,WGS84,16,m,30arc-sec,22,3,"",200604-6-Katsuragawa
5213,Geometrics_240,NULL,Japan,Osaka,,Okamachi,135.448599,34.780248,WGS84,8,m,30arc-sec,3,4,"",200604-7-Toyonaka
5214,Geometrics_241,NULL,United States,California,Napa,Napa,-122.228523,38.310734,WGS84,80,m,30arc-sec,19,7,"Qoa",N44 - 3rd Ave 1 (Stefan)
5215,Geometrics_242,NULL,United States,California,Solano,Napa,-122.218727,38.283092,WGS84,214,m,30arc-sec,6,7,"Tv",N45 - Top Green Valley Rd (Stefan)
5216,Geometrics_243,NULL,Japan,Hyogo,,Kurakuen,135.323568,34.760888,WGS84,157,m,30arc-sec,3,1,"",200601_ShukuR12_Rock
5217,Geometrics_244,NULL,Japan,Hyogo,,Nangocho,135.326392,34.756987,WGS84,34,m,30arc-sec,3,1,"",200601_ShukuR11_Rock
5218,Geometrics_245,NULL,Japan,Hyogo,,Nangocho,135.329461,34.753741,WGS84,34,m,30arc-sec,3,1,"",200601_ShukuR10_Soil
5219,Geometrics_246,NULL,Japan,Hyogo,,Nangocho,135.329467,34.749309,WGS84,19,m,30arc-sec,12,5,"",200601_ShukuR09_Soil
5220,Geometrics_247,NULL,Japan,Hyogo,,Nangocho,135.32918,34.744678,WGS84,19,m,30arc-sec,12,5,"",200601_ShukuR08_Soil
5221,Geometrics_248,NULL,Japan,Hyogo,,Arinodai,135.235129,34.819374,WGS84,248,m,30arc-sec,1,5,"",200528_ATOM01
5222,Geometrics_249,NULL,Japan,Hyogo,,Arinodai,135.233873,34.819531,WGS84,248,m,30arc-sec,1,5,"",200528_ATOM02
5223,Geometrics_250,NULL,United States,California,Napa,Napa,-122.282784,38.31979,WGS84,8,m,30arc-sec,5,11,"Qoa",N47 - Elks River (Stefan)
5224,Geometrics_251,NULL,United States,California,Napa,Napa,-122.252823,38.278145,WGS84,35,m,30arc-sec,5,11,"Tv",N46 - Skyline Park (Stefan)
5225,Geometrics_252,NULL,Japan,Ibaraki,,Yatabe,140.066835,36.045735,WGS84,16,m,30arc-sec,3,13,"",ba1
5226,Geometrics_253,NULL,Japan,Ibaraki,,Yatabe,140.06708,36.045743,WGS84,16,m,30arc-sec,3,13,"",ba1r
5227,Geometrics_254,NULL,Japan,Ibaraki,,Yatabe,140.063941,36.045945,WGS84,26,m,30arc-sec,4,13,"",ba2
5228,Geometrics_255,NULL,Japan,Ibaraki,,Tsukuba,140.105512,36.062341,WGS84,25,m,30arc-sec,27,13,"",teshirogi park
5229,Geometrics_256,NULL,Japan,Ibaraki,,Tsukuba,140.107657,36.062192,WGS84,25,m,30arc-sec,27,13,"",teshirogi jr high school2
5230,Geometrics_257,NULL,Japan,Hyogo,,Nangocho,135.343324,34.754264,WGS84,22,m,30arc-sec,1,1,"",200609-2
5231,Geometrics_258,NULL,Japan,Hyogo,,Nangocho,135.343077,34.754252,WGS84,22,m,30arc-sec,1,1,"",200609-3
5232,Geometrics_259,NULL,Japan,Hyogo,,Nangocho,135.343724,34.754307,WGS84,22,m,30arc-sec,1,1,"",200609-1
5233,Geometrics_260,NULL,Japan,Hyogo,,Nangocho,135.34052,34.757066,WGS84,31,m,30arc-sec,17,1,"",200609-一ケ谷小径
5234,Geometrics_261,NULL,Japan,Hyogo,,Nangocho,135.340244,34.757147,WGS84,31,m,30arc-sec,17,1,"",200609-一ケ谷小径1
5235,Geometrics_262,NULL,Japan,Hyogo,,Nangocho,135.340034,34.757181,WGS84,31,m,30arc-sec,17,1,"",200609-一ケ谷小径2
5236,Geometrics_263,NULL,Japan,Hyogo,,Nangocho,135.340034,34.757181,WGS84,31,m,30arc-sec,17,1,"",200609-一ケ谷小径3
5237,Geometrics_264,NULL,Japan,Ehime,,<U+677E><U+5C71><U+5E02>,132.758667,33.862808,WGS84,36,m,30arc-sec,7,18,"",OYOshikoku
5238,Geometrics_265,NULL,Japan,Hyogo,,Tonoyamacho,135.319794,34.741089,WGS84,19,m,30arc-sec,1,1,"",200609-一大谷町８
5239,Geometrics_266,NULL,Japan,Hyogo,,Tonoyamacho,135.320722,34.740652,WGS84,19,m,30arc-sec,1,1,"",200609-一大谷町８
5240,Geometrics_267,NULL,Japan,Hyogo,,Tonoyamacho,135.320722,34.740652,WGS84,19,m,30arc-sec,1,1,"",200609-一大谷町８
5241,Geometrics_268,NULL,Japan,Hyogo,,Tonoyamacho,135.321251,34.740305,WGS84,19,m,30arc-sec,1,1,"",200609-一大谷町８
5242,Geometrics_269,NULL,Japan,Hyogo,,Tonoyamacho,135.317042,34.739277,WGS84,19,m,30arc-sec,1,1,"",200609-一西宮芦屋境
5243,Geometrics_270,NULL,Japan,Hyogo,,Tonoyamacho,135.317871,34.73964,WGS84,19,m,30arc-sec,1,1,"",200609-一西宮芦屋境
5244,Geometrics_271,NULL,Japan,Hyogo,,Tonoyamacho,135.318209,34.739667,WGS84,19,m,30arc-sec,1,1,"",200609-一西宮芦屋境
5245,Geometrics_272,NULL,Japan,Ehime,,Matsuyama,132.764145,33.862953,WGS84,36,m,30arc-sec,7,18,"",MTYM_001
5246,Geometrics_273,NULL,Japan,Hyogo,,Nangocho,135.340726,34.758033,WGS84,31,m,30arc-sec,17,1,"",200610-一ケ谷児童遊園
5247,Geometrics_274,NULL,Japan,Hyogo,,Nangocho,135.340252,34.757925,WGS84,31,m,30arc-sec,17,1,"",200610-一ケ谷公園
5248,Geometrics_275,NULL,Japan,Hyogo,,Nangocho,135.342608,34.759062,WGS84,51,m,30arc-sec,2,1,"",200610-上ケ原９番町
5249,Geometrics_276,NULL,Japan,Hyogo,,Nangocho,135.344976,34.757576,WGS84,22,m,30arc-sec,1,1,"",200610-新池北公園
5250,Geometrics_277,NULL,Japan,Hyogo,,Nangocho,135.344976,34.757576,WGS84,22,m,30arc-sec,1,1,"",200610-新池北公園
5251,Geometrics_278,NULL,Japan,Ehime,,<U+677E><U+5C71><U+5E02>,132.753128,33.860359,WGS84,20,m,30arc-sec,25,18,"",MTYM_002
5252,Geometrics_279,NULL,Japan,Ehime,,<U+677E><U+5C71><U+5E02>,132.750626,33.860119,WGS84,20,m,30arc-sec,25,18,"",MTYM_003
5253,Geometrics_280,NULL,Japan,Ehime,,<U+677E><U+5C71><U+5E02>,132.744995,33.860344,WGS84,15,m,30arc-sec,14,18,"",MTYM_004
5254,Geometrics_281,NULL,Japan,Ehime,,<U+677E><U+5C71><U+5E02>,132.742645,33.859474,WGS84,15,m,30arc-sec,14,18,"",MTYM_005
5255,Geometrics_282,NULL,Japan,Hyogo,,Nangocho,135.342596,34.759063,WGS84,51,m,30arc-sec,2,1,"",200610-上ケ原９番町
5256,Geometrics_283,NULL,Japan,Saitama,,Saitama,139.648285,35.906227,WGS84,7,m,30arc-sec,5,15,"",SIT010
5257,Geometrics_284,NULL,Japan,Ibaraki,,Yatabe,140.050516,36.031064,WGS84,26,m,30arc-sec,11,9,"",Midorino 0611_1
5258,Geometrics_285,NULL,Japan,Ibaraki,,Yatabe,140.051747,36.027484,WGS84,26,m,30arc-sec,11,9,"",Midorino 0611_2
5259,Geometrics_286,NULL,Japan,Ibaraki,,Tsukuba,140.083347,36.066969,WGS84,23,m,30arc-sec,16,9,"",tsuku0612_1
5260,Geometrics_287,NULL,Japan,Hyogo,,Fukae-honmachi,135.306295,34.714708,WGS84,3,m,30arc-sec,8,1,"",200612ｰ芦屋川01
5261,Geometrics_288,NULL,Japan,Hyogo,,Fukae-honmachi,135.305152,34.718977,WGS84,0,m,30arc-sec,0,1,"",200612ｰ芦屋川02
5262,Geometrics_289,NULL,Japan,Saitama,,Saitama,139.648285,35.906227,WGS84,7,m,30arc-sec,5,15,"",Site01(K-NET SIT010)
5263,Geometrics_290,NULL,Japan,Saitama,,Saitama,139.644226,35.904633,WGS84,7,m,30arc-sec,5,11,"",Site02
5264,Geometrics_291,NULL,Japan,Saitama,,Saitama,139.639359,35.906696,WGS84,15,m,30arc-sec,13,11,"",Site03
5265,Geometrics_292,NULL,Japan,Hyogo,,Nangocho,135.340528,34.757074,WGS84,31,m,30arc-sec,17,1,"",200609-一ケ谷小径
5266,Geometrics_293,NULL,Japan,Hyogo,,Ashiya,135.304893,34.723696,WGS84,0,m,30arc-sec,0,1,"",200612ｰ芦屋川03
5267,Geometrics_294,NULL,Japan,Ibaraki,,Yatabe,140.075562,36.065468,WGS84,24,m,30arc-sec,1,13,"",CMP00
5268,Geometrics_295,NULL,Japan,Ibaraki,,Yatabe,140.073395,36.068642,WGS84,26,m,30arc-sec,40,13,"",CMP01
5269,Geometrics_296,NULL,Japan,Ibaraki,,Tsukuba,140.072433,36.072277,WGS84,26,m,30arc-sec,40,13,"",CMP02
5270,Geometrics_297,NULL,Japan,Ibaraki,,Tsukuba,140.070847,36.075771,WGS84,26,m,30arc-sec,13,9,"",CMP03
5271,Geometrics_298,NULL,Japan,Ibaraki,,Tsukuba,140.070526,36.079273,WGS84,26,m,30arc-sec,13,9,"",CMP04
5272,Geometrics_299,NULL,Japan,Ibaraki,,Tsukuba,140.069321,36.082867,WGS84,26,m,30arc-sec,13,9,"",CMP05
5273,Geometrics_300,NULL,Japan,Ibaraki,,Tsukuba,140.068481,36.086384,WGS84,28,m,30arc-sec,6,13,"",CMP06
5274,Geometrics_301,NULL,Japan,Ibaraki,,Tsukuba,140.068298,36.089813,WGS84,28,m,30arc-sec,6,13,"",CMP07
5275,Geometrics_302,NULL,Japan,Ibaraki,,Tsukuba,140.070786,36.093777,WGS84,28,m,30arc-sec,31,13,"",CMP08
5276,Geometrics_303,NULL,Japan,Ibaraki,,Tsukuba,140.074265,36.097866,WGS84,28,m,30arc-sec,31,9,"",CMP09
5277,Geometrics_304,NULL,Japan,Ibaraki,,Tsukuba,140.078491,36.101154,WGS84,30,m,30arc-sec,1,9,"",CMP10
5278,Geometrics_305,NULL,Japan,Ibaraki,,Ozone,140.082214,36.104691,WGS84,30,m,30arc-sec,1,13,"",CMP11
5279,Geometrics_306,NULL,Japan,Ibaraki,,Ozone,140.086334,36.108353,WGS84,27,m,30arc-sec,31,13,"",CMP12
5280,Geometrics_307,NULL,Japan,Ibaraki,,Ozone,140.089798,36.111668,WGS84,27,m,30arc-sec,31,13,"",CMP13
5281,Geometrics_308,NULL,Japan,Ibaraki,,Ozone,140.092255,36.115601,WGS84,31,m,30arc-sec,38,13,"",CMP14
5282,Geometrics_309,NULL,Japan,Ibaraki,,Ozone,140.092773,36.119473,WGS84,30,m,30arc-sec,2,13,"",CMP15
5283,Geometrics_310,NULL,Japan,Ibaraki,,Ozone,140.094711,36.122772,WGS84,30,m,30arc-sec,2,13,"",CMP16
5284,Geometrics_311,NULL,Japan,Ibaraki,,Ozone,140.096954,36.125988,WGS84,29,m,30arc-sec,1,13,"",CMP17
5285,Geometrics_312,NULL,Japan,Ibaraki,,Ozone,140.099915,36.130489,WGS84,29,m,30arc-sec,1,13,"",CMP18
5286,Geometrics_313,NULL,Japan,Ibaraki,,Ozone,140.103287,36.133942,WGS84,9,m,30arc-sec,1,13,"",CMP19
5287,Geometrics_314,NULL,Japan,Ibaraki,,Ozone,140.106369,36.137276,WGS84,9,m,30arc-sec,1,13,"",CMP20
5288,Geometrics_315,NULL,Japan,Ibaraki,,Ozone,140.109436,36.140678,WGS84,8,m,30arc-sec,19,13,"",CMP21
5289,Geometrics_316,NULL,Japan,Ibaraki,,Oda,140.115311,36.145115,WGS84,10,m,30arc-sec,15,13,"",CMP22
5290,Geometrics_317,NULL,Japan,Ibaraki,,Oda,140.120651,36.147533,WGS84,12,m,30arc-sec,1,13,"",CMP23
5291,Geometrics_318,NULL,Japan,Hyogo,,Higashiashiyacho,135.301483,34.735577,WGS84,28,m,30arc-sec,8,1,"",200612ｰ芦屋川05
5292,Geometrics_319,NULL,Japan,Ibaraki,,Hojo,140.06191,36.190973,WGS84,18,m,30arc-sec,9,13,"",tsuku0612_2
5293,Geometrics_320,NULL,Japan,Ibaraki,,Tsukuba,140.088959,36.212745,WGS84,160,m,30arc-sec,14,13,"",tsuku0612_3
5294,Geometrics_321,NULL,Japan,Hyogo,,Higashiashiyacho,135.300553,34.737902,WGS84,28,m,30arc-sec,8,1,"",200612ｰ芦屋川06
5295,Geometrics_322,NULL,Japan,Hyogo,,Higashiashiyacho,135.29859,34.740431,WGS84,56,m,30arc-sec,2,1,"",200612ｰ芦屋川07
5296,Geometrics_323,NULL,Japan,Ibaraki,,Hojo,140.103942,36.176865,WGS84,30,m,30arc-sec,5,13,"",tsuku0612_4
5297,Geometrics_324,NULL,Japan,Ibaraki,,Tsukuba,140.089294,36.213699,WGS84,160,m,30arc-sec,14,13,"",IBRH19
5298,Geometrics_325,NULL,Japan,Hyogo,,Ashiya,135.303233,34.728801,WGS84,13,m,30arc-sec,4,1,"",200612ｰ芦屋川04
5299,Geometrics_326,NULL,Japan,Gifu,,Oicho,137.445786,35.473839,WGS84,311,m,30arc-sec,3,1,"",INDEX002_NO08_VS2Deep
5300,Geometrics_327,NULL,Japan,Gifu,,Oicho,137.439957,35.478634,WGS84,301,m,30arc-sec,10,5,"",INDEX005_NO11_VS2Deep
5301,Geometrics_328,NULL,Japan,Gifu,,Nakatsugawa,137.471039,35.456253,WGS84,474,m,30arc-sec,14,1,"",INDEX008_No1
5302,Geometrics_329,NULL,Japan,Hyogo,,Nishinomiya-hama,135.314663,34.707585,WGS84,0,m,30arc-sec,0,1,"",200613-南芦屋浜1
5303,Geometrics_330,NULL,Japan,Gifu,,Nakatsugawa,137.469101,35.457851,WGS84,474,m,30arc-sec,14,1,"",INDEX009_No1
5304,Geometrics_331,NULL,Japan,Gifu,,Oicho,137.453568,35.470634,WGS84,334,m,30arc-sec,16,1,"",INDEX015_NO5
5305,Geometrics_332,NULL,Japan,Gifu,,Oicho,137.451599,35.472229,WGS84,334,m,30arc-sec,16,1,"",index016_no06
5306,Geometrics_333,NULL,Japan,Gifu,,Oicho,137.439972,35.481819,WGS84,301,m,30arc-sec,10,1,"",INDEX021_NO12
5307,Geometrics_334,NULL,Japan,Gifu,,Nakatsugawa,137.467163,35.462635,WGS84,418,m,30arc-sec,3,1,"",INDEX026_NO2
5308,Geometrics_335,NULL,Japan,Gifu,,Nakatsugawa,137.459396,35.469028,WGS84,358,m,30arc-sec,7,9,"",INDEX030_NO4
5309,Geometrics_336,NULL,Japan,Gifu,,Nakatsugawa,137.469208,35.464489,WGS84,418,m,30arc-sec,3,9,"",No03
5310,Geometrics_337,NULL,Japan,Gifu,,Oicho,137.443726,35.474312,WGS84,311,m,30arc-sec,3,5,"",No09
5311,Geometrics_338,NULL,Japan,Gifu,,Oicho,137.441162,35.477062,WGS84,301,m,30arc-sec,10,5,"",No10
5312,Geometrics_339,NULL,Japan,Gifu,,Oicho,137.436768,35.482914,WGS84,301,m,30arc-sec,10,5,"",No13
5313,Geometrics_340,NULL,Japan,Gifu,,Oicho,137.435989,35.483898,WGS84,319,m,30arc-sec,6,5,"",No14
5314,Geometrics_341,NULL,Japan,Hyogo,,Higashiashiyacho,135.296112,34.746756,WGS84,144,m,30arc-sec,8,5,"",200613-芦屋川08
5315,Geometrics_342,NULL,Japan,Hyogo,,Fukae-honmachi,135.308379,34.710712,WGS84,0,m,30arc-sec,0,1,"",200613-南芦屋浜2
5316,Geometrics_343,NULL,Japan,Hyogo,,Iwazonocho,135.309977,34.749425,WGS84,49,m,30arc-sec,2,1,"",200613-六麓荘西緑地
5317,Geometrics_344,NULL,Japan,Hyogo,,Himeji,134.700051,34.833062,WGS84,15,m,30arc-sec,2,3,"",200614_姫路市坂田町
5318,Geometrics_345,NULL,Japan,Hyogo,,Iwazonocho,135.310807,34.748753,WGS84,49,m,30arc-sec,2,1,"",200613-六麓荘
5319,Geometrics_346,NULL,Japan,Hyogo,,Himeji,134.692694,34.840453,WGS84,18,m,30arc-sec,5,3,"",200614_姫路城清水門内
5320,Geometrics_347,NULL,Japan,Hyogo,,Himeji,134.693418,34.841391,WGS84,18,m,30arc-sec,5,3,"",200614_姫路シロトピア記念公園
5321,Geometrics_348,NULL,Japan,Saitama,,Hasuda,139.65004,35.967735,WGS84,14,m,30arc-sec,4,15,"",01_HarudaMinamiJHS
5322,Geometrics_349,NULL,Japan,Saitama,,Hasuda,139.653687,35.971622,WGS84,14,m,30arc-sec,4,15,"",Doroyama
5323,Geometrics_350,NULL,Japan,Saitama,,Sanagaya,139.672897,36.001442,WGS84,14,m,30arc-sec,21,15,"",HasudaShoinHS
5324,Geometrics_351,NULL,Japan,Ehime,,Mitsuhama,132.74028,33.871723,WGS84,12,m,30arc-sec,3,18,"",MTYM105
5325,Geometrics_352,NULL,Japan,Ehime,,Mitsuhama,132.741302,33.870781,WGS84,12,m,30arc-sec,3,18,"",MTYM104
5326,Geometrics_353,NULL,Japan,Ehime,,Mitsuhama,132.741318,33.870838,WGS84,12,m,30arc-sec,3,18,"",MTYM103
5327,Geometrics_354,NULL,Japan,Ehime,,Horiecho,132.749344,33.874485,WGS84,13,m,30arc-sec,7,18,"",MTYM102
5328,Geometrics_355,NULL,Japan,Ehime,,Mitsuhama,132.738831,33.860729,WGS84,14,m,30arc-sec,1,18,"",MTYM_006
5329,Geometrics_356,NULL,Japan,Ehime,,Mitsuhama,132.738785,33.860809,WGS84,14,m,30arc-sec,1,18,"",MTYM_006d
5330,Geometrics_357,NULL,Japan,Ehime,,Mitsuhama,132.733841,33.857525,WGS84,26,m,30arc-sec,3,18,"",MTYM_007
5331,Geometrics_358,NULL,Japan,Ehime,,Mitsuhama,132.729095,33.861031,WGS84,5,m,30arc-sec,3,18,"",MTYM_008
5332,Geometrics_359,NULL,Japan,Ehime,,Mitsuhama,132.725998,33.862747,WGS84,5,m,30arc-sec,3,18,"",MTYM_009
5333,Geometrics_360,NULL,Japan,Ehime,,Mitsuhama,132.72084,33.860535,WGS84,5,m,30arc-sec,3,18,"",MTYM_010
5334,Geometrics_361,NULL,United States,California,Santa Barbara,Santa Ynez,-119.959419,34.581604,WGS84,237,m,30arc-sec,4,7,"QT",01 - Lake Cachuma
5335,Geometrics_362,NULL,United States,California,Santa Barbara,Santa Barbara,-119.948608,34.527222,WGS84,973,m,30arc-sec,46,3,"Tss",02 - Santa Ynez Mountains
5336,Geometrics_363,NULL,United States,California,Santa Barbara,Santa Barbara,-119.956116,34.535069,WGS84,661,m,30arc-sec,36,4,"Tss",03 - Mid Ridge
5337,Geometrics_364,NULL,United States,California,,Santa Barbara,-120.023567,34.464012,WGS84,0,m,30arc-sec,0,3,"Tsh",04 - El Capitan State Beach
5338,Geometrics_365,NULL,Japan,Ehime,,Nagahama,132.497515,33.621388,WGS84,0,m,30arc-sec,0,18,"",MTYM110
5339,Geometrics_366,NULL,Japan,Ehime,,Izumi,132.459702,33.533917,WGS84,652,m,30arc-sec,7,18,"",MTYM109
5340,Geometrics_367,NULL,Japan,Ehime,,Isaki,132.445083,33.518796,WGS84,348,m,30arc-sec,10,18,"",MTYM108
5341,Geometrics_368,NULL,United States,California,Napa,Napa,-122.2939,38.333092,WGS84,16,m,30arc-sec,13,3,"Qoa",N48 - Garfield Ln (Stefan)
5342,Geometrics_369,NULL,United States,California,Napa,Napa,-122.294609,38.349682,WGS84,14,m,30arc-sec,20,7,"Qal2",N49 - North Napa River (Stefan)
5343,Geometrics_370,NULL,United States,California,Napa,Napa,-122.301163,38.330723,WGS84,18,m,30arc-sec,2,3,"Qoa",N50 - Austin Miller (Stefan)
5344,Geometrics_371,NULL,United States,California,Napa,Napa,-122.279091,38.314289,WGS84,9,m,30arc-sec,5,11,"Qal2",N51 - Shoreline Dr (Stefan)
5345,Geometrics_372,NULL,Japan,Ehime,,Mitsuhama,132.709946,33.862083,WGS84,0,m,30arc-sec,0,18,"",MTYM_012
5346,Geometrics_373,NULL,Japan,Ehime,,Horiecho,132.749161,33.906982,WGS84,0,m,30arc-sec,0,18,"",MTYM_013
5347,Geometrics_374,NULL,Japan,Ehime,,Horiecho,132.748444,33.90107,WGS84,0,m,30arc-sec,0,18,"",MTYM_014
5348,Geometrics_375,NULL,Japan,Ehime,,Horiecho,132.747177,33.893215,WGS84,6,m,30arc-sec,5,18,"",MTYM_015
5349,Geometrics_376,NULL,Japan,Ehime,,Horiecho,132.746765,33.886761,WGS84,6,m,30arc-sec,1,18,"",MTYM_016
5350,Geometrics_377,NULL,Japan,Ehime,,Fujinono,132.859916,33.896922,WGS84,349,m,30arc-sec,23,18,"",MTYM_017
5351,Geometrics_378,NULL,Japan,Ehime,,Fujinono,132.868144,33.900343,WGS84,377,m,30arc-sec,41,18,"",MTYM_018
5352,Geometrics_379,NULL,Japan,Ehime,,Fujinono,132.867232,33.877366,WGS84,499,m,30arc-sec,39,18,"",MTYM_019
5353,Geometrics_380,NULL,Japan,Ehime,,Fujinono,132.872617,33.890992,WGS84,397,m,30arc-sec,21,18,"",MTYM_020
5354,Geometrics_381,NULL,United States,California,Napa,Napa,-122.245087,38.306438,WGS84,43,m,30arc-sec,7,15,"Qoa",N52 - Covert (Stefan)
5355,Geometrics_382,NULL,United States,California,Napa,Napa,-122.255943,38.324482,WGS84,32,m,30arc-sec,3,11,"QT",N53 - Hagen & First (Stefan)
5356,Geometrics_383,NULL,United States,California,Napa,Napa,-122.27121,38.322216,WGS84,17,m,30arc-sec,33,11,"Qal3",N54 - CCC (Stefan)
5357,Geometrics_384,NULL,United States,California,Napa,Vallejo,-122.274414,38.244114,WGS84,20,m,30arc-sec,3,7,"Tv",N55 - Grape Crusher (Stefan)
5358,Geometrics_385,NULL,United States,California,Napa,Napa,-122.273689,38.252316,WGS84,10,m,30arc-sec,6,7,"Qoa",N56 - Bowmen (Stefan)
5359,Geometrics_386,NULL,United States,California,,Richmond,-122.337723,37.914894,WGS84,4,m,30arc-sec,6,18,"Qoa",RFS-1
5360,Geometrics_387,NULL,United States,California,Napa,Napa,-122.268028,38.299286,WGS84,18,m,30arc-sec,10,11,"Tv",N59 - Tulocay (Stefan)
5361,Geometrics_388,NULL,United States,California,Napa,Napa,-122.264381,38.290936,WGS84,17,m,30arc-sec,1,11,"Tv",N58 - Hillside & Circle (Stefan)
5362,Geometrics_389,NULL,Japan,Ibaraki,,Sekimoto-naka,139.900074,36.249347,WGS84,29,m,30arc-sec,2,15,"",kinugawa_0625_1
5363,Geometrics_390,NULL,United States,California,Napa,Vallejo,-122.235809,38.200871,WGS84,58,m,30arc-sec,8,15,"Tsh",N57 - South Napa (Stefan)
5364,Geometrics_391,NULL,United States,California,Napa,Napa,-122.273476,38.308121,WGS84,39,m,30arc-sec,7,7,"Qoa",N60 - Esther Deaver (Stefan)
5365,Geometrics_392,NULL,United States,California,Napa,Napa,-122.336388,38.338184,WGS84,33,m,30arc-sec,17,3,"Qoa",N61 - Linda Vista (Stefan)
5366,Geometrics_393,NULL,Japan,Ehime,,Matsuyama,132.774612,33.853935,WGS84,52,m,30arc-sec,17,18,"",MTYM_021
5367,Geometrics_394,NULL,Japan,Ehime,,Matsuyama,132.774521,33.85347,WGS84,52,m,30arc-sec,17,18,"",MTYM_022
5368,Geometrics_395,NULL,Japan,Ehime,,Matsuyama,132.774139,33.853344,WGS84,52,m,30arc-sec,17,18,"",MTYM_023
5369,Geometrics_396,NULL,Japan,Ehime,,Matsuyama,132.773697,33.853455,WGS84,52,m,30arc-sec,17,18,"",MTYM_024
5370,Geometrics_397,NULL,Japan,Ehime,,Matsuyama,132.773682,33.853004,WGS84,52,m,30arc-sec,17,18,"",MTYM_025
5371,Geometrics_398,NULL,Japan,Ehime,,Matsuyama,132.773651,33.852577,WGS84,52,m,30arc-sec,17,18,"",MTYM_026
5372,Geometrics_399,NULL,Japan,Ehime,,Matsuyama,132.773666,33.852203,WGS84,52,m,30arc-sec,17,18,"",MTYM_027
5373,Geometrics_400,NULL,Japan,Ehime,,Matsuyama,132.773575,33.851749,WGS84,52,m,30arc-sec,17,18,"",MTYM_028
5374,Geometrics_401,NULL,Japan,Ehime,,Matsuyama,132.773636,33.851238,WGS84,52,m,30arc-sec,17,18,"",MTYM_029
5375,Geometrics_402,NULL,Japan,Ehime,,Matsuyama,132.773544,33.85379,WGS84,52,m,30arc-sec,17,18,"",MTYM_030
5376,Geometrics_403,NULL,United States,California,Napa,Napa,-122.331635,38.310188,WGS84,43,m,30arc-sec,2,3,"Qal3",N62 - Sunrise Park (Cari)
5377,Geometrics_404,NULL,United States,California,Napa,Napa,-122.282272,38.30611,WGS84,8,m,30arc-sec,28,3,"Qal3",N63 - Oxbow (Stefan)
5378,Geometrics_405,NULL,United States,California,Napa,Napa,-122.294037,38.328896,WGS84,16,m,30arc-sec,13,3,"Qal2",N64 - Salvador Creek (Stefan)
5379,Geometrics_406,NULL,United States,California,Napa,Napa,-122.321289,38.337914,WGS84,25,m,30arc-sec,8,7,"Qoa",N65 - Monarch Park (Stefan)
5380,Geometrics_407,NULL,United States,California,Napa,Napa,-122.320862,38.314892,WGS84,32,m,30arc-sec,4,3,"Qal2","N66 - Sutherland Park (C,A)"
5381,Geometrics_408,NULL,United States,California,Napa,Napa,-122.333588,38.329323,WGS84,32,m,30arc-sec,6,3,"Qoa",N67 - Chablis Park (Stefan)
5382,Geometrics_409,NULL,United States,California,Napa,Napa,-122.292786,38.275414,WGS84,5,m,30arc-sec,23,3,"Qoa",N68 - South Jefferson (Stefan)
5383,Geometrics_410,NULL,United States,California,Napa,Napa,-122.287781,38.288651,WGS84,5,m,30arc-sec,19,3,"Qoa",N69 - Kiwanis Park (Stefan)
5384,Geometrics_411,NULL,United States,California,Napa,Napa,-122.269493,38.288876,WGS84,10,m,30arc-sec,1,11,"Qal3",N70 - Kreuse Creek (Stefan)
5385,Geometrics_412,NULL,United States,California,Napa,Napa,-122.297615,38.290028,WGS84,8,m,30arc-sec,15,3,"Qal2",N71 - Napa Christian (Stefan)
5386,Geometrics_413,NULL,United States,California,Napa,Napa,-122.329521,38.321251,WGS84,33,m,30arc-sec,2,3,"Qal2",N72 - Dry Creek Park (Stefan)
5387,Geometrics_414,NULL,United States,California,Napa,Napa,-122.284538,38.326935,WGS84,12,m,30arc-sec,1,3,"Qal2",N29 - Old Trancas (Stefan)
5388,Geometrics_415,NULL,United States,California,Santa Clara,Alviso,-121.979996,37.42979,WGS84,-1,m,30arc-sec,11,16,"water",Alviso Marina County Park
5389,Geometrics_416,NULL,United States,California,Santa Clara,Sunnyvale,-121.991858,37.44101,WGS84,-1,m,30arc-sec,25,18,"Qi",Alviso-1
5390,Geometrics_417,NULL,United States,California,Santa Clara,Sunnyvale,-122.019672,37.460003,WGS84,-1,m,30arc-sec,9,16,"Qi",Alviso-2
5391,Geometrics_418,NULL,United States,California,,Sunnyvale,-121.996838,37.462922,WGS84,-1,m,30arc-sec,26,16,"Qi",Alviso-3
5392,Geometrics_419,NULL,United States,California,Napa,Napa,-122.282547,38.283161,WGS84,2,m,30arc-sec,48,3,"Qal2",N73 - Imola Overpass (Stefan)
5393,Geometrics_420,NULL,United States,California,Napa,Napa,-122.276878,38.296989,WGS84,5,m,30arc-sec,2,11,"Qal3",N74 - Silverado Trail (Stefan)
5394,Geometrics_421,NULL,United States,California,Napa,Napa,-122.271599,38.30341,WGS84,39,m,30arc-sec,7,11,"Qoa",N75 - Alta Heights (Stefan)
5395,Geometrics_422,NULL,United States,California,Napa,Napa,-122.305199,38.297874,WGS84,13,m,30arc-sec,10,3,"Qal2",N76 - Softball (Stefan)
5396,Geometrics_423,NULL,United States,California,Napa,Napa,-122.26693,38.311943,WGS84,48,m,30arc-sec,11,11,"Tv",N77 - Volcanic Ridge (Stefan)
5397,Geometrics_424,NULL,Singapore,North-East,,Kampong Kebun Baharu,103.851098,1.359238,WGS84,26,m,30arc-sec,13,18,"",Office
5398,Geometrics_425,NULL,United States,California,Marin,Inverness,-122.944153,38.032776,WGS84,0,m,30arc-sec,0,18,"Tss",PR1 - Drake Beach Cliff (Stefan)
5399,Geometrics_426,NULL,United States,California,,Inverness,-122.975868,38.074387,WGS84,0,m,30arc-sec,0,18,"Qs",PR2 - North Beach Gully (Stefan)
5400,Geometrics_427,NULL,United States,California,Marin,Marshall,-122.94751,38.118916,WGS84,11,m,30arc-sec,8,18,"Tsh",PR3 - Abbotts Lagoon (Stefan)
5401,Geometrics_428,NULL,United States,California,Marin,Marshall,-122.940819,38.178673,WGS84,116,m,30arc-sec,15,18,"crystalline",PR4 - Pacific San Andreas (Stefan)
5402,Geometrics_429,NULL,United States,California,,Tomales,-122.924438,38.211334,WGS84,56,m,30arc-sec,3,18,"Qal3",BB1 - North American San Andreas (Stefan)
5403,Geometrics_430,NULL,United States,California,,Tomales,-122.906197,38.248234,WGS84,31,m,30arc-sec,22,3,"Tss",BB2 - Tomales (Stefan)
5404,Geometrics_431,NULL,United States,California,Marin,Fallon,-122.890556,38.276245,WGS84,32,m,30arc-sec,17,1,"Tss",BB3 - Stemple Creek (Stefan)
5405,Geometrics_432,NULL,United States,California,Sonoma,Bloomfield,-122.872368,38.310337,WGS84,13,m,30arc-sec,4,5,"Qal3",BB4 - Bloomfield (Stefan)
5406,Geometrics_433,NULL,United States,California,Napa,Napa,-122.302246,38.320415,WGS84,19,m,30arc-sec,7,3,"Qal2","N79 - Kaiser Permanente (Stefan, Cari)"
5407,Geometrics_434,NULL,United States,California,Napa,Napa,-122.291618,38.3228,WGS84,14,m,30arc-sec,16,3,"Qoa",N79 - Napa Hope (Stefan)
5408,Geometrics_435,NULL,United States,California,Napa,Napa,-122.313103,38.303425,WGS84,23,m,30arc-sec,25,3,"Qal2",N80 - Redwood Creek (Stefan)
5409,Geometrics_436,NULL,United States,California,Napa,Napa,-122.309441,38.310757,WGS84,26,m,30arc-sec,11,3,"Qal2",N81 - Napa Plums (Stefan)
5410,Geometrics_437,NULL,Japan,Ibaraki,,Yatabe,140.061688,36.036758,WGS84,25,m,30arc-sec,2,13,"",tsuku0721_1
5411,Geometrics_438,NULL,United States,California,Santa Clara,San Jose,-121.728821,37.353882,WGS84,525,m,30arc-sec,6,1,"KJf",Grant Ranch
5412,Geometrics_439,NULL,Japan,Saitama,,Takasago,139.666538,35.85918,WGS84,12,m,30arc-sec,34,11,"",Saitama2020
5413,Geometrics_440,NULL,Japan,Saitama,,Takasago,139.667295,35.859836,WGS84,15,m,30arc-sec,44,11,"",Saitama2020
5414,Geometrics_441,NULL,United States,California,Napa,Napa,-122.289474,38.300507,WGS84,7,m,30arc-sec,4,7,"Qal2",N3a - Napa Creek (Stefan)
5415,Geometrics_442,NULL,Japan,Ibaraki,,Yatabe,140.077147,36.067181,WGS84,29,m,30arc-sec,2,13,"",tsuku0727_4
5416,Geometrics_443,NULL,Japan,Ibaraki,,Yatabe,140.067079,36.058129,WGS84,19,m,30arc-sec,7,13,"",tsuku0727_1
5417,Geometrics_444,NULL,Japan,Ibaraki,,Yatabe,140.067746,36.058726,WGS84,25,m,30arc-sec,20,13,"",tsuku0727_2
5418,Geometrics_445,NULL,Japan,Ibaraki,,Yatabe,140.069663,36.05988,WGS84,25,m,30arc-sec,20,13,"",tsuku0727_3
5419,Geometrics_446,NULL,United States,California,Napa,Napa,-122.258507,38.293106,WGS84,41,m,30arc-sec,1,11,"Qal3",N26 - Silverado School (Stefan 1+2)
5420,Geometrics_447,NULL,Japan,Ibaraki,,Yatabe,140.070688,36.062023,WGS84,25,m,30arc-sec,20,13,"",tsuku0729_1
5421,Geometrics_448,NULL,Japan,Ibaraki,,Yatabe,140.07063,36.061623,WGS84,25,m,30arc-sec,20,13,"",tsuku0729_2
5422,Geometrics_449,NULL,Japan,Ibaraki,,Yatabe,140.070606,36.060316,WGS84,25,m,30arc-sec,20,13,"",tsuku0729_3
5423,Geometrics_450,NULL,Japan,Ibaraki,,Yatabe,140.072573,36.058874,WGS84,25,m,30arc-sec,20,13,"",tsuku0729_4
5424,Geometrics_451,NULL,Japan,Ibaraki,,Yatabe,140.074358,36.059501,WGS84,25,m,30arc-sec,20,13,"",tsuku0729_5
5425,Geometrics_452,NULL,Japan,Saitama,,Torocho,139.62995,35.924856,WGS84,17,m,30arc-sec,6,11,"",Omiya_0730_1
5426,Geometrics_453,NULL,Japan,Saitama,,Torocho,139.626761,35.927726,WGS84,18,m,30arc-sec,10,11,"",Omiya_0730_2
5427,Geometrics_454,NULL,Japan,Saitama,,Miyaharacho,139.619838,35.93427,WGS84,19,m,30arc-sec,15,15,"",Omiya_0730_3
5428,Geometrics_455,NULL,Singapore,North-East,,Ang Mo Kio New Town,103.829567,1.36746,WGS84,27,m,30arc-sec,6,18,"",Bishan Park Line B BH22
5429,Geometrics_456,NULL,Japan,Saitama,,Miyaharacho,139.617637,35.933518,WGS84,19,m,30arc-sec,15,15,"",Omiya_corelab
5430,Geometrics_457,NULL,Japan,Ibaraki,,Yatabe,140.071381,36.060622,WGS84,25,m,30arc-sec,20,13,"",tsuku0803_1
5431,Geometrics_458,NULL,Japan,Ibaraki,,Yatabe,140.07325,36.062983,WGS84,25,m,30arc-sec,20,13,"",Banpaku park_1
5432,Geometrics_459,NULL,Japan,Ibaraki,,Yatabe,140.072533,36.060734,WGS84,25,m,30arc-sec,20,13,"",tsuku0803_2
5433,Geometrics_460,NULL,Japan,Ibaraki,,Yatabe,140.07367,36.060711,WGS84,25,m,30arc-sec,20,13,"",tsuku0803_3
5434,Geometrics_461,NULL,Japan,Ibaraki,,Yatabe,140.07367,36.060711,WGS84,25,m,30arc-sec,20,13,"",tsuku0803_3
5435,Geometrics_462,NULL,Japan,Ibaraki,,Yatabe,140.074683,36.061428,WGS84,25,m,30arc-sec,20,13,"",tsuku0803_4
5436,Geometrics_463,NULL,Japan,Ibaraki,,Yatabe,140.07367,36.060711,WGS84,25,m,30arc-sec,20,13,"",tsuku0803_3
5437,Geometrics_464,NULL,Japan,Ibaraki,,Yatabe,140.075828,36.061875,WGS84,24,m,30arc-sec,1,13,"",tsuku0803_5
5438,Geometrics_465,NULL,Japan,Saitama,,Misato,139.8261136,35.85549146,WGS84,5,m,30arc-sec,1,12,"",1
5439,Geometrics_466,NULL,Japan,Saitama,,Yoshikawa,139.8285274,35.85747474,WGS84,5,m,30arc-sec,1,10,"",2
5440,Geometrics_467,NULL,Japan,Saitama,,Misato,139.8307754,35.85742073,WGS84,5,m,30arc-sec,1,16,"",3
5441,Geometrics_468,NULL,Japan,Saitama,,Misato,139.8332669,35.8577002,WGS84,5,m,30arc-sec,1,16,"",4
5442,Geometrics_469,NULL,Japan,Saitama,,Misato,139.8363121,35.85792553,WGS84,3,m,30arc-sec,20,16,"",5
5443,Geometrics_470,NULL,Japan,Saitama,,Misato,139.8323699,35.85881799,WGS84,4,m,30arc-sec,1,16,"",6
5444,Geometrics_471,NULL,Japan,Saitama,,Yoshikawa,139.8320931,35.8600169,WGS84,4,m,30arc-sec,1,16,"",7
5445,Geometrics_472,NULL,Japan,Saitama,,Yoshikawa,139.8296125,35.85985459,WGS84,4,m,30arc-sec,1,16,"",8
5446,Geometrics_473,NULL,Japan,Saitama,,Yoshikawa,139.8244522,35.85901598,WGS84,5,m,30arc-sec,26,10,"",9
5447,Geometrics_474,NULL,Japan,Saitama,,Yoshikawa,139.8322702,35.86299165,WGS84,4,m,30arc-sec,1,16,"",10
5448,Geometrics_475,NULL,Japan,Saitama,,Yoshikawa,139.8324696,35.86164851,WGS84,4,m,30arc-sec,1,16,"",11
5449,Geometrics_476,NULL,Japan,Saitama,,Yoshikawa,139.8299447,35.86125183,WGS84,4,m,30arc-sec,1,16,"",12
5450,Geometrics_477,NULL,Japan,Saitama,,Yoshikawa,139.8296235,35.86262201,WGS84,4,m,30arc-sec,1,16,"",13
5451,Geometrics_478,NULL,Japan,Saitama,,Yoshikawa,139.831938,35.86428071,WGS84,4,m,30arc-sec,1,16,"",14
5452,Geometrics_479,NULL,Japan,Saitama,,Yoshikawa,139.8293576,35.86394712,WGS84,4,m,30arc-sec,1,16,"",15
5453,Geometrics_480,NULL,Japan,Saitama,,Yoshikawa,139.8291139,35.86539843,WGS84,4,m,30arc-sec,1,16,"",16
5454,Geometrics_481,NULL,Japan,Saitama,,Yoshikawa,139.8316389,35.86573203,WGS84,4,m,30arc-sec,1,16,"",17
5455,Geometrics_482,NULL,Japan,Saitama,,Misato,139.8356256,35.85869177,WGS84,4,m,30arc-sec,3,16,"",25
5456,Geometrics_483,NULL,Japan,Saitama,,Yoshikawa,139.8274199,35.86019705,WGS84,4,m,30arc-sec,1,10,"",32
5457,Geometrics_484,NULL,Japan,Saitama,,Misato,139.8468436,35.86090857,WGS84,4,m,30arc-sec,2,12,"",107
5458,Geometrics_485,NULL,Japan,Saitama,,Misato,139.8489477,35.86135904,WGS84,4,m,30arc-sec,2,12,"",108
5459,Geometrics_486,NULL,Japan,Saitama,,Misato,139.8528234,35.86041196,WGS84,5,m,30arc-sec,1,10,"",109
5460,Geometrics_487,NULL,Japan,Saitama,,Misato,139.8436319,35.85946659,WGS84,4,m,30arc-sec,2,12,"",115
5461,Geometrics_488,NULL,Japan,Saitama,,Misato,139.8586934,35.8632504,WGS84,3,m,30arc-sec,12,10,"",116
5462,Geometrics_489,NULL,Japan,Saitama,,Misato,139.8625123,35.85838176,WGS84,3,m,30arc-sec,12,10,"",124
5463,Geometrics_490,NULL,Japan,Saitama,,Misato,139.8600799,35.86974046,WGS84,2,m,30arc-sec,8,13,"",131
5464,Geometrics_491,NULL,Japan,Saitama,,Misato,139.8711563,35.87235166,WGS84,3,m,30arc-sec,28,13,"",132
5465,Geometrics_492,NULL,Japan,Saitama,,Misato,139.87115,35.85905543,WGS84,3,m,30arc-sec,21,14,"",138
5466,Geometrics_493,NULL,Japan,Saitama,,Misato,139.8746464,35.87473933,WGS84,3,m,30arc-sec,28,13,"",160
5467,Geometrics_494,NULL,Japan,Chiba,,Shichiuemon-shinden,139.874374,35.827137,WGS84,3,m,30arc-sec,31,16,"",401
5468,Geometrics_495,NULL,Japan,Chiba,,Shichiuemon-shinden,139.875443,35.836349,WGS84,3,m,30arc-sec,16,16,"",402
5469,Geometrics_496,NULL,Japan,Saitama,,Yashio-shi,139.846085,35.837723,WGS84,1,m,30arc-sec,8,16,"",403
5470,Geometrics_497,NULL,Japan,Chiba,,Monto-shinden,139.897995,35.823914,WGS84,3,m,30arc-sec,12,12,"",404
5471,Geometrics_498,NULL,Japan,Saitama,,Akai,139.76091,35.820641,WGS84,6,m,30arc-sec,16,15,"",405
5472,Geometrics_499,NULL,Japan,Saitama,,Soka,139.783112,35.828419,WGS84,5,m,30arc-sec,2,15,"",406
5473,Geometrics_500,NULL,Japan,Chiba,,Hiregasaki,139.90741,35.839993,WGS84,7,m,30arc-sec,4,10,"",407
5474,Geometrics_501,NULL,Japan,Tokyo,,Nishiarai,139.798004,35.769901,WGS84,4,m,30arc-sec,15,7,"",408
5475,Geometrics_502,NULL,Japan,Tokyo,,Nishiarai,139.798004,35.793098,WGS84,7,m,30arc-sec,22,15,"",409
5476,Geometrics_503,NULL,Japan,Tokyo,,Nishiarai,139.787155,35.801102,WGS84,5,m,30arc-sec,8,15,"",410
5477,Geometrics_504,NULL,United States,California,Santa Clara,San Jose,-121.889471,37.400398,WGS84,18,m,30arc-sec,38,16,"Qal2",001 : San Jose (Geometrics)
5478,Geometrics_505,NULL,United States,California,Santa Clara,Cupertino,-122.01799,37.318554,WGS84,62,m,30arc-sec,4,12,"Qal2",2:Cupertino (Koichi)
5479,Geometrics_506,NULL,United States,California,Santa Clara,Alviso,-121.968952,37.425003,WGS84,-1,m,30arc-sec,4,16,"Qal1",3:San Jose (AlvisoPark)
5480,Geometrics_507,NULL,United States,California,Santa Clara,Palo Alto,-122.126204,37.417859,WGS84,8,m,30arc-sec,2,12,"Qal2",4:Palo Alto (Rob)
5481,Geometrics_508,NULL,United States,California,Santa Clara,Stanford,-122.172165,37.427551,WGS84,30,m,30arc-sec,2,12,"Qoa",5:Stanford
5482,Geometrics_509,NULL,United States,California,Santa Clara,San Jose,-121.868805,37.335335,WGS84,26,m,30arc-sec,5,16,"Qal2",6:San Jose (WilliamsPark)
5483,Geometrics_510,NULL,United States,California,Santa Clara,San Jose,-121.673166,37.258991,WGS84,342,m,30arc-sec,24,3,"Kss",7:San Jose (NCSN CCOB)
5484,Geometrics_511,NULL,United States,California,Santa Clara,Saratoga,-122.050034,37.284103,WGS84,207,m,30arc-sec,39,4,"QT",8:Saratoga (NCSN JSGB)
5485,Geometrics_512,NULL,United States,California,San Mateo,Redwood City,-122.212064,37.505504,WGS84,-1,m,30arc-sec,2,16,"af/Qi",9:Redwood City
5486,Geometrics_513,NULL,United States,California,Santa Clara,Santa Clara,-121.938004,37.407501,WGS84,4,m,30arc-sec,3,18,"Qal1",10:San Jose(Ko)
5487,Geometrics_514,NULL,United States,California,,Oakland,-122.289001,37.849377,WGS84,10,m,30arc-sec,27,18,"Qal2",11:Emeryville(Deb)
5488,Geometrics_515,NULL,United States,California,Santa Clara,Sunnyvale,-122.058075,37.340004,WGS84,76,m,30arc-sec,30,8,"Qoa",12:Cupertino (Cupertino Middle School)
5489,Geometrics_516,NULL,United States,California,Santa Clara,Mountain View,-122.098732,37.433491,WGS84,-1,m,30arc-sec,36,12,"af/Qi",13:Mountain View
5490,Geometrics_517,NULL,United States,California,Santa Clara,Monte Vista,-122.05201,37.311974,WGS84,107,m,30arc-sec,57,4,"Qoa",14:Cupertino (JFK Middle School)
5491,Geometrics_518,NULL,United States,California,Santa Clara,San Jose,-121.861275,37.375668,WGS84,37,m,30arc-sec,1,16,"Qal2",15:SanJose(Penitencia Creek Co Park)
5492,Geometrics_519,NULL,United States,California,San Francisco,San Francisco,-122.388077,37.776344,WGS84,1,m,30arc-sec,1,18,"af/Qi",16:San Francisco (China Basin Park)
5493,Geometrics_520,NULL,United States,California,San Francisco,San Francisco,-122.383347,37.75441,WGS84,4,m,30arc-sec,55,18,"af/Qi",17:San Francisco (Warm Water Cove Park)
5494,Geometrics_521,NULL,United States,California,San Francisco,San Francisco,-122.38151,37.710162,WGS84,0,m,30arc-sec,0,3,"af/Qi",18:San Francisco (Candlestick Park)
5495,Geometrics_522,NULL,United States,California,Santa Clara,Palo Alto,-122.098038,37.411774,WGS84,6,m,30arc-sec,9,12,"Qal1",19:Mountain View (Thaddeus park)
5496,Geometrics_523,NULL,United States,California,Santa Clara,Mountain View,-122.067551,37.395542,WGS84,22,m,30arc-sec,18,16,"Qal2",20:Mountain View(Creekside Park)
5497,Geometrics_524,NULL,United States,California,Santa Clara,Sunnyvale,-122.054039,37.360012,WGS84,51,m,30arc-sec,10,8,"Qal2",21:Sunnyvale(Mango Park)
5498,Geometrics_525,NULL,United States,California,Santa Clara,Sunnyvale,-121.995033,37.413502,WGS84,-1,m,30arc-sec,12,18,"Qal1",22:Sunnyvale(Baylands 20Park)
5499,Geometrics_526,NULL,United States,California,Santa Clara,Santa Clara,-121.97715,37.339298,WGS84,31,m,30arc-sec,11,12,"Qal2",23:SantaClara (Central park)
5500,Geometrics_527,NULL,United States,California,Merced,South Dos Palos,-120.78329,36.862032,WGS84,107,m,30arc-sec,23,8,"Qoa",24:Hamburg Farms
5501,Geometrics_528,NULL,United States,California,Kern,Buttonwillow,-119.423665,35.416893,WGS84,93,m,30arc-sec,23,16,"Qoa",25:Buttonwillow
5502,Geometrics_529,NULL,United States,California,San Diego,San Diego,-117.168641,32.764562,WGS84,10,m,30arc-sec,3,1,"Qal2",26:San Diego (Town and Country)
5503,Geometrics_530,NULL,United States,California,Los Angeles,Long Beach,-118.241478,33.836385,WGS84,10,m,30arc-sec,13,16,"Qal1",27:Carson (Dolphin Park)
5504,Geometrics_531,NULL,United States,California,Los Angeles,Pasadena,-118.12717,34.14028,WGS84,239,m,30arc-sec,2,4,"Qoa",28:Pasadena(Caltech)
5505,Geometrics_532,NULL,United States,California,Santa Clara,Milpitas,-121.914945,37.413592,WGS84,8,m,30arc-sec,1,18,"Qal1",29:Milpitas (I880st)
5506,Geometrics_533,NULL,United States,California,Santa Clara,Milpitas,-121.873387,37.420113,WGS84,37,m,30arc-sec,1,16,"Qal2",31:Milpitas (Sinnott Park)
5507,Geometrics_534,NULL,United States,California,Santa Clara,Santa Clara,-121.944685,37.388843,WGS84,6,m,30arc-sec,71,16,"Qal1",32:SantaClara (Montague Park)
5508,Geometrics_535,NULL,United States,California,Santa Clara,Monte Vista,-122.024602,37.303905,WGS84,75,m,30arc-sec,9,8,"Qal2",33:SanJose (Calabazas Park)
5509,Geometrics_536,NULL,United States,California,Los Angeles,Harbor City,-118.295616,33.787048,WGS84,15,m,30arc-sec,12,15,"Qoa",34:Harbor City(Ken Malloy Harbor Regional Park)
5510,Geometrics_537,NULL,United States,California,Los Angeles,Lakewood,-118.192406,33.866531,WGS84,18,m,30arc-sec,4,12,"Qal2",35:Long Beach (DeForest Park)
5511,Geometrics_538,NULL,United States,California,Los Angeles,East Rancho Dominguez,-118.17598,33.921661,WGS84,29,m,30arc-sec,19,12,"Qal1",36:South Gate (Hollydale Park)
5512,Geometrics_539,NULL,United States,California,Los Angeles,Santa Fe Springs,-118.100151,33.936592,WGS84,38,m,30arc-sec,29,12,"Qal1",37:Downey (Wilderness Park)
5513,Geometrics_540,NULL,United States,California,Los Angeles,August F Haw,-118.25708,33.923115,WGS84,30,m,30arc-sec,11,8,"Qoa",38:Willowbrook (Wollowbrook Park)
5514,Geometrics_541,NULL,United States,California,Riverside,Cathedral City,-116.461288,33.816978,WGS84,113,m,30arc-sec,4,8,"Qal1",39:Cathedral City (CE12108)
5515,Geometrics_542,NULL,United States,California,Riverside,Palm Desert,-116.371872,33.758999,WGS84,76,m,30arc-sec,1,11,"Qal2",40:Palm Desert (CE12952)
5516,Geometrics_543,NULL,United States,California,Riverside,Coachella,-116.178925,33.678421,WGS84,-20,m,30arc-sec,3,12,"Qal1",41:Coachella (CE12076)
5517,Geometrics_544,NULL,United States,California,Los Angeles,Carson,-118.268097,33.858288,WGS84,10,m,30arc-sec,17,16,"Qoa",42:Carson (Victoria Park)
5518,Geometrics_545,NULL,United States,California,Los Angeles,Long Beach,-118.25016,33.833492,WGS84,8,m,30arc-sec,19,16,"Qal1",43:Carson (Weiser avenue)
5519,Geometrics_546,NULL,United States,California,Los Angeles,Long Beach,-118.243629,33.833126,WGS84,10,m,30arc-sec,2,16,"Qal1",44:Carson (E215th street)
5520,Geometrics_547,NULL,United States,California,Los Angeles,Carson,-118.261497,33.850002,WGS84,10,m,30arc-sec,6,16,"Qal1",45:Carson (Del Amo Park)
5521,Geometrics_548,NULL,United States,Nevada,Clark,Las Vegas,-115.274723,36.047879,WGS84,811,m,30arc-sec,47,4,"",46:Enterprise
5522,Geometrics_549,NULL,United States,Nevada,Clark,North Las Vegas,-115.165183,36.246408,WGS84,641,m,30arc-sec,39,12,"",47:North Las Vegas
5523,Geometrics_550,NULL,United States,Washington,,Seattle,-122.340042,47.619598,WGS84,23,m,30arc-sec,1,18,"",48:Seattle (Denny park)
5524,Geometrics_551,NULL,United States,Washington,,Seattle,-122.41642,47.575977,WGS84,7,m,30arc-sec,1,18,"",49:Seattle (Aliki)
5525,Geometrics_552,NULL,United States,Washington,,Seattle,-122.383667,47.578232,WGS84,101,m,30arc-sec,19,18,"",50:Seattle (Hiwatha park)
5526,Geometrics_553,NULL,United States,Washington,Thurston,Olympia,-122.898415,47.038425,WGS84,18,m,30arc-sec,3,7,"",51:Olympia (Centennial Park)
5527,Geometrics_554,NULL,United States,Washington,Thurston,Thompson Place,-122.756677,47.044806,WGS84,67,m,30arc-sec,6,15,"",52:Olympia (Regional Atheletic Park)
5528,Geometrics_555,NULL,United States,California,,Manhattan Beach,-118.415452,33.894122,WGS84,39,m,30arc-sec,6,18,"Qal3",53:Manhattan Beach
5529,Geometrics_556,NULL,United States,California,Los Angeles,Carson,-118.217056,33.797089,WGS84,7,m,30arc-sec,9,15,"Qal1",54:LongBeach (Admiral Kidd Park)
5530,Geometrics_557,NULL,United States,Oregon,Multnomah,Portland,-122.645991,45.564927,WGS84,66,m,30arc-sec,15,13,"",55:Portland (Alberta Park)
5531,Geometrics_558,NULL,United States,Oregon,Washington,Hillsboro,-122.963391,45.539773,WGS84,59,m,30arc-sec,5,15,"",56:Hillsboro (Griffin Oaks Park)
5532,Geometrics_559,NULL,United States,California,,Alameda,-122.259286,37.739553,WGS84,0,m,30arc-sec,0,18,"af/Qi",57:Alameda (Shorelinr Park)
5533,Geometrics_560,NULL,United States,California,Alameda,Castro Valley,-122.089143,37.708518,WGS84,106,m,30arc-sec,6,3,"Kss",58:Castro Valley
5534,Geometrics_561,NULL,United States,California,Alameda,Pleasanton,-121.89587,37.679625,WGS84,98,m,30arc-sec,9,3,"Qal1",59:Pleasanton
5535,Geometrics_562,NULL,United States,Washington,Pierce:main,Driftwood,-122.137613,47.194862,WGS84,172,m,30arc-sec,14,5,"",60:Lake Tapps
5536,Geometrics_563,NULL,United States,Washington,Snohomish,Sultan,-121.814233,47.858519,WGS84,36,m,30arc-sec,7,1,"",61:Sultan (B)
5537,Geometrics_564,NULL,United States,Washington,Snohomish,Sultan,-121.822186,47.86116,WGS84,35,m,30arc-sec,4,5,"",62:Sultan (C: Sportsman park)
5538,Geometrics_565,NULL,United States,California,Alameda,Hayward,-122.056706,37.65326,WGS84,158,m,30arc-sec,7,7,"crystalline",64:CSU East Bay
5539,Geometrics_566,NULL,United States,California,Alameda,Hayward,-122.075919,37.653866,WGS84,18,m,30arc-sec,6,15,"Qal2",65:Hayward (Charles Avenue)
5540,Geometrics_567,NULL,United States,California,Alameda,Hayward,-122.082432,37.65061,WGS84,18,m,30arc-sec,6,15,"Qal2",66:Hayward (Huntwood Avenue)
5541,Geometrics_568,NULL,United States,California,Alameda,Mount Eden,-122.094496,37.636571,WGS84,11,m,30arc-sec,17,15,"Qal2",67:Hayward (Southgate Park)
5542,Geometrics_569,NULL,United States,California,Alameda,Hayward,-122.062708,37.647354,WGS84,25,m,30arc-sec,6,11,"Qal2",68:Hayward (Cemetery)
5543,Geometrics_570,NULL,United States,California,Los Angeles,Long Beach,-118.260557,33.839906,WGS84,9,m,30arc-sec,23,16,"Qal1",70:Carson (Motel 6)
5544,Geometrics_571,NULL,United States,California,Santa Clara,Campbell,-121.939602,37.286157,WGS84,56,m,30arc-sec,4,12,"Qal2",73:Campbell (Campbell Park)
5545,Geometrics_572,NULL,United States,California,Santa Clara,San Jose,-121.899406,37.294201,WGS84,40,m,30arc-sec,1,12,"Qal2",74:San Jose (Wilcox Park)
5546,Geometrics_573,NULL,United States,Washington,Snohomish,Sultan,-121.820827,47.879622,WGS84,48,m,30arc-sec,1,1,"",78:Sultan (PS1)
5547,Geometrics_574,NULL,United States,Washington,Snohomish,Sultan,-121.799822,47.881944,WGS84,92,m,30arc-sec,4,5,"",79:Sultan (PS3)
5548,Geometrics_575,NULL,United States,Washington,Snohomish,Sultan,-121.835834,47.881411,WGS84,81,m,30arc-sec,29,1,"",80:Sultan (PS4)
5549,Geometrics_576,NULL,United States,Washington,Snohomish,Sultan,-121.868573,47.873676,WGS84,124,m,30arc-sec,7,5,"",81:Sultan (PS5)
5550,Geometrics_577,NULL,United States,California,Santa Clara,San Jose,-121.934479,37.326561,WGS84,31,m,30arc-sec,3,12,"Qal2",82:San Jose (Forest Avnue)
5551,Geometrics_578,NULL,United States,California,San Mateo,West Menlo Park,-122.199818,37.422301,WGS84,67,m,30arc-sec,5,4,"QT",83:Menlo Park (Sharon Park Drive)
5552,Geometrics_579,NULL,United States,California,Alameda,Hayward,-122.097282,37.610663,WGS84,-1,m,30arc-sec,3,18,"Qi",84:Hayward (Eden Shores Park)
5553,Geometrics_580,NULL,United States,California,Alameda,Fremont,-122.083162,37.577098,WGS84,1,m,30arc-sec,5,18,"Qal1",85:UnionCity (Sea Breeze Park)
5554,Geometrics_581,NULL,United States,California,Contra Costa,Bethel Island,-121.62636,38.00094,WGS84,-1,m,30arc-sec,18,16,"Qs",86:Oakley (SMB)
5555,Geometrics_582,NULL,United States,California,Contra Costa,Bethel Island,-121.625007,38.011277,WGS84,-1,m,30arc-sec,15,16,"Qs",87:Oakley (SRB)
5556,Geometrics_583,NULL,United States,California,Contra Costa,Antioch,-121.824671,38.01231,WGS84,5,m,30arc-sec,9,16,"Qal2",88:Antioch
5557,Geometrics_584,NULL,United States,California,Sacramento,Oakley,-121.736737,38.050224,WGS84,-5,m,30arc-sec,80,11,"Qi",89:Rio Vista (SIA)
5558,Geometrics_585,NULL,United States,California,Napa,Napa,-122.320925,38.244336,WGS84,18,m,30arc-sec,1,4,"Qoa",90:Napa (CSUEB-1)
5559,Geometrics_586,NULL,United States,California,Napa,Napa,-122.307452,38.293061,WGS84,13,m,30arc-sec,10,3,"Qoa",91:Napa (CSUEB-2)
5560,Geometrics_587,NULL,United States,California,Napa,Napa,-122.284675,38.321674,WGS84,14,m,30arc-sec,16,3,"Qoa",92:Napa (CSUEB-3)
5561,Geometrics_588,NULL,United States,California,Sacramento,Antioch,-121.758083,38.029933,WGS84,-4,m,30arc-sec,4,8,"Qi",94:RioVista (San Joaquin River)
5562,Geometrics_589,NULL,United States,California,Los Angeles,Pasadena,-118.099798,34.145553,WGS84,223,m,30arc-sec,59,4,"Qoa",96:Pasadena (Comfort_Inn)
5563,Geometrics_590,NULL,United States,California,San Joaquin,Bouldin Island,-121.497722,38.063299,WGS84,-6,m,30arc-sec,18,16,"Qi",97:Stockton (W 8 Mille Rd)
5564,Geometrics_591,NULL,United States,Hawaii,,Waikoloa,-155.886024,19.927581,WGS84,9,m,30arc-sec,17,18,"",102:Hawaii (Hilton Waikoloa)
5565,Geometrics_592,NULL,United States,Washington,Thurston,East Olympia,-122.829343,46.960083,WGS84,67,m,30arc-sec,1,11,"",104:Olympia (East Olympia Elementary School)
5566,Geometrics_593,NULL,United States,California,,Oakland,-122.292394,37.810039,WGS84,2,m,30arc-sec,22,18,"Qs",109:Oakland (Cypress Freeway Memorial Park)
5567,Geometrics_594,NULL,United States,California,Santa Clara,San Jose,-121.849868,37.391725,WGS84,60,m,30arc-sec,4,16,"Qal2",111:Penitencia Creek Park
5568,Geometrics_595,NULL,United States,Nevada,Washoe,Reno,-119.804748,39.506363,WGS84,1360,m,30arc-sec,4,4,"",113:Reno (EconoLodge)
5569,Geometrics_596,NULL,Japan,Tokyo,,Otemachi,139.768005,35.692699,WGS84,18,m,30arc-sec,16,13,"",127:Tokyo (Kanda)
5570,Geometrics_597,NULL,Japan,Ibaraki,,Tsukuba,140.078644,36.067699,WGS84,29,m,30arc-sec,2,9,"",Tsukuba
5571,Geometrics_598,NULL,Mexico,Distrito Federal,,17 de Junio,-98.997482,19.479099,WGS84,2235,m,30arc-sec,7,16,"",Mexico (Texcoco No.7)
5572,Geometrics_599,NULL,Japan,Kyoto,,Gokasho,135.801956,34.909801,WGS84,36,m,30arc-sec,1,3,"",Kyoto University (DPRI)
5573,Geometrics_600,NULL,Japan,Ibaraki,,Tsukuba,140.132309,36.063999,WGS84,30,m,30arc-sec,28,15,"",Tsukuba (AIST)
5574,Geometrics_601,NULL,Indonesia,Yogyakarta,,Sagan,110.378448,-7.77109,WGS84,141,m,30arc-sec,9,3,"",Universitas Gadjah Mada
5575,Geometrics_602,NULL,Japan,Saitama,,Soka,139.798569,35.8451,WGS84,5,m,30arc-sec,23,16,"",A02
5576,Geometrics_603,NULL,Japan,Saitama,,Misato,139.835556,35.858799,WGS84,4,m,30arc-sec,3,16,"",A03
5577,Geometrics_604,NULL,Japan,Saitama,,Soka,139.809998,35.828899,WGS84,4,m,30arc-sec,15,16,"",A04
5578,Geometrics_605,NULL,Japan,Saitama,,Yashio-shi,139.83075,35.800499,WGS84,4,m,30arc-sec,11,16,"",A05
5579,Geometrics_606,NULL,Japan,Saitama,,Soka,139.823883,35.796902,WGS84,4,m,30arc-sec,7,15,"",A06
5580,Geometrics_607,NULL,Japan,Chiba,,Shichiuemon-shinden,139.87674,35.821899,WGS84,2,m,30arc-sec,14,16,"",A07
5581,Geometrics_608,NULL,Japan,Chiba,,Minaminagareyama,139.903107,35.838299,WGS84,7,m,30arc-sec,4,10,"",A08
5582,Geometrics_609,NULL,Japan,Chiba,,Omoi,139.910339,35.847,WGS84,13,m,30arc-sec,35,14,"",A09
5583,Geometrics_610,NULL,Japan,Tokyo,,Hinodecho,139.818344,35.763401,WGS84,4,m,30arc-sec,2,11,"",A10
5584,Geometrics_611,NULL,Japan,Tokyo,,Kairaku,139.911896,35.658501,WGS84,6,m,30arc-sec,13,9,"",A11A12
5585,Geometrics_612,NULL,Japan,Tokyo,,Kairaku,139.912888,35.660599,WGS84,6,m,30arc-sec,13,9,"",A13A14
5586,Geometrics_613,NULL,Japan,Ibaraki,,Tateno,140.123367,36.033001,WGS84,23,m,30arc-sec,4,9,"",B01
5587,Geometrics_614,NULL,Japan,Ibaraki,,Yatabe,140.062073,36.055401,WGS84,15,m,30arc-sec,4,13,"",B02
5588,Geometrics_615,NULL,Japan,Ibaraki,,Kamigo,140.000687,36.079899,WGS84,15,m,30arc-sec,21,13,"",B04-02
5589,Geometrics_616,NULL,Japan,Ibaraki,,Yamata,139.817535,36.1255,WGS84,18,m,30arc-sec,21,16,"",B05
5590,Geometrics_617,NULL,Japan,Ibaraki,,Sekiyado,139.790497,36.127102,WGS84,8,m,30arc-sec,17,16,"",B06
5591,Geometrics_618,NULL,Japan,Ibaraki,,Sekiyado,139.779175,36.123901,WGS84,12,m,30arc-sec,1,14,"",B08
5592,Geometrics_619,NULL,Japan,Ibaraki,,Sekiyado,139.776657,36.122101,WGS84,12,m,30arc-sec,1,14,"",B09
5593,Geometrics_620,NULL,Japan,Ibaraki,,Fuyugi,139.760651,36.112701,WGS84,14,m,30arc-sec,19,14,"",B10
5594,Geometrics_621,NULL,Japan,Ibaraki,,Fuyugi,139.757721,36.104599,WGS84,12,m,30arc-sec,44,14,"",B11
5595,Geometrics_622,NULL,Japan,Ibaraki,,Fuyugi,139.759155,36.100498,WGS84,13,m,30arc-sec,47,14,"",B12
5596,Geometrics_623,NULL,Japan,Ibaraki,,Fuyugi,139.760971,36.091202,WGS84,10,m,30arc-sec,36,14,"",B13
5597,Geometrics_624,NULL,Japan,Saitama,,Kamiyoshiba,139.757202,36.084999,WGS84,13,m,30arc-sec,16,14,"",B14
5598,Geometrics_625,NULL,Japan,Chiba,,Kozaki,140.373291,35.907799,WGS84,1,m,30arc-sec,1,13,"",B15
5599,Geometrics_626,NULL,Japan,Ibaraki,,Tsukuba,140.078796,36.0676,WGS84,29,m,30arc-sec,2,9,"",B-OYO
5600,Geometrics_627,NULL,Singapore,West,,Boon Lay,103.70034,1.33297,WGS84,11,m,30arc-sec,39,13,"",PGS (office)
5601,Geometrics_628,NULL,Mexico,Mexico,,Colonia el Salado,-98.991875,19.5555,WGS84,2236,m,30arc-sec,25,16,"",No.8
5602,Geometrics_629,NULL,Mexico,Mexico,,Colonia el Salado,-99.002449,19.584782,WGS84,2237,m,30arc-sec,4,16,"",No.12
5603,Geometrics_630,NULL,United States,California,Santa Clara,San Jose,-121.906677,37.379101,WGS84,14,m,30arc-sec,18,16,"Qal2",156 : San Jose (Frys Electronics)
5604,Geometrics_631,NULL,United States,California,Santa Clara,San Jose,-121.954254,37.421799,WGS84,-1,m,30arc-sec,26,18,"Qal1",157 : San Jose (Baytech drive)
5605,Geometrics_632,NULL,United States,California,Santa Clara,Sunnyvale,-122.006844,37.362999,WGS84,25,m,30arc-sec,8,12,"Qoa",158 : San Jose (Ponderosa Park)
5606,Geometrics_633,NULL,United States,California,Santa Clara,Cupertino,-122.016197,37.335602,WGS84,47,m,30arc-sec,22,8,"Qoa",159 : Cupertino(Cupertino Village)
5607,Geometrics_634,NULL,United States,California,,San Leandro,-122.192261,37.709301,WGS84,3,m,30arc-sec,4,18,"af/Qi",161 : Oyster Bay Regional Shoreline
5608,Geometrics_635,NULL,United States,California,,San Leandro,-122.173988,37.6824,WGS84,-1,m,30arc-sec,5,18,"af/Qi",160 : San Leandro Shoreline
5609,Geometrics_636,NULL,United States,California,,Mount Eden,-122.144585,37.636501,WGS84,0,m,30arc-sec,34,18,"Qi",162 : Hayward Shoreline (south)
5610,Geometrics_637,NULL,United States,California,Santa Clara,Mountain View,-122.087143,37.4202,WGS84,4,m,30arc-sec,3,12,"Qal1",164 : Mountain View (Landings Dr)
5611,Geometrics_638,NULL,New Zealand,Canterbury,,Burwood,172.70871,-43.4921,WGS84,6,m,30arc-sec,2,16,"",North New Brighton
5612,HV-100348,NULL,United States,California,Alameda,Oakland,-122.2635456,37.7922942,WGS84,3,m,30arc-sec,10,18,"af/Qi",NULL
5613,HV-100568,NULL,United States,California,Alameda,Oakland,-122.2016097,37.7301447,WGS84,3,m,30arc-sec,5,15,"af/Qi",NULL
5614,HV-100570/593,NULL,United States,California,Alameda,Oakland,-122.3028587,37.7846561,WGS84,3,m,30arc-sec,2,18,"af/Qi",NULL
5615,HV-100594,NULL,United States,California,Alameda,Oakland,-122.2768329,37.7894292,WGS84,2,m,30arc-sec,37,18,"af/Qi",NULL
5616,HV-1184,NULL,United States,California,Alameda,Alameda Pt,-122.243712,37.7630808,WGS84,10,m,30arc-sec,7,18,"Qs",NULL
5617,HV-1185,NULL,United States,California,Alameda,Alameda,-122.2538903,37.7383696,WGS84,0,m,30arc-sec,0,18,"af/Qi",NULL
5618,HV-A,NULL,United States,California,Alameda,Oakland,-122.2545015,37.7879918,WGS84,3,m,30arc-sec,19,18,"af/Qi",NULL
5619,HV-BC,NULL,United States,California,Alameda,Oakland,-122.2574345,37.7879521,WGS84,3,m,30arc-sec,19,18,"af/Qi",NULL
5620,HV-DE,NULL,United States,California,Alameda,Oakland,-122.2584608,37.7871394,WGS84,0,m,30arc-sec,0,18,"af/Qi",NULL
5621,HV-F,NULL,United States,California,Alameda,Oakland,-122.2558758,37.7885461,WGS84,3,m,30arc-sec,19,18,"af/Qi",NULL
5622,HV-G,NULL,United States,California,Alameda,Oakland,-122.2577989,37.7891142,WGS84,3,m,30arc-sec,19,18,"af/Qi",NULL
5623,HV-H,NULL,United States,California,Alameda,Oakland,-122.2588276,37.7881489,WGS84,0,m,30arc-sec,0,18,"af/Qi",NULL
5624,HV-J,NULL,United States,California,Alameda,Oakland,-122.2598361,37.7873901,WGS84,0,m,30arc-sec,0,18,"af/Qi",NULL
5625,1-HV-SSN100010,NULL,United States,California,Santa Clara,Milpitas,-121.9156369,37.4171269,WGS84,5,m,30arc-sec,3,18,"Qal1",NULL
5626,1-HV-SSN100027,NULL,United States,California,Santa Clara,San Jose,-121.8715448,37.4147313,WGS84,35,m,30arc-sec,44,16,"Qal2",NULL
5627,1-HV-SSN100485,NULL,United States,California,Santa Clara,San Jose,-121.8672103,37.3964354,WGS84,33,m,30arc-sec,39,16,"Qal2",NULL
5628,HV-459,NULL,United States,California,San Francisco,San Francisco,-122.374289,37.825169,WGS84,3,m,30arc-sec,20,18,"af/Qi",NULL
5629,1-HV-3,NULL,United States,California,San Francisco,San Francisco,-122.371585,37.819214,WGS84,3,m,30arc-sec,2,18,"af/Qi",NULL
5630,12-HV-1,NULL,United States,California,San Francisco,San Francisco,-122.368119,37.817342,WGS84,3,m,30arc-sec,2,18,"af/Qi",NULL
5631,11-HV-1,NULL,United States,California,San Francisco,San Francisco,-122.36762,37.828633,WGS84,3,m,30arc-sec,20,18,"af/Qi",NULL
5632,1-HV-SSN1117,NULL,United States,California,San Mateo,Menlo Park,-122.1688965,37.4567767,WGS84,18,m,30arc-sec,10,16,"Qal2",NULL
5633,1-HV-SSN1195,NULL,United States,California,San Mateo,Menlo Park,-122.1756754,37.4562407,WGS84,20,m,30arc-sec,10,12,"Qal2",NULL
5634,1-HV-SSN100504,NULL,United States,California,San Mateo,Menlo Park,-122.1963616,37.4523729,WGS84,23,m,30arc-sec,25,4,"Qal2",NULL
5635,1-HV-SSN100285,NULL,United States,California,San Mateo,West Menlo Park,-122.198378,37.4343763,WGS84,33,m,30arc-sec,17,8,"Qoa",NULL
5637,Carmel Mountain Road UC (Widen),NULL,United States,California,San Diego,San Diego,-117.233978,32.91759,WGS84,31,m,30arc-sec,20,18,"Tss",NULL
5640,5/14 Interchange HOV Conn/Sep/OC,NULL,United States,California,Los Angeles,Sylmar,-118.506046,34.330326,WGS84,453,m,30arc-sec,6,3,"Tss",NULL
5641,Big Rock Wash Bridge/RTE 138,NULL,United States,California,Los Angeles,Llano,-117.8431,34.5065,WGS84,971,m,30arc-sec,75,8,"Qal3",NULL
5643,Carquinez Bridge,NULL,United States,California,Contra Costa,Crockett,-122.225968,38.056415,WGS84,26,m,30arc-sec,45,18,"af/Qi",NULL
5645,Clear Creek Bridge,NULL,United States,California,Butte,Durham,-121.67767,39.612581,WGS84,60,m,30arc-sec,23,8,"Tss",NULL
5646,Coronado 96-15,NULL,United States,California,San Diego,Coronado,-117.141928,32.699758,WGS84,7,m,30arc-sec,3,7,"Qoa",NULL
5648,Dixon98-3,NULL,United States,California,Santa Clara,Milpitas,-121.922901,37.454413,WGS84,2,m,30arc-sec,21,16,"Qi",NULL
5662,Ivanpah Ditch AIF Auto,NULL,United States,California,San Bernardino,,-115.4313,35.5264,WGS84,824,m,30arc-sec,55,4,"Qal3",NULL
5663,Lake Britton Bridge Replacement,NULL,United States,California,Shasta,Burney,-121.61979,41.01707,WGS84,914,m,30arc-sec,14,1,"Tss",NULL
5664,Lost River 04-2,NULL,United States,California,Siskiyou,,-121.5221,41.9983,WGS84,1233,m,30arc-sec,3,11,"",NULL
5665, N99/149 Separation,NULL,United States,California,Butte,,-121.6932,39.6223,WGS84,61,m,30arc-sec,8,8,"Tss",NULL
5666,N149/S99 Connector Separation,NULL,United States,California,Butte,,-121.6932,39.6197,WGS84,61,m,30arc-sec,8,8,"Tss",NULL
5667,"SE Connector, NB 215-WB 60",NULL,United States,California,Riverside,Riverside,-117.3561,33.9936,WGS84,267,m,30arc-sec,42,4,"Qoa",NULL
5668,NB 680 / WB 780 Connector,NULL,United States,California,Solano,Benicia,-122.129885,38.05143,WGS84,18,m,30arc-sec,23,3,"Kss",NULL
5669,NB 805 NS Truck Connector,NULL,United States,California,San Diego,San Diego,-117.223516,32.90461,WGS84,17,m,30arc-sec,1,18,"Qi",NULL
5670,New Benicia Martinez Bridge,NULL,United States,California,Solano,Benicia,-122.123,38.0406,WGS84,-2,m,30arc-sec,4,3,"water","Bridge connects to Martinez, CA in Contra Costa County. Borings B6 and B8 share same coordinates. "
5683,S149/E70 Connector Separation,NULL,United States,California,Butte,,-121.6232,39.5825,WGS84,78,m,30arc-sec,3,15,"Tv",NULL
5684,S5 / S805 Truck Connector,NULL,United States,California,San Diego,San Diego,-117.223694,32.903233,WGS84,17,m,30arc-sec,1,18,"Qal3",NULL
5687,San Francisco Oakland Bay Bridge Approach Seismic Retrofit,NULL,United States,California,San Francisco,San Francisco,-122.3907,37.7862,WGS84,4,m,30arc-sec,4,18,"KJf",NULL
5691,SFOBB West Bay Crossing Seismic Retrofit,NULL,United States,California,San Francisco,San Francisco,-122.348129,37.819088,WGS84,0,m,30arc-sec,0,18,"water",NULL
5692,SFOBB West Bay Crossing Seismic Retrofit Eastern Anchorage at Ye,NULL,United States,California,San Francisco,San Francisco,-122.39095,37.786,WGS84,4,m,30arc-sec,4,18,"KJf",NULL
5693,Sorrento Viaduct,NULL,United States,California,San Diego,San Diego,-117.24066,32.93125,WGS84,23,m,30arc-sec,4,18,"Qal3",NULL
5694,RTE 5/West Sylmar OC,NULL,United States,California,Los Angeles,Sylmar,-118.5051,34.3294,WGS84,453,m,30arc-sec,6,3,"Qal3",NULL
5695,Ten Mile River Bridge,NULL,United States,California,Mendocino,Fort Bragg,-123.7626,39.5483,WGS84,8,m,30arc-sec,6,18,"Qal3",NULL
5698,Warren-Brown O.C.,NULL,United States,California,Butte,,-121.6502,39.5961,WGS84,75,m,30arc-sec,19,12,"Tv",NULL
5699,Willits RTE 101 Bypass Floodway Viaduct,NULL,United States,California,Mendocino,Willits,-123.339643,39.418364,WGS84,408,m,30arc-sec,3,3,"Qal1",NULL
5700,Willits Bypass RTE 101,NULL,United States,California,Mendocino,Willits,-123.34369,39.42302,WGS84,409,m,30arc-sec,29,1,"Qal1",NULL
5717,San Francisco Oakland Bay Bridge Seismic Retrofit,NULL,United States,California,San Francisco,San Francisco,-122.072117,38.023901,WGS84,2,m,30arc-sec,14,7,"af/Qi",NULL
5718,Antioch Bridge,NULL,United States,California,San Francisco,San Francisco,-121.7514445,38.0188634,WGS84,0,m,30arc-sec,2,12,"af/Qi",NULL
5719, Hatton Canyon Parkway Carmel River Bridge,NULL,United States,California,Monterey,Carmel Valley,-121.912739,36.53604,WGS84,6,m,30arc-sec,16,18,"Qal3",NULL
5720,I-15 Rancho Bernardo DAR,NULL,United States,California,San Diego,San Diego,-117.0793,33.0201,WGS84,172,m,30arc-sec,11,3,"crystalline",NULL
5721,New Crockett Interchange(28-0369S),NULL,United States,California,Contra Costa,Crockett,-122.227527,38.0523,WGS84,26,m,30arc-sec,45,18,"Kss",NULL
5722,New Crockett Interchange(28-0368K),NULL,United States,California,Contra Costa,Crockett,-122.22757,38.05407,WGS84,26,m,30arc-sec,45,18,"Kss",NULL
5723,New Crockett Interchange(28-0367L),NULL,United States,California,Contra Costa,Crockett,-122.224932,38.05531,WGS84,15,m,30arc-sec,24,18,"af/Qi",NULL
5724,New Crockett Interchange(28-0370K),NULL,United States,California,Contra Costa,Crockett,-122.229868,38.05505,WGS84,26,m,30arc-sec,45,18,"Kss",NULL
5725,RTE14/I5 Connectors( 53-2795F),NULL,United States,California,Los Angeles,Sylmar,-118.508337,34.337094,WGS84,524,m,30arc-sec,7,3,"Tss",NULL
5726,RTE14/I5 Connectors(53-2796F),NULL,United States,California,Los Angeles,Sylmar,-118.598456,34.336665,WGS84,867,m,30arc-sec,11,3,"Tss",NULL
5727,RTE14/I5 Connectors (53-2797F),NULL,United States,California,Los Angeles,Sylmar,-118.508443,34.337002,WGS84,524,m,30arc-sec,7,3,"Tss",NULL
5728,W70/S70 Connector Separation,NULL,United States,California,Butte,,-121.6391,39.5899,WGS84,78,m,30arc-sec,17,12,"Tv",NULL
5729, SFOBB West Bay Suspension Span Cassions,NULL,United States,California,San Francisco,San Francisco,-122.387112,37.789451,WGS84,4,m,30arc-sec,4,18,"af/Qi",NULL
5730,SFOBB West Bay Approach Seismic Retrofit,NULL,United States,California,San Francisco,San Francisco,-122.348129,37.819088,WGS84,0,m,30arc-sec,0,18,"water",NULL
5731,Transbay Terminal Loop Seismic Retrofit,NULL,United States,California,San Francisco,San Francisco,-122.3994,37.7799,WGS84,8,m,30arc-sec,1,18,"af/Qi",NULL
5732,Highway 70 Bear River Bridge,NULL,United States,California,Yuba,Olivehurst,-121.5431,38.9733,WGS84,15,m,30arc-sec,10,16,"Qoa",NULL
5735,78044,NULL,United States,California,Los Angeles,Sherman Oaks,-118.467,34.1551,WGS84,223,m,30arc-sec,1,12,"Qal3",NULL
5736,78046,NULL,United States,California,Los Angeles,East LA,-118.205,34.0626,WGS84,113,m,30arc-sec,5,7,"Qoa",NULL
5737,78049,1408,United States,California,Los Angeles,Canoga Park,-118.625,34.2205,WGS84,261,m,30arc-sec,13,4,"Qal3",NULL
5738,78053,NULL,United States,California,San Bernardino,Fontana,-117.44,34.074,WGS84,345,m,30arc-sec,31,8,"Qal2",NULL
5739,78058,NULL,United States,California,San Bernardino,San Bernardino,-117.297,34.1085,WGS84,331,m,30arc-sec,19,8,"Qal2",NULL
5741,78180,NULL,United States,California,Los Angeles,Santa Monica,-118.472,34.0289,WGS84,52,m,30arc-sec,1,1,"Qal2",NULL
5742,78253,NULL,United States,California,Ventura,Burbank,-118.668,34.1916,WGS84,389,m,30arc-sec,34,3,"Tsh",NULL
5743,78254,NULL,United States,California,Los Angeles,Woodland Hills,-118.601,34.1829,WGS84,262,m,30arc-sec,1,4,"Qal2",NULL
5744,78256,NULL,United States,California,Los Angeles,Downtown LA,-118.255,34.0518,WGS84,114,m,30arc-sec,8,7,"Tss",NULL
5745,78276,NULL,United States,California,Orange County,Anaheim,-117.918,33.7995,WGS84,40,m,30arc-sec,20,12,"Qal1",NULL
5746,78292.1,NULL,United States,California,San Diego,Lake O'Neill,-117.317,33.3323,WGS84,37,m,30arc-sec,3,1,"crystalline",NULL
5747,78292.2,NULL,United States,California,San Diego,Lake O'Neill,-117.318,33.3342,WGS84,52,m,30arc-sec,10,1,"Qal3",NULL
5748,78297,NULL,United States,California,Los Angeles,East LA,-118.273,34.0492,WGS84,78,m,30arc-sec,2,7,"Qal3",NULL
5750,78373,NULL,United States,California,Los Angeles,Los Angeles,-118.302,34.0593,WGS84,75,m,30arc-sec,2,4,"Qoa",NULL
5751,78397,NULL,United States,California,Los Angeles,LAX,-118.379,33.9475,WGS84,33,m,30arc-sec,8,7,"Qoa",NULL
5752,79009,NULL,United States,California,Los Angeles,Downtown LA,-118.257,34.0479,WGS84,98,m,30arc-sec,1,7,"Qal2",NULL
5753,79027,NULL,United States,California,Los Angeles,Westwood,-118.444,34.0585,WGS84,113,m,30arc-sec,1,3,"Qal3",NULL
5754,79036,NULL,United States,California,Los Angeles,Westwood,-118.438,34.0603,WGS84,116,m,30arc-sec,1,3,"Qoa",NULL
5755,79076,NULL,United States,California,Orange County,Costa Mesa,-117.884,33.6917,WGS84,14,m,30arc-sec,1,16,"Qal1",NULL
5758,79119,NULL,United States,California,Los Angeles,Westwood,-118.434,34.0617,WGS84,116,m,30arc-sec,1,4,"Qoa",NULL
5759,79120,NULL,United States,California,Orange County,Buena Park,-118.001,33.859,WGS84,24,m,30arc-sec,15,16,"Qal1",NULL
5761,79124,NULL,United States,California,Los Angeles,Westwood,-118.43,34.0658,WGS84,108,m,30arc-sec,5,4,"Qoa",NULL
5764,79163,NULL,United States,California,Los Angeles,Downtown LA,-118.2575,34.0564,WGS84,114,m,30arc-sec,8,7,"Tsh",NULL
5765,79167,334,United States,California,Los Angeles,Century City,-118.4146,34.0607,WGS84,88,m,30arc-sec,1,4,"Qoa",NULL
5767,79185,NULL,United States,California,San Mateo,Redwood City,-122.2648,37.5289,WGS84,0,m,30arc-sec,7,15,"af/Qi",NULL
5768,79189,NULL,United States,California,Los Angeles,West LA,-118.3724,34.064,WGS84,50,m,30arc-sec,4,4,"Qal2",NULL
5773,79295,NULL,United States,California,Orange County,Fountain Valley,-117.954,33.7156,WGS84,15,m,30arc-sec,9,16,"Qal1",NULL
5774,79300,NULL,United States,California,San Diego,San Diego,-117.168,32.7182,WGS84,7,m,30arc-sec,2,9,"Qoa",NULL
5775,79304,NULL,United States,California,Los Angeles,Downtown LA,-118.253,34.0476,WGS84,98,m,30arc-sec,1,7,"Qal2",NULL
5776,79321,NULL,United States,California,Los Angeles,Westwood,-118.44,34.0595,WGS84,116,m,30arc-sec,1,3,"Qoa",NULL
5777,79334,NULL,United States,California,Orange County,Irvine,-117.862,33.6749,WGS84,20,m,30arc-sec,8,16,"Qoa",NULL
5778,79335,NULL,United States,California,Los Angeles,Westwood,-118.428,34.0677,WGS84,128,m,30arc-sec,1,4,"Qoa",NULL
5779,79337,NULL,United States,California,Los Angeles,El Segundo,-118.395,33.9168,WGS84,40,m,30arc-sec,5,15,"Qoa",NULL
5780,79351,NULL,United States,California,Los Angeles,Downtown LA,-118.254,34.0519,WGS84,114,m,30arc-sec,8,7,"Tss",NULL
5781,80011,NULL,United States,California,Los Angeles,Westwood,-118.432,34.0634,WGS84,108,m,30arc-sec,5,4,"Qal3",NULL
5782,80038,334,United States,California,Los Angeles,Century City,-118.415,34.0625,WGS84,88,m,30arc-sec,1,4,"Qoa",NULL
5784,80057,NULL,United States,California,Los Angeles,Westwood,-118.44,34.0603,WGS84,116,m,30arc-sec,1,3,"Qoa",NULL
5786,80072,NULL,United States,California,Los Angeles,Westwood,-118.428,34.0669,WGS84,128,m,30arc-sec,1,4,"Qoa",NULL
5787,80082,NULL,United States,California,Orange County,Costa Mesa,-117.9193,33.6928,WGS84,15,m,30arc-sec,25,16,"Qal2",NULL
5788,80099,NULL,United States,California,Los Angeles,West LA,-118.3961,34.0563,WGS84,65,m,30arc-sec,23,4,"Qal3",NULL
5790,80154,NULL,United States,California,Los Angeles,Hollywood,-118.2964,34.0986,WGS84,117,m,30arc-sec,20,4,"Qoa",NULL
5791,80160,NULL,United States,California,Los Angeles,Downtown LA,-118.2558,34.055,WGS84,114,m,30arc-sec,8,7,"Qoa",NULL
5792,80172,NULL,United States,California,Santa Barbara,Goleta,-119.8438,34.4348,WGS84,11,m,30arc-sec,40,4,"Qal2",NULL
5793,80180,NULL,United States,California,Los Angeles,West LA,-118.4679,34.0446,WGS84,87,m,30arc-sec,7,1,"Qoa",NULL
5794,80243,NULL,United States,California,Los Angeles,Pasadena,-118.1337,34.1419,WGS84,259,m,30arc-sec,8,4,"Qoa",NULL
5798,80292,NULL,United States,California,Los Angeles,Montebello,-118.0869,34.0362,WGS84,99,m,30arc-sec,8,8,"Tss",NULL
5801,80376,NULL,United States,California,Los Angeles,West Hollywood,-118.3832,34.0907,WGS84,73,m,30arc-sec,22,8,"Qal3",NULL
5802,80380,NULL,United States,California,Los Angeles,Long Beach,-118.192,33.7655,WGS84,8,m,30arc-sec,6,12,"Qoa",NULL
5803,80391,NULL,United States,California,Los Angeles,Glendale,-118.2573,34.146,WGS84,172,m,30arc-sec,2,4,"Qoa",NULL
5804,80402,NULL,United States,California,Los Angeles,Pasadena,-118.132,34.1451,WGS84,252,m,30arc-sec,5,8,"Qoa",NULL
5805,80403,NULL,United States,California,Los Angeles,LA Chinatown,-118.24,34.059,WGS84,95,m,30arc-sec,4,7,"Qal3",NULL
5806,80405,NULL,United States,California,Los Angeles,Long Beach,-118.1877,33.7669,WGS84,17,m,30arc-sec,6,16,"Qoa",NULL
5807,80408,NULL,United States,California,Riverside,Riverside,-117.3726,33.9798,WGS84,267,m,30arc-sec,22,4,"Qoa",NULL
5809,81014,NULL,United States,California,Los Angeles,Long Beach,-118.189,33.7663,WGS84,0,m,30arc-sec,0,12,"Qoa",NULL
5810,81040,NULL,United States,California,Los Angeles,Downtown LA,-118.261,34.0494,WGS84,87,m,30arc-sec,10,7,"Qal3",NULL
5811,81064,NULL,United States,California,Orange County,Huntington Beach,-117.99,33.7148,WGS84,12,m,30arc-sec,12,16,"Qal2",NULL
5812,81073,NULL,United States,California,Los Angeles,Hollywood,-118.343,34.1012,WGS84,153,m,30arc-sec,1,4,"Qoa",NULL
5813,81093,NULL,United States,California,Los Angeles,Universal City,-118.351,34.1405,WGS84,227,m,30arc-sec,36,12,"Qal3",NULL
5814,81103,NULL,United States,California,Los Angeles,Glendale,-118.255,34.1583,WGS84,186,m,30arc-sec,5,4,"Qal3",NULL
5815,81147,NULL,United States,California,Los Angeles,Inglewood,-118.37,33.9462,WGS84,33,m,30arc-sec,4,7,"Qoa",NULL
5816,81162,1423,United States,California,Los Angeles,Westwood,-118.447,34.0576,WGS84,94,m,30arc-sec,4,3,"Qal2",NULL
5819,81190,NULL,United States,California,Los Angeles,Downtown LA,-118.259,34.0508,WGS84,119,m,30arc-sec,1,7,"Qal3",NULL
5821,81230,NULL,United States,California,Los Angeles,West LA,-118.373,34.0646,WGS84,50,m,30arc-sec,4,4,"Qal2",NULL
5822,81259,93,United States,California,Ventura,Piru,-118.7521,34.4612,WGS84,318,m,30arc-sec,8,3,"Tsh",NULL
5823,81260,NULL,United States,California,Los Angeles,Los Angeles,-118.353,34.0621,WGS84,65,m,30arc-sec,3,4,"Qoa",NULL
5824,81262,NULL,United States,California,Los Angeles,Burbank,-118.347,34.198,WGS84,211,m,30arc-sec,5,8,"Qal2",NULL
5825,81265,NULL,United States,California,Los Angeles,Downtown LA,-118.262,34.0505,WGS84,119,m,30arc-sec,1,7,"Qoa",NULL
5826,81269,NULL,United States,California,Los Angeles,Glendale,-118.255,34.1514,WGS84,186,m,30arc-sec,5,4,"Qoa",NULL
5827,81271,NULL,United States,California,Los Angeles,Burbank,-118.339,34.1527,WGS84,169,m,30arc-sec,6,8,"Qal2",NULL
5829,81274,NULL,United States,California,Los Angeles,Long Beach,-118.261,34.0481,WGS84,87,m,30arc-sec,10,7,"Qal3",NULL
5831,81312,91000206,United States,California,San Bernardino,Redlands,-118.2,33.7638,WGS84,8,m,30arc-sec,6,15,"Qoa",NULL
5832,81315,NULL,United States,California,San Diego,San Diego,-117.205,34.037,WGS84,427,m,30arc-sec,4,8,"Qoa",NULL
5833,81318,NULL,United States,California,San Diego,San Diego,-117.125,32.6823,WGS84,4,m,30arc-sec,1,18,"af/Qi",NULL
5835,81341,NULL,United States,California,Los Angeles,Downtown LA,-118.259,34.0458,WGS84,87,m,30arc-sec,10,7,"Qal2",NULL
5836,81344,NULL,United States,California,Los Angeles,Westwood,-118.434,34.0612,WGS84,116,m,30arc-sec,1,4,"Qoa",NULL
5837,81345,NULL,United States,California,Orange County,Orange,-117.848,33.7767,WGS84,63,m,30arc-sec,31,16,"Qal2",NULL
5838,81380,NULL,United States,California,Los Angeles,LA Chinatown,-118.242,34.0606,WGS84,119,m,30arc-sec,6,7,"Tsh",NULL
5840,81394,NULL,United States,California,Los Angeles,LAX,-118.385,33.9464,WGS84,34,m,30arc-sec,13,15,"Qoa",NULL
5841,81410,NULL,United States,California,Kern,Culver City,-118.397,34.9892,WGS84,1461,m,30arc-sec,16,4,"crystalline",NULL
5844,82020,NULL,United States,California,Los Angeles,West LA,-118.375,34.0699,WGS84,54,m,30arc-sec,24,8,"Qal2",NULL
5845,82027,NULL,United States,California,Los Angeles,Los Angeles,-118.287,34.0676,WGS84,92,m,30arc-sec,20,4,"Tsh",NULL
5846,82029,NULL,United States,California,Kern,Culver City,-118.387,34.9885,WGS84,1387,m,30arc-sec,32,4,"crystalline",NULL
5847,82037,NULL,United States,California,Los Angeles,Marina del Rey,-118.46,33.9824,WGS84,8,m,30arc-sec,2,7,"Qal2",NULL
5848,82038,NULL,United States,California,Los Angeles,Marina del Rey,-118.452,33.9738,WGS84,8,m,30arc-sec,10,18,"Qi",NULL
5849,82046,NULL,United States,California,Los Angeles,Los Angeles,-118.301,34.0616,WGS84,75,m,30arc-sec,2,4,"Qoa",NULL
5850,82063,100402,United States,California,Los Angeles,Torrance,-118.353,33.8344,WGS84,36,m,30arc-sec,7,18,"Qoa",NULL
5852,82082,NULL,United States,California,Orange County,Newport Beach,-117.913,33.6208,WGS84,28,m,30arc-sec,2,11,"Qoa",NULL
5853,82125,NULL,United States,California,Los Angeles,Brentwood,-118.462,34.0484,WGS84,84,m,30arc-sec,2,3,"Qoa",NULL
5854,82148,NULL,United States,California,Los Angeles,Long Beach,-118.176,33.7654,WGS84,0,m,30arc-sec,0,16,"Qoa",NULL
5855,82149,NULL,United States,California,Orange County,Costa Mesa,-117.881,33.6918,WGS84,14,m,30arc-sec,7,16,"Qal1",NULL
5856,82154,NULL,United States,California,San Bernardino,China Lake,-117.508,35.7097,WGS84,776,m,30arc-sec,3,4,"Qal3",NULL
5857,82163,NULL,United States,California,Ventura,Port Hueneme,-119.211,34.1483,WGS84,0,m,30arc-sec,0,18,"Qal1",NULL
5860,82224,NULL,United States,California,San Bernardino,Colton,-117.342,34.0587,WGS84,305,m,30arc-sec,8,8,"Qoa",NULL
5861,82247,NULL,United States,California,Los Angeles,Los Angeles,-118.263,34.0526,WGS84,119,m,30arc-sec,1,7,"Tss",NULL
5862,82266,NULL,United States,California,Los Angeles,Downtown LA,-118.262,34.0467,WGS84,87,m,30arc-sec,10,7,"Qal2",NULL
5863,82284,NULL,United States,California,Los Angeles,Carson,-118.227,33.8237,WGS84,9,m,30arc-sec,21,12,"Qal1",NULL
5864,82297,NULL,United States,California,Riverside,Riverside,-117.373,33.9856,WGS84,263,m,30arc-sec,1,4,"Qoa",NULL
5865,82312,NULL,United States,California,Los Angeles,Culver City,-118.398,34.0207,WGS84,34,m,30arc-sec,33,7,"Qal2",NULL
5866,83001,NULL,United States,California,Los Angeles,Woodland Hills,-118.603,34.1782,WGS84,262,m,30arc-sec,1,4,"Qal2",NULL
5867,83011,NULL,United States,California,Los Angeles,LA Chinatown,-118.241,34.062,WGS84,95,m,30arc-sec,4,7,"Qal3",NULL
5868,83014,NULL,United States,California,Los Angeles,Burbank,-118.343,34.1528,WGS84,174,m,30arc-sec,7,8,"Qal2",NULL
5869,83040,NULL,United States,California,Los Angeles,Carson,-118.243,33.8225,WGS84,12,m,30arc-sec,1,12,"Qoa",NULL
5870,83049,NULL,United States,California,Los Angeles,Marina del Rey,-118.427,33.9711,WGS84,6,m,30arc-sec,3,7,"Qal3",NULL
5871,83053,91000322,United States,California,Los Angeles,Beverly Hills,-118.401,34.0735,WGS84,88,m,30arc-sec,5,8,"Qal2",NULL
5872,83063,NULL,United States,California,Los Angeles,West LA,-118.427,34.0402,WGS84,54,m,30arc-sec,3,3,"Qal2",NULL
5873,83078,NULL,United States,California,Los Angeles,LAX,-118.377,33.9324,WGS84,33,m,30arc-sec,42,7,"Qoa",NULL
5874,83123,NULL,United States,California,Los Angeles,Los Angeles,-118.262,34.0586,WGS84,127,m,30arc-sec,3,7,"Tsh",NULL
5875,83156,NULL,United States,California,San Diego,San Diego,-117.174,32.7176,WGS84,7,m,30arc-sec,2,5,"af/Qi",NULL
5876,83199,NULL,United States,California,Los Angeles,Inglewood,-118.338,33.9487,WGS84,38,m,30arc-sec,12,7,"Qoa",NULL
5877,83207,NULL,United States,California,Los Angeles,LAX,-118.377,33.9449,WGS84,33,m,30arc-sec,8,7,"Qoa",NULL
5878,83231,NULL,United States,California,Riverside,Palm Desert,-116.352,33.7567,WGS84,75,m,30arc-sec,6,7,"Qal2",NULL
5879,83237,3080,United States,California,Riverside,Palm Springs,-116.547,33.825,WGS84,138,m,30arc-sec,22,4,"Qal2",NULL
5880,83249,NULL,United States,California,Los Angeles,Downtown LA,-118.253,34.0417,WGS84,98,m,30arc-sec,1,7,"Qal2",NULL
5881,83253,NULL,United States,California,Contra Costa,"Pleasant Hill, CA",-122.061,37.9451,WGS84,16,m,30arc-sec,11,7,"Qal2",NULL
5882,83262,NULL,United States,California,Los Angeles,Long Beach,-118.192,33.7673,WGS84,16,m,30arc-sec,5,12,"Qoa",NULL
5883,83282,357,United States,California,Los Angeles,Downtown LA,-118.249,34.0606,WGS84,119,m,30arc-sec,6,3,"Qal3",NULL
5884,83287,1438,United States,California,Los Angeles,Van Nuys,-118.447,34.1832,WGS84,214,m,30arc-sec,13,8,"Qal2",NULL
5885,83295,NULL,United States,California,Los Angeles,San Gabriel,-118.106,34.1007,WGS84,143,m,30arc-sec,37,8,"Qoa",NULL
5886,83297,NULL,United States,California,Riverside,Riverside,-117.47,33.9048,WGS84,223,m,30arc-sec,1,4,"Qoa",NULL
5887,83307,NULL,United States,California,Los Angeles,El Segundo,-118.39,33.9192,WGS84,36,m,30arc-sec,1,15,"Qoa",NULL
5888,83318,NULL,United States,California,Los Angeles,Long Beach,-118.185,33.781,WGS84,16,m,30arc-sec,5,16,"Qoa",NULL
5889,83319,NULL,United States,California,Los Angeles,Little Tokyo,-118.24,34.0477,WGS84,84,m,30arc-sec,11,7,"Qal2",NULL
5890,83322,NULL,United States,California,Orange County,Irvine,-117.853,33.6855,WGS84,15,m,30arc-sec,5,16,"Qal1",NULL
5891,84021,NULL,United States,California,Los Angeles,West LA,-118.353,34.0621,WGS84,65,m,30arc-sec,3,4,"Qoa",NULL
5892,84032,NULL,United States,California,Los Angeles,Downtown LA,-118.254,34.0513,WGS84,114,m,30arc-sec,8,7,"Tss",NULL
5893,84034,NULL,United States,California,Los Angeles,Woodland Hills,-118.597,34.1856,WGS84,249,m,30arc-sec,1,4,"Qal2",NULL
5894,84065,NULL,United States,California,Orange County,Irvine,-117.856,33.6719,WGS84,19,m,30arc-sec,2,16,"Qoa",NULL
5895,84066,NULL,United States,California,Los Angeles,Pica Rivera,-118.103,33.9829,WGS84,49,m,30arc-sec,7,8,"Qal1",NULL
5896,84080,1147,United States,California,San Bernardino,Loma Linda,-117.261,34.0486,WGS84,365,m,30arc-sec,13,8,"Qal3",NULL
5897,84120,NULL,United States,California,Los Angeles,Downtown LA,-118.239,34.0524,WGS84,90,m,30arc-sec,4,7,"Qal2",NULL
5898,84145,NULL,United States,California,Orange County,Irvine,-117.839,33.6822,WGS84,17,m,30arc-sec,20,12,"Qal1",NULL
5899,84182,NULL,United States,California,Los Angeles,Hollywood,-118.365,34.0978,WGS84,117,m,30arc-sec,1,8,"Qoa",NULL
5900,84199,NULL,United States,California,Los Angeles,West LA,-118.358,34.063,WGS84,65,m,30arc-sec,3,4,"Qoa",NULL
5901,84200,NULL,United States,California,Los Angeles,Encino,-118.501,34.1592,WGS84,240,m,30arc-sec,1,16,"Qal3",NULL
5902,84227,NULL,United States,California,Los Angeles,Los Angeles,-118.304,33.8584,WGS84,18,m,30arc-sec,27,15,"Qoa",NULL
5903,84235,NULL,United States,California,Orange County,Santa Ana,-117.864,33.6985,WGS84,15,m,30arc-sec,4,16,"Qal1",NULL
5904,84238,NULL,United States,California,Orange County,Laguna Hills,-117.709,33.6091,WGS84,114,m,30arc-sec,3,7,"Tsh",NULL
5905,84271,NULL,United States,California,Los Angeles,Westwood,-118.445,34.0582,WGS84,94,m,30arc-sec,4,3,"Qal3",NULL
5906,84274,NULL,United States,California,Los Angeles,Westwood,-118.443,34.0591,WGS84,113,m,30arc-sec,1,3,"Qoa",NULL
5907,84277,NULL,United States,California,Los Angeles,Century City,-118.416,34.0584,WGS84,88,m,30arc-sec,1,4,"Qoa",NULL
5908,84280,NULL,United States,California,Los Angeles,West LA,-118.446,34.0354,WGS84,62,m,30arc-sec,5,3,"Qal2",NULL
5909,84290,NULL,United States,California,Los Angeles,West LA,-118.394,33.98,WGS84,21,m,30arc-sec,3,11,"Qal3",NULL
5910,84295,NULL,United States,California,Los Angeles,Downtown LA,-118.256,34.0498,WGS84,98,m,30arc-sec,1,7,"Qal3",NULL
5911,84310,NULL,United States,California,Los Angeles,Redondo Beach,-118.394,33.8458,WGS84,0,m,30arc-sec,0,18,"af/Qi",NULL
5912,84361,NULL,United States,California,Orange County,Costa Mesa,-117.885,33.6871,WGS84,15,m,30arc-sec,6,16,"Qoa",NULL
5913,84376,NULL,United States,California,Los Angeles,Glendale,-118.257,34.148,WGS84,172,m,30arc-sec,2,4,"Qoa",NULL
5914,84383,NULL,United States,California,Los Angeles,Glendale,-118.256,34.1582,WGS84,186,m,30arc-sec,5,4,"Qal2",NULL
5915,85001,NULL,United States,California,Los Angeles,Downtown LA,-118.263,34.0509,WGS84,119,m,30arc-sec,1,7,"Qoa",NULL
5917,85018,NULL,United States,California,Los Angeles,Brentwood,-118.456,34.034,WGS84,59,m,30arc-sec,40,1,"Qal2",NULL
5918,85062,NULL,United States,California,Los Angeles,Carson,-118.243,33.8195,WGS84,12,m,30arc-sec,1,12,"Qoa",NULL
5919,85065,NULL,United States,California,Orange County,Orange,-117.881,33.7855,WGS84,45,m,30arc-sec,12,16,"Qal2",NULL
5920,85077,NULL,United States,California,Los Angeles,Long Beach,-118.201,33.7648,WGS84,8,m,30arc-sec,1,15,"Qoa",NULL
5921,85092,NULL,United States,California,Los Angeles,Northridge,-118.571,34.2399,WGS84,265,m,30arc-sec,36,4,"Qal2",NULL
5922,85121,100280,United States,California,Los Angeles,Thousand Oaks,-118.818,34.1558,WGS84,290,m,30arc-sec,21,11,"Tss",NULL
5923,85122,NULL,United States,California,Ventura,Oxnard,-119.175,34.2282,WGS84,28,m,30arc-sec,23,8,"Qal1",NULL
5924,85134,NULL,United States,California,Orange County,Orange,-117.893,33.788,WGS84,42,m,30arc-sec,4,16,"Qal2",NULL
5925,85143,NULL,United States,California,Los Angeles,West LA,-118.378,34.0473,WGS84,37,m,30arc-sec,15,4,"Qal2",NULL
5926,85205,NULL,United States,California,Los Angeles,Industry,-118.016,34.0307,WGS84,92,m,30arc-sec,13,12,"Qoa",NULL
5927,85213,NULL,United States,California,Orange County,Newport Beach,-117.866,33.6553,WGS84,16,m,30arc-sec,18,16,"Qoa",NULL
5928,85240,NULL,United States,California,Los Angeles,Pasadena,-118.134,34.1203,WGS84,220,m,30arc-sec,4,4,"Qoa",NULL
5929,85254,NULL,United States,California,Los Angeles,Terminal Island,-118.269,33.7247,WGS84,10,m,30arc-sec,1,4,"af/Qi",NULL
5930,85271,NULL,United States,California,Los Angeles,Port of Long Beach,-118.208,33.7677,WGS84,9,m,30arc-sec,6,15,"af/Qi",NULL
5931,85296,NULL,United States,California,Los Angeles,Los Angeles,-118.291,33.8582,WGS84,14,m,30arc-sec,1,15,"Qoa",NULL
5932,85309,NULL,United States,California,Orange County,Irvine,-117.84,33.6812,WGS84,17,m,30arc-sec,20,12,"Qal1",NULL
5933,85310,NULL,United States,California,Los Angeles,Downtown LA,-118.26,34.0495,WGS84,87,m,30arc-sec,10,7,"Qal3",NULL
5934,85362,NULL,United States,California,San Diego,Coronado,-117.193,32.7107,WGS84,5,m,30arc-sec,1,18,"Qoa",NULL
5935,85383,NULL,United States,California,Orange County,Santa Ana,-117.842,33.7422,WGS84,45,m,30arc-sec,5,12,"Qal2",NULL
5936,85401,NULL,United States,California,Washoe,"Reno, NV",-119.8,39.4987,WGS84,1355,m,30arc-sec,23,4,"",NULL
5939,86059,NULL,United States,California,Orange County,Irvine,-117.773,33.6624,WGS84,48,m,30arc-sec,45,16,"Qal2",NULL
5940,86097,NULL,United States,California,Orange County,Seal Beach,-118.078,33.759,WGS84,6,m,30arc-sec,21,16,"Qal1",NULL
5941,86098,NULL,United States,California,San Diego,San Diego,-117.099,32.7873,WGS84,40,m,30arc-sec,1,13,"Qoa",NULL
5942,86161,NULL,United States,California,Los Angeles,Los Angeles,-118.235,34.0282,WGS84,76,m,30arc-sec,44,8,"Qal1",NULL
5943,86177,NULL,United States,California,San Bernardino,Redlands,-117.214,34.0492,WGS84,390,m,30arc-sec,3,12,"Qoa",NULL
5944,86187,NULL,United States,California,Los Angeles,Burbank,-118.336,34.1522,WGS84,169,m,30arc-sec,6,8,"Qal2",NULL
5945,86207,NULL,United States,California,Los Angeles,West Hollywood,-118.383,34.0826,WGS84,59,m,30arc-sec,1,8,"Qal3",NULL
5946,86211,NULL,United States,California,Los Angeles,Newhall,-118.499,34.3797,WGS84,444,m,30arc-sec,20,7,"Qal3",NULL
5947,86293,NULL,United States,California,Placer,Roseville,-121.288,38.73,WGS84,51,m,30arc-sec,6,16,"Qoa",NULL
5948,86335,NULL,United States,California,San Diego,San Diego,-117.077,32.9898,WGS84,232,m,30arc-sec,4,7,"Tss",NULL
5950,86397,NULL,United States,California,Los Angeles,Beverly Hills,-118.393,34.0671,WGS84,76,m,30arc-sec,2,8,"Qal2",NULL
5951,87026,NULL,United States,California,Orange County,Costa Mesa,-117.917,33.6902,WGS84,14,m,30arc-sec,27,16,"Qal2",NULL
5952,87033,NULL,United States,California,Riverside,Riverside,-117.377,33.9781,WGS84,260,m,30arc-sec,1,4,"Qal3",NULL
5953,87138,NULL,United States,California,Alameda,Newark,-122.049,37.5505,WGS84,6,m,30arc-sec,12,16,"Qal1",NULL
5954,87143,NULL,United States,California,Los Angeles,Brentwood,-118.434,34.0618,WGS84,116,m,30arc-sec,1,4,"Qoa",NULL
5955,87169,NULL,United States,California,Riverside,Riverside,-117.303,33.9522,WGS84,452,m,30arc-sec,10,7,"crystalline",NULL
5956,87204,NULL,United States,California,Orange County,Irvine,-117.748,33.655,WGS84,71,m,30arc-sec,2,11,"Qal2",NULL
5957,87276,NULL,United States,California,Los Angeles,Carson,-118.24,33.8147,WGS84,11,m,30arc-sec,3,11,"Qoa",NULL
5958,87303,NULL,United States,California,Los Angeles,Thousand Oaks,-118.817,34.1552,WGS84,290,m,30arc-sec,21,11,"Qoa",NULL
5959,87356,NULL,United States,California,Orange County,Huntington Beach,-118.041,33.7439,WGS84,10,m,30arc-sec,2,16,"Qal1",NULL
5960,87371,NULL,United States,California,Los Angeles,Marina del Rey,-118.416,33.9788,WGS84,10,m,30arc-sec,3,11,"Qal2",NULL
5961,87410,NULL,United States,California,Ventura,Oxnard,-119.158,34.2189,WGS84,28,m,30arc-sec,32,8,"Qal1",NULL
5962,87421,NULL,United States,California,San Diego,San Diego,-117.134,32.691,WGS84,3,m,30arc-sec,3,7,"af/Qi",NULL
5963,87433,NULL,United States,California,Los Angeles,North Hollywood,-118.375,34.1649,WGS84,190,m,30arc-sec,24,12,"Qal2",NULL
5964,87459,NULL,United States,California,Riverside,Riverside,-117.378,34.0028,WGS84,245,m,30arc-sec,1,4,"Qal2",NULL
5966,87507,NULL,United States,California,Los Angeles,Saugus,-118.6,34.4615,WGS84,379,m,30arc-sec,21,1,"QT",NULL
5967,88001,NULL,United States,California,Los Angeles,Saugus,-118.594,34.4655,WGS84,379,m,30arc-sec,21,1,"Qal3",NULL
5968,88018,NULL,United States,California,Los Angeles,Carson,-118.237,33.8101,WGS84,11,m,30arc-sec,3,16,"Qoa",NULL
5969,88030,NULL,United States,California,Los Angeles,Hollywood,-118.32,34.085,WGS84,97,m,30arc-sec,35,11,"Qoa",NULL
5970,88052,NULL,United States,California,Orange County,Costa Mesa,-117.892,33.6864,WGS84,14,m,30arc-sec,2,16,"Qal1",NULL
5972,88081,NULL,United States,California,Orange County,Irvine,-117.848,33.6724,WGS84,12,m,30arc-sec,7,16,"Qoa",NULL
5973,88099,NULL,United States,California,Los Angeles,Van Nuys,-118.463,34.1946,WGS84,230,m,30arc-sec,10,8,"Qal2",NULL
5975,88253,NULL,United States,California,Orange County,Mission Viejo,-117.666,33.563,WGS84,151,m,30arc-sec,4,9,"Tss",NULL
5976,88293,NULL,United States,California,Los Angeles,Los Angeles,-118.292,34.0619,WGS84,79,m,30arc-sec,5,4,"Qoa",NULL
5978,89013,NULL,United States,California,San Diego,San Diego,-117.169,32.7618,WGS84,10,m,30arc-sec,3,1,"Qal2",NULL
5979,89026,NULL,United States,California,Orange County,Santa Ana,-117.868,33.7779,WGS84,48,m,30arc-sec,2,16,"Qal2",NULL
5980,89038,NULL,United States,California,Riverside,Indian Wells,-116.338,33.7294,WGS84,45,m,30arc-sec,1,7,"Qal3",NULL
5981,89046,NULL,United States,California,Los Angeles,Marina del Rey,-118.444,33.9847,WGS84,10,m,30arc-sec,1,11,"Qal2",NULL
5982,89059,NULL,United States,California,Santa Clara,San Jose,-121.774,37.2404,WGS84,65,m,30arc-sec,15,12,"Qal1",NULL
5983,89088,NULL,United States,California,Orange County,Anaheim,-117.877,33.8075,WGS84,50,m,30arc-sec,6,16,"Qal2",NULL
5984,89389,NULL,United States,California,Los Angeles,Commerce,-118.152,34.0056,WGS84,47,m,30arc-sec,35,8,"Qoa",NULL
5990,84078-5,NULL,United States,California,Los Angeles,Carson,-118.242,33.8186,WGS84,12,m,30arc-sec,1,12,"Qoa",NULL
5991,84078-7,NULL,United States,California,Los Angeles,Carson,-118.243,33.8186,WGS84,12,m,30arc-sec,1,12,"Qoa",NULL
6009,85097-05,NULL,United States,California,Los Angeles,Carson,-118.245,33.8171,WGS84,12,m,30arc-sec,1,11,"Qoa",NULL
6010,85097-06,NULL,United States,California,Los Angeles,Carson,-118.243,33.8171,WGS84,12,m,30arc-sec,1,11,"Qoa",NULL
6011,85097-09,NULL,United States,California,Los Angeles,Carson,-118.246,33.8161,WGS84,12,m,30arc-sec,2,11,"Qoa",NULL
6012,85097-11,NULL,United States,California,Los Angeles,Carson,-118.246,33.8171,WGS84,12,m,30arc-sec,1,11,"Qoa",NULL
6013,88044-04,NULL,United States,California,Los Angeles,El Segundo,-118.379,33.9019,WGS84,29,m,30arc-sec,24,11,"Qoa",NULL
6014,88044-22,NULL,United States,California,Los Angeles,El Segundo,-118.388,33.9268,WGS84,35,m,30arc-sec,2,7,"Qoa",NULL
6015,75125,NULL,United States,California,Ventura,Simi Valley,-118.766,34.2684,WGS84,260,m,30arc-sec,49,4,"Qal3",NULL
6017,CalPoly San Luis Obispo,NULL,United States,California,,San Luis Obispo,-120.667194,35.302111,WGS84,88.1,m,,406,3,KJf,
6018,HEO Soils,NULL,United States,CA,Santa Barbara,Prunedale,-121.612656,36.757641,,NULL,,,NULL,,,
6019,HEO Remote Rock Site,NULL,United States,CA,Santa Barbara,Prunedale,-121.5958196,36.7789175,,NULL,,,NULL,,,
6020,Borrego Valley Downhole Array,NULL,United States,CA,,Borrego Springs,-116.367142,33.326729,WGS84,NULL,,,NULL,,,
6021,BVDA_J,NULL,United States,CA,,Borrega Springs,-116.3985035,33.3330118,WGS84,NULL,,,NULL,,,
6022,BVDA_K,NULL,United States,CA,,Borrega Springs,-116.400499,33.3323959,WGS84,NULL,,,NULL,,,
6023,Garner Valley Downhole Array,NULL,United States,CA,Riverside,Anza,-116.6738,33.6689,WGS84,1330,m,30arc-sec,2,1,Qal2,
6024,gvddV50remote-rock,NULL,United States,CA,Riverside,Anza,-116.6737829,33.6687962,WGS84,1330,m,30arc-sec,2,1,Qal2,
6025,WLA,NULL,United States,California,Imperial County,Calipatria,-115.5304595,33.097506,WGS84,NULL,,,NULL,,,
6026,Arkansas,NULL,United States,Arkansas,Pope,Russellville,-93.230833,35.226667,WGS84,NULL,,,NULL,,,
6027,Beaver Valley,NULL,United States,Pennslyvania,Beaver,Hookstown,-80.433889,40.621944,WGS84,NULL,,,NULL,,,
6028,Bellefonte,NULL,United States,Alabama,Jackson,Hollywood,-85.925667,34.713417,WGS84,NULL,,,NULL,,,
6029,Braidwood,NULL,United States,Illinois,Will,Braceville,-88.228889,41.243611,WGS84,NULL,,,NULL,,,
6030,Browns Ferry,NULL,United States,Alabama,Limestone,Athens,-87.118611,34.704167,WGS84,NULL,,,NULL,,,
6031,Brunswick,NULL,United States,North Carolina,Brunswick,Southport,-78.010556,33.958333,WGS84,NULL,,,NULL,,,
6032,Byron,NULL,United States,Illinois,Ogle,Byron,-89.281944,42.075,WGS84,NULL,,,NULL,,,
6033,Calhoun,NULL,United States,Nebraska,Washington,Blair,-96.076667,41.520833,WGS84,NULL,,,NULL,,,
6034,Callaway,NULL,United States,Missouri,Callaway,Portland,-91.781667,38.758333,WGS84,NULL,,,NULL,,,
6035,Calvert Cliffs,NULL,United States,Maryland,Calvert,Lusby,-76.441944,38.434722,WGS84,NULL,,,NULL,,,
6036,Catawba,NULL,United States,South Carolina,York,York,-81.069444,35.051389,WGS84,NULL,,,NULL,,,
6037,Clinton,NULL,United States,Illinois,De Witt,Clinton,-88.834167,40.171944,WGS84,NULL,,,NULL,,,
6038,Comanche Peak,NULL,United States,Texas,Somervell,Glen Rose,-97.785,32.297778,WGS84,NULL,,,NULL,,,
6039,Cooper,NULL,United States,Nebraska,Nemaha,Brownville,-95.641111,40.361944,WGS84,NULL,,,NULL,,,
6040,David Besse,NULL,United States,Ohio,Ottawa,Oak Harbor,-83.086399,41.597222,WGS84,NULL,,,NULL,,,
6041,DHT-1,NULL,United States,South Carolina,Aiken,,-81.5705,33.55889,,279.5,ft,,NULL,,,
6042,Donald C. Cook,NULL,United States,Michigan,Berrien,Bridgman,-86.566389,41.976111,WGS84,NULL,,,NULL,,,
6043,Dresden,NULL,United States,Illinois,Grundy,Morris,-88.271111,41.389722,WGS84,NULL,,,NULL,,,
6044,Duane Arnold,NULL,United States,Iowa,Linn,Palo,-91.777222,42.100556,WGS84,NULL,,,NULL,,,
6045,Farley,NULL,United States,Alabama,Houston,Columbia,-85.1125,31.222778,WGS84,NULL,,,NULL,,,
6046,Fermi CB-C3,NULL,United States,Michigan,Monroe,Newport,4673.8,6341.4,Plant (NAVD88),581.1,ft,,NULL,,,
6047,Fermi RB-C4,NULL,United States,Michigan,Monroe,Newport,4448.8,6188.9,Plant (NAVD88),580.2,,,NULL,,,
6048,Fermi RB-C6,NULL,United States,Michigan,Monroe,Newport,4606,6192.8,Plant (NAVD 88),580.8,ft,,NULL,,,
6049,Fermi RB-C8,NULL,United States,Michigan,Monroe,Newport,4534.4,6110.9,Plant (NAVD 88),580.4,ft,,NULL,,,
6050,Fermi TB-C5,NULL,United States,Michigan,Monroe,Newport,4592.8,6677.7,Plant,580.8,ft,,NULL,,,"41.963333, -83.258611"
6051,Fitzpatrick and Nine Mile Point,NULL,Unites States,New York,Oswego,Scriba,-76.398333,43.523889,WGS84,NULL,,,NULL,,,
6052,Ginna,NULL,United States,New York,Wayne ,Ontario,-77.308889,43.291667,WGS84,NULL,,,NULL,,,
6053,Grand Gulf,NULL,United States,Mississippi,Claiborne,Port Gibson,-91.048056,32.0075,WGS84,NULL,,,NULL,,,
6054,Harris,NULL,United States,North Carolina,Wake,New Hill,-78.956111,35.633333,WGS84,NULL,,,NULL,,,
6055,Hatch,NULL,United States,Georgia,Appling,Baxley,-82.344444,31.934167,WGS84,NULL,,,NULL,,,
6056,Hope Creek-Salem,NULL,United States,New Jersey,Salem,Lower Alloways Creek Township,-75.538056,39.467778,WGS84,NULL,,,NULL,,,
6057,Indian Point,NULL,United States,New York,Westchester,Buchanan,-73.9525,41.271389,WGS84,NULL,,,NULL,,,
6058,LaSalle,NULL,United States,Illinois,LaSalle,Marseilles,-88.670833,41.243889,WGS84,NULL,,,NULL,,,
6059,Limerick,NULL,Unites States,Pennsylvania,Montgomery,Pottstown,-75.59,40.22,WGS84,NULL,,,NULL,,,
6060,McGuire,NULL,United States,North Carolina,Mecklenburg,Huntersville,-80.948333,35.432222,WGS84,NULL,,,NULL,,,
6061,Millstone,NULL,United States,Connecticut,New London,Waterford,-72.168056,41.308611,WGS84,NULL,,,NULL,,,
6062,Monticello,NULL,United States,Minnesota,Wright,Montecello,-93.848333,45.333333,WGS84,NULL,,,NULL,,,
6063,North Anna B-907,NULL,United States,Virginia,Louisa,Mineral,-77.7949142,38.05814789,WGS84,NULL,,,NULL,,,
6064,North Anna B-909,NULL,United States,Virginia,Louisa,Mineral,-77.794325,38.058383,WGS84,NULL,,,NULL,,,
6065,Oconee,NULL,United States,South Carolina,Oconee,Seneca,-82.898611,34.791667,WGS84,NULL,,,NULL,,,
6066,Oyster Creek,NULL,United States,New Jersey,Ocean,Lacey Township,-74.206389,39.814167,WGS84,NULL,,,NULL,,,
6067,Palisades,NULL,United States,Michigan,Van Buren,Covert,-86.315278,42.322222,WGS84,NULL,,,NULL,,,
6068,Peach Bottom,NULL,United States,Pennsylvania,York,Delta,-76.269167,39.758889,WGS84,NULL,,,NULL,,,
6069,Perry,NULL,United States,Ohio,Lake,North Perry,-81.143333,41.801111,WGS84,NULL,,,NULL,,,
6070,Pilgrim,NULL,United States,Massachusetts,Plymouth,Plymouth,-70.579444,41.944444,WGS84,NULL,,,NULL,,,
6071,Point Beach,NULL,United States,Wisconsin,Manitowoc,Two Rivers,-87.536111,44.280833,WGS84,NULL,,,NULL,,,
6072,Prairie Island,NULL,United States,Minnesota,Red Wing,Welch,-92.633056,44.619444,WGS84,NULL,,,NULL,,,
6073,Quad Cities,NULL,United States,Illinois,Rock Island,Cordova,-90.31,41.726111,WGS84,NULL,,,NULL,,,
6074,River Bend,NULL,United States,Louisiana,West Feliciana Parish,St Francisville,-91.331667,30.757222,WGS84,NULL,,,NULL,,,
6075,Robinson,NULL,United States,South Carolina,Darlington,Hartsville,-80.158611,34.405278,WGS84,NULL,,,NULL,,,
6076,Sequoyah,NULL,United States,Tenessee,Hamilton,Soddy-Daisy,-85.087778,35.223333,WGS84,NULL,,,NULL,,,
6077,South Texas,NULL,United States,Texas,Matagorda,Bay City,-96.048056,28.795,WGS84,NULL,,,NULL,,,
6078,St. Lucie,NULL,United States,Florida,St. Lucie,Jensen Beach,-80.246389,27.348611,WGS84,NULL,,,NULL,,,
6079,Surry,NULL,United States,Virginia,Surry,Surry,-76.698333,37.165556,WGS84,NULL,,,NULL,,,
6080,Susquehanna,NULL,United States,Pennsylvania,Luzerne,Berwick,-76.148611,41.091667,WGS84,NULL,,,NULL,,,
6081,Three Mile Island,NULL,United States,Pennsylvania,Dauphin,Londonderry Township,-76.725,40.153056,WGS84,NULL,,,NULL,,,
6082,Turkey Point R-6-1b,NULL,United States,Florida,Miami Dane,Homestead,-80.331972,25.424194,WGS184,NULL,,,NULL,,,
6083,Turkey Point,NULL,United States,Florida,Miami-Dade,Homestead,-80.334528,25.424194,WGS84,NULL,,,NULL,,,
6084,Virgil C. Summer,NULL,United States,South Carolina,Fairfield,Jenkinsville,-81.320278,34.295833,WGS84,NULL,,,NULL,,,
6085,Vogtle,NULL,United States,Georgia,Burke,Waynesboro,-81.764722,33.141944,WGS84,NULL,,,NULL,,,
6086,Waterford,NULL,United States,Louisiana,St. Charles Parish,Killona,-90.471111,29.995,WGS84,NULL,,,NULL,,,
6087,Watts Bar,NULL,United States,Tennessee,Rhea,Spring City,-84.790278,35.602778,WGS84,NULL,,,NULL,,,
6088,Wolf Creek,NULL,United States,Kansas,Coffey,Burlington,-95.688889,38.238889,WGS84,NULL,,,NULL,,,
6089,A6426-10,NULL,,,,,-90.1872,38.6416,,NULL,,,NULL,,,
6090,A6429-2,NULL,,,,,-90.1861,38.63814,,NULL,,,NULL,,,
6091,A6433-10,NULL,,,,,-90.1906,38.64745,,NULL,,,NULL,,,
6092,A6434-10,NULL,,,,,-90.1936,38.65263,,NULL,,,NULL,,,
6093,A6440-10,NULL,,,,,-90.1921,38.64962,,NULL,,,NULL,,,
6094,"Acton, Ontario",NULL,,,,,-80.06,43.61,,NULL,,,NULL,,,
6095,Algonquin Park,NULL,,,,,-78.05,45.954,,NULL,,,NULL,,Deep sand-layer ,
6096,HSL4,NULL,,,,,-90.0998,38.681,,NULL,,,NULL,,,
6097,HSL2,NULL,,,,,-90.0926,38.6808,,NULL,,,NULL,,,
6098,Lebanon,NULL,,,,,-89.8092,38.6487,,NULL,,,NULL,,,
6099,Evansville,NULL,,,,,-87.4732,38.0409,,NULL,,,NULL,,,
6100,Big Rock,NULL,,,,,-88.51575,41.75967,,NULL,,,NULL,,,
6101,Big Rock,NULL,,,,,-88.51575,41.75967,,NULL,,,NULL,,,
6102,Big Rock,NULL,,,,,-88.51575,41.75967,,NULL,,,NULL,,,
6103,Bridge A-1466,NULL,,,,,-89.739666,36.22435,,NULL,,,NULL,,,
6104,Bridge A-3709,NULL,,,,,-90.201382,36.790487,,NULL,,,NULL,,,
6105,Bridge A-5460,NULL,,,,,-89.770787,36.061648,,NULL,,,NULL,,,
6106,Bridge A-5648,NULL,,,,,-89.730455,36.837758,,NULL,,,NULL,,,
6107,Bridge L-302,NULL,,,,,-90.046055,36.089055,,NULL,,,NULL,,,
6108,Bridge L-472,NULL,,,,,-89.783097,36.100397,,NULL,,,NULL,,,
6109,"Bruce Nuclear Power Plant, Ontario",NULL,,,,,-81.44,44.24,,NULL,,,NULL,,,
6110,"Chalk River, Ontario",NULL,,,,,-77.45,45.99,,NULL,,,NULL,,,
6111,Fermilab,NULL,,,,,-88.51575,41.82414,,NULL,,,NULL,,,
6112,Shelby Farms,NULL,,,,,-89.84,35.12,,NULL,,,NULL,,,
6113,Covington,NULL,,,,,-89.63,35.4,,NULL,,,NULL,,,
6114,Jackson,NULL,,,,,-88.92,35.64,,NULL,,,NULL,,,
6115,Brownsville,NULL,,,,,-89.26,35.54,,NULL,,,NULL,,,
6116,"Grand Remous, Quebec",NULL,,,,,-75.86,46.61,,NULL,,,NULL,,,
6117,Bellefontaine Park West,NULL,,,,,-90.2304,38.6801,,NULL,,,NULL,,,
6118,Riverview Park,NULL,,,,,-90.1993,38.7433,,NULL,,,NULL,,,
6119,Edwardsville Athletic Club,NULL,,,,,-90.0124,38.7873,,NULL,,,NULL,,,
6120,Southern Illinois University Edwardsville,NULL,,,,,-90.0124,38.7873,,NULL,,,NULL,,,
6121,Jefferson Community College,NULL,,,,,-90.5585,38.2575,,NULL,,,NULL,,,
6122,Bellefontaine Park,NULL,,,,,-90.2706,38.7411,,NULL,,,NULL,,,
6123,O'Fallon Park,NULL,,,,,-90.219383,38.680987,,NULL,,,NULL,,,
6124,Fairground Park,NULL,,,,,-90.2183,38.6642,,NULL,,,NULL,,,
6125,Site 85,NULL,,,,,-90.77752,38.77216,,NULL,,,NULL,,,
6126,Site 86,NULL,,,,,-90.80473,38.78716,,NULL,,,NULL,,,
6127,Site 98,NULL,,,,,-90.76041,38.84665,,NULL,,,NULL,,,
6128,Site 100,NULL,,,,,-90.77828,38.82599,,NULL,,,NULL,,,
6129,Site 101,NULL,,,,,-90.81142,38.82391,,NULL,,,NULL,,,
6130,Site 102,NULL,,,,,-90.83478,38.80717,,NULL,,,NULL,,,
6131,Site 103,NULL,,,,,-90.82413,38.77517,,NULL,,,NULL,,,
6132,Site 104,NULL,,,,,-90.82198,38.76097,,NULL,,,NULL,,,
6133,Site 105,NULL,,,,,-90.85987,38.77342,,NULL,,,NULL,,,
6134,Site 106,NULL,,,,,-90.85448,38.78819,,NULL,,,NULL,,,
6135,Site 107,NULL,,,,,-90.78522,38.76332,,NULL,,,NULL,,,
6136,Site 108,NULL,,,,,-90.75897,38.78714,,NULL,,,NULL,,,
6137,Site 87,NULL,,,,,-90.77023,38.80339,,NULL,,,NULL,,,
6138,Site 89,NULL,,,,,-90.87337,38.81032,,NULL,,,NULL,,,
6139,Site 90,NULL,,,,,-90.86869,38.75428,,NULL,,,NULL,,,
6140,Site 91,NULL,,,,,-90.85535,38.83088,,NULL,,,NULL,,,
6141,Site 92,NULL,,,,,-90.84629,38.8445,,NULL,,,NULL,,,
6142,Site 93,NULL,,,,,-90.8624,38.86181,,NULL,,,NULL,,,
6143,Site 95,NULL,,,,,-90.83081,38.85799,,NULL,,,NULL,,,
6144,Site 97,NULL,,,,,-90.75919,38.86947,,NULL,,,NULL,,,
6145,TRSC,NULL,,,,,-80.0336,32.8718,,NULL,,,NULL,,,
6146,ADSC,NULL,,,,,-80.01669,32.81189,,NULL,,,NULL,,,
6147,C2SC,NULL,,,,,-79.96431,32.79931,,NULL,,,NULL,,,
6148,C1SC,NULL,,,,,-79.959,32.79831,,NULL,,,NULL,,,
6149,Shelby Forest,NULL,,,,,-90.0178,35.3561,,NULL,,,NULL,,,
6150,Marked Tree,NULL,,,,,-90.38527778,35.54722222,,NULL,,,NULL,,,
6151,Risco,NULL,,,,,-89.77277778,36.555,,NULL,,,NULL,,,
6152,Nonconnah Creek,NULL,,,,,-89.71,35.03,,NULL,,,NULL,,,
6153,Shelby Farms,NULL,,,,,-89.803,35.117,,NULL,,,NULL,,,
6154,Houston Levee,NULL,,,,,-89.732,35.108,,NULL,,,NULL,,,
6155,Wolf R Construction,NULL,,,,,-89.805,35.114,,NULL,,,NULL,,,
6156,N 2nd St,NULL,,,,,-90.044,35.192,,NULL,,,NULL,,,
6157,Monpole Tower,NULL,,,,,-90.139,35.154,,NULL,,,NULL,,,
6158,Shelby Farms Shooting Range,NULL,,,,,-89.842,35.128,,NULL,,,NULL,,,
6159,Shelby Forest,NULL,,,,,-90.018,35.358,,NULL,,,NULL,,,
6160,Santee LS,NULL,,,,,-80.43353,33.23579,,NULL,,,NULL,,,
6161,Fort Jackson,NULL,,,,,-90.912,34.02899,,NULL,,,NULL,,,
6162,Deep Creek,NULL,,,,,-79.35199,33.69909,,NULL,,,NULL,,,
6163,Black Mingo,NULL,,,,,-79.93314,33.5513,,NULL,,,NULL,,,
6164,Lake Murray Spillway,NULL,,,,,-81.21078,35.05256,,NULL,,,NULL,,,
6165,USNSN,NULL,,,,,-80.1784,33.10693,,NULL,,,NULL,,,
6166,US 17,NULL,,,,,-79.95531,32.78558,,NULL,,,NULL,,,
6167,Isle of Palms,NULL,,,,,-79.77552,32.79582,,NULL,,,NULL,,,
6168,The Citadel,NULL,,,,,-79.95866,32.79824,,NULL,,,NULL,,,
6169,HAIL,NULL,,,,,-88.4373,37.7527,,NULL,,,NULL,,,
6170,USIN,NULL,,,,,-87.6602,37.96508,,NULL,,,NULL,,,
6171,WVIL,NULL,,,,,-87.7817,38.4298,,NULL,,,NULL,,,
6172,OLIL,NULL,,,,,-88.09912,38.73384,,NULL,,,NULL,,,
6173,EVIN,NULL,,,,,-87.5297,37.9716,,NULL,,,NULL,,,
6174,Blue Canyon Wind Mill Farm,NULL,,,,,-98.64294444,34.87793333,,NULL,,,NULL,,,
6175,3.40079E+11,NULL,,,,,-80.8376,41.75,,NULL,,,NULL,,,
6176,3.40079E+11,NULL,,,,,-80.6941,41.8864,,NULL,,,NULL,,,
6177,3.40439E+11,NULL,,,,,-82.6387,41.4177,,NULL,,,NULL,,,
6178,3.40439E+11,NULL,,,,,-82.8,41.4,,NULL,,,NULL,,,
6179,3.40439E+11,NULL,,,,,-82.5932,41.357,,NULL,,,NULL,,,
6180,3.40439E+11,NULL,,,,,-82.5798,41.3356,,NULL,,,NULL,,,
6181,3.40439E+11,NULL,,,,,-82.5826,41.3313,,NULL,,,NULL,,,
6182,3.40459E+11,NULL,,,,,-82.579,39.6651,,NULL,,,NULL,,,
6183,3.40479E+11,NULL,,,,,-83.261,39.6353,,NULL,,,NULL,,,
6184,3.40499E+11,NULL,,,,,-82.9867,39.8524,,NULL,,,NULL,,,
6185,3.40499E+11,NULL,,,,,-82.82662,39.8063,,NULL,,,NULL,,,
6186,3.40499E+11,NULL,,,,,-82.8284,39.8051,,NULL,,,NULL,,,
6187,3.40079E+11,NULL,,,,,-80.8694,41.6851,,NULL,,,NULL,,,
6188,3.40499E+11,NULL,,,,,-83.1611,39.8355,,NULL,,,NULL,,,
6189,3.40499E+11,NULL,,,,,-83.1684,39.8239,,NULL,,,NULL,,,
6190,3.40499E+11,NULL,,,,,-83,40.2324,,NULL,,,NULL,,,
6191,3.40499E+11,NULL,,,,,-83.1634,40.1297,,NULL,,,NULL,,,
6192,3.40519E+11,NULL,,,,,-83.9285,41.5276,,NULL,,,NULL,,,
6193,3.40559E+11,NULL,,,,,-81.0802,41.583,,NULL,,,NULL,,,
6194,3.40719E+11,NULL,,,,,-83.3894,39.1724,,NULL,,,NULL,,,
6195,3.40719E+11,NULL,,,,,-83.389,39.172,,NULL,,,NULL,,,
6196,3.40719E+11,NULL,,,,,-83.3484,39.2396,,NULL,,,NULL,,,
6197,3.40079E+11,NULL,,,,,-80.9203,41.65401,,NULL,,,NULL,,,
6198,3.40739E+11,NULL,,,,,-82.4453,39.5334,,NULL,,,NULL,,,
6199,3.40739E+11,NULL,,,,,-85.4581,39.5575,,NULL,,,NULL,,,
6200,3.40739E+11,NULL,,,,,-82.4226,39.5372,,NULL,,,NULL,,,
6201,3.40739E+11,NULL,,,,,-82.4477,39.5335,,NULL,,,NULL,,,
6202,3.40739E+11,NULL,,,,,-82.449,39.533,,NULL,,,NULL,,,
6203,3.40739E+11,NULL,,,,,-82.5323,39.5958,,NULL,,,NULL,,,
6204,3.40739E+11,NULL,,,,,-82.4309,39.6373,,NULL,,,NULL,,,
6205,3.40839E+11,NULL,,,,,-82.3914,40.2743,,NULL,,,NULL,,,
6206,3.40979E+11,NULL,,,,,-83.2904,39.227,,NULL,,,NULL,,,
6207,3.41239E+11,NULL,,,,,-83.0275,41.5125,,NULL,,,NULL,,,
6208,3.40419E+11,NULL,,,,,-82.9805,40.2323,,NULL,,,NULL,,,
6209,3.41419E+11,NULL,,,,,-83.3555,39.2519,,NULL,,,NULL,,,
6210,3.41419E+11,NULL,,,,,-83.3151,39.2271,,NULL,,,NULL,,,
6211,3.41419E+11,NULL,,,,,-83.3102,39.2251,,NULL,,,NULL,,,
6212,3.41419E+11,NULL,,,,,-83.2899,39.2228,,NULL,,,NULL,,,
6213,3.41419E+11,NULL,,,,,-83.2904,39.227,,NULL,,,NULL,,,
6214,3.41739E+11,NULL,,,,,-83.7598,41.2173,,NULL,,,NULL,,,
6215,3.40419E+11,NULL,,,,,-82.9815,40.2324,,NULL,,,NULL,,,
6216,3.40419E+11,NULL,,,,,-82.982,40.2323,,NULL,,,NULL,,,
6217,3.40419E+11,NULL,,,,,-83.2904,39.227,,NULL,,,NULL,,,
6218,3.40439E+11,NULL,,,,,-82.5091,41.3461,,NULL,,,NULL,,,
6219,3.40439E+11,NULL,,,,,-82.5486,41.3632,,NULL,,,NULL,,,
6220,"Ottawa, Ontario",NULL,,,,,-75.72,45.39,,NULL,,,NULL,,,
6221,Pembroke,NULL,,,,,-77.24,45.677,,NULL,,,NULL,,Shallow till lay,
6222,"Pickering Nuclear Power Plant, Ontario",NULL,,,,,-79.11,43.48,,NULL,,,NULL,,,
6223,"Pickering, Ontario",NULL,,,,,-79.07,43.96,,NULL,,,NULL,,,
6224,Portsmouth-gaseous-diffusion-plant,NULL,,,,,-83.00051944,39.00628333,,NULL,,,NULL,,,
6225,ELFO,NULL,,,,,-81.3163,43.193,,NULL,,,NULL,,,
6226,TORO,NULL,,,,,-81.52337,45.22573,,NULL,,,NULL,,,
6227,STM,NULL,,,,,-81.15272,43.23606,,NULL,,,NULL,,,
6228,"Saint Catharines, Ontario",NULL,,,,,-79.19,43.21,,NULL,,,NULL,,,
6229,MIT Strata Center,NULL,,,,,-71.089538,42.362602,,NULL,,,NULL,,,
6230,CA/T South Boston,NULL,,,,,-71.048768,42.349599,,NULL,,,NULL,,,
6231,CA/T East Boston,NULL,,,,,-71.027225,42.368246,,NULL,,,NULL,,,
6232,Bugg 40 paleoliquefaction site,NULL,,,,,-89.9,35.9,,NULL,,,NULL,,,
6233,Wolf river paleoliquefaction site at Shelby Farms,NULL,,,,,-89.85,35.15,,NULL,,,NULL,,,
6234,Mud Island,NULL,,,,,-90.1,35.2,,NULL,,,NULL,,,
6235,Site 10,NULL,,,,,-90.35598,36.69668,,NULL,,,NULL,,,
6236,Site 12,NULL,,,,,-90.42238,36.62142,,NULL,,,NULL,,,
6237,Site 13,NULL,,,,,-90.43014,36.76711,,NULL,,,NULL,,,
6238,Site 3,NULL,,,,,-90.35886,36.77669,,NULL,,,NULL,,,
6239,Site 30,NULL,,,,,-90.299,36.79283,,NULL,,,NULL,,,
6240,Site 31,NULL,,,,,-90.28097,36.77861,,NULL,,,NULL,,,
6241,Site 38,NULL,,,,,-90.39667,36.7521,,NULL,,,NULL,,,
6242,Site 4,NULL,,,,,-90.33341,36.79344,,NULL,,,NULL,,,
6243,Site 5,NULL,,,,,-90.36832,36.79462,,NULL,,,NULL,,,
6244,Station 159,NULL,,,,,-90.1944,38.65435,,NULL,,,NULL,,,
6245,Station 84,NULL,,,,,-90.1908,38.64689,,NULL,,,NULL,,,
6246,OLAP,NULL,,,,,-89.688,37.572,,NULL,,,NULL,,,
6247,VIEN,NULL,,,,,-89.892,37.415,,NULL,,,NULL,,,
6248,LATN,NULL,,,,,-89.399,36.125,,NULL,,,NULL,,,
6249,WIKY,NULL,,,,,-89.092,36.971,,NULL,,,NULL,,,
6250,COKY,NULL,,,,,-89.108,36.763,,NULL,,,NULL,,,
6251,CHTN,NULL,,,,,-89.393,36.946,,NULL,,,NULL,,,
6252,HIKY,NULL,,,,,-89.183,36.551,,NULL,,,NULL,,,
6253,VSAB,NULL,,,,,-88.822,37.124,,NULL,,,NULL,,,
6254,RLTN,NULL,,,,,-89.32,36.396,,NULL,,,NULL,,,
6255,HNBK,NULL,,,,,-89.296,36.333,,NULL,,,NULL,,,
6256,RIDG,NULL,,,,,-89.481,36.264,,NULL,,,NULL,,,
6257,"Near Paducah, KY",NULL,,,,,-88.835856,37.114295,,NULL,,,NULL,,,
6258,TWAR,NULL,,,,,-90.44849,35.36261,,NULL,,,NULL,,,
6259,BLAR,NULL,,,,,-90.44849,35.36706,,NULL,,,NULL,,,
6260,NFAR,NULL,,,,,-90.39481,35.45163,,NULL,,,NULL,,,
6261,"Tyneside, Ontario",NULL,,,,,-79.87,43.09,,NULL,,,NULL,,,
6262,MORT,NULL,,,,,-89.566,36.324,,NULL,,,NULL,,,
6263,YARBRO,NULL,,,,,-89.915,35.981,,NULL,,,NULL,,,
6264,MSAR,NULL,,,,,-90.147,35.784,,NULL,,,NULL,,,
6265,GNAR,NULL,,,,,-90.016,35.96,,NULL,,,NULL,,,
6266,LEPANTO,NULL,,,,,-90.413,35.614,,NULL,,,NULL,,,
6267,SHELBY,NULL,,,,,-89.843,35.136,,NULL,,,NULL,,,
6268,TNMT,NULL,,,,,-89.579,36.166,,NULL,,,NULL,,,
6269,GLAT,NULL,,,,,-89.288,36.269,,NULL,,,NULL,,,
6270,BRGM,NULL,,,,,-89.859,36.205,,NULL,,,NULL,,,
6271,PENM,NULL,,,,,-89.628,36.45,,NULL,,,NULL,,,
6272,EPRM,NULL,,,,,-89.358,36.717,,NULL,,,NULL,,,
6273,"Wesleyville, Ontario",NULL,,,,,-78.04,43.92,,NULL,,,NULL,,,
6274,MCAR,NULL,,,,,-90.2215,35.14496667,,NULL,,,NULL,,,
6275,CBHT,NULL,,,,,-89.8657,35.1326,,NULL,,,NULL,,,
6276,CVTN,NULL,,,,,-89.63486667,35.54453333,,NULL,,,NULL,,,
6277,LNXT,NULL,,,,,-89.48913333,36.10113333,,NULL,,,NULL,,,
6278,CUET,NULL,,,,,-89.97671667,35.00681667,,NULL,,,NULL,,,
6279,TUMT,NULL,,,,,-89.9322,34.87621667,,NULL,,,NULL,,,
6280,ARMO,NULL,,,,,-90.35411,38.41683,,NULL,,,NULL,,,
6281,SCSF,NULL,,,,,-90.46135,38.92041,,NULL,,,NULL,,,
6282,HPSL,NULL,,,,,-90.22695,38.72054,,NULL,,,NULL,,,
6283,22MAD,NULL,,,,,-90.20712,38.64677,,NULL,,,NULL,,,
6284,HEW,NULL,,,,,-90.85249,38.81438,,NULL,,,NULL,,,
6285,FLD,NULL,,,,,-90.18143,38.64138,,NULL,,,NULL,,,
6286,MVMO,NULL,,,,,-90.50184,38.64649,,NULL,,,NULL,,,
6287,SCOT,NULL,,,,,-90.48152,38.77927,,NULL,,,NULL,,,
6288,SCMO,NULL,,,,,-90.64236,38.75953,,NULL,,,NULL,,,
6289,HLSP,NULL,,,,,-90.10282,38.68132,,NULL,,,NULL,,,
6290,THFM,NULL,,,,,-90.50264,38.72326,,NULL,,,NULL,,,
6291,CHES,NULL,,,,,-90.62771,38.6663,,NULL,,,NULL,,,
6292,CHS,NULL,,,,,-90.00878,38.64795,,NULL,,,NULL,,,
6293,EC,NULL,,,,,-90.46401,38.77568,,NULL,,,NULL,,,
6294,FEN,NULL,,,,,-90.44827,38.53283,,NULL,,,NULL,,,
6295,8CAS,NULL,,,,,-90.18847,38.63929,,NULL,,,NULL,,,
6296,SLU,NULL,,,,,-90.22863,38.63575,,NULL,,,NULL,,,
6297,USGS - T.O. Fuller Park - S-wave Refraction Data Interpretation,NULL,,,,,-90.1234,35.0608,,NULL,,,NULL,,,
6298,USGS - St. Francis Hospital - S-wave Refraction Data Interpretat,NULL,,,,,-89.864,35.095,,NULL,,,NULL,,,
6299,"USGS Site W15 - Near I40 and Hopefield Point, Arkansas - S-wave ",NULL,,,,,-90.084,35.158,,NULL,,,NULL,,,
6300,"USGS - Earth Complex, S-wave Refraction Data Interpretation",NULL,,,,,-90.142,35.065,,NULL,,,NULL,,,
6301,"USGS - University of Memphis - North Campus, S-wave Refraction D",NULL,,,,,-89.933,35.116,,NULL,,,NULL,,,
6302,USGS Shelby Farms S-wave refraction profile interpretation (Will,NULL,,,,,-89.841,35.129,,NULL,,,NULL,,,
6303,USGS Site W17 - Nonconnah Creek East - S-wave Refraction Data In,NULL,,,,,-89.99,35.074,,NULL,,,NULL,,,
6304,USGS Site W13 - Presidents Island North - S-wave Refraction Data,NULL,,,,,-90.101,35.108,,NULL,,,NULL,,,
6305,USGS Overton Park S-wave refraction profile interpretation (Will,NULL,,,,,-89.994,35.143,,NULL,,,NULL,,,
6306,USGS St. Jude Hospital S-wave refraction profile interpretation ,NULL,,,,,-90.042,35.152,,NULL,,,NULL,,,
6307,"USGS - University of Memphis - South Campus, S-wave Refraction D",NULL,,,,,-89.928,35.105,,NULL,,,NULL,,,
6308,USGS Site W11 - Nonconnah Creek - S-wave Refraction Data Interpr,NULL,,,,,-89.994,35.072,,NULL,,,NULL,,,
6309,USGS Site W1 - Presidents Island south - S-wave Refraction Data ,NULL,,,,,-90.117,35.087,,NULL,,,NULL,,,
6310,USGS Shelby Forest S-wave refraction profile interpretation (Wil,NULL,,,,,-90.019,35.129,,NULL,,,NULL,,,
6311,USGS - Wolf River (Germantown Rd. crossing) - S-wave Refraction ,NULL,,,,,-89.802,35.116,,NULL,,,NULL,,,
6312,"Williamsburg, Ontario",NULL,,,,,-75.28,45,,NULL,,,NULL,,,
6313,VSAP,NULL,,,,,-88.813,37.131,,NULL,,,NULL,,,
6314,PAKY,NULL,,,,,-88.772,37.068,,NULL,,,NULL,,,
6315,LVKY,NULL,,,,,-88.829,36.97,,NULL,,,NULL,,,
6319,DHCCP: ICF-Pipeline/Tunnel Option,NULL,United States,California,,,-121.517838,38.232755,WGS84,NULL,,,NULL,,,
6320,DHCCP: Intermediate Forebay,NULL,United States,California,,,-121.515459,38.322224,WGS84,NULL,,,NULL,,,
6321,DHCCP: ICF-Pipeline/Tunnel Option/Mandeville Island,NULL,United States,California,,,-121.538951,38.02669,WGS84,NULL,,,NULL,,,
6322,DHCCP: Intake 4 / Hood,NULL,United States,California,,,-121.5200502,38.3598782,WGS84,NULL,,,NULL,,,
6323,DHCCP: ICF-Pipeline/Tunnel Option/Pearson Tract,NULL,United States,California,,,-121.5376012,38.29372762,WGS84,NULL,,,NULL,,,
6324,"DHCCP: Tunnel, Sacramento River",NULL,United States,California,,,-121.5383306,38.27569167,WGS84,NULL,,,NULL,,,
6325,DHCCP: ICF-Pipeline/Tunnel Option/Tyler Island,NULL,United States,California,,,-121.5381325,38.2152803,WGS84,NULL,,,NULL,,,
6326,DHCCP: Tunnel / Potato Slough,NULL,United States,California,,,-121.545778,38.09059722,WGS84,NULL,,,NULL,,,
6327,DHCCP: ICF-Pipeline/Tunnel Option/Bacon Island,NULL,United States,California,,,-121.5439176,37.97396448,WGS84,NULL,,,NULL,,,
6328,DHCCP: ICF-Pipeline/Tunnel Option/Tunnel-West Canal,NULL,United States,California,,,-121.5554461,37.83451112,WGS84,NULL,,,NULL,,,
6329,DHCCP: Byron Forebay,NULL,United States,California,,,-121.5722917,37.82434079,WGS84,NULL,,,NULL,,,
6330,"DHCCP: Intake 3, Sacramento River",NULL,United States,California,,,-121.5216611,38.37381944,WGS84,NULL,,,NULL,,,
6331,"DHCCP: Through-Delta Option, Staten Island, adjacent to South Fo",NULL,United States,California,,,-121.4990208,38.11823762,WGS84,NULL,,,NULL,,,
6332,"DHCCP: Through-Delta Option, West Side Canal siphon / Siphon-Wes",NULL,United States,California,,,-121.5609034,37.8483051,WGS84,NULL,,,NULL,,,
6333,DHCCP: ICF-West Option / Canal-Banks Intake Canal,NULL,United States,California,,,-121.598217,37.82245466,WGS84,NULL,,,NULL,,,
6334,DHCCP: ICF-West Option / Canal-Delta Mendota Canal,NULL,United States,California,,,-121.5799036,37.81185461,WGS84,NULL,,,NULL,,,
6335,Clifton Court Forebay,NULL,United States,California,,,-121.5643393,37.8525277,WGS84,NULL,,,NULL,,,
6336,New Salaged Fish Release MRC,NULL,United States,California,,,-121.7707495,38.06703267,WGS84,NULL,,,NULL,,,
6337,New Salaged Fish Release LBC,NULL,United States,California,,,-121.7807865,38.0623855,WGS84,NULL,,,NULL,,,
6338,PG&E Turner Cut Gas Station,NULL,United States,California,,,-121.4759292,37.99106806,WGS84,NULL,,,NULL,,,
6339,Curtis Landing Fish Release,NULL,,,,,-121.736832,38.033177,,NULL,,,NULL,,,
6340,Mokelumne River Bridge,NULL,United States,California,,,-121.4485065,38.2564025,WGS84,NULL,,,NULL,,,
6341,Bridge 28-09,NULL,United States,California,,,-121.751774,38.035229,WGS84,NULL,,,NULL,,,
6342,YU_CEC,NULL,,California,,,-121.596802,37.938099,,NULL,,,NULL,,,
6343,YU_WHR,NULL,,California,,,-121.451,37.8984,,NULL,,,NULL,,,
6347,CE.02501,NULL,United States,California,San Diego,Julian,-116.5858,32.9922,WGS84,NULL,,,NULL,,,
6348,CE.11217,NULL,United States,Califirnia,Riverside,Mecca,-115.9198,33.5108,WGS84,NULL,,,NULL,,,
6349,CE.12025,NULL,United States,California,Riverside,Palm Springs,-116.5125,33.8294,WGS84,NULL,,,NULL,,,
6350,CE.12168,NULL,United States,California,San Diego,Warner Springs,-116.6841,33.3242,WGS84,NULL,,,NULL,,,
6351,CE.12206,NULL,United States,California,Riverside,Bannning,-116.853,33.8513,WGS84,NULL,,,NULL,,,
6352,CE.12478,NULL,United States,California,San Diego,Julian,-116.4382,33.0773,WGS84,NULL,,,NULL,,,
6353,CE.12492,NULL,United States,California,San Diego,Borrego Springs,-116.3722,33.2617,WGS84,NULL,,,NULL,,,
6354,CE.12502,NULL,United States,California,Riverside,Palm Desert,-116.387,33.6957,WGS84,NULL,,,NULL,,,
6355,CE.12518,NULL,United States,California,Riverside,Desert Hot Springs,-116.5011,33.9111,WGS84,NULL,,,NULL,,,
6356,CE.12541,NULL,United States,California,Riverside,Thermal,-116.1474,33.6267,WGS84,NULL,,,NULL,,,
6357,CE.12549,NULL,United States,California,Riverside,Desert Hot Springs,-116.5636,33.9644,WGS84,NULL,,,NULL,,,
6358,CE.12550,NULL,United States,California,Riverside,Thousand Palms,-116.3029,33.7738,WGS84,NULL,,,NULL,,,
6359,CE.12624,NULL,United States,California,Lake Cahuilla,La Quinta,-116.2806,33.6279,WGS84,NULL,,,NULL,,,
6360,CE.12626,NULL,United States,California,Riverside,Thermal,-116.0788,33.4262,WGS84,NULL,,,NULL,,,
6361,CE.12904,NULL,United States,California,Riverside,Indio,-116.2366,33.7057,WGS84,NULL,,,NULL,,,
6362,CE.12919,NULL,United States,California,Riverside,Beaumont,-116.9726,33.9299,WGS84,NULL,,,NULL,,,
6363,CE.12951,NULL,United States,California,Riverside,La Quinta,-116.3013,33.6712,WGS84,NULL,,,NULL,,,
6364,CE.12953,NULL,United States,California,Riverside,Rancho Mirage,-116.4101,33.7867,WGS84,NULL,,,NULL,,,
6365,CE.12966,NULL,United States,California,Riverside,Indian Wells,-116.3383,33.7233,WGS84,NULL,,,NULL,,,
6366,CE.13066,NULL,United States,California,Orange,Anaheim,-117.957,33.8401,WGS84,NULL,,,NULL,,,
6367,CE13067,NULL,United States,California,Orange,Orange,-117.8093,33.7861,WGS84,NULL,,,NULL,,,
6368,CE.13068,NULL,United States,California,Orange,Anaheim,-117.7423,33.8633,WGS84,NULL,,,NULL,,,
6369,CE.13069,NULL,United States,California,Orange,Santa Ana,-117.8498,33.7675,WGS84,NULL,,,NULL,,,
6370,CE.13098,NULL,United States,California,Riverside,Corona,-117.5142,33.8842,WGS84,NULL,,,NULL,,,
6371,CE.13162,NULL,United States,California,San Bernardino,Chino Hills,-117.7178,33.9901,WGS84,NULL,,,NULL,,,
6372,CE.13174,NULL,United States,California,Los Angeles,Rowlands Heights,-117.8896,33.9893,WGS84,NULL,,,NULL,,,
6373,CE.13873,NULL,United States,California,Orange,Brea,-117.896,33.9331,WGS84,NULL,,,NULL,,,
6374,CE.13878,NULL,United States,California,Orange,Fullerton,-117.887,33.8891,WGS84,NULL,,,NULL,,,
6375,CE.13879,NULL,United States,California,Orange,Fullerton,-117.959,33.8663,WGS84,NULL,,,NULL,,,
6376,CE.13880,NULL,United States,California,Orange,Fullerton,-117.9311,33.9086,WGS84,NULL,,,NULL,,,
6377,CE.13881,NULL,United States,California,Orange,La Habra,-117.9558,33.9316,WGS84,NULL,,,NULL,,,
6378,CE.13884,NULL,United States,California,Orange,Garden Grove,-117.9178,33.7667,WGS84,NULL,,,NULL,,,
6379,CE.13885,NULL,United States,California,Orange,Garden Grove,-117.9559,33.7571,WGS84,NULL,,,NULL,,,
6380,CE.13886,NULL,United States,California,Orange,Garden Grove,-117.968,33.7911,WGS84,NULL,,,NULL,,,
6381,CE.13888,NULL,United States,California,Orange,Orange,-117.8497,33.8195,WGS84,NULL,,,NULL,,,
6382,CE.13889,NULL,United States,California,Orange,Santa Ana,-117.8441,33.7478,WGS84,NULL,,,NULL,,,
6383,CE.13890,NULL,United States,California,Orange,Santa Ana,-117.8938,33.742,WGS84,NULL,,,NULL,,,
6384,CE.13891,NULL,United States,California,Orange,Santa Ana,-117.9038,33.7157,WGS84,NULL,,,NULL,,,
6385,CE.13892,NULL,United States,California,Orange,Santa Ana,-117.88,33.6997,WGS84,NULL,,,NULL,,,
6386,CE.13893,NULL,United States,California,Orange,Orange,-117.8901,33.7846,WGS84,NULL,,,NULL,,,
6387,CE.13894,NULL,United States,California,Orange,Garden Grove,-117.9216,33.789,WGS84,NULL,,,NULL,,,
6388,CE.13913,NULL,United States,California,Riverside,Riverside,-117.4879,33.9188,WGS84,NULL,,,NULL,,,
6389,CE.13914,NULL,United States,California,Riverside,Riverside,-117.3882,33.9511,WGS84,NULL,,,NULL,,,
6390,CE.13918,NULL,United States,California,Riverside,Norco,-117.561,33.9035,WGS84,NULL,,,NULL,,,
6391,CE.14006,NULL,United States,California,Orange,Huntington Beach,-118.0007,33.7269,WGS84,NULL,,,NULL,,,
6392,CE.14007,NULL,United States,California,Orange,Huntington Beach,-118.0257,33.723,WGS84,NULL,,,NULL,,,
6393,CE.14828,NULL,United States,California,Los Angeles,Downey,-118.0989,33.939,WGS84,NULL,,,NULL,,,
6394,CE.14830,NULL,United States,California,Los Angeles,Lakewood,-118.107,33.8465,WGS84,NULL,,,NULL,,,
6395,CE.14840,NULL,United States,California,Los Angeles,Whittier,-118.001,33.9464,WGS84,NULL,,,NULL,,,
6396,CE.14936,NULL,United States,California,Los Angeles,Lakewood,-118.1608,33.8337,WGS84,NULL,,,NULL,,,
6397,CE.14937,NULL,United States,California,Los Angeles,La Mirada,-118.0113,33.9051,WGS84,NULL,,,NULL,,,
6398,CE.23049,NULL,United States,Calfornia,Los Angeles,La Verne,-117.7773,34.1252,WGS84,NULL,,,NULL,,,
6399,CE.23056,NULL,United States,California,Los Angeles,West Covina,-117.893,34.0649,WGS84,NULL,,,NULL,,,
6400,CE.23057,NULL,United States,California,Los Angeles,West Covina,-117.9118,34.043,WGS84,NULL,,,NULL,,,
6401,CE.23075,NULL,United States,California,San Bernardino,Yucaipa,-117.0352,34.0464,WGS84,NULL,,,NULL,,,
6402,CE.23077,NULL,United States,California,San Bernardino,Montclair,-117.6979,34.0574,WGS84,NULL,,,NULL,,,
6403,CE.23089,NULL,United States,California,San Bernardino,Upland,-117.6806,34.1125,WGS84,NULL,,,NULL,,,
6404,CE.23090,NULL,United States,California,San Bernardino,Rancho Cucmonga,-117.6627,34.1339,WGS84,NULL,,,NULL,,,
6405,CE.23138,NULL,United States,California,San Bernardino,Fontana,-117.454,34.1247,WGS84,NULL,,,NULL,,,
6406,CE.23163,NULL,United States,California,San Bernardino,Rancho Cucamonga,-117.5397,34.1229,WGS84,NULL,,,NULL,,,
6407,CE.23164,NULL,United States,California,San Bernardino,Redlands,-117.1553,34.0262,WGS84,NULL,,,NULL,,,
6408,CE.23169,NULL,United States,California,San Bernardino,Redlands,-117.183,34.074,WGS84,NULL,,,NULL,,,
6409,CE.23173,NULL,United States,California,Los Angeles,Diamond Bar,-117.8142,34.0018,WGS84,NULL,,,NULL,,,
6410,CE.23178,NULL,United States,California,Los Angeles,Azusa,-117.911,34.1321,WGS84,NULL,,,NULL,,,
6411,CE.23836,NULL,United States,California,Los Angeles,Glendora,-117.851,34.1136,WGS84,NULL,,,NULL,,,
6412,CE.23837,NULL,United States,California,Los Angeles,Pomona,-117.785,34.0625,WGS84,NULL,,,NULL,,,
6413,CE.23842,NULL,United States,California,Los Angeles,City of Industry,-117.9355,33.9998,WGS84,NULL,,,NULL,,,
6414,CE.23843,NULL,United States,California,Los Angeles,La Puente,-117.9513,34.0363,WGS84,NULL,,,NULL,,,
6415,CE.23920,NULL,United States,California,Riverside,Calimesa,-117.0588,34.0035,WGS84,NULL,,,NULL,,,
6416,CE.23938,NULL,United States,California,Los Angeles,Walnut,-117.8658,34.0209,WGS84,NULL,,,NULL,,,
6417,CE.23939,NULL,United States,California,Los Angeles,Claremont,-117.738,34.1211,WGS84,NULL,,,NULL,,,
6418,CE.23940,NULL,United States,California,Los Angeles,Pomona,-117.7452,34.0957,WGS84,NULL,,,NULL,,,
6419,CE.24841,NULL,United States,California,Los Angeles,Pico Rivera,-118.0783,34.0014,WGS84,NULL,,,NULL,,,
6420,CE.44015,NULL,United States,California,Inyo,Lone Pine,-118.0605,36.6007,WGS84,NULL,,,NULL,,,
6421,CE.44367,NULL,United States,California,Inyo,Olancha,-118.0071,36.279,WGS84,NULL,,,NULL,,,
6422,CE.54099,NULL,United States,California,Mono,Mammoth Lakes,-118.8333,37.6142,WGS84,NULL,,,NULL,,,
6423,CE.54100,NULL,United States,California,Mono,Benton,-118.4759,37.8182,WGS84,NULL,,,NULL,,,
6424,CE.54171,NULL,United States,California,Inyo,Bishop,-118.3962,37.3583,WGS84,NULL,,,NULL,,,
6425,CE.54332,NULL,United States,California,Mono,Mammoth Lakes,-118.9621,37.643,WGS84,NULL,,,NULL,,,
6426,CE.54428,NULL,United States,California,Inyo,Bishop,-118.3986,37.6622,WGS84,NULL,,,NULL,,,
6427,CE.54933,NULL,United States,California,Mono,Crowley Lake,-118.7046,37.5879,WGS84,NULL,,,NULL,,,
6428,CE.55157,NULL,United States,California,Mono,Lee Vining,-119.1027,37.8611,WGS84,NULL,,,NULL,,,
6429,CE.55429,NULL,United States,California,Mono,June Lake,-119.073,37.7831,WGS84,NULL,,,NULL,,,
6430,CE.57307,NULL,United States,California,Contra Costa,San Ramon,-121.9361,37.7443,WGS84,NULL,,,NULL,,,
6431,CE.57444,NULL,United States,California,Contra Costa,San Ramon,-121.9947,37.7713,WGS84,NULL,,,NULL,,,
6432,CE.57453,NULL,United States,California,Contra Costa,San Ramon,-121.9555,37.7682,WGS84,NULL,,,NULL,,,
6433,CE.58339,NULL,United States,California,Alameda,Castro Valley,-122.0802,37.6971,WGS84,NULL,,,NULL,,,
6434,CE.58340,NULL,United States,California,Alameda,Castro Valley,-122.0277,37.7152,WGS84,NULL,,,NULL,,,
6435,CE.58346,NULL,United States,California,Alameda,San Lorenzo,-122.1259,37.6799,WGS84,NULL,,,NULL,,,
6436,CE.58349,NULL,United States,California,Alameda,San Leandro,-122.1118,37.695,WGS84,NULL,,,NULL,,,
6437,CE.58350,NULL,United States,California,Alameda ,Castro Valley,-122.0537,37.7029,WGS84,NULL,,,NULL,,,
6438,CE.58351,NULL,United States,California,Alameda,San Leandro,-122.1409,37.7095,WGS84,NULL,,,NULL,,,
6439,CE.58352,NULL,United States,California,Alameda,San Leandro,-122.1401,37.6883,WGS84,NULL,,,NULL,,,
6440,CE.58406,NULL,United States,California,Alameda,Hayward,-122.0502,37.626,WGS84,NULL,,,NULL,,,
6441,CE.58407,NULL,United States,California,Alameda,Hayward,-122.1265,37.6656,WGS84,NULL,,,NULL,,,
6442,CE.58409,NULL,United States,California,Alameda,Castro Valley,-122.0914,37.7095,WGS84,NULL,,,NULL,,,
6443,CE.58418,NULL,United States,California,Alameda,Hayward,-122.092,37.6252,WGS84,NULL,,,NULL,,,
6444,CE.58420,NULL,United States,California,Alameda,Hayward,-122.0257,37.654,WGS84,NULL,,,NULL,,,
6445,CE.58427,NULL,United States,California,Alameda,Hayward,-122.1189,37.643,WGS84,NULL,,,NULL,,,
6446,CE.58497,NULL,United States,California,Alameda,Castro Valley,-122.03,37.675,WGS84,NULL,,,NULL,,,
6447,BAC-N,NULL,,,,,-121.526,38.005,,NULL,,,NULL,,,
6448,BAC-S,NULL,,,,,-121.534,37.941,,NULL,,,NULL,,,
6449,BOE,NULL,,,,,-121.50045,38.099927,,NULL,,,NULL,,,
6450,BON,NULL,,,,,-121.53542,38.10897,,NULL,,,NULL,,,
6451,CC,NULL,,,,,-121.575,37.827,,NULL,,,NULL,,,
6452,EMR-E,NULL,,,,,-121.46,38.059,,NULL,,,NULL,,,
6453,EMR-N,NULL,,,,,-121.498,38.079,,NULL,,,NULL,,,
6454,EMR-S,NULL,,,,,-121.498,38.046,,NULL,,,NULL,,,
6455,HOL,NULL,,,,,-121.587,37.973,,NULL,,,NULL,,,
6456,SHN,NULL,,,,,-121.76181,38.04458,,NULL,,,NULL,,,
6457,SHS,NULL,,,,,-121.75364,38.03615,,NULL,,,NULL,,,
6458,SIA,NULL,,,,,-121.736,38.05,,NULL,,,NULL,,,
6459,SMB,NULL,,,,,-121.626,37.999,,NULL,,,NULL,,,
6460,SRB,NULL,,,,,-121.622,38.011,,NULL,,,NULL,,,
6461,TWC,NULL,,,,,-121.64677,38.10748,,NULL,,,NULL,,,
6462,TWE,NULL,,,,,-121.64372,38.09207,,NULL,,,NULL,,,
6463,TWN,NULL,,,,,-121.64768,38.11523,,NULL,,,NULL,,,
6464,TWW,NULL,,,,,-121.68299,38.08992,,NULL,,,NULL,,,
6465,WEB-N,NULL,,,,,-121.64,38.085,,NULL,,,NULL,,,
6466,WEB-S,NULL,,,,,-121.605,38.061,,NULL,,,NULL,,,
6467,CE_67215,NULL,United States,California,Contra Costa,Oakley,-121.637756,37.992419,WGS84,-2.3,m,NULL,NULL,NULL,NULL,NULL
6468,CE_67533,NULL,United States,California,Contra Costa,Bethel Island,-121.639533,38.015233,WGS84,1.7,m,NULL,NULL,NULL,NULL,NULL
6469,CE_67615,NULL,United States,California,Contra Costa,Antioch,-121.783142,38.001456,WGS84,14.2,m,NULL,NULL,NULL,NULL,NULL
6470,NC_C057,NULL,United States,California,Contra Costa,Brentwood,-121.697967,37.955636,WGS84,20.5,m,NULL,NULL,NULL,NULL,NULL
6471,NP_EMR,NULL,United States,California,San Joaquin,Stockton,-121.499283,38.060483,WGS84,-1.9,m,NULL,NULL,NULL,NULL,NULL
6472,YU_CEC,NULL,United States,California,Contra Costa,Discovery Bay,-121.596978,37.938083,WGS83,4,m,NULL,NULL,NULL,NULL,NULL
6473,YU_WHR,NULL,United States,California,San Joaquin,Stockton,-121.45095,37.898314,WGS84,-1.5,m,NULL,NULL,NULL,NULL,NULL
6474,YU_HMT,NULL,United States,California,Contra Costa,Bethel Island,-121.581299,37.974899,WGS84,4,m,NULL,NULL,NULL,NULL,NULL
6475,YU_SMB,NULL,United States,California,Contra Costa,Oakley,-121.626198,37.9977,WGS84,1,m,NULL,NULL,NULL,NULL,NULL
6476,YU_SMT,NULL,United States ,California,Contra Costa,Oakley,-121.625198,37.998199,WGS84,1.1,m,NULL,NULL,NULL,NULL,NULL
6477,YU_SRB,NULL,United States,California,Contra Costa,Oakley,-121.624901,38.010899,WGS84,-0.8,m,NULL,NULL,NULL,NULL,NULL
6478,YU_SRT,NULL,United States,California,Contra Costa,Oakley,-121.624603,38.0107,WGS84,1.2,m,NULL,NULL,NULL,NULL,NULL
6479,YU_STF,NULL,United States,California,San Joaquin,Stockton,-121.451599,37.9925,WGS84,-3,m,NULL,NULL,NULL,NULL,NULL
6480,Martinez,NULL,United States,California,Contra Costa,Martinez,-122.11694,38.03351,WGS84,23.4743,m,NULL,NULL,NULL,NULL,NULL
6481,Crockett,4785,United States,California,Contra Costa,Crockett,-122.22505,38.05394,WGS84,13.726,m,NULL,NULL,NULL,NULL,NULL
6482,Hwy 92 Toll Plaza,NULL,United States,California,Alameda,Hayward,-122.154117,37.616939,WGS84,3.51583,m,NULL,NULL,NULL,NULL,NULL
6483,Vallejo,4122,United States,California,Solano,Vallejo,-122.27523,38.1217,WGS84,8.47062,m,NULL,NULL,NULL,NULL,NULL
6484,Corona,NULL,United States,California,Riverside,Corona,-117.54912,33.88171,WGS84,189.049,m,NULL,NULL,NULL,NULL,NULL
6485,Coronado East,NULL,United States,California,San Diego,San Diego,-117.14494,32.69825,WGS84,13.3315,m,NULL,NULL,NULL,NULL,NULL
6486,Coronado West,NULL,United States,California,San Diego,San Diego,-117.16402,32.68815,WGS84,0,m,NULL,NULL,NULL,NULL,NULL
6487,Foster City,NULL,United States,California,San Mateo,Foster City,-122.2639,37.57276,WGS84,3.51175,m,NULL,NULL,NULL,NULL,NULL
6488,Hayward,NULL,United States,California,Alameda,Hayward,-122.0172,37.68868,WGS84,18.7306,m,NULL,NULL,NULL,NULL,NULL
6489,Searles Lake,NULL,United States,California,NULL,NULL,-117.339,35.69422,,NULL,NULL,NULL,NULL,NULL,NULL,NULL
6490,I-15 Rebuild 600 South to 600 North,NULL,United States of America,Utah,Salt Lake County,Salt Lake City,-111.9129667,40.76279079,,NULL,,,NULL,,,
6491,I-15 Rebuild 600 South to 600 North,NULL,United States of America,Utah,Salt Lake County,Salt Lake City,-111.9091738,40.75310963,,NULL,,,NULL,,,
6492,I-15 Rebuild 600 South to 600 North,NULL,United States of America,Utah,Salt Lake County,Salt Lake City,-111.9092966,40.76907163,,NULL,,,NULL,,,
6493,I-15 Rebuild 600 South to 600 North,NULL,United States of America,Utah,Salt Lake County,Salt Lake City,-111.908776,40.7534731,,NULL,,,NULL,,,
6494,I-15 Rebuild 600 South to 600 North,NULL,United States of America,Utah,Salt Lake County,Salt Lake City,-111.9032985,40.75401157,,NULL,,,NULL,,,
6495,I-15 Rebuild 600 South to 600 North,NULL,United States of American,Utah,Salt Lake County,Salt Lake City,-111.8995901,40.75396847,,NULL,,,NULL,,,
6496,I-15 Rebuild 600 South to 600 North,NULL,United States of America,Utah,Salt Lake County,Salt Lake City,-111.908576,40.75618622,,NULL,,,NULL,,,
6497,I-15 Rebuild 600 South to 600 North,NULL,United States of America,Utah,Salt Lake County,Salt Lake City,-111.9069275,40.75604604,,NULL,,,NULL,,,
6498,I-15 Rebuild 600 South to 600 North,NULL,United States of America,Utah,Salt Lake County,Salt Lake City,-111.9000926,40.75609055,,NULL,,,NULL,,,
6499,I-15 Rebuild 900 South,NULL,United States of America,Utah,Salt Lake County,South Salt Lake,-111.9132775,40.72316008,,NULL,,,NULL,,,
6500,I-15 Rebuild 900 South,NULL,United States of America,Utah,Salt Lake County,South Salt Lake,-111.9152044,40.72292861,,NULL,,,NULL,,,
6501,I-15 Rebuild 900 South,NULL,United States of America,Utah,Salt Lake County,West Valley City,-111.9220098,40.72271229,,NULL,,,NULL,,,
6502,I-15 Rebuild 3300 South,NULL,United States of America,Utah,Salt Lake Utah,South Salt Lake,-111.9001751,40.69806616,,NULL,,,NULL,,,
6503,I-15 Rebuild 3300 South,NULL,United States of America,Utah,Salt Lake County,South Salt Lake,-111.901231,40.6982471,,NULL,,,NULL,,,
6504,Bangerter Highway - Final Section,NULL,United States of America,Utah,Salt Lake County,Draper,-111.8902473,40.50229408,,NULL,,,NULL,,,
6505,Saltair - Morton Salt Company,NULL,United States of America,Utah,,Salt Lake City,-112.5148381,40.75493197,,NULL,,,NULL,,,
6506,Sandy City Fire Station; Alta View Hospital,NULL,United States of America,Utah,Salt Lake County,Sandy,-111.8552743,40.57809702,,NULL,,,NULL,,,
6507,Bateman Dairy Farm,NULL,United States of America,Utah,Salt Lake County,West Jordan,-111.9275051,40.62633063,,NULL,,,NULL,,,
6508,2420 to 2436 Highland Dr.,NULL,United States of America,Utah,Salt Lake County,Salt Lake City,-111.8577711,40.71694663,,NULL,,,NULL,,,
6509,Bonneville Golf Course,NULL,United States of America,Utah,Salt Lake County,Salt Lake City,-111.8252728,40.74487575,,NULL,,,NULL,,,
6510,"Jordan Park, Campos Drive-in",NULL,United States of America,Utah,Salt Lake County,Salt Lake City,-111.917995,40.75022015,,NULL,,,NULL,,,
6511,Duck Club,NULL,United States of America,Utah,Salt Lake County,Salt Lake City,-112.1009596,40.79609372,,NULL,,,NULL,,,
6512,SLC Airport East - Number Two - 300 North & 2265 West,NULL,United States of America,Utah,Salt Lake County,Salt Lake City,-111.954321,40.78222067,,NULL,,,NULL,,,
6513,Forest Dale Golf Course,NULL,United States of America,Utah,Salt Lake County,Salt Lake City,-111.8612319,40.71630828,,NULL,,,NULL,,,
6514,KSL Radio Transmitter,NULL,United States of America,Utah,Salt Lake County,Salt Lake City,-112.1004175,40.77690215,,NULL,,,NULL,,,
6515,Laird Park,NULL,United States of America,Utah,Salt Lake County,Salt Lake City,-111.8387892,40.74320924,,NULL,,,NULL,,,
6516,Magna Water District - Wellfield,NULL,United States of America,Utah,Salt Lake County,Magna,-112.0351618,40.70837539,,NULL,,,NULL,,,
6517,4060 South 725 West - On the Jordan River,NULL,United States of America,Utah,Salt Lake County,Murray,-111.9101362,40.68116909,,NULL,,,NULL,,,
6518,Roosevelt School,NULL,United States of American,Utah,Salt Lake County,Millcreek,-111.8619098,40.69910591,,NULL,,,NULL,,,
6519,Rosecrest Elementary School,NULL,United States of America,Utah,Salt Lake County,Millcreek,-111.820338,40.70376896,,NULL,,,NULL,,,
6520,Sunnyside Training Center,NULL,United States of America,Utah,Salt Lake County,Salt Lake City,-111.8194979,40.74820725,,NULL,,,NULL,,,
6521,Temple Square - Utah Power and Light,NULL,United States of America,Utah,Salt Lake County,Salt Lake City,-111.8901436,40.77244073,,NULL,,,NULL,,,
6522,Utah Geologic and Mineral Survey,NULL,United States of America,Utah,Salt Lake County,Salt Lake City,-111.8279233,40.75890312,,NULL,,,NULL,,,
6523,SLC Airport West (Fire Station),NULL,United States of America,Utah,Salt Lake County,Salt Lake City,-111.9767334,40.77991616,,NULL,,,NULL,,,
6524,Wasatch School,NULL,United States of America,Utah,Salt Lake County,Salt Lake City,-111.856602,40.76796139,,NULL,,,NULL,,,
6525,Westminister College Track,NULL,United States of America,Utah,Salt Lake County,Salt Lake City,-111.8560072,40.72990497,,NULL,,,NULL,,,
6526,I-15 Rebuild State Street & I-80,NULL,United States of America,Utah,Salt Lake County,South Salt Lake,-111.8965302,40.7166521,,NULL,,,NULL,,,
6527,I-15 Rebuild State Street & I-80,NULL,United States of America,Utah,Salt Lake County,South Salt Lake,-111.8925501,40.71650277,,NULL,,,NULL,,,
6528,I-15 Rebuild State Street & I-80,NULL,United States of America,Utah,Salt Lake County,South Salt Lake,-111.8898204,40.7168932,,NULL,,,NULL,,,
6529,Canyon Elementary,NULL,United States of America,Utah,Utah County,Spanish Fork,-111.6286237,40.09301578,,NULL,,,NULL,,,
6530,Clark Park,NULL,United States of America,Utah,Utah County,Spanish Fork,-111.6519472,40.13188902,,NULL,,,NULL,,,
6531,Spanish Fork Airport,NULL,United States of America,Utah,Utah County,Spanish Fork,-111.6596352,40.13782432,,NULL,,,NULL,,,
6532,Spanish Oaks Golf Course,NULL,United States of America,Utah,Utah County,Spanish Fork,-111.5982514,40.08438672,,NULL,,,NULL,,,
6533,Caldwell,NULL,,,,,-112.4403893,42.8675988,,NULL,,,NULL,,,
6534,Optimist Park,NULL,,,,,-112.4482576,42.87449091,,NULL,,,NULL,,,
6535,Ammon Park,NULL,,,,,-112.4325085,42.88361287,,NULL,,,NULL,,,
6536,Alameda Park,NULL,,,,,-112.4451013,42.88468699,,NULL,,,NULL,,,
6537,Scardino Park,NULL,,,,,-112.4430111,42.90133505,,NULL,,,NULL,,,
6538,Satterfield Dr.,NULL,,,,,-112.4093385,42.92024894,,NULL,,,NULL,,,
6539,Lawrence Berkeley National Laboratory - Bertozzi Rd.,NULL,United States of America,California,Alameda,Berkeley,-122.2407782,37.87538825,WGS84,NULL,NULL,NULL,NULL,NULL,NULL,NULL
6540,Lawrence Berkeley National Laboratory - Building 30,NULL,United States of America,California,Alameda,Berkeley,-122.2472839,37.87670008,WGS84,NULL,NULL,NULL,NULL,NULL,NULL,NULL
6541,Lawrence Berkeley National Laboratory - Building 46,NULL,United States of America,California,Alameda,Berkeley,-122.2490982,37.8778314,WGS84,NULL,NULL,NULL,NULL,NULL,NULL,NULL
6542,Lawrence Berkeley National Laboratory - Building 58,NULL,United States of America,California,Alameda,Berkeley,-122.2488896,37.87641567,WGS84,NULL,NULL,NULL,NULL,NULL,NULL,NULL
6543,Lawrence Berkeley National Laboratory - Building 64,NULL,United States of America,California,Alameda,Berkeley,-122.2515265,37.87879115,WGS84,NULL,NULL,NULL,NULL,NULL,NULL,NULL
6544,Lawrence Berkeley National Laboratory - Building 70,NULL,United States of America,California,Alameda,Berkeley,-122.2513158,37.8765412,WGS84,NULL,NULL,NULL,NULL,NULL,NULL,NULL
6545,Lawrence Berkeley National Laboratory - Building 72,NULL,United States of America,California,Alameda,Berkeley,-122.242186,37.87549305,WGS84,NULL,NULL,NULL,NULL,NULL,NULL,NULL
6546,Lawrence Berkeley National Laboratory - Building 78,NULL,United States of America,California,Alameda,Berkeley,-122.2458512,37.8771488,WGS84,NULL,NULL,NULL,NULL,NULL,NULL,NULL
6547,Lawrence Berkeley National Laboratory - Building 80,NULL,United States of America,California,Alameda,Berkeley,-122.2495568,37.8754249,WGS84,NULL,NULL,NULL,NULL,NULL,NULL,NULL
6548,Lawrence Berkeley National Laboratory - Building 85,NULL,United States of America,California,Alameda,Berkeley,-122.2412296,37.87694615,WGS84,NULL,NULL,NULL,NULL,NULL,NULL,NULL
6549,Lawrence Berkeley National Laboratory - Building 88,NULL,United States of America,California,Alameda,Berkeley,-122.2547406,37.8765428,WGS84,NULL,NULL,NULL,NULL,NULL,NULL,NULL
6550,Lawrence Berkeley National Laboratory - Building 90,NULL,United States of America,California,Alameda,Berkeley,-122.2539466,37.8793056,WGS84,NULL,NULL,NULL,NULL,NULL,NULL,NULL
6551,Lawrence Berkeley National Laboratory - Building 91,NULL,United States of America,California,Alameda,Berkeley,-122.2508672,37.8771612,WGS84,NULL,NULL,NULL,NULL,NULL,NULL,NULL
6552,Lawrence Berkeley National Laboratory - East Hills,NULL,United States of America,California,Alameda,Berkeley,-122.2416879,37.87776105,WGS84,NULL,NULL,NULL,NULL,NULL,NULL,NULL
6553,Lawrence Berkeley National Laboratory - McMillan Rd.,NULL,United States of America,California,Alameda,Berkeley,-122.2470869,37.87722395,WGS84,NULL,NULL,NULL,NULL,NULL,NULL,NULL
6554,Lawrence Berkeley National Laboratory - Parking T2,NULL,United States of America,California,Alameda,Berkeley,-122.2419301,37.8734272,WGS84,NULL,NULL,NULL,NULL,NULL,NULL,NULL
6555,Lawrence Berkeley National Laboratory - Strawberry Canyon Gate,NULL,United States of America,California,Alameda,Berkeley,-122.2396358,37.8761762,WGS84,NULL,NULL,NULL,NULL,NULL,NULL,NULL
6556,UC Davis - Everson Hall,NULL,United States of America,California,Yolo,Davis,-121.750883,38.539023,WGS84,NULL,NULL,NULL,NULL,NULL,NULL,NULL
6557,UC Davis - Chemistry Annex,NULL,United States of America,California,Yolo,Davis,-121.750271,38.537336,WGS84,NULL,NULL,NULL,NULL,NULL,NULL,NULL
6558,UC Davis Medical Center,NULL,United States of America,California,Sacramento,Sacramento,-121.453858,38.554128,WGS84,NULL,NULL,NULL,NULL,NULL,NULL,NULL
6559,06-SC-111,NULL,United States,Utah,,Salt Lake City,-111.911614,40.757408,,NULL,,,NULL,,,
6560,06-SC-113 ,NULL,United States,Utah,,Salt Lake City,-111.914669,40.763531,,NULL,,,NULL,,,
6561,06-SC-115,NULL,United States,Utah,,Salt lake City,-111.911306,40.765258,,NULL,,,NULL,,,
6562,06-SC-117,NULL,United States,Utah,,Salt Lake City,-111.912983,40.762317,,NULL,,,NULL,,,
6563,06-SC-124,NULL,United States,Utah,,Salt Lake City,-111.913153,40.763381,,NULL,,,NULL,,,
6564,06-SC-126,NULL,united States,Utah,,Salt Lake City,-111.9105,40.767814,,NULL,,,NULL,,,
6565,2.1.1 - Plain City Landfill,NULL,USA,Utah,North-Western Weber County,Plain City,-112.10013,41.309799,,1284,m,,NULL,,,Evelation is using NAD83 Datum
6566,2.1.10 - BJH - Bell Junior High School,NULL,USA,Utah,Weber,Ogden,-111.9817,41.16987,,1408,m,,NULL,,,Elevation using Nad 83 Datum
6567,2.1.11 - UTH - Uintah Town Hall,NULL,USA,Utah,Weber,Uintah,-111.9253,41.14416,,1480,m,,NULL,,,Elevation using Nad 83 Datum
6568,2.1.12 - MVE - Mountain View Elementary School,NULL,USA,Utah,Weber,Ogden,-111.97634,41.24116,,1312,m,,NULL,,,Elevation using Nad 83 Datum
6569,2.1.13 - BES - Bates Elementary School,NULL,USA,Utah,Weber,Ogden,-111.95402,41.31876,,1463,m,,NULL,,,Elevation using Nad 83 Datum
6570,2.1.14 - 7212 - Weber State University,NULL,USA,Utah,Weber,Ogden,-111.94234,41.19533,,1429,m,,NULL,,,Elevation using Nad 83 Datum
6571,2.1.15 - SOJ - South Ogden Junior High School,NULL,USA,Utah,Weber,Ogden,-111.96069,41.18406,,1401,m,,NULL,,,Elevation using Nad 83 Datum
6572,2.1.16 - WES - Wasatch Elementary School,NULL,USA,Utah,Weber,Ogden,-111.94201,41.20918,,1412,m,,NULL,,,Elevation using Nad 83 Datum
6573,2.1.17 - HMS - Highland Middle School,NULL,USA,Utah,Weber,Ogden,-111.95897,41.25496,,1335,m,,NULL,,,Elevation using Nad 83 Datum
6574,2.1.18 - LVP - Lomond View Park,NULL,USA,Utah,Weber,North Ogden,-111.97437,41.31706,,1356,,,NULL,,,Elevation using Nad 83 Datum
6575,2.1.2 - Syracuse Cemetery,NULL,USA,Utah,Davis County,Syracuse,-112.04621,41.09705,,1332,m,,NULL,,,Elevation is using the NAD83 datum.
6576,2.1.3 - CDJ - Central Davis Junior High School,NULL,USA,Utah,Davis,Layton,-111.96839,41.0696,,1497,m,,NULL,,,Elevation using Nad 83 Datum
6577,2.1.4 - KSU - Kanesville Elementary School,NULL,USA,Utah,Weber,West Haven,-112.05997,41.20838,,1303,m,,NULL,,,Elevation using Nad 83 Datum
6578,2.1.5 - WWF - West Weber Field,NULL,USA,Utah,Weber,,-112.11155,41.26491,,NULL,,,NULL,,,Elevation using Nad 83 Datum
6579,2.1.6 - HES - Hooper Elementary School,NULL,USA,Utah,Weber,Hooper,-112.1207,41.16538,,1293,m,,NULL,,,Elevation using Nad 83 Datum
6580,2.1.7 - ELE - East Layton Elementary School,NULL,USA,Utah,Davis,Layton,-111.9179,41.07993,,1459,,,NULL,,,Elevation using Nad 83 Datum
6581,2.1.8 - OF2 - Ogden Fire Station #2,NULL,USA,Utah,Weber,Ogden,-111.948838,41.22821,,1370,m,,NULL,,,Elevation using Nad 83 Datum
6582,2.1.9 - OPS - Ogden Public Safety Building,NULL,USA,Utah,Weber,Ogden,-111.97481,41.2286,,1318,m,,NULL,,,Elevation using Nad 83 Datum
6583,2.2.1 - LGC - Lakeside Golf Course,NULL,USA,Utah,Davis,Bountiful,-111.9092,40.90091,,1291,m,,NULL,,,Elevation using Nad 83 Datum
6584,2.2.2 - DCF - Davis County Fairgrounds,NULL,USA,Utah,Davis,Farmington,-111.90742,40.97893,,1294,m,,NULL,,,Elevation using Nad 83 Datum
6585,2.2.3 - KJH - Kaysvilee Junior High School,NULL,USA,Utah,Davis,Kaysville,-111.93713,41.02726,,1330,m,,NULL,,,Elevation using Nad 83 Datum
6586,2.2.4 - WRS - Windridge Elementary School,NULL,USA,Utah,Davis,Kaysville,-111.92502,41.01331,,1333,m,,NULL,,,Elevation using Nad 83 Datum
6587,2.2.5 - WSE - Washington Elementary School,NULL,USA,Utah,Davis,Bountiful,-111.89001,40.88242,,1335,m,,NULL,,,Elevation using Nad 83 Datum
6588,2.2.6 - UHP - Utah Highway Patrol Building,NULL,USA,Utah,Davis,Farmington,-111.89903,40.99046,,1303,m,,NULL,,,Elevation using Nad 83 Datum
6589,2.2.7 - OSE - Orchard Elementary School,NULL,USA,Utah,Davis,North Salt Lake,-111.90739,40.84319,,1340,m,,NULL,,,Elevation using Nad 83 Datum
6590,2.2.8 - FES - Farmington Elementary School,NULL,USA,Utah,Davis,Farmington,-111.89048,40.97725,,1340,m,,NULL,,,Elevation using Nad 83 Datum
6591,2.2.9 - MPS - Mueller Park Junior High School,NULL,USA,Utah,Davis,Bountiful,-111.86018,40.87215,,1481,m,,NULL,,,Elevation using Nad 83 Datum
6592,2.3.1 - FTT - Fire Training Tower,NULL,USA,Utah,Salt Lake,Magna,-112.08395,40.68657,,1382,m,,NULL,,,Elevation using Nad 83 Datum
6593,2.3.2 - NOQ - North Oquirrh Seismic Station,NULL,USA,Utah,Salt Lake,,-112.12094,40.65262,,1624,m,,NULL,,,Elevation using Nad 83 Datum
6594,2.3.3 - CTU - Camp Tracy,NULL,USA,Utah,Salt Lake,,-111.7511,40.6925,,1732,m,,NULL,,,Elevation using Nad 83 Datum
6595,2.4.1 - MDS - Meadow School,NULL,USA,Utah,Utah,Lehi,-111.85898,40.38494,,1389,m,,NULL,,,Elevation using Nad 83 Datum
6596,2.4.10 - MAB - Mapleton Ambulance Building,NULL,USA,Utah,Utah,Mapleton,-111.57794,40.13129,,1452,m,,NULL,,,Elevation using Nad 83 Datum
6597,2.4.11 - CRE - Cedar Ridge Elementary School,NULL,USA,Utah,Utah,Pleasant Grove,-111.76559,40.4141,,1497,m,,NULL,,,Elevation using Nad 83 Datum
6598,2.4.12 - CCS - Canyon Crest School,NULL,USA,Utah,Utah,Provo,-111.6512,40.29531,,1478,m,,NULL,,,Elevation using Nad 83 Datum
6599,2.4.13 - OES - Orchard Elementary School,NULL,USA,Utah,Utah,Orem,-111.67788,40.31738,,1474,m,,NULL,,,Elevation using Nad 83 Datum
6600,2.4.14 - PJH - Pleasant Grove Junior High School,NULL,USA,Utah,Utah,Pleasant Grove,-111.73836,40.37312,,1423,m,,NULL,,,Elevation using Nad 83 Datum
6601,2.4.15 - BYU - Brigham Young University,NULL,USA,Utah,Utah,Provo,-111.65019,41.25237,,1440,m,,NULL,,,Elevation using Nad 83 Datum
6602,2.4.2 - LRJ - Lakeridge Junior High School,NULL,USA,Utah,Utah,Orem,-111.70277,40.27874,,1420,m,,NULL,,,Elevation using Nad 83 Datum
6603,2.4.3 - LSU - Youd Family Home,NULL,USA,Utah,Utah,Lakeshore,-111.72926,40.13253,,1380,m,,NULL,,,Elevation using Nad 83 Datum
6604,2.4.4 - SCY - Salem City Yard,NULL,USA,Utah,Utah,Salem,-111.68673,40.05857,,1393,m,,NULL,,,Elevation using Nad 83 Datum
6605,2.4.5 - WOF - Woffinden Home,NULL,USA,Utah,Utah,Benjamin,-111.71274,40.09905,,1389,m,,NULL,,,Elevation using Nad 83 Datum
6606,2.4.6 - AMF - Tri City Golf Course,NULL,USA,Utah,Utah,American Fork,-111.78722,40.40137,,1451,m,,NULL,,,Elevation using Nad 83 Datum
6607,2.4.7 - TPU - Thanksgiving Point Golf Course,NULL,USA,Utah,Utah,,-111.90282,40.4307,,1398,m,,NULL,,,Elevation using Nad 83 Datum
6608,2.4.8 - DJH - Dixon Junior High School,NULL,USA,Utah,Utah,Provo,-111.67184,40.23853,,1401,m,,NULL,,,Elevation using Nad 83 Datum
6609,2.4.9 - WUL - West of Utah Lake,NULL,USA,Utah,Utah,,-112.06094,40.26082,,1484,m,,NULL,,,Elevation using Nad 83 Datum
6610,B-1 Northeast comer of 300 South & Main (American Stores Office ,NULL,USA,Utah,Salt Lake,"Salt Lake
City",-111.889686,40.762761,,NULL,,,NULL,,,
6611,B-11 - InterMountain Health Care,NULL,USA,"Utah 
",,"West Valley City
",-111.997311,40.709864,,NULL,,,NULL,,,
6612,Ogden City Hall,NULL,USA,Utah,,Ogden,-111.970253,41.219683,,NULL,,,NULL,,,
6613,North Temple West Temple (LDS Assembly Hall),NULL,USA,Utah,,Salt Lake,-111.891061,40.772597,,4340.2,ft,,NULL,,,
6614,I15 Corridor GDP 10800S to 500N,NULL,United States of America,Utah,Salt Lake County,Sandy City,-111.900175,40.587989,,NULL,,,NULL,,,
6615,I15 Corridor GDP 10800S to 500N,NULL,United States of America,Utah,Salt Lake County,Sandy City,-111.898156,40.558897,,NULL,,,NULL,,,
6616,UDOT/Parsons-Brinckerhoff Stage 1 I15 Seismic Hazard Analysis PB,NULL,United States of America,Utah,Salt Lake County,Murray City,-111.904158,40.631931,,400.8,m,,NULL,,,
6617,UDOT/Parsons-Brinckerhoff Stage 1 I15 Seismic Hazard Analysis PB,NULL,United States of America,Utah,Salt Lake County,Midvale City,-111.903836,40.620239,,403.9,m,,NULL,,,
6618,I15 S4 400S,NULL,United States of America,Utah,Salt Lake County,Salt Lake City,-111.913408,40.760319,,NULL,,,NULL,,,
6619,"I15 S4 900W, 1000W",NULL,United States of America,Utah,Salt Lake County,Salt Lake City,-111.916025,40.764542,,NULL,,,NULL,,,
6620,I15 Section 4 S Temple,NULL,United States of America,Utah,Salt Lake County,Salt Lake City,-111.910697,40.769322,,NULL,,,NULL,,,
6621,Legacy Parkway SC-14-312,NULL,United States of America,Utah,Davis,Centerville,-111.899094,40.923508,,NULL,,,NULL,,,
6622,Legacy Parkway SC-15-361,NULL,United States of America,Utah,Davis,Centerville,-111.901081,40.919347,,NULL,,,NULL,,,
6623,5595 Multidisciplinary Life Science Building,NULL,USA,California,San Diego,La Jolla,-117.236269,32.87428,,NULL,,,NULL,,,
6624,Proposed Legacy Parkway,NULL,United States,Utah,,Salt Lake City,-111.941903,40.833594,,NULL,,,NULL,,,
6625,West Campus Housing Buildings 1-5 and Graduate Building,NULL,USA,California,Santa Cruz,Santa Cruz,-122.068303,36.991589,,NULL,,,NULL,,,
6626,Hogback Ridge GHGB,NULL,United States,California,NULL,NULL,-122.82347,39.12745,NULL,NULL,NULL,NULL,NULL,NULL,NULL,NULL
6627,Sonoma Mountain NSM,NULL,United States,California,NULL,NULL,-122.57795,38.348785,NULL,NULL,NULL,NULL,NULL,NULL,NULL,NULL
6628,Tuscan Springs #3 LTC,NULL,United States,California,NULL,NULL,-122.125618,40.208519,NULL,NULL,NULL,NULL,NULL,NULL,NULL,NULL
6629,Hearst Castle PHC,NULL,United States,California,NULL,NULL,-121.153671,35.682285,NULL,NULL,NULL,NULL,NULL,NULL,NULL,NULL
6630,Antelope Valley Poppy Reserve POP,NULL,United States,California,NULL,NULL,-118.39402,34.728508,NULL,NULL,NULL,NULL,NULL,NULL,NULL,NULL
6631,Sisquoc - FS #23 SQC,NULL,United States,California,NULL,NULL,-120.294393,34.866469,NULL,NULL,NULL,NULL,NULL,NULL,NULL,NULL
6632,San Clemente Island CMW,NULL,United States,California,NULL,NULL,-118.4879,32.915,NULL,NULL,NULL,NULL,NULL,NULL,NULL,NULL
6633,So. Manteca SJ-1,NULL,United States,California,NULL,NULL,-121.244692,37.763155,NULL,NULL,NULL,NULL,NULL,NULL,NULL,NULL
6634,CE.68150,NULL,USA,California,Napa,Napa,-122.2774,38.2704,,NULL,,,NULL,,Pleistocene Allu,
6635,NC.C032,NULL,USA,California,Solano,Benicia,-122.157593,38.082508,,NULL,,,NULL,,Cretaceious Grea,
6636,NC.GDXB,NULL,USA,California,Lake,Cobb,-122.795303,38.807968,,NULL,,,NULL,,Franciscan Compl,
6637,NC.N019B,NULL,USA,California,Sonoma,Sonoma,-122.401543,38.300953,,NULL,,,NULL,,Tertiary Volcani,
6638,NC.NAPC,NULL,USA,California,Napa,Atlas,-122.252716,38.439507,,NULL,,,NULL,,Tertiary Volcani,
6639,NC.NGVB,NULL,USA,California,Solano,Green Valley,-122.21582,38.28043,,NULL,,,NULL,,Tertiary Volcani,
6640,NC.NHC,NULL,USA,California,Napa,Merazo,-122.357674,38.21748,,NULL,,,NULL,,Pliocene Fluvial,
6641,NC.NLH,NULL,USA,California,Solano,Benicia,-122.149216,38.122814,,NULL,,,NULL,,Tertiary Sandsto,
6642,NC.NMC,NULL,USA,California,Sonoma,Healdsburg,-122.912857,38.59095,,NULL,,,NULL,,Franciscan Compl,
6643,NC.NMI,NULL,USA,California,Solano,Vallejo,-122.258499,38.076012,,NULL,,,NULL,,Cretaceous Great,
6644,NC.NMW,NULL,USA,California,Santa Rosa,Mark West Springs,-122.723236,38.550346,,NULL,,,NULL,,Tertiary Volcani,
6645,NC.NSM,NULL,USA,California,Sonoma,Glen Ellen,-122.57795,38.348785,,NULL,,,NULL,,Tertiary Volcani,
6646,NS.NSP,NULL,USA,California,Sonoma,McGill,-122.464401,38.200253,,NULL,,,NULL,,Tertiary Volcani,
6647,NC.NTYB,NULL,USA,California,Sonoma,Rohnert Park,-122.662971,38.38921,,NULL,,,NULL,,Tertiary Volcani,
6648,NC.NTO,NULL,USA,California,Sonoma,Sears Point,-122.449692,38.143608,,NULL,,,NULL,,Tertiary Sandsto,
6649,NP.1759,NULL,USA,California,Solano,Vallejo,-122.25623,38.10767,,NULL,,,NULL,,Cretaceous Great,
6650,NP.1760,NULL,USA,California,Solano,Benicia,-122.15743,38.05415,,NULL,,,NULL,,Pleistocene Allu,
6651,NP.1765,NULL,USA,California,Napa,Napa,-122.31845,38.33046,,NULL,,,NULL,,Holocene Alluvia,
6652,MP-189.6L - Lost Hills,NULL,United States of America,California,Kern,Lost Hills,-119.865028,35.786771,,NULL,,,NULL,,,
6653,CH2,NULL,United States,Idaho,NULL,NULL,-112.747777,43.765783,NULL,1460.17,m,NULL,NULL,NULL,NULL,NULL
6654,D-AA97-1,NULL,United States,Idaho,NULL,NULL,-112.9340425,43.5688625,NULL,NULL,NULL,NULL,NULL,NULL,NULL,NULL
6655,D-AA97-11,NULL,United States,Idaho,NULL,NULL,-112.93192,43.56869,NULL,1498.52,m,NULL,NULL,NULL,NULL,NULL
6656,D-AA97-14,NULL,United States,Idaho,NULL,NULL,-112.9329,43.56816,NULL,1498.43,m,NULL,NULL,NULL,NULL,NULL
6657,D-AA97-22,NULL,United States,Idaho,NULL,NULL,-112.93203,43.56925,NULL,1498.44,m,NULL,NULL,NULL,NULL,NULL
6658,D-GA92-R1,NULL,United States,Idaho,NULL,NULL,-112.93333,43.57394,NULL,NULL,NULL,NULL,NULL,NULL,NULL,NULL
6659,D-GA92-R10,NULL,United States,Idaho,NULL,NULL,-112.93268,43.57349,NULL,NULL,NULL,NULL,NULL,NULL,NULL,NULL
6660,D-KL07-31,NULL,United States,Idaho,NULL,NULL,-112.93021,43.57227,NULL,1498.34,m,NULL,NULL,NULL,NULL,NULL
6661,D-KL07-33,NULL,United States,Idaho,NULL,NULL,-112.9298,43.57201,NULL,1498.43,m,NULL,NULL,NULL,NULL,NULL
6662,D-KL07-37,NULL,United States,Idaho,NULL,NULL,-112.93046,43.57138,NULL,1498.23,m,NULL,NULL,NULL,NULL,NULL
6663,D-KL07-38,NULL,United States,Idaho,NULL,NULL,-112.92983,43.57138,NULL,1498.57,m,NULL,NULL,NULL,NULL,NULL
6664,D-KL07-41,NULL,United States,Idaho,NULL,NULL,-112.9302067,43.57165833333334,NULL,NULL,NULL,NULL,NULL,NULL,NULL,NULL
6665,D-PR08,NULL,United States,Idaho,NULL,NULL,-112.91765,43.64981,NULL,NULL,NULL,NULL,NULL,NULL,NULL,NULL
6666,D-PR94,NULL,United States,Idaho,NULL,NULL,-112.9156125,43.65013,NULL,NULL,NULL,NULL,NULL,NULL,NULL,NULL
6667,D-RP01-1,NULL,United States,Idaho,NULL,NULL,-112.966249,43.58925631111111,NULL,1501.33,m,NULL,NULL,NULL,NULL,NULL
6668,D-RP01-2,NULL,United States,Idaho,NULL,NULL,-112.9648194,43.58930964166667,NULL,1501.14,m,NULL,NULL,NULL,NULL,NULL
6669,D-RP01-3,NULL,United States,Idaho,NULL,NULL,-112.9609919,43.58944249444444,NULL,1499.95,m,NULL,NULL,NULL,NULL,NULL
6670,D-RP01-4,NULL,United States,Idaho,NULL,NULL,-112.9607122,43.58847583611111,NULL,1500.07,m,NULL,NULL,NULL,NULL,NULL
6671,D-RP01-5,NULL,United States,Idaho,NULL,NULL,-112.9633667,43.58558635,NULL,1501.88,m,NULL,NULL,NULL,NULL,NULL
6672,D-RP01-6,NULL,United States,Idaho,NULL,NULL,-112.9609867,43.58636539444444,NULL,1501.12,m,NULL,NULL,NULL,NULL,NULL
6673,D-RP01-7,NULL,United States,Idaho,NULL,NULL,-112.9652072,43.58742686666667,NULL,1501.8,m,NULL,NULL,NULL,NULL,NULL
6674,D-RP97-1,NULL,United States,Idaho,NULL,NULL,-112.6563,43.59556,NULL,1561.76,m,NULL,NULL,NULL,NULL,NULL
6675,D-RP97-2,NULL,United States,Idaho,NULL,NULL,-112.65675,43.59637,NULL,1562.14,m,NULL,NULL,NULL,NULL,NULL
6676,D-RP97-3,NULL,United States,Idaho,NULL,NULL,-112.6557,43.59263,NULL,1562.72,m,NULL,NULL,NULL,NULL,NULL
6677,CFPPB02,NULL,United States,Idaho,NULL,NULL,-113.05502,43.63759,NULL,1551.17,m,NULL,NULL,NULL,NULL,NULL
6678,CFPPB03,NULL,United States,Idaho,NULL,NULL,-113.05464,43.6373,NULL,1551.09,m,NULL,NULL,NULL,NULL,NULL
6679,CFPPB09,NULL,United States,Idaho,NULL,NULL,-113.05627,43.63728,NULL,1554.89,m,NULL,NULL,NULL,NULL,NULL
6680,CFPPB30,NULL,United States,Idaho,NULL,NULL,-113.05446,43.6387,NULL,1550.6,m,NULL,NULL,NULL,NULL,NULL
6681,CFPPB40,NULL,United States,Idaho,NULL,NULL,-113.05295,43.63758,NULL,1543.48,m,NULL,NULL,NULL,NULL,NULL
6682,CFPPB41,NULL,United States,Idaho,NULL,NULL,-113.05317,43.64019,NULL,1542.28,m,NULL,NULL,NULL,NULL,NULL
6683,CFPPB42,NULL,United States,Idaho,NULL,NULL,-113.05231,43.6395,NULL,1544.77,m,NULL,NULL,NULL,NULL,NULL
6684,CFPPB47,NULL,United States,Idaho,NULL,NULL,-113.05906,43.63462,NULL,1558.3,m,NULL,NULL,NULL,NULL,NULL
6685,D-ST10-103,NULL,United States,Idaho,NULL,NULL,-112.912275,43.65078,NULL,NULL,NULL,NULL,NULL,NULL,NULL,NULL
6686,D-ST10-120,NULL,United States,Idaho,NULL,NULL,-112.92042,43.64664,NULL,1480.26,m,NULL,NULL,NULL,NULL,NULL
6687,D-ST10-123,NULL,United States,Idaho,NULL,NULL,-112.91233,43.64504,NULL,1479.68,m,NULL,NULL,NULL,NULL,NULL
6688,D-ST10-125,NULL,United States,Idaho,NULL,NULL,-112.91284,43.65239,NULL,1478,m,NULL,NULL,NULL,NULL,NULL
6689,D-W20-148A,NULL,United States,Idaho,NULL,NULL,-112.6521,43.593178,NULL,NULL,NULL,NULL,NULL,NULL,NULL,NULL
6690,D-W20-149,NULL,United States,Idaho,NULL,NULL,-112.652313,43.589931,NULL,NULL,NULL,NULL,NULL,NULL,NULL,NULL
6691,D-W20-150,NULL,United States,Idaho,NULL,NULL,-112.971603,43.589283,NULL,NULL,NULL,NULL,NULL,NULL,NULL,NULL
6692,D-W21-151,NULL,United States,Idaho,NULL,NULL,-112.904648,43.64484,NULL,NULL,NULL,NULL,NULL,NULL,NULL,NULL
6693,D-W21-152,NULL,United States,Idaho,NULL,NULL,-112.926079,43.651772,NULL,NULL,NULL,NULL,NULL,NULL,NULL,NULL
6694,LF3,NULL,United States,Idaho,NULL,NULL,-112.949348,43.546894,NULL,1504.77,m,NULL,NULL,NULL,NULL,NULL
6695,MW-C21-INEL,NULL,United States,Idaho,NULL,NULL,-112.944387,43.62132,NULL,NULL,NULL,NULL,NULL,NULL,NULL,Multiple Vs profiles derived from a single surface wave dispersion resulting from different decisions made during the inversion process
6696,MW-C21-INTEC,NULL,United States,Idaho,NULL,NULL,-112.914278,43.571504,NULL,NULL,NULL,NULL,NULL,NULL,NULL,Multiple Vs profiles derived from a single surface wave dispersion resulting from different decisions made during the inversion process
6697,MW-C21-NRF,NULL,United States,Idaho,NULL,NULL,-112.926622,43.652432,NULL,NULL,NULL,NULL,NULL,NULL,NULL,Multiple Vs profiles derived from a single surface wave dispersion resulting from different decisions made during the inversion process
6698,MW-C21-ATR,NULL,United States,Idaho,NULL,NULL,-112.973304,43.59089,NULL,NULL,NULL,NULL,NULL,NULL,NULL,Multiple Vs profiles derived from a single surface wave dispersion resulting from different decisions made during the inversion process
6699,MW-C21-CFPP,NULL,United States,Idaho,NULL,NULL,-113.055044,43.637909,NULL,NULL,NULL,NULL,NULL,NULL,NULL,Multiple Vs profiles derived from a single surface wave dispersion resulting from different decisions made during the inversion process
6700,MW-C21-MFC,NULL,United States,Idaho,NULL,NULL,-112.659636,43.591473,NULL,NULL,NULL,NULL,NULL,NULL,NULL,Multiple Vs profiles derived from a single surface wave dispersion resulting from different decisions made during the inversion process
6701,NPR,NULL,United States,Idaho,NULL,NULL,-112.873226,43.5807555,NULL,NULL,NULL,NULL,NULL,NULL,NULL,NULL
6702,AA95,NULL,United States,Idaho,NULL,NULL,-112.662323,43.595776,NULL,1561.98,m,NULL,NULL,NULL,NULL,NULL
6703,Site-14A,NULL,United States,Idaho,NULL,NULL,-112.776276,43.726254,NULL,1462.22,m,NULL,NULL,NULL,NULL,NULL
6704,CFPP1NW,NULL,United States,Idaho,NULL,NULL,-113.02274,43.64448,NULL,1520.81,m,NULL,NULL,NULL,NULL,NULL
6705,CFPP1SE,NULL,United States,Idaho,NULL,NULL,-113.01523,43.64103,NULL,1523.37,m,NULL,NULL,NULL,NULL,NULL
6706,CFPP2,NULL,United States,Idaho,NULL,NULL,-113.05306,43.64689,NULL,NULL,NULL,NULL,NULL,NULL,NULL,NULL
6707,CFPP4,NULL,United States,Idaho,NULL,NULL,-113.05708,43.63464,NULL,1552.31,m,NULL,NULL,NULL,NULL,NULL
6708,CFPP5,NULL,United States,Idaho,NULL,NULL,-113.0563,43.63535,NULL,1554.07,m,NULL,NULL,NULL,NULL,NULL
6709,CFPP6,NULL,United States,Idaho,NULL,NULL,-113.042095,43.629425,NULL,NULL,NULL,NULL,NULL,NULL,NULL,NULL
6710,CFPPB01,NULL,United States,Idaho,NULL,NULL,-113.0551,43.6372,NULL,NULL,NULL,NULL,NULL,NULL,NULL,NULL
6711,ATR1,NULL,United States,Idaho,NULL,NULL,-112.97193,43.59117,NULL,1505.17,m,NULL,NULL,NULL,NULL,NULL
6712,ATR2,NULL,United States,Idaho,NULL,NULL,-112.97243,43.58989,NULL,1505.82,m,NULL,NULL,NULL,NULL,NULL
6713,ATR3,NULL,United States,Idaho,NULL,NULL,-112.96927,43.59465,NULL,1503.57,m,NULL,NULL,NULL,NULL,NULL
6714,INL1,NULL,United States,Idaho,NULL,NULL,-112.93916,43.61799,NULL,1492.41,m,NULL,NULL,NULL,NULL,NULL
6715,INL2,NULL,United States,Idaho,NULL,NULL,-112.94191,43.62181,NULL,1490.98,m,NULL,NULL,NULL,NULL,NULL
6716,INT1,NULL,United States,Idaho,NULL,NULL,-112.91498,43.571945,NULL,NULL,NULL,NULL,NULL,NULL,NULL,NULL
6717,MFC1,NULL,United States,Idaho,NULL,NULL,-112.65111,43.59194,NULL,1566.61,m,NULL,NULL,NULL,NULL,NULL
6718,MFC2,NULL,United States,Idaho,NULL,NULL,-112.65342,43.59072,NULL,NULL,NULL,NULL,NULL,NULL,NULL,NULL
6719,MFC3,NULL,United States,Idaho,NULL,NULL,-112.66201,43.58908,NULL,1565.66,m,NULL,NULL,NULL,NULL,NULL
6720,MFC4,NULL,United States,Idaho,NULL,NULL,-112.66671,43.59796,NULL,1563.78,m,NULL,NULL,NULL,NULL,NULL
6721,NRF1,NULL,United States,Idaho,NULL,NULL,-112.90405,43.64414,NULL,1483.35,m,NULL,NULL,NULL,NULL,NULL
6722,NRF2,NULL,United States,Idaho,NULL,NULL,-112.90502,43.64637,NULL,1483.09,m,NULL,NULL,NULL,NULL,NULL
6723,NRF3,NULL,United States,Idaho,NULL,NULL,-112.92267,43.64925,NULL,1478.17,m,NULL,NULL,NULL,NULL,NULL
6724,NRF4,NULL,United States,Idaho,NULL,NULL,-112.93012,43.65369,NULL,1479.07,m,NULL,NULL,NULL,NULL,NULL
6725,CFPP1A,NULL,United States,Idaho,NULL,NULL,-113.05742,43.63749,NULL,1554.6,m,NULL,NULL,NULL,NULL,NULL
6726,CFPP1B,NULL,United States,Idaho,NULL,NULL,-113.05673,43.63658,NULL,1555.6,m,NULL,NULL,NULL,NULL,NULL
6727,CFPP2A,NULL,United States,Idaho,NULL,NULL,-113.05557,43.63771,NULL,1553,m,NULL,NULL,NULL,NULL,NULL
6728,CFPP2B,NULL,United States,Idaho,NULL,NULL,-113.05462,43.63678,NULL,1552,m,NULL,NULL,NULL,NULL,NULL
6729,CFPP3A,NULL,United States,Idaho,NULL,NULL,-113.05422,43.63812,NULL,1548.5,m,NULL,NULL,NULL,NULL,NULL
6730,CFPP3B,NULL,United States,Idaho,NULL,NULL,-113.05313,43.63741,NULL,1545.2,m,NULL,NULL,NULL,NULL,NULL
6731,CFPP4A,NULL,United States,Idaho,NULL,NULL,-113.05563,43.63646,NULL,1553,m,NULL,NULL,NULL,NULL,NULL
6732,CFPP4B,NULL,United States,Idaho,NULL,NULL,-113.05354,43.63695,NULL,1548.9,m,NULL,NULL,NULL,NULL,NULL
6733,CFPP5A,NULL,United States,Idaho,NULL,NULL,-113.05598,43.63709,NULL,1553.9,m,NULL,NULL,NULL,NULL,NULL
6734,CFPP5B,NULL,United States,Idaho,NULL,NULL,-113.05342,43.63766,NULL,1545.4,m,NULL,NULL,NULL,NULL,NULL
6735,CFPP6A,NULL,United States,Idaho,NULL,NULL,-113.05695,43.63811,NULL,1554.1,m,NULL,NULL,NULL,NULL,NULL
6736,CFPP6B,NULL,United States,Idaho,NULL,NULL,-113.05537,43.63841,NULL,1551.8,m,NULL,NULL,NULL,NULL,NULL
6737,MS06,NULL,United States,Idaho,NULL,NULL,-112.9304083,43.57212533333333,NULL,NULL,NULL,NULL,NULL,NULL,NULL,NULL
6738,La Cienega Vertical Array,NULL,United States,California,NULL,NULL,-118.377771,34.037144,NULL,NULL,NULL,NULL,NULL,NULL,NULL,NULL
6739,Baldwin Hills,NULL,United States,California,NULL,NULL,-118.365063,34.007663,NULL,NULL,NULL,NULL,NULL,NULL,NULL,NULL
6740,Brentwood VA,108,United States,California,NULL,NULL,-118.465469,34.064185,NULL,NULL,NULL,NULL,NULL,NULL,NULL,NULL
6741,Griffith Observatory,NULL,United States,California,NULL,NULL,-118.300622,34.118721,NULL,NULL,NULL,NULL,NULL,NULL,NULL,NULL
6742,Tarzana El Caballero Golf Course 1,NULL,United States,California,NULL,NULL,-118.536302,34.153565,NULL,NULL,NULL,NULL,NULL,NULL,NULL,NULL
6743,Tarzana El Caballero Golf Course 2,NULL,United States,California,NULL,NULL,-118.531033,34.161317,NULL,NULL,NULL,NULL,NULL,NULL,NULL,NULL
6744,UCLA Array BH,NULL,United States,California,NULL,NULL,-118.443246,34.068387,NULL,NULL,NULL,NULL,NULL,NULL,NULL,NULL
6745,UCLA Array BOT,NULL,United States,California,NULL,NULL,-118.44209,34.067115,NULL,NULL,NULL,NULL,NULL,NULL,NULL,NULL
6746,UCLA Array PS2,NULL,United States,California,NULL,NULL,-118.440495,34.067826,NULL,NULL,NULL,NULL,NULL,NULL,NULL,NULL
6747,UCLA Array DK,NULL,United States,California,NULL,NULL,-118.440554,34.072547,NULL,NULL,NULL,NULL,NULL,NULL,NULL,NULL