travelTimeMeta_ID,site_ID,citation_ID,name,longitude,latitude,method,date,quality,VelocityDataType,vsz_value,vsz_unit,z_value,z_unit,depth_unit,traveltime_unit,DGWT,,
1,3228,80,AGR002,86.8453,46.43,SCPT,2004.9.8,,Vs,220.2491,m/s,9.55,m,m,m/s,#N/A,,old
2,3229,80,AGR003,86.8454,46.4249,SCPT,2004.9.8,,Vs,253.5885,m/s,13.25,m,m,m/s,#N/A,,old
3,3230,80,AGR005,-86.8262,46.4143,SCPT,2004.9.8,,Vs,238.2113,m/s,19.55,m,m,m/s,-,,old
4,3231,80,AGR006,-86.8305,46.4168,SCPT,2004.9.8,,Vs,223.0742,m/s,6.4,m,m,m/s,-,,old
5,3232,80,AGR007,-86.8721,46.4295,SCPT,2004.9.9,,Vs,227.9305,m/s,15.75,m,m,m/s,-,,old
6,3233,80,AGR008,-86.8634,46.4288,SCPT,2004.9.9,,Vs,200.1033,m/s,7.75,m,m,m/s,-,,old
7,3234,80,AGR009,-86.8531,46.4296,SCPT,2004.9.9,,Vs,211.8928,m/s,12.65,m,m,m/s,-,,old
8,3235,80,AGR010,-86.8396,46.4272,SCPT,2004.9.9,,Vs,249.4446,m/s,12.35,m,m,m/s,-,,old
9,3236,80,AGR011,-86.8339,46.4273,SCPT,2004.9.9,,Vs,231.807,m/s,12.2,m,m,m/s,-,,old
10,3237,80,AGR012,-86.8316,46.4308,SCPT,2004.9.9,,Vs,233.7249,m/s,9.55,m,m,m/s,-,,old
11,3238,80,AHY001,-91.4805,33.3304,SCPT,2004.11.29,,Vs,223.3405,m/s,19.75,m,m,m/s,#N/A,,old
12,3239,80,AHY002,-91.4829,33.3305,SCPT,2004.11.29,,Vs,189.4255,m/s,9.1,m,m,m/s,#N/A,,old
13,3240,80,AHY003,-91.4854,33.3305,SCPT,2004.11.29,,Vs,226.1812,m/s,20.25,m,m,m/s,#N/A,,old
14,3241,80,AHY004,-91.4863,33.3305,SCPT,2004.11.29,,Vs,222.3571,m/s,20.15,m,m,m/s,#N/A,,old
15,3242,80,ALC001,-122.253,37.7847,SCPT,2000.11.7,,Vs,130.9707,m/s,22.95,m,m,m/s,-,,old
16,3243,80,ALC002,-122.2463,37.7802,SCPT,2000.11.7,,Vs,175.7796,m/s,20.8,m,m,m/s,3.3,,old
17,3244,80,ALC003,-122.2491,37.7828,SCPT,2000.11.7,,Vs,160.9069,m/s,27.75,m,m,m/s,-,,old
18,3245,80,ALC004,-122.2478,37.7829,SCPT,2000.11.21,,Vs,165.2736,m/s,21.75,m,m,m/s,-,,old
19,3246,80,ALC005,-122.2506,37.7816,SCPT,2000.11.15,,Vs,152.7543,m/s,28.95,m,m,m/s,-,,old
20,3247,80,ALC006,-122.2518,37.7831,SCPT,2000.11.21,,Vs,145.1735,m/s,19.25,m,m,m/s,-,,old
21,3248,80,ALC007,-122.2371,37.7478,SCPT,2000.12.7,,Vs,132.2717,m/s,20.6,m,m,m/s,0.5,,old
22,3249,80,ALC008,-122.2371,37.7506,SCPT,2000.12.7,,Vs,223.4554,m/s,30.2,m,m,m/s,1,,old
23,3250,80,ALC009,-122.279,37.785,SCPT,2000.12.8,,Vs,175.9965,m/s,36.25,m,m,m/s,-,,old
24,3251,80,ALC010,-122.2882,37.7851,SCPT,2000.12.8,,Vs,153.3812,m/s,33.75,m,m,m/s,-,,old
25,3252,80,ALC011,-122.2884,37.7881,SCPT,2000.12.8,,Vs,144.1806,m/s,31.75,m,m,m/s,-,,old
26,3253,80,ALC012,-122.2385,37.7417,SCPT,2001.1.12,,Vs,162.8352,m/s,29.75,m,m,m/s,-,,old
27,3254,80,ALC013,-122.2791,37.7893,SCPT,2001.1.12,,Vs,154.1607,m/s,23.75,m,m,m/s,1.7,,old
28,3255,80,ALC014,-122.2788,37.7869,SCPT,2001.1.12,,Vs,139.2489,m/s,39.75,m,m,m/s,1.2,,old
29,3256,80,ALC015,-122.3137,37.7832,SCPT,2001.1.24,,Vs,128.9599,m/s,23,m,m,m/s,0.1,,old
30,3257,80,ALC016,-122.3136,37.7824,SCPT,2001.1.24,,Vs,139.3056,m/s,16.25,m,m,m/s,1.1,,old
31,3258,80,ALC017,-122.3134,37.7838,SCPT,2001.1.24,,Vs,161.5741,m/s,50.5,m,m,m/s,0.6,,old
32,3259,80,ALC018,-122.3251,37.7817,SCPT,2001.1.25,,Vs,193.8619,m/s,17.75,m,m,m/s,1.4,,old
33,3260,80,ALC019,-122.3257,37.7894,SCPT,2001.1.25,,Vs,157.6606,m/s,23.75,m,m,m/s,1.4,,old
34,3261,80,ALC020,-122.3265,37.7955,SCPT,2001.1.25,,Vs,186.6319,m/s,12.9,m,m,m/s,1.1,,old
35,3262,80,ALC021,-122.2369,37.7592,SCPT,2001.1.31,,Vs,237.7882,m/s,14.75,m,m,m/s,#N/A,,old
36,3263,80,ALC022,-122.2384,37.7665,SCPT,2001.1.31,,Vs,258.6865,m/s,13.55,m,m,m/s,#N/A,,old
37,3264,80,ALC023,-122.2897,37.7747,SCPT,2001.1.31,,Vs,252.4677,m/s,13.3,m,m,m/s,#N/A,,old
38,3265,80,ALC024,-122.2659,37.7732,SCPT,2001.1.31,,Vs,268.5624,m/s,17,m,m,m/s,#N/A,,old
39,3266,80,ALC025,-122.2955,37.7723,SCPT,2001.2.1,,Vs,230.9384,m/s,15.75,m,m,m/s,1.8,,old
40,3267,80,ALC026,-122.2717,37.7682,SCPT,2001.2.1,,Vs,244.0654,m/s,23.75,m,m,m/s,0.7,,old
41,3268,80,ALC027,-122.2588,37.7606,SCPT,2001.2.1,,Vs,181.8682,m/s,29.75,m,m,m/s,0.7,,old
42,3269,80,ALC028,-122.2377,37.7382,SCPT,2001.2.5,,Vs,188.0148,m/s,15.75,m,m,m/s,1.1,,old
43,3270,80,ALC029,-122.2393,37.7317,SCPT,2001.2.5,,Vs,237.8999,m/s,14.5,m,m,m/s,#N/A,,old
44,3271,80,ALC030,-122.2591,37.7437,SCPT,2001.2.5,,Vs,178.1603,m/s,16.25,m,m,m/s,0.85,,old
45,3272,80,ALC031,-122.2272,37.755,SCPT,2001.2.6,,Vs,194.6135,m/s,21.75,m,m,m/s,1.7,,old
46,3273,80,ALC032,-122.2794,37.7764,SCPT,2001.2.6,,Vs,270.7104,m/s,13.3,m,m,m/s,#N/A,,old
47,3274,80,ALC033,-122.3141,37.8636,SCPT,2001.6.14,,Vs,200.4582,m/s,26.25,m,m,m/s,2.1,,old
48,3275,80,ALC034,-122.3123,37.8673,SCPT,2001.6.14,,Vs,191.7394,m/s,27.25,m,m,m/s,2,,old
49,3276,80,ALC035,-122.3065,37.8663,SCPT,2001.6.15,,Vs,204.4393,m/s,29.75,m,m,m/s,1.5,,old
50,3277,80,ALC036,-122.3058,37.8711,SCPT,2001.6.15,,Vs,207.1883,m/s,23.75,m,m,m/s,1.5,,old
51,3278,80,ALC037,-122.3017,37.8613,SCPT,2001.6.19,,Vs,205.1978,m/s,26.45,m,m,m/s,1,,old
52,3279,80,ALC038,-122.3011,37.8585,SCPT,2001.6.19,,Vs,194.8486,m/s,26.25,m,m,m/s,1,,old
53,3280,80,ALC039,-122.2957,37.8501,SCPT,2001.6.20,,Vs,257.7698,m/s,24.55,m,m,m/s,2.1,,old
54,3281,80,ALC040,-122.2994,37.8533,SCPT,2001.6.20,,Vs,195.719,m/s,19.75,m,m,m/s,1,,old
55,3282,80,ALC041,-122.3033,37.8673,SCPT,2001.6.20,,Vs,159.2425,m/s,14.8,m,m,m/s,2.1,,old
56,3283,80,ALC042,-122.3094,37.8776,SCPT,2001.6.21,,Vs,196.993,m/s,21.75,m,m,m/s,1.4,,old
57,3284,80,ALC043,-122.3043,37.8635,SCPT,2001.6.21,,Vs,225.2843,m/s,25.75,m,m,m/s,1.7,,old
58,3285,80,ALC044,-122.2787,37.8804,SCPT,2001.6.26,,Vs,280.1601,m/s,4.9,m,m,m/s,#N/A,,old
59,3286,80,ALC045,-122.2843,37.8786,SCPT,2001.6.26,,Vs,323.2265,m/s,11.3,m,m,m/s,#N/A,,old
60,3287,80,ALC046,-122.3,37.8817,SCPT,2001.6.26,,Vs,293.5061,m/s,18.35,m,m,m/s,2.1,,old
61,3288,80,ALC047,-122.2743,37.8882,SCPT,2001.6.26,,Vs,351.4883,m/s,5.55,m,m,m/s,#N/A,,old
62,3289,80,ALC048,-122.2795,37.8743,SCPT,2001.6.27,,Vs,302.5794,m/s,15.25,m,m,m/s,#N/A,,old
63,3290,80,ALC049,-122.2875,37.8706,SCPT,2001.6.27,,Vs,310.8454,m/s,18.2,m,m,m/s,3.1,,old
64,3291,80,ALC050,-122.2811,37.8765,SCPT,2001.6.27,,Vs,313.745,m/s,15.75,m,m,m/s,2.8,,old
65,3292,80,ALC051,-122.2982,37.865,SCPT,2001.6.28,,Vs,269.4263,m/s,18.55,m,m,m/s,3.4,,old
66,3293,80,ALC052,-122.2903,37.8537,SCPT,2001.7.5,,Vs,320.0307,m/s,20.85,m,m,m/s,2,,old
67,3294,80,ALC053,-122.2799,37.8492,SCPT,2001.7.5,,Vs,334.3276,m/s,13.45,m,m,m/s,3.3,,old
68,3295,80,ALC054,-122.2752,37.8564,SCPT,2001.7.9,,Vs,302.2933,m/s,21.75,m,m,m/s,#N/A,,old
69,3296,80,ALC055,-122.2614,37.8561,SCPT,2001.7.9,,Vs,275.4959,m/s,13.75,m,m,m/s,#N/A,,old
70,3297,80,ALC056,-122.2634,37.8661,SCPT,2001.7.9,,Vs,400.9596,m/s,5.85,m,m,m/s,#N/A,,old
71,3298,80,ALC057,-122.2759,37.865,SCPT,2001.7.9,,Vs,265.1806,m/s,10.35,m,m,m/s,4,,old
72,3299,80,ALC058,-122.2774,37.8704,SCPT,2001.7.9,,Vs,305.6715,m/s,12.45,m,m,m/s,#N/A,,old
73,3300,80,ALC059,-122.2941,37.8716,SCPT,2001.7.23,,Vs,325.313,m/s,13.25,m,m,m/s,#N/A,,old
74,3301,80,ALC060,-122.2914,37.8642,SCPT,2001.7.23,,Vs,292.6136,m/s,15.45,m,m,m/s,2.2,,old
75,3302,80,ALC061,-122.2835,37.8642,SCPT,2001.7.24,,Vs,320.9233,m/s,21.55,m,m,m/s,3.8,,old
76,3303,80,ALC062,-122.2712,37.8695,SCPT,2001.8.3,,Vs,225.8817,m/s,7.75,m,m,m/s,-,,old
77,3304,80,ALC063,-122.3151,37.8395,SCPT,2001.9.19,,Vs,137.0422,m/s,11.75,m,m,m/s,1.9,,old
78,3305,80,ALC064,-122.3031,37.837,SCPT,2001.9.19,,Vs,211.7084,m/s,5.75,m,m,m/s,1.9,,old
79,3306,80,ALC065,-122.2988,37.8375,SCPT,2001.9.19,,Vs,197.9259,m/s,15.65,m,m,m/s,2.1,,old
80,3307,80,ALC067,-122.2932,37.8309,SCPT,2001.9.19,,Vs,182.2057,m/s,13.25,m,m,m/s,2.5,,old
81,3308,80,ALC068,-122.2836,37.8338,SCPT,2001.9.21,,Vs,263.3187,m/s,21.55,m,m,m/s,2.3,,old
82,3309,80,ALC069,-122.2903,37.8412,SCPT,2001.9.21,,Vs,250.118,m/s,15.9,m,m,m/s,2.3,,old
83,3310,80,ALC070,-122.2876,37.8449,SCPT,2001.9.25,,Vs,277.4704,m/s,17.55,m,m,m/s,1.6,,old
84,3311,80,ALC071,-122.2916,37.8479,SCPT,2001.9.25,,Vs,286.8555,m/s,19.75,m,m,m/s,2.7,,old
85,3312,80,ALC072,-122.2974,37.8443,SCPT,2001.9.25,,Vs,270.9725,m/s,10.95,m,m,m/s,2.3,,old
86,3313,80,ALC073,-122.2906,37.8372,SCPT,2001.9.26,,Vs,258.099,m/s,21.75,m,m,m/s,-,,old
87,3314,80,ALC074,-122.2907,37.8315,SCPT,2001.9.26,,Vs,215.8985,m/s,18.55,m,m,m/s,-,,old
88,3315,80,ALC075,-122.2914,37.8554,SCPT,2001.11.14,,Vs,304.3031,m/s,17.75,m,m,m/s,2.6,,old
89,3316,80,ALC076,-122.2826,37.8574,SCPT,2001.11.14,,Vs,275.5906,m/s,15.75,m,m,m/s,1.1,,old
90,3317,80,ALC077,-122.2818,37.8544,SCPT,2001.11.14,,Vs,273.8805,m/s,14.25,m,m,m/s,1.9,,old
91,3318,80,ALC078,-122.2827,37.8596,SCPT,2001.11.14,,Vs,253.2539,m/s,16.15,m,m,m/s,2,,old
92,3319,80,ALC079,-122.2695,37.8594,SCPT,2001.11.15,,Vs,319.4216,m/s,17.45,m,m,m/s,#N/A,,old
93,3320,80,ALC080,-122.2692,37.8565,SCPT,2001.11.15,,Vs,293.4558,m/s,15.65,m,m,m/s,#N/A,,old
94,3321,80,ALC081,-122.2926,37.8591,SCPT,2002.3.28,,Vs,347.5387,m/s,15.25,m,m,m/s,1.1,,old
95,3322,80,ALC082,-122.2915,37.8608,SCPT,2002.3.28,,Vs,311.8303,m/s,14.55,m,m,m/s,-,,old
96,3323,80,ALC083,-122.3027,37.8795,SCPT,2002.3.28,,Vs,295.2565,m/s,15.25,m,m,m/s,2.2,,old
97,3324,80,ALC084,-122.3016,37.8761,SCPT,2002.3.28,,Vs,329.8823,m/s,16.25,m,m,m/s,1.8,,old
98,3325,80,ALC085,-122.1568,37.6679,SCPT,2006.6.22,,Vs,228.0801,m/s,32.1,m,m,m/s,#N/A,,old
99,3326,80,AXR001,-89.5092,37.2955,SCPT,2005.11.30,,Vs,220.3133,m/s,24.75,m,m,m/s,#N/A,,old
100,3327,80,AXR002,-89.512,37.2959,SCPT,2005.12.1,,Vs,208.0382,m/s,23.5,m,m,m/s,#N/A,,old
101,3328,80,BDY001,-92.3444,33.2868,SCPT,2005.12.14,,Vs,199.1921,m/s,14.3,m,m,m/s,-,,old
102,3329,80,BDY002,-92.3331,33.2779,SCPT,2005.12.14,,Vs,206.3213,m/s,11.75,m,m,m/s,-,,old
103,3330,80,BKY001,-79.8135,32.9703,SCPT,2004.10.22,,Vs,243.486,m/s,19.25,m,m,m/s,-,,old
104,3331,80,BKY002,-79.8062,32.9757,SCPT,2004.10.22,,Vs,259.982,m/s,20.25,m,m,m/s,-,,old
105,3332,80,BKY003,-79.7976,32.9804,SCPT,2004.11.5,,Vs,244.8454,m/s,19.95,m,m,m/s,-,,old
106,3333,80,BKY004,-79.7866,32.9841,SCPT,2004.11.5,,Vs,265.5738,m/s,20.25,m,m,m/s,-,,old
107,3334,80,BKY005,-79.7798,32.9899,SCPT,2004.11.5,,Vs,194.8872,m/s,20.05,m,m,m/s,-,,old
108,3335,80,BKY006,-79.9237,32.9046,SCPT,2004.11.6,,Vs,269.257,m/s,19.75,m,m,m/s,-,,old
109,3336,80,BKY007,-79.9061,32.915,SCPT,2004.11.6,,Vs,221.6913,m/s,19.95,m,m,m/s,-,,old
110,3337,80,BKY008,-79.8988,32.9234,SCPT,2004.11.6,,Vs,266.8539,m/s,19.95,m,m,m/s,-,,old
111,3338,80,BKY009,-79.8385,32.9443,SCPT,2004.11.6,,Vs,204.2188,m/s,19.75,m,m,m/s,-,,old
112,3339,80,BKY010,-79.853,32.962,SCPT,2004.11.6,,Vs,225.9855,m/s,19.95,m,m,m/s,-,,old
113,3340,80,BKY011,-79.8171,32.9543,SCPT,2004.11.8,,Vs,269.6675,m/s,19.95,m,m,m/s,-,,old
114,3341,80,BKY012,-79.821,32.9682,SCPT,2004.11.8,,Vs,280.5796,m/s,19.75,m,m,m/s,-,,old
115,3342,80,BKY013,-79.8343,32.9653,SCPT,2004.11.8,,Vs,238.829,m/s,20.15,m,m,m/s,-,,old
116,3343,80,BKY014,-79.7711,32.995,SCPT,2004.11.8,,Vs,207.9641,m/s,19.95,m,m,m/s,-,,old
117,3344,80,BKY015,-79.7625,32.9999,SCPT,2004.11.8,,Vs,206.2868,m/s,19.95,m,m,m/s,-,,old
118,3345,80,BKY016,-79.759,32.9928,SCPT,2004.11.9,,Vs,270.9562,m/s,19.75,m,m,m/s,-,,old
119,3346,80,BKY017,-79.7486,33.002,SCPT,2004.11.9,,Vs,222.5087,m/s,19.85,m,m,m/s,-,,old
120,3347,80,BKY018,-79.7407,33.0122,SCPT,2004.11.9,,Vs,239.1226,m/s,19.95,m,m,m/s,-,,old
121,3348,80,BKY019,-79.9151,32.9087,SCPT,2004.11.9,,Vs,243.169,m/s,32.75,m,m,m/s,-,,old
122,3349,80,BKY020,-79.733,33.0216,SCPT,2004.11.14,,Vs,275.9922,m/s,19.75,m,m,m/s,-,,old
123,3350,80,BKY021,-79.7362,33.0357,SCPT,2004.11.14,,Vs,268.6709,m/s,19.75,m,m,m/s,-,,old
124,3351,80,BKY022,-79.7212,33.0327,SCPT,2004.11.14,,Vs,243.0175,m/s,17.75,m,m,m/s,-,,old
125,3352,80,BKY023,-79.9855,32.9115,SCPT,2004.11.19,,Vs,278.2039,m/s,19.95,m,m,m/s,-,,old
126,3353,80,BKY024,-80.0071,32.9118,SCPT,2004.11.19,,Vs,252.8371,m/s,15.15,m,m,m/s,-,,old
127,3354,80,BZA001,-95.2851,28.9794,SCPT,2006.1.3,,Vs,160.3839,m/s,32.25,m,m,m/s,-,,old
128,3355,80,BZA002,-95.2963,28.9756,SCPT,2006.1.3,,Vs,159.0059,m/s,29.75,m,m,m/s,-,,old
129,3356,80,BZA003,-95.2688,28.9792,SCPT,2006.1.3,,Vs,180.6534,m/s,29.75,m,m,m/s,-,,old
130,3357,80,BZA004,-95.4492,28.8691,SCPT,2006.1.4,,Vs,176.8513,m/s,23.5,m,m,m/s,-,,old
131,3358,80,BZA005,-95.4812,28.8871,SCPT,2006.1.4,,Vs,186.0933,m/s,14.8,m,m,m/s,-,,old
132,3359,80,BZA006,-95.5063,28.8959,SCPT,2006.1.4,,Vs,187.1277,m/s,21.05,m,m,m/s,-,,old
133,3360,80,BZA007,-95.5464,28.9145,SCPT,2006.1.4,,Vs,201.3116,m/s,24.25,m,m,m/s,-,,old
134,3361,80,BZA008,-95.2676,29.0601,SCPT,2006.1.6,,Vs,171.6234,m/s,14.6,m,m,m/s,-,,old
135,3362,80,BZA009,-95.2555,29.065,SCPT,2006.1.6,,Vs,195.9199,m/s,15.75,m,m,m/s,-,,old
136,3363,80,BZA010,-95.246,29.0739,SCPT,2006.1.6,,Vs,184.9929,m/s,14.25,m,m,m/s,-,,old
137,3364,80,BZA011,-95.2291,29.0581,SCPT,2006.1.6,,Vs,195.9361,m/s,20.25,m,m,m/s,-,,old
138,3365,80,BZA012,-95.2399,29.0616,SCPT,2006.1.6,,Vs,176.6243,m/s,15.55,m,m,m/s,-,,old
139,3366,80,BZA013,-95.2675,29.0379,SCPT,2006.1.6,,Vs,182.3119,m/s,16.45,m,m,m/s,-,,old
140,3367,80,BZA014,-95.5872,28.8668,SCPT,2006.1.7,,Vs,218.3285,m/s,19.75,m,m,m/s,-,,old
141,3368,80,BZA015,-95.5841,28.8765,SCPT,2006.1.7,,Vs,202.7449,m/s,16.25,m,m,m/s,-,,old
142,3369,80,BZA016,-95.5662,28.8805,SCPT,2006.1.7,,Vs,191.8704,m/s,20.25,m,m,m/s,-,,old
143,3370,80,BZA017,-95.5576,28.8808,SCPT,2006.1.7,,Vs,182.6793,m/s,20.25,m,m,m/s,-,,old
144,3371,80,BZA018,-95.565,28.8885,SCPT,2006.1.7,,Vs,191.8293,m/s,20.05,m,m,m/s,-,,old
145,3372,80,BZA019,-95.576,28.8838,SCPT,2006.1.7,,Vs,199.9603,m/s,20.15,m,m,m/s,-,,old
146,3373,80,BZA020,-95.2183,29.0127,SCPT,2006.1.9,,Vs,123.1756,m/s,13.25,m,m,m/s,-,,old
147,3374,80,CCT001,-91.4037,33.4179,SCPT,2004.11.30,,Vs,245.098,m/s,17.75,m,m,m/s,-,,old
148,3375,80,CGD001,-90.303,35.8311,SCPT,2005.11.21,,Vs,273.7226,m/s,20.25,m,m,m/s,-,,old
149,3376,80,CGD003,-90.3987,35.9061,SCPT,2005.11.29,,Vs,230.2183,m/s,20.25,m,m,m/s,-,,old
150,3377,80,CGD005,-90.3329,35.934,SCPT,2005.11.29,,Vs,221.3599,m/s,20.25,m,m,m/s,-,,old
151,3378,80,CGD010,-90.5639,35.7779,SCPT,2005.12.3,,Vs,234.4819,m/s,18.85,m,m,m/s,-,,old
152,3379,80,CGD012,-90.5424,35.7785,SCPT,2005.12.4,,Vs,232.6784,m/s,20.25,m,m,m/s,-,,old
153,3380,80,CGD013,-90.5134,35.7791,SCPT,2005.12.4,,Vs,221.5536,m/s,20.25,m,m,m/s,-,,old
154,3381,80,CGD014,-90.3582,35.8029,SCPT,2005.12.4,,Vs,230.0091,m/s,20.25,m,m,m/s,-,,old
155,3382,80,CGD015,-90.3097,35.802,SCPT,2005.12.4,,Vs,247.6179,m/s,19.75,m,m,m/s,-,,old
156,3383,80,CGD016,-90.4206,35.805,SCPT,2005.12.5,,Vs,230.0091,m/s,20.25,m,m,m/s,-,,old
157,3384,80,CGD017,-90.4703,35.7927,SCPT,2005.12.5,,Vs,227.784,m/s,20.25,m,m,m/s,-,,old
158,3385,80,CGD018,-90.4537,35.8922,SCPT,2005.12.6,,Vs,240.6703,m/s,20.25,m,m,m/s,-,,old
159,3386,80,CGD019,-90.3226,35.7369,SCPT,2008.9.28,,Vs,228.6193,m/s,20.45,m,m,m/s,-,,old
160,3387,80,CHN001,-79.79,32.7874,SCPT,2004.10.23,,Vs,237.1472,m/s,20.25,m,m,m/s,-,,old
161,3388,80,CHN002,-79.748,32.803,SCPT,2004.10.23,,Vs,236.2894,m/s,20.25,m,m,m/s,-,,old
162,3389,80,CHN003,-79.7629,32.7987,SCPT,2004.10.23,,Vs,206.0649,m/s,20.25,m,m,m/s,-,,old
163,3390,80,CHN004,-79.7739,32.7953,SCPT,2004.10.23,,Vs,166.9139,m/s,20.25,m,m,m/s,-,,old
164,3391,80,CHN005,-79.7988,32.7838,SCPT,2004.10.23,,Vs,168.5393,m/s,20.25,m,m,m/s,-,,old
165,3392,80,CHN006,-79.81,32.8193,SCPT,2004.10.24,,Vs,224.054,m/s,20.25,m,m,m/s,-,,old
166,3393,80,CHN007,-79.8134,32.8231,SCPT,2004.10.24,,Vs,262.5184,m/s,30.25,m,m,m/s,-,,old
167,3394,80,CHN008,-79.8167,32.8287,SCPT,2004.10.24,,Vs,247.3433,m/s,20.25,m,m,m/s,-,,old
168,3395,80,CHN009,-79.7766,32.8445,SCPT,2004.10.24,,Vs,231.3903,m/s,11.75,m,m,m/s,-,,old
169,3396,80,CHN010,-79.8154,32.8152,SCPT,2004.10.25,,Vs,204.5868,m/s,20.25,m,m,m/s,-,,old
170,3397,80,CHN011,-79.8051,32.8311,SCPT,2004.10.25,,Vs,204.918,m/s,20.25,m,m,m/s,-,,old
171,3398,80,CHN012,-79.7989,32.831,SCPT,2004.10.25,,Vs,215.8388,m/s,20.25,m,m,m/s,-,,old
172,3399,80,CHN013,-79.7832,32.8409,SCPT,2004.10.25,,Vs,222.6988,m/s,20.25,m,m,m/s,-,,old
173,3400,80,CHN014,-79.787,32.8482,SCPT,2004.10.25,,Vs,219.4884,m/s,20.25,m,m,m/s,-,,old
174,3401,80,CHN016,-79.7089,32.9121,SCPT,2004.10.26,,Vs,253.5769,m/s,19.85,m,m,m/s,-,,old
175,3402,80,CHN017,-79.7187,32.9163,SCPT,2004.10.26,,Vs,247.3433,m/s,20.25,m,m,m/s,-,,old
176,3403,80,CHN018,-79.7364,32.8808,SCPT,2004.10.26,,Vs,196.671,m/s,19.85,m,m,m/s,-,,old
177,3404,80,CHN019,-79.7655,32.8603,SCPT,2004.10.27,,Vs,224.054,m/s,20.25,m,m,m/s,-,,old
178,3405,80,CHN020,-79.815,32.8373,SCPT,2004.10.27,,Vs,226.5861,m/s,20.25,m,m,m/s,-,,old
179,3406,80,CHN021,-79.825,32.8207,SCPT,2004.10.27,,Vs,233.5371,m/s,20.25,m,m,m/s,-,,old
180,3407,80,CHN022,-79.8311,32.8049,SCPT,2004.10.30,,Vs,200.4752,m/s,20.25,m,m,m/s,-,,old
181,3408,80,CHN023,-79.8472,32.7922,SCPT,2004.10.30,,Vs,193.5946,m/s,20.25,m,m,m/s,-,,old
182,3409,80,CHN024,-79.8186,32.7692,SCPT,2004.10.30,,Vs,190.8726,m/s,19.95,m,m,m/s,-,,old
183,3410,80,CHN025,-79.8145,32.7766,SCPT,2004.10.30,,Vs,162.4402,m/s,20.05,m,m,m/s,-,,old
184,3411,80,CHN026,-79.8051,32.7808,SCPT,2004.11.1,,Vs,233.4465,m/s,13.75,m,m,m/s,-,,old
185,3412,80,CHN027,-79.857,32.7602,SCPT,2004.11.1,,Vs,227.7374,m/s,20.05,m,m,m/s,-,,old
186,3413,80,CHN028,-79.8428,32.7597,SCPT,2004.11.1,,Vs,231.9558,m/s,20.15,m,m,m/s,-,,old
187,3414,80,CHN029,-79.784,32.8682,SCPT,2004.11.2,,Vs,240.6804,m/s,19.95,m,m,m/s,-,,old
188,3415,80,CHN030,-79.7554,32.8848,SCPT,2004.11.2,,Vs,232.5718,m/s,19.75,m,m,m/s,-,,old
189,3416,80,CHN031,-79.752,32.8741,SCPT,2004.11.2,,Vs,319.5943,m/s,19.85,m,m,m/s,-,,old
190,3417,80,CHN032,-80.0267,32.9043,SCPT,2004.11.3,,Vs,277.5493,m/s,20.25,m,m,m/s,-,,old
191,3418,80,CHN033,-80.0323,32.9166,SCPT,2004.11.3,,Vs,281.7587,m/s,20.25,m,m,m/s,-,,old
192,3419,80,CHN034,-80.0391,32.917,SCPT,2004.11.3,,Vs,237.6083,m/s,19.75,m,m,m/s,-,,old
193,3420,80,CHN035,-80.013,32.8994,SCPT,2004.11.3,,Vs,276.3373,m/s,20.25,m,m,m/s,-,,old
194,3421,80,CHN036,-79.8234,32.847,SCPT,2004.11.3,,Vs,230.2401,m/s,19.75,m,m,m/s,-,,old
195,3422,80,CHN037,-79.4676,33.0991,SCPT,2004.11.5,,Vs,225.2453,m/s,15.15,m,m,m/s,-,,old
196,3423,80,CHN038,-80.1276,32.5954,SCPT,2004.11.10,,Vs,221.6913,m/s,19.95,m,m,m/s,-,,old
197,3424,80,CHN039,-80.1283,32.5907,SCPT,2004.11.10,,Vs,166.0073,m/s,11.75,m,m,m/s,-,,old
198,3425,80,CHN040,-80.1175,32.6016,SCPT,2004.11.10,,Vs,221.7908,m/s,18.85,m,m,m/s,-,,old
199,3426,80,CHN041,-80.105,32.6039,SCPT,2004.11.10,,Vs,202.6821,m/s,19.95,m,m,m/s,-,,old
200,3427,80,CHN042,-80.0564,32.6245,SCPT,2004.11.10,,Vs,195.6802,m/s,19.75,m,m,m/s,-,,old
201,3428,80,CHN043,-80.0184,32.6178,SCPT,2004.11.12,,Vs,234.0879,m/s,19.75,m,m,m/s,-,,old
202,3429,80,CHN044,-80.049,32.6136,SCPT,2004.11.12,,Vs,236.7254,m/s,19.75,m,m,m/s,-,,old
203,3430,80,CHN045,-80.0603,32.6106,SCPT,2004.11.12,,Vs,187.2465,m/s,19.85,m,m,m/s,-,,old
204,3431,80,CHN046,-80.1423,32.6101,SCPT,2004.11.12,,Vs,205.4583,m/s,19.95,m,m,m/s,-,,old
205,3432,80,CHN047,-80.05,32.7444,SCPT,2004.11.13,,Vs,246.413,m/s,19.75,m,m,m/s,-,,old
206,3433,80,CHN048,-80.0658,32.7306,SCPT,2004.11.13,,Vs,194.6196,m/s,19.75,m,m,m/s,-,,old
207,3434,80,CHN049,-80.1784,32.6685,SCPT,2004.11.13,,Vs,183.7665,m/s,18.95,m,m,m/s,-,,old
208,3435,80,CHN050,-80.1235,32.7023,SCPT,2004.11.13,,Vs,203.8815,m/s,19.75,m,m,m/s,-,,old
209,3436,80,CHN051,-80.1625,32.5916,SCPT,2004.11.15,,Vs,225.9855,m/s,19.95,m,m,m/s,-,,old
210,3437,80,CHN052,-80.1774,32.5617,SCPT,2004.11.15,,Vs,193.4378,m/s,19.75,m,m,m/s,-,,old
211,3438,80,CHN053,-80.1583,32.57,SCPT,2004.11.15,,Vs,209.8309,m/s,19.85,m,m,m/s,-,,old
212,3439,80,CHN054,-79.9452,32.6736,SCPT,2004.11.16,,Vs,181.8932,m/s,19.85,m,m,m/s,-,,old
213,3440,80,CHN055,-79.9496,32.6538,SCPT,2004.11.16,,Vs,217.1547,m/s,19.95,m,m,m/s,-,,old
214,3441,80,CHN056,-79.9607,32.6487,SCPT,2004.11.16,,Vs,211.5754,m/s,19.85,m,m,m/s,-,,old
215,3442,80,CHN057,-79.9433,32.6569,SCPT,2004.11.17,,Vs,220.3446,m/s,19.95,m,m,m/s,-,,old
216,3443,80,CHN058,-79.9271,32.6627,SCPT,2004.11.17,,Vs,194.9261,m/s,16.75,m,m,m/s,-,,old
217,3444,80,CHN059,-79.9655,32.7575,SCPT,2004.11.17,,Vs,227.3512,m/s,19.75,m,m,m/s,-,,old
218,3445,80,CHN060,-79.9652,32.695,SCPT,2004.11.18,,Vs,226.7509,m/s,19.75,m,m,m/s,-,,old
219,3446,80,CHN061,-79.9193,32.6677,SCPT,2004.11.18,,Vs,201.9945,m/s,19.85,m,m,m/s,-,,old
220,3447,80,CHN062,-79.9018,32.6758,SCPT,2004.11.18,,Vs,189.9158,m/s,19.85,m,m,m/s,-,,old
221,3448,80,CHN063,-79.8915,32.6833,SCPT,2004.11.18,,Vs,185.6007,m/s,19.85,m,m,m/s,-,,old
222,3449,80,CHN064,-80.0604,32.8982,SCPT,2004.11.19,,Vs,270.0313,m/s,19.85,m,m,m/s,-,,old
223,3450,80,CHN065,-80.068,32.9118,SCPT,2004.11.19,,Vs,275.684,m/s,19.75,m,m,m/s,-,,old
224,3451,80,CHN066,-79.9663,32.7359,SCPT,2004.11.20,,Vs,211.7281,m/s,19.75,m,m,m/s,-,,old
225,3452,80,CHN067,-79.992,32.7695,SCPT,2004.11.20,,Vs,250.1254,m/s,19.95,m,m,m/s,-,,old
226,3453,80,CHN068,-79.9387,32.7085,SCPT,2004.11.20,,Vs,235.8156,m/s,19.95,m,m,m/s,-,,old
227,3454,80,CHN069,-79.9133,32.731,SCPT,2004.11.20,,Vs,259.2857,m/s,18.15,m,m,m/s,-,,old
228,3455,80,CHN070,-80.1515,32.5892,SCPT,2004.11.22,,Vs,222.736,m/s,19.75,m,m,m/s,-,,old
229,3456,80,CHN071,-80.1675,32.5778,SCPT,2004.11.22,,Vs,199.52,m/s,19.95,m,m,m/s,-,,old
230,3457,80,CHN072,-80.1785,32.5723,SCPT,2004.11.22,,Vs,232.076,m/s,17.35,m,m,m/s,-,,old
231,3458,80,CHN073,-80.1712,32.5753,SCPT,2004.11.22,,Vs,243.0249,m/s,19.25,m,m,m/s,-,,old
232,3459,80,CHN074,-79.9679,32.7164,SCPT,2004.11.23,,Vs,255.6303,m/s,19.75,m,m,m/s,-,,old
233,3460,80,CHN075,-79.9477,32.7298,SCPT,2004.11.23,,Vs,288.6161,m/s,19.75,m,m,m/s,-,,old
234,3461,80,CHN076,-79.9353,32.6621,SCPT,2004.11.23,,Vs,218.3285,m/s,19.75,m,m,m/s,-,,old
235,3462,80,CLN001,-92.5832,33.3959,SCPT,2005.12.13,,Vs,195.0948,m/s,10.5,m,m,m/s,-,,old
236,3463,80,CLN002,-92.5906,33.4169,SCPT,2005.12.13,,Vs,246.1511,m/s,13.75,m,m,m/s,-,,old
237,3464,80,CLN003,-92.5874,33.4267,SCPT,2005.12.13,,Vs,215.0538,m/s,10.4,m,m,m/s,-,,old
238,3465,80,CLN004,-92.5853,33.4356,SCPT,2005.12.13,,Vs,211.0164,m/s,10.65,m,m,m/s,-,,old
239,3466,80,CLN005,-92.528,33.339,SCPT,2005.12.13,,Vs,187.0324,m/s,20.25,m,m,m/s,-,,old
240,3467,80,CLN006,-92.5304,33.3477,SCPT,2005.12.13,,Vs,202.4291,m/s,17,m,m,m/s,-,,old
241,3468,80,CLY001,-90.2322,36.2373,SCPT,2008.10.9,,Vs,223.8899,m/s,18.05,m,m,m/s,-,,old
242,3469,80,CMN001,-97.5469,25.9473,SCPT,2005.1.14,,Vs,212.8219,m/s,20.25,m,m,m/s,-,,old
243,3470,80,CMN002,-97.5597,25.9527,SCPT,2005.1.14,,Vs,213.1803,m/s,20.25,m,m,m/s,-,,old
244,3471,80,CMN003,-97.5684,25.9572,SCPT,2005.1.14,,Vs,190.0181,m/s,19.95,m,m,m/s,-,,old
245,3472,80,CMN004,-97.5761,25.9611,SCPT,2005.1.14,,Vs,215.5126,m/s,19.95,m,m,m/s,-,,old
246,3473,80,CMN005,-97.5842,25.9655,SCPT,2005.1.15,,Vs,214.0592,m/s,20.25,m,m,m/s,-,,old
247,3474,80,CMN006,-97.5921,25.9729,SCPT,2005.1.15,,Vs,230.2183,m/s,20.25,m,m,m/s,-,,old
248,3475,80,CMN007,-97.5979,25.9816,SCPT,2005.1.15,,Vs,220.8047,m/s,20.25,m,m,m/s,-,,old
249,3476,80,CMN008,-97.6018,25.9903,SCPT,2005.1.15,,Vs,206.5483,m/s,20.25,m,m,m/s,-,,old
250,3477,80,CMN009,-97.6037,25.9993,SCPT,2005.1.15,,Vs,226.5861,m/s,20.25,m,m,m/s,-,,old
251,3478,80,CMN010,-97.6055,26.0079,SCPT,2005.1.16,,Vs,211.7758,m/s,20.25,m,m,m/s,-,,old
252,3479,80,CMN011,-97.607,26.0154,SCPT,2005.1.16,,Vs,242.9514,m/s,20.25,m,m,m/s,-,,old
253,3480,80,CMN012,-97.6224,26.0232,SCPT,2005.1.16,,Vs,200.9583,m/s,20.55,m,m,m/s,-,,old
254,3481,80,CMN013,-97.6308,26.0258,SCPT,2005.1.16,,Vs,227.6809,m/s,17.75,m,m,m/s,-,,old
255,3482,80,CMN014,-97.641,26.029,SCPT,2005.1.16,,Vs,217.0883,m/s,20.25,m,m,m/s,-,,old
256,3483,80,CMN015,-97.651,26.0329,SCPT,2005.1.17,,Vs,217.0883,m/s,20.25,m,m,m/s,-,,old
257,3484,80,CMN016,-97.6587,26.0392,SCPT,2005.1.17,,Vs,209.043,m/s,20.25,m,m,m/s,-,,old
258,3485,80,CMN017,-97.6713,26.0452,SCPT,2005.1.17,,Vs,201.7189,m/s,19.95,m,m,m/s,-,,old
259,3486,80,CMN018,-97.6827,26.0449,SCPT,2005.1.17,,Vs,211.5813,m/s,19.95,m,m,m/s,-,,old
260,3487,80,CMN019,-97.7047,26.0444,SCPT,2005.1.17,,Vs,213.3528,m/s,18.95,m,m,m/s,-,,old
261,3488,80,CMN020,-97.7206,26.0492,SCPT,2005.1.18,,Vs,215.5126,m/s,19.95,m,m,m/s,-,,old
262,3489,80,CMN021,-97.6181,26.057,SCPT,2005.1.18,,Vs,227.4597,m/s,19.35,m,m,m/s,-,,old
263,3490,80,CMN022,-97.6243,26.0468,SCPT,2005.1.19,,Vs,221.5864,m/s,19.75,m,m,m/s,-,,old
264,3491,80,CMN023,-97.6197,26.0739,SCPT,2005.1.19,,Vs,226.5428,m/s,19.75,m,m,m/s,-,,old
265,3492,80, CMN024,-97.6302,26.0847,SCPT,2005.1.19,,Vs,243.1895,m/s,19.55,m,m,m/s,#N/A,,#N/A
266,3493,80,CMN025,-97.644,26.0921,SCPT,2005.1.20,,Vs,219.4688,m/s,19.75,m,m,m/s,-,,old
267,3494,80,CMN026,-97.6472,26.1066,SCPT,2005.1.20,,Vs,224.0063,m/s,19.95,m,m,m/s,-,,old
268,3495,80,CMN027,-97.6644,26.1187,SCPT,2005.1.20,,Vs,220.4804,m/s,19.55,m,m,m/s,-,,old
269,3496,80,CMN028,-97.6653,26.0618,SCPT,2005.1.20,,Vs,232.1617,m/s,19.75,m,m,m/s,-,,old
270,3497,80,CMN029,-97.6059,26.1127,SCPT,2005.1.21,,Vs,205.7449,m/s,18.05,m,m,m/s,-,,old
271,3498,80,CMN030,-97.5749,26.1246,SCPT,2005.1.21,,Vs,209.6863,m/s,19.05,m,m,m/s,-,,old
272,3499,80,CMN031,-97.5435,26.0895,SCPT,2005.1.21,,Vs,226.5475,m/s,17.75,m,m,m/s,-,,old
273,3500,80,CMN032,-97.5756,26.0741,SCPT,2005.1.21,,Vs,215.5235,m/s,14.8,m,m,m/s,-,,old
274,3501,80,CNC001,-90.204,35.211,SCPT,2003.9.29,,Vs,191.7913,m/s,20,m,m,m/s,1.4,,old
275,3502,80,CNC002,-90.1843,35.2192,SCPT,2003.9.29,,Vs,222.6754,m/s,13.65,m,m,m/s,5.3,,old
276,3503,80,CNC003,-90.1398,35.2181,SCPT,2003.9.29,,Vs,220.2552,m/s,16.05,m,m,m/s,4.6,,old
277,3504,80,CNC004,-90.2545,35.2561,SCPT,2003.9.29,,Vs,204.9714,m/s,15.75,m,m,m/s,>6.6,,old
278,3505,80,CNC005,-90.2233,35.2767,SCPT,2003.9.30,,Vs,217.0624,m/s,18.65,m,m,m/s,>5.3,,old
279,3506,80,CNC006,-90.2006,35.2989,SCPT,2003.9.30,,Vs,201.8802,m/s,16.75,m,m,m/s,>6,,old
280,3507,80,CNC007,-90.2719,35.3101,SCPT,2003.9.30,,Vs,212.0464,m/s,19.75,m,m,m/s,>1.5,,old
281,3508,80,CNC008,-90.3255,35.263,SCPT,2003.9.30,,Vs,215.7803,m/s,19.8,m,m,m/s,10.1,,old
282,3509,80,CNC009,-90.3272,35.2061,SCPT,2003.10.1,,Vs,158.7063,m/s,26.45,m,m,m/s,2.1,,old
283,3510,80,CNC010,-90.3635,35.1665,SCPT,2003.10.1,,Vs,210.2593,m/s,25.7,m,m,m/s,>1.3,,old
284,3511,80,CNC011,-90.2926,35.1546,SCPT,2003.10.1,,Vs,203.9275,m/s,27,m,m,m/s,>2.2,,old
285,3512,80,CNC012,-90.365,35.1188,SCPT,2003.10.3,,Vs,191.6777,m/s,21.65,m,m,m/s,7.3,,old
286,3513,80,CNC013,-90.2807,35.2114,SCPT,2003.10.6,,Vs,125.192,m/s,30.15,m,m,m/s,>.4,,old
287,3514,80,CNC014,-90.2547,35.2107,SCPT,2003.10.6,,Vs,228.8443,m/s,20.85,m,m,m/s,>.3,,old
288,3515,80,CNC015,-90.298,35.2638,SCPT,2003.10.7,,Vs,228.513,m/s,20.1,m,m,m/s,>8.7,,old
289,3516,80,CNC016,-90.1291,35.1928,SCPT,2003.10.7,,Vs,206.1481,m/s,19.85,m,m,m/s,>4.8,,old
290,3517,80,CNC017,-90.1405,35.143,SCPT,2003.10.7,,Vs,234.2378,m/s,29.35,m,m,m/s,>1.1,,old
291,3518,80,CNC018,-90.1318,35.1614,SCPT,2003.10.8,,Vs,182.8933,m/s,19.95,m,m,m/s,>1.3,,old
292,3519,80,CNC019,-90.1272,35.1708,SCPT,2003.10.8,,Vs,182.2518,m/s,20.25,m,m,m/s,>.9,,old
293,3520,80,CNC020,-90.1158,35.2097,SCPT,2003.10.8,,Vs,198.9775,m/s,19.85,m,m,m/s,>3.7,,old
294,3521,80,CNC021,-90.1129,35.2401,SCPT,2003.10.8,,Vs,210.9772,m/s,19.95,m,m,m/s,>4.4,,old
295,3522,80,CNC022,-90.166,35.2482,SCPT,2003.10.9,,Vs,135.0071,m/s,19.95,m,m,m/s,>1.1,,old
296,3523,80,CNC023,-90.2012,35.2701,SCPT,2003.10.9,,Vs,209.7939,m/s,19.75,m,m,m/s,>2.4,,old
297,3524,80,CNC024,-90.2009,35.2871,SCPT,2003.10.9,,Vs,181.0636,m/s,19.85,m,m,m/s,>3.1,,old
298,3525,80,CNC025,-90.1961,35.3089,SCPT,2003.10.9,,Vs,209.0319,m/s,19.95,m,m,m/s,>.3,,old
299,3526,80,CNC026,-90.2153,35.3794,SCPT,2003.10.10,,Vs,190.1766,m/s,20.25,m,m,m/s,>0,,old
300,3527,80,CNC027,-90.3076,35.307,SCPT,2003.10.10,,Vs,185.9504,m/s,19.8,m,m,m/s,>4.1,,old
301,3528,80,CNC028,-90.3252,35.3004,SCPT,2003.10.10,,Vs,209.0242,m/s,17.65,m,m,m/s,>2.1,,old
302,3529,80,CNC029,-90.1936,35.3791,SCPT,2003.10.13,,Vs,191.0679,m/s,20.45,m,m,m/s,>1.4,,old
303,3530,80,CNC030,-90.2317,35.3796,SCPT,2003.10.13,,Vs,121.9443,m/s,21.45,m,m,m/s,>2,,old
304,3531,80,CNC031,-90.3063,35.3513,SCPT,2003.10.13,,Vs,200.4219,m/s,19.95,m,m,m/s,>3,,old
305,3532,80,CNC032,-90.3063,35.3655,SCPT,2003.10.13,,Vs,237.3775,m/s,18.9,m,m,m/s,>2.2,,old
306,3533,80,CNC033,-90.1823,35.3297,SCPT,2003.10.14,,Vs,181.8516,m/s,19.8,m,m,m/s,>4.7,,old
307,3534,80,CNC034,-90.3857,35.432,SCPT,2003.10.14,,Vs,218.8153,m/s,15.7,m,m,m/s,>1.8,,old
308,3535,80,CNC035,-90.3859,35.4184,SCPT,2003.10.14,,Vs,209.0993,m/s,18.2,m,m,m/s,>.4,,old
309,3536,80,CNC036,-90.4198,35.3651,SCPT,2003.10.14,,Vs,231.7554,m/s,18.8,m,m,m/s,>1.7,,old
310,3537,80,CNC037,-90.4841,35.4198,SCPT,2008.10.11,,Vs,245.4843,m/s,20.25,m,m,m/s,-,,old
311,3538,80,CNC038,-90.2449,35.4194,SCPT,2008.10.18,,Vs,193.4467,m/s,20.25,m,m,m/s,-,,old
312,3539,80,CSC001,-90.5221,35.2988,SCPT,2003.10.2,,Vs,226.4319,m/s,17.75,m,m,m/s,>.5,,old
313,3540,80,CSC002,-90.5218,35.3097,SCPT,2003.10.2,,Vs,202.9445,m/s,19.85,m,m,m/s,>1.1,,old
314,3541,80,CSC003,-90.5227,35.326,SCPT,2003.10.2,,Vs,228.9053,m/s,23.9,m,m,m/s,>9.3,,old
315,3542,80,CSC004,-90.5609,35.1611,SCPT,2003.10.6,,Vs,210.8252,m/s,17.45,m,m,m/s,>7.7,,old
316,3543,80,CSC005,-90.5598,35.1793,SCPT,2003.10.6,,Vs,238.4774,m/s,20.8,m,m,m/s,>.8,,old
317,3544,80,CSC006,-90.5031,35.3745,SCPT,2003.10.15,,Vs,229.466,m/s,21.4,m,m,m/s,>2.3,,old
318,3545,80,CSC007,-90.5031,35.3545,SCPT,2003.10.15,,Vs,232.1386,m/s,19.3,m,m,m/s,>.4,,old
319,3546,80,CSC008,-90.5302,35.4019,SCPT,2008.10.11,,Vs,182.2282,m/s,20.2,m,m,m/s,-,,old
320,3547,80,DKN001,-89.9611,36.2205,SCPT,2008.9.22,,Vs,228.0544,m/s,15.25,m,m,m/s,-,,old
321,3548,80,DKN002,-89.9769,36.1034,SCPT,2008.9.23,,Vs,211.6375,m/s,20.55,m,m,m/s,-,,old
322,3549,80,DKN009,-90.0715,36.1562,SCPT,2008.9.27,,Vs,234.88,m/s,20.35,m,m,m/s,-,,old
323,3550,80,DKN010,-90.0871,36.1268,SCPT,2008.9.27,,Vs,226.7157,m/s,20.35,m,m,m/s,-,,old
324,3551,80,DKN011,-90.0999,36.0975,SCPT,2008.9.27,,Vs,223.9956,m/s,20.35,m,m,m/s,-,,old
325,3552,80,DKN012,-90.1503,36.047,SCPT,2008.9.27,,Vs,220.7637,m/s,20.35,m,m,m/s,-,,old
326,3553,80,DKN013,-90.2478,36.0173,SCPT,2008.9.27,,Vs,217.1102,m/s,20.15,m,m,m/s,-,,old
327,3554,80,DSA001,-91.3335,33.7972,SCPT,2004.11.30,,Vs,236.7314,m/s,20.25,m,m,m/s,#N/A,,old
328,3555,80,DSA002,-91.3336,33.7958,SCPT,2004.11.30,,Vs,252.6329,m/s,20.15,m,m,m/s,#N/A,,old
329,3556,80,DSA003,-91.3337,33.7933,SCPT,2004.11.30,,Vs,236.8207,m/s,20.35,m,m,m/s,#N/A,,old
330,3557,80,DSO001,-90.0016,34.9921,SCPT,2004.12.8,,Vs,208.4691,m/s,6.4,m,m,m/s,#N/A,,old
331,3558,80,DSO002,-89.9979,34.953,SCPT,2004.12.8,,Vs,190.9662,m/s,10.95,m,m,m/s,#N/A,,old
332,3559,80,DSO003,-89.9957,34.9348,SCPT,2004.12.8,,Vs,213.3106,m/s,3.75,m,m,m/s,#N/A,,old
333,3560,80,DSO004,-89.9915,34.8705,SCPT,2004.12.8,,Vs,238.8897,m/s,15.75,m,m,m/s,#N/A,,old
334,3561,80,DSO005,-89.9916,34.8614,SCPT,2004.12.9,,Vs,200,m/s,1.75,m,m,m/s,#N/A,,old
335,3562,80,DSO006,-89.9896,34.8579,SCPT,2004.12.9,,Vs,161.7375,m/s,1.75,m,m,m/s,#N/A,,old
336,3563,80,DSO007,-90.0778,34.8612,SCPT,2004.12.11,,Vs,267.9411,m/s,17.1,m,m,m/s,#N/A,,old
337,3564,80,DSO008,-90.0782,34.8639,SCPT,2004.12.11,,Vs,237.1472,m/s,20.25,m,m,m/s,#N/A,,old
338,3565,80,DSO009,-89.9896,34.8625,SCPT,2004.12.11,,Vs,227.477,m/s,20.25,m,m,m/s,#N/A,,old
339,3566,80,DSO010,-89.9931,34.933,SCPT,2004.12.11,,Vs,232.942,m/s,6.35,m,m,m/s,#N/A,,old
340,3567,80,DSO011,-89.9898,34.7231,SCPT,2004.12.12,,Vs,231.455,m/s,20.25,m,m,m/s,#N/A,,old
341,3568,80,DSO012,-90.2248,34.8758,SCPT,2004.12.13,,Vs,179.5618,m/s,19.75,m,m,m/s,-,,old
342,3569,80,DSO013,-90.2255,34.8673,SCPT,2004.12.13,,Vs,162.74,m/s,18.65,m,m,m/s,-,,old
343,3570,80,DYR002,-89.5315,36.1511,SCPT,2008.10.15,,Vs,201.5728,m/s,20.25,m,m,m/s,-,,old
344,3571,80,GEE001,-90.3013,36.1571,SCPT,2008.10.9,,Vs,227.1205,m/s,20.35,m,m,m/s,-,,old
345,3572,80,GEE002,-90.3198,36.1097,SCPT,2008.10.9,,Vs,229.5423,m/s,16.55,m,m,m/s,-,,old
346,3573,80,GEE003,-90.3687,36.0478,SCPT,2008.10.9,,Vs,232.1734,m/s,20.35,m,m,m/s,-,,old
347,3574,80,GEE004,-90.4415,35.9722,SCPT,2008.10.9,,Vs,225.1291,m/s,20.05,m,m,m/s,-,,old
348,3575,80,HNC001,-87.5922,37.8153,SCPT,2003.12.5,,Vs,173.3806,m/s,11.75,m,m,m/s,#N/A,,old
349,3576,80,HNC002,-87.6669,37.8043,SCPT,2003.12.5,,Vs,192.5327,m/s,19.75,m,m,m/s,#N/A,,old
350,3577,80,HNC003,-87.6908,37.8382,SCPT,2003.12.6,,Vs,252.1651,m/s,19.8,m,m,m/s,#N/A,,old
351,3578,80,HNC004,-87.6978,37.8552,SCPT,2003.12.6,,Vs,245.7246,m/s,13.65,m,m,m/s,#N/A,,old
352,3579,80,HNC005,-87.7019,37.8721,SCPT,2003.12.6,,Vs,200.4873,m/s,19.75,m,m,m/s,#N/A,,old
353,3580,80,HNC006,-87.7073,37.8204,SCPT,2003.12.6,,Vs,224.6147,m/s,20.55,m,m,m/s,#N/A,,old
354,3581,80,HPD001,-93.8101,33.6062,SCPT,2005.12.21,,Vs,228.8996,m/s,13.75,m,m,m/s,-,,old
355,3582,80,HPD002,-93.8103,33.597,SCPT,2005.12.21,,Vs,227.1226,m/s,13.75,m,m,m/s,-,,old
356,3583,80,HPD003,-93.8151,33.6107,SCPT,2005.12.21,,Vs,212.1849,m/s,15.15,m,m,m/s,-,,old
357,3584,80,HTH007,-88.2449,47.1664,SCPT,2004.9.16,,Vs,231.5166,m/s,15.25,m,m,m/s,#N/A,,#N/A
358,3585,80,HTN001,-88.2634,47.1777,SCPT,2004.9.15,,Vs,230.9043,m/s,13.15,m,m,m/s,-,,old
359,3586,80,HTN002,-88.2442,47.1795,SCPT,2004.9.15,,Vs,232.1941,m/s,8.9,m,m,m/s,-,,old
360,3587,80,HTN003,-88.2449,47.1588,SCPT,2004.9.15,,Vs,245.3493,m/s,16.75,m,m,m/s,-,,old
361,3588,80,HTN004,-88.2658,47.1579,SCPT,2004.9.15,,Vs,259.088,m/s,16.25,m,m,m/s,-,,old
362,3589,80,HTN005,-88.2688,47.168,SCPT,2004.9.15,,Vs,258.4085,m/s,15.75,m,m,m/s,-,,old
363,3590,80,HTN006,-88.2585,47.178,SCPT,2004.9.16,,Vs,228.9696,m/s,9.2,m,m,m/s,-,,old
364,3591,80,HTN008,-88.2664,47.1617,SCPT,2004.9.16,,Vs,255.3664,m/s,17.25,m,m,m/s,-,,old
365,3592,80,IMC001,-115.5347,33.0966,SCPT,2003.4.7,,Vs,194.0467,m/s,25.75,m,m,m/s,#N/A,,old
366,3593,80,IMC002,-115.5344,33.0966,SCPT,2003.4.7,,Vs,200.8235,m/s,29.75,m,m,m/s,#N/A,,old
367,3594,80,IMC003,-115.5333,33.0966,SCPT,2003.4.7,,Vs,190.6015,m/s,31.15,m,m,m/s,#N/A,,old
368,3595,80,IMC004,-115.5325,33.0966,SCPT,2003.4.7,,Vs,184.7407,m/s,21.55,m,m,m/s,#N/A,,old
369,3596,80,IMC005,-115.5322,33.0971,SCPT,2003.4.8,,Vs,176.5644,m/s,22.15,m,m,m/s,#N/A,,old
370,3597,80,IMC006,-115.5314,33.0972,SCPT,2003.4.8,,Vs,184.7675,m/s,21.3,m,m,m/s,#N/A,,old
371,3598,80,IMC007,-115.5312,33.0969,SCPT,2003.4.8,,Vs,170.0938,m/s,24.65,m,m,m/s,#N/A,,old
372,3599,80,IMC008,-115.5307,33.0966,SCPT,2003.4.8,,Vs,166.2773,m/s,21.35,m,m,m/s,#N/A,,old
373,3600,80,IMC009,-115.5328,33.0966,SCPT,2003.4.8,,Vs,182.1963,m/s,21.9,m,m,m/s,#N/A,,old
374,3601,80,IMC010,-115.5338,33.0966,SCPT,2003.4.9,,Vs,181.7138,m/s,23.75,m,m,m/s,#N/A,,old
375,3602,80,IMC031,-115.5306,33.0975,SCPT,2003.4.12,,Vs,184.0473,m/s,31.75,m,m,m/s,#N/A,,old
376,3603,80,IMC038,-115.5305,33.0973,SCPT,2003.4.13,,Vs,178.7643,m/s,31.45,m,m,m/s,#N/A,,old
377,3604,80,IMC050,-115.5305,33.0974,SCPT,2003.4.14,,Vs,185.098,m/s,31.45,m,m,m/s,#N/A,,old
378,3605,80,KER006,-118.2913,34.8212,SCPT,2011.1.20,,Vs,286.8042,m/s,10.15,m,m,m/s,#N/A,,old
379,3606,80,KNX001,-87.6039,38.6446,SCPT,2004.10.6,,Vs,241.4557,m/s,17.45,m,m,m/s,#N/A,,old
380,3607,80,LAC001,-118.2233,33.7964,SCPT,2002.9.12,,Vs,207.8729,m/s,19.75,m,m,m/s,#N/A,,#N/A
381,3608,80,LAC010,-118.2234,33.7962,SCPT,2002.9.14,,Vs,222.8012,m/s,24.8,m,m,m/s,#N/A,,#N/A
382,3609,80,LAC019,-118.1734,33.88,SCPT,2002.9.18,,Vs,226.0164,m/s,25.35,m,m,m/s,#N/A,,old
383,3610,80,LAC020,-118.1482,33.9743,SCPT,2002.9.19,,Vs,366.4576,m/s,11.1,m,m,m/s,#N/A,,old
384,3611,80,LAC021,-118.3321,33.8705,SCPT,2002.9.19,,Vs,293.5792,m/s,22.45,m,m,m/s,#N/A,,old
385,3612,80,LAC027,-117.9507,34.0093,SCPT,2002.9.23,,Vs,305.3161,m/s,12.75,m,m,m/s,#N/A,,old
386,3613,80,LAC028,-118.0809,34.0512,SCPT,2002.9.23,,Vs,276.9564,m/s,14.05,m,m,m/s,#N/A,,old
387,3614,80,LAC120,-118.3965,34.8056,SCPT,2009.9.16,,Vs,327.9409,m/s,18.65,m,m,m/s,#N/A,,old
388,3615,80,LEE001,-90.8196,34.7205,SCPT,2004.12.2,,Vs,230.2401,m/s,19.75,m,m,m/s,#N/A,,old
389,3616,80,LEE002,-90.8196,34.7235,SCPT,2004.12.2,,Vs,234.4636,m/s,22.75,m,m,m/s,#N/A,,old
390,3617,80,LEE003,-90.8204,34.7157,SCPT,2004.12.2,,Vs,231.5065,m/s,29.95,m,m,m/s,#N/A,,old
391,3618,80,LEE004,-90.8108,34.7157,SCPT,2004.12.2,,Vs,215.485,m/s,20.15,m,m,m/s,#N/A,,old
392,3619,80,LFE001,-93.6989,33.4245,SCPT,2005.12.19,,Vs,198.0645,m/s,15.35,m,m,m/s,-,,old
393,3620,80,LFE002,-93.692,33.4146,SCPT,2005.12.19,,Vs,188.6911,m/s,15.05,m,m,m/s,-,,old
394,3621,80,LFE003,-93.6942,33.4714,SCPT,2005.12.19,,Vs,204.0378,m/s,14.25,m,m,m/s,-,,old
395,3622,80,LFE004,-93.676,33.4489,SCPT,2005.12.19,,Vs,198.7839,m/s,12.75,m,m,m/s,-,,old
396,3623,80,LFE005,-93.8502,33.0909,SCPT,2005.12.22,,Vs,209.4059,m/s,15.05,m,m,m/s,-,,old
397,3624,80,LFE006,-93.8339,33.1028,SCPT,2005.12.22,,Vs,251.8703,m/s,15.15,m,m,m/s,-,,old
398,3625,80,LFE007,-93.8213,33.1134,SCPT,2005.12.22,,Vs,221.3353,m/s,15.25,m,m,m/s,-,,old
399,3626,80,LFE008,-93.822,33.1219,SCPT,2005.12.22,,Vs,176.5019,m/s,13.25,m,m,m/s,-,,old
400,3627,80,LFE009,-93.7921,33.1303,SCPT,2005.12.22,,Vs,215.6863,m/s,13.75,m,m,m/s,-,,old
401,3628,80,LFE010,-93.7787,33.1374,SCPT,2005.12.22,,Vs,193.4168,m/s,13.75,m,m,m/s,-,,old
402,3629,80,LVR001,-94.1409,33.5956,SCPT,2005.12.23,,Vs,209.622,m/s,12.2,m,m,m/s,-,,old
403,3630,80,LVR002,-94.1262,33.5953,SCPT,2005.12.23,,Vs,199.7806,m/s,12.75,m,m,m/s,-,,old
404,3631,80,LVR003,-94.1106,33.5913,SCPT,2005.12.23,,Vs,216.0796,m/s,13.25,m,m,m/s,-,,old
405,3632,80,LWE001,-87.5111,38.7472,SCPT,2004.10.6,,Vs,284.8525,m/s,12.75,m,m,m/s,#N/A,,old
406,3633,80,MGA001,-95.769,28.75,SCPT,2006.1.5,,Vs,182.1291,m/s,21.3,m,m,m/s,-,,old
407,3634,80,MGA002,-95.7747,28.7582,SCPT,2006.1.5,,Vs,197.6775,m/s,22.3,m,m,m/s,-,,old
408,3635,80,MGA003,-95.7867,28.7651,SCPT,2006.1.5,,Vs,190.6143,m/s,17.75,m,m,m/s,-,,old
409,3636,80,MGA004,-95.6124,28.7747,SCPT,2006.1.5,,Vs,135.9084,m/s,23.75,m,m,m/s,-,,old
410,3637,80,MGA005,-95.6044,28.7964,SCPT,2006.1.8,,Vs,155.3682,m/s,21.75,m,m,m/s,-,,old
411,3638,80,MGA006,-95.6102,28.802,SCPT,2006.1.8,,Vs,158.3516,m/s,20.25,m,m,m/s,-,,old
412,3639,80,MGA007,-95.6167,28.7966,SCPT,2006.1.8,,Vs,130.8478,m/s,20.25,m,m,m/s,-,,old
413,3640,80,MGA008,-95.6293,28.7899,SCPT,2006.1.8,,Vs,145.0573,m/s,20.25,m,m,m/s,-,,old
414,3641,80,MGA009,-95.6365,28.8331,SCPT,2006.1.8,,Vs,149.8335,m/s,20.25,m,m,m/s,-,,old
415,3642,80,MGA010,-95.6446,28.8254,SCPT,2006.1.8,,Vs,153.7469,m/s,20.25,m,m,m/s,-,,old
416,3643,80,MLR001,-93.9544,33.5381,SCPT,2005.12.20,,Vs,150.8538,m/s,11.75,m,m,m/s,-,,old
417,3644,80,MLR002,-93.9141,33.4908,SCPT,2005.12.20,,Vs,255.8409,m/s,13.25,m,m,m/s,-,,old
418,3645,80,MLR003,-93.9233,33.491,SCPT,2005.12.20,,Vs,205.4696,m/s,14.35,m,m,m/s,-,,old
419,3646,80,MLR004,-93.9158,33.4788,SCPT,2005.12.20,,Vs,230.456,m/s,14.15,m,m,m/s,-,,old
420,3647,80,MLR005,-93.8856,33.4725,SCPT,2005.12.20,,Vs,226.7321,m/s,15.25,m,m,m/s,-,,old
421,3648,80,MLR006,-93.8201,33.4901,SCPT,2005.12.20,,Vs,267.8419,m/s,15.65,m,m,m/s,-,,old
422,3649,80,MLR007,-93.8089,33.4917,SCPT,2005.12.20,,Vs,237.0384,m/s,13.35,m,m,m/s,-,,old
423,3650,80,MLR008,-93.8879,33.5549,SCPT,2005.12.21,,Vs,200.2616,m/s,12.25,m,m,m/s,-,,old
424,3651,80,MLR009,-93.8752,33.5899,SCPT,2005.12.21,,Vs,215.2755,m/s,13.05,m,m,m/s,-,,old
425,3652,80,MLR010,-93.8756,33.5794,SCPT,2005.12.21,,Vs,169.5771,m/s,11.75,m,m,m/s,-,,old
426,3653,80,MLR011,-93.8757,33.5713,SCPT,2005.12.21,,Vs,251.3966,m/s,15.75,m,m,m/s,-,,old
427,3654,80,MLR012,-93.7041,33.363,SCPT,2005.12.22,,Vs,217.6403,m/s,15.2,m,m,m/s,-,,old
428,3655,80,MLR013,-94.0108,33.5056,SCPT,2005.12.23,,Vs,196.9865,m/s,14.25,m,m,m/s,-,,old
429,3656,80,MLR014,-94.0421,33.5512,SCPT,2005.12.23,,Vs,232,m/s,10.15,m,m,m/s,-,,old
430,3657,80,MSC001,-89.9855,35.9817,SCPT,2003.10.16,,Vs,207.498,m/s,20.7,m,m,m/s,2.8,,old
431,3658,80,MSC002,-90.0181,35.9814,SCPT,2003.10.16,,Vs,197.7509,m/s,20.75,m,m,m/s,2,,old
432,3659,80,MSC003,-89.9144,35.9822,SCPT,2003.10.16,,Vs,191.9514,m/s,18.65,m,m,m/s,>0,,old
433,3660,80,MSC004,-89.9121,35.9818,SCPT,2003.10.16,,Vs,189.4142,m/s,17.75,m,m,m/s,2.1,,old
434,3661,80,MSC005,-90.0344,35.9813,SCPT,2003.10.17,,Vs,196.9127,m/s,19.9,m,m,m/s,2.6,,old
435,3662,80,MSC006,-90.0351,35.8141,SCPT,2003.10.17,,Vs,198.8122,m/s,19.75,m,m,m/s,>0,,old
436,3663,80,MSC007,-90.0174,35.842,SCPT,2003.10.17,,Vs,196.0863,m/s,24.35,m,m,m/s,>0,,old
437,3664,80,MSC008,-90.0987,35.6838,SCPT,2003.10.19,,Vs,171.2433,m/s,16.9,m,m,m/s,3.3,,old
438,3665,80,MSC009,-90.0729,35.7151,SCPT,2003.10.19,,Vs,166.4167,m/s,17.75,m,m,m/s,3.2,,old
439,3666,80,MSC010,-90.0737,35.771,SCPT,2003.10.19,,Vs,179.0831,m/s,16.25,m,m,m/s,>1,,old
440,3667,80,MSC011,-90.0572,35.9812,SCPT,2003.10.20,,Vs,169.2056,m/s,16.55,m,m,m/s,4.3,,old
441,3668,80,MSC012,-90.0368,35.9669,SCPT,2003.10.20,,Vs,179.8333,m/s,19.85,m,m,m/s,>.5,,old
442,3669,80,MSC013,-90.0366,35.9521,SCPT,2003.10.20,,Vs,179.583,m/s,14.9,m,m,m/s,2.3,,old
443,3670,80,MSC014,-89.9831,35.9519,SCPT,2003.10.20,,Vs,208.2785,m/s,23.75,m,m,m/s,2.7,,old
444,3671,80,MSC015,-90.0049,35.952,SCPT,2003.10.21,,Vs,200.7281,m/s,19.85,m,m,m/s,4,,old
445,3672,80,MSC016,-90.0365,35.9377,SCPT,2003.10.21,,Vs,176.4497,m/s,19.9,m,m,m/s,>.5,,old
446,3673,80,MSC017,-90.0915,35.8073,SCPT,2003.10.21,,Vs,179.2301,m/s,18.95,m,m,m/s,>.6,,old
447,3674,80,MSC018,-89.8561,35.9502,SCPT,2003.10.22,,Vs,188.3938,m/s,20.55,m,m,m/s,>2.8,,old
448,3675,80,MSC019,-89.8137,35.9736,SCPT,2003.10.22,,Vs,217.5329,m/s,30.05,m,m,m/s,>4.1,,old
449,3676,80,MSC020,-89.7931,35.8758,SCPT,2003.10.22,,Vs,199.9196,m/s,19.9,m,m,m/s,>.4,,old
450,3677,80,MSC021,-89.8382,35.8957,SCPT,2003.10.22,,Vs,206.6829,m/s,20.35,m,m,m/s,>3,,old
451,3678,80,MSC022,-89.7353,35.9736,SCPT,2003.10.23,,Vs,212.4841,m/s,20.05,m,m,m/s,>3.1,,old
452,3679,80,MSC023,-89.7429,35.9953,SCPT,2003.10.23,,Vs,226.624,m/s,19.85,m,m,m/s,>4.7,,old
453,3680,80,MSC024,-89.8123,35.9465,SCPT,2003.10.23,,Vs,181.3224,m/s,18.95,m,m,m/s,>4.1,,old
454,3681,80,MSC027,-90.2871,35.9321,SCPT,2005.11.29,,Vs,207.7712,m/s,19.25,m,m,m/s,-,,old
455,3682,80,MSC029,-90.1546,35.9314,SCPT,2005.12.5,,Vs,223.0524,m/s,20.3,m,m,m/s,-,,old
456,3683,80,MSC030,-90.1958,35.8369,SCPT,2005.12.5,,Vs,214.3992,m/s,20.25,m,m,m/s,-,,old
457,3684,80,MSC031,-90.2014,35.8005,SCPT,2005.12.5,,Vs,212.8219,m/s,20.25,m,m,m/s,-,,old
458,3685,80,MSC032,-90.2442,35.7283,SCPT,2008.9.28,,Vs,199.4707,m/s,20.35,m,m,m/s,-,,old
459,3686,80,MSC034,-90.1775,35.6928,SCPT,2008.9.28,,Vs,194.4685,m/s,20.25,m,m,m/s,-,,old
460,3687,80,MSC037,-90.0884,35.6258,SCPT,2008.9.29,,Vs,202.4552,m/s,20.45,m,m,m/s,-,,old
461,3688,80,MSC038,-90.0701,35.6253,SCPT,2008.9.29,,Vs,164.8529,m/s,20.45,m,m,m/s,-,,old
462,3689,80,MSC039,-89.8289,35.8525,SCPT,2008.9.30,,Vs,158.7487,m/s,20.35,m,m,m/s,-,,old
463,3690,80,MSC040,-89.8387,35.8129,SCPT,2008.9.30,,Vs,186.0656,m/s,20.35,m,m,m/s,-,,old
464,3691,80,MSC041,-89.8387,35.7912,SCPT,2008.9.30,,Vs,189.1417,m/s,20.45,m,m,m/s,-,,old
465,3692,80,MSC042,-89.8562,35.7991,SCPT,2008.9.30,,Vs,219.4884,m/s,20.25,m,m,m/s,-,,old
466,3693,80,MSC043,-89.874,35.7988,SCPT,2008.9.30,,Vs,194.6196,m/s,19.75,m,m,m/s,-,,old
467,3694,80,MSC044,-89.9049,35.799,SCPT,2008.9.30,,Vs,182.667,m/s,20.15,m,m,m/s,-,,old
468,3695,80,MSC045,-90.0158,35.6829,SCPT,2008.10.17,,Vs,151.1968,m/s,20.15,m,m,m/s,-,,old
469,3696,80,MSC046,-90.2005,35.4811,SCPT,2008.10.18,,Vs,185.5398,m/s,20.35,m,m,m/s,-,,old
470,3697,80,MSC047,-90.1758,35.4661,SCPT,2008.10.18,,Vs,207.2943,m/s,19.95,m,m,m/s,-,,old
471,3698,80,MSC048,-90.144,35.4768,SCPT,2008.10.18,,Vs,201.0924,m/s,20.25,m,m,m/s,-,,old
472,3699,80,MSC049,-90.1213,35.5092,SCPT,2008.10.19,,Vs,218.7534,m/s,20.25,m,m,m/s,-,,old
473,3700,80,MSC050,-90.0898,35.5166,SCPT,2008.10.19,,Vs,195.2788,m/s,20.35,m,m,m/s,-,,old
474,3701,80,MSC051,-90.0814,35.4906,SCPT,2008.10.19,,Vs,154.9468,m/s,20.25,m,m,m/s,-,,old
475,3702,80,MSC052,-90.1149,35.4896,SCPT,2008.10.19,,Vs,230.8387,m/s,20.45,m,m,m/s,-,,old
476,3703,80,MSC053,-90.0895,35.5312,SCPT,2008.10.19,,Vs,192.3439,m/s,20.45,m,m,m/s,-,,old
477,3704,80,MSC054,-90.0852,35.5906,SCPT,2008.10.20,,Vs,220.0238,m/s,20.35,m,m,m/s,-,,old
478,3705,80,MSC055,-90.1163,35.5906,SCPT,2008.10.20,,Vs,124.1452,m/s,20.15,m,m,m/s,-,,old
479,3706,80,MSC056,-90.1066,35.6038,SCPT,2008.10.20,,Vs,152.8696,m/s,20.35,m,m,m/s,-,,old
480,3707,80,MSC057,-90.107,35.5514,SCPT,2008.10.20,,Vs,175.6136,m/s,20.25,m,m,m/s,-,,old
481,3708,80,MSI001,-89.3739,36.8338,SCPT,2008.10.12,,Vs,232.7865,m/s,20.15,m,m,m/s,-,,old
482,3709,80,MSI002,-89.3557,36.7594,SCPT,2008.10.12,,Vs,157.0346,m/s,18.45,m,m,m/s,-,,old
483,3710,80,MSI003,-89.3619,36.7213,SCPT,2008.10.12,,Vs,202.6621,m/s,20.25,m,m,m/s,-,,old
484,3711,80,MSI004,-89.2298,36.82,SCPT,2008.10.12,,Vs,208.6983,m/s,20.25,m,m,m/s,-,,old
485,3712,80,MSI005,-89.1987,36.8491,SCPT,2008.10.13,,Vs,172.8111,m/s,20.25,m,m,m/s,-,,old
486,3713,80,MSI006,-89.2785,36.8341,SCPT,2008.10.13,,Vs,149.579,m/s,20.25,m,m,m/s,-,,old
487,3714,80,MSI007,-89.2108,36.7366,SCPT,2008.10.13,,Vs,173.129,m/s,20.45,m,m,m/s,-,,old
488,3715,80,MSI008,-89.2426,36.696,SCPT,2008.10.13,,Vs,197.4961,m/s,20.35,m,m,m/s,-,,old
489,3716,80,MSI009,-89.284,36.7396,SCPT,2008.10.13,,Vs,205.93,m/s,20.35,m,m,m/s,-,,old
490,3717,80,NULL,-122.249,37.8288,SCPT,2000.4.18,,Vs,NULL,m/s,NULL,m,m,m/s,#N/A,,#N/A
491,3718,80,NMD001,-89.6409,36.4284,SCPT,2008.10.4,,Vs,217.0898,m/s,20.35,m,m,m/s,-,,old
492,3719,80,NMD002,-89.6691,36.4256,SCPT,2008.10.4,,Vs,219.9061,m/s,20.15,m,m,m/s,-,,old
493,3720,80,NMD003,-89.5725,36.425,SCPT,2008.10.4,,Vs,162.0997,m/s,20.35,m,m,m/s,-,,old
494,3721,80,NMD004,-89.7961,36.5839,SCPT,2008.10.5,,Vs,207.7379,m/s,20.35,m,m,m/s,-,,old
495,3722,80,NMD005,-89.8172,36.4811,SCPT,2008.10.8,,Vs,209.2158,m/s,20.25,m,m,m/s,-,,old
496,3723,80,OAK066,-122.242,37.7776,SCPT,1999.4.8,,Vs,168.6163,m/s,18.45,m,m,m/s,1.09728,,old
497,3724,80,OAK095,-122.289,37.8129,SCPT,2001.7.16,,Vs,318.5817,m/s,11.95,m,m,m/s,#N/A,,old
498,3725,80,OAK096,-122.294,37.8081,SCPT,2001.7.23,,Vs,326.1143,m/s,12.95,m,m,m/s,#N/A,,old
499,3726,80,OAK097,-122.226,37.768,SCPT,2001.7.24,,Vs,251.552,m/s,19.45,m,m,m/s,1.85928,,old
500,3727,80,OAK098,-122.234,37.7783,SCPT,2001.7.24,,Vs,246.0489,m/s,20.55,m,m,m/s,3.26136,,old
501,3728,80,OAK099,-122.239,37.7808,SCPT,2001.7.24,,Vs,257.1758,m/s,24.55,m,m,m/s,2.7432,,old
502,3729,80,OAK100,-122.227,37.7739,SCPT,2001.7.25,,Vs,247.5774,m/s,20.95,m,m,m/s,3.29184,,old
503,3730,80,OAK101,-122.296,37.8142,SCPT,2001.7.31,,Vs,241.3353,m/s,11.35,m,m,m/s,#N/A,,old
504,3731,80,OAK102,-122.302,37.8102,SCPT,2001.8.14,,Vs,290.1543,m/s,13.35,m,m,m/s,#N/A,,old
505,3732,80,OAK103,-122.281,37.8278,SCPT,2001.11.13,,Vs,232.1172,m/s,17.75,m,m,m/s,-,,old
506,3733,80,OAK104,-122.277,37.8411,SCPT,2001.11.13,,Vs,319.2363,m/s,15.55,m,m,m/s,-,,old
507,3734,80,OAK105,-122.264,37.8323,SCPT,2001.11.13,,Vs,322.8737,m/s,19.55,m,m,m/s,4.2672,,old
508,3735,80,OAK106,-122.264,37.8359,SCPT,2001.11.15,,Vs,282.3418,m/s,14.95,m,m,m/s,>1.2,,old
509,3736,80,OAK107,-122.268,37.8503,SCPT,2002.3.27,,Vs,326.4796,m/s,11.75,m,m,m/s,>3,,old
510,3737,80,OAK108,-122.258,37.8513,SCPT,2002.3.27,,Vs,324.3848,m/s,13.05,m,m,m/s,>3.5,,old
511,3738,80,OAK109,-122.228,37.844,SCPT,2002.4.10,,Vs,170.9352,m/s,14.75,m,m,m/s,#N/A,,old
512,3739,80,OAK110,-122.22,37.8374,SCPT,2002.4.10,,Vs,268.8897,m/s,13.95,m,m,m/s,8.1,,old
513,3740,80,OAK111,-122.247,37.8284,SCPT,2002.4.10,,Vs,243.3125,m/s,8.55,m,m,m/s,4.5,,old
514,3741,80,OAK112,-122.304,37.808,SCPT,2002.4.16,,Vs,307.9025,m/s,14.65,m,m,m/s,#N/A,,old
515,3742,80,OAK114,-122.289,37.8129,SCPT,2002.4.16,,Vs,311.214,m/s,12.1,m,m,m/s,#N/A,,old
516,3743,80,OAK115,-122.278,37.8096,SCPT,2002.4.23,,Vs,315.7326,m/s,20.45,m,m,m/s,#N/A,,old
517,3744,80,OAK116,-122.272,37.8094,SCPT,2002.4.23,,Vs,290.3226,m/s,15.75,m,m,m/s,#N/A,,old
518,3745,80,OAK117,-122.27,37.803,SCPT,2002.4.23,,Vs,354.6224,m/s,10.05,m,m,m/s,#N/A,,old
519,3746,80,OAK118,-122.277,37.8032,SCPT,2002.4.23,,Vs,325.3883,m/s,12.15,m,m,m/s,#N/A,,old
520,3747,80,OAK119,-122.166,37.7447,SCPT,2002.5.21,,Vs,244.0682,m/s,19.75,m,m,m/s,#N/A,,old
521,3748,80,OAK120,-122.156,37.7404,SCPT,2002.5.21,,Vs,307.2626,m/s,12.1,m,m,m/s,5.9,,old
522,3749,80,OAK121,-122.161,37.7389,SCPT,2002.5.21,,Vs,249.7911,m/s,14.95,m,m,m/s,5.1,,old
523,3750,80,OAK122,-122.175,37.7513,SCPT,2002.5.21,,Vs,293.953,m/s,15.75,m,m,m/s,3.3,,old
524,3751,80,OAK123,-122.186,37.7646,SCPT,2002.5.21,,Vs,317.0254,m/s,16.2,m,m,m/s,>1,,old
525,3752,80,OAK124,-122.18,37.7598,SCPT,2002.5.22,,Vs,293.415,m/s,19.65,m,m,m/s,2.8,,old
526,3753,80,OAK125,-122.193,37.7675,SCPT,2002.5.22,,Vs,318.3001,m/s,18.35,m,m,m/s,5.5,,old
527,3754,80,OAK126,-122.208,37.7687,SCPT,2002.5.22,,Vs,362.1409,m/s,14.75,m,m,m/s,4.9,,old
528,3755,80,OBN001,-89.4413,36.3049,SCPT,2008.10.14,,Vs,206.9141,m/s,20.35,m,m,m/s,-,,old
529,3756,80,OBN002,-89.4503,36.2827,SCPT,2008.10.14,,Vs,200.4752,m/s,20.25,m,m,m/s,-,,old
530,3757,80,OBN003,-89.4605,36.255,SCPT,2008.10.14,,Vs,160.9058,m/s,20.25,m,m,m/s,-,,old
531,3758,80,OBN004,-89.4862,36.2373,SCPT,2008.10.14,,Vs,211.2676,m/s,20.25,m,m,m/s,-,,old
532,3759,80,OCA001,-92.8199,33.6067,SCPT,2005.12.17,,Vs,276.8166,m/s,8.8,m,m,m/s,-,,old
533,3760,80,OCA002,-92.8184,33.5978,SCPT,2005.12.17,,Vs,221.2309,m/s,12.15,m,m,m/s,-,,old
534,3761,80,OCA003,-92.7828,33.6075,SCPT,2005.12.17,,Vs,222.8164,m/s,13.75,m,m,m/s,-,,old
535,3762,80,OCA004,-92.793,33.6013,SCPT,2005.12.17,,Vs,214.1204,m/s,9.25,m,m,m/s,-,,old
536,3763,80,Oak001,-122.32,37.8041,SCPT,1998.11.10,,Vs,185.7342,m/s,10.65,m,m,m/s,2.01168,,old
537,3764,80,Oak002,-122.322,37.807,SCPT,1998.11.10,,Vs,146.8995,m/s,10.85,m,m,m/s,1.46304,,old
538,3765,80,Oak005,-122.314,37.8018,SCPT,1998.11.13,,Vs,217.3303,m/s,15.5,m,m,m/s,>0.8,,old
539,3766,80,Oak006,-122.264,37.7917,SCPT,1998.11.16,,Vs,155.2158,m/s,43.15,m,m,m/s,-,,old
540,3767,80,Oak007,-122.268,37.7988,SCPT,1998.11.18,,Vs,305.5412,m/s,29.5,m,m,m/s,#N/A,,old
541,3768,80,Oak008,-122.228,37.778,SCPT,1998.11.18,,Vs,284.7252,m/s,20.15,m,m,m/s,-,,old
542,3769,80,Oak009,-122.197,37.759,SCPT,1998.11.20,,Vs,284.1031,m/s,26.45,m,m,m/s,2.286,,old
543,3770,80,Oak011,-122.207,37.7717,SCPT,1998.11.24,,Vs,326.8908,m/s,19.45,m,m,m/s,>1.2,,old
544,3771,80,Oak012,-122.231,37.8024,SCPT,1998.12.1,,Vs,284.9604,m/s,21.6,m,m,m/s,#N/A,,old
545,3772,80,Oak013,-122.201,37.7297,SCPT,1998.12.7,,Vs,196.3002,m/s,24.3,m,m,m/s,2.7432,,old
546,3773,80,Oak014,-122.26,37.8353,SCPT,1998.12.7,,Vs,218.3081,m/s,8.8,m,m,m/s,4.4196,,old
547,3774,80,Oak015,-122.276,37.825,SCPT,1998.12.8,,Vs,NULL,m/s,21.75,m,m,m/s,>2.7,,old
548,3775,80,Oak017,-122.194,37.7598,SCPT,1998.12.11,,Vs,287.4859,m/s,25.5,m,m,m/s,3.048,,old
549,3776,80,Oak018,-122.174,37.7435,SCPT,1998.12.14,,Vs,252.0784,m/s,23.65,m,m,m/s,3.9624,,old
550,3777,80,Oak019,-122.296,37.8157,SCPT,1998.12.14,,Vs,132.6381,m/s,18.95,m,m,m/s,>0.9,,old
551,3778,80,Oak020,-122.29,37.8089,SCPT,1998.12.17,,Vs,290.1907,m/s,10.65,m,m,m/s,#N/A,,old
552,3779,80,Oak021,-122.297,37.8122,SCPT,1998.12.18,,Vs,204.1362,m/s,11.45,m,m,m/s,#N/A,,old
553,3780,80,Oak022,-122.184,37.7512,SCPT,1998.12.22,,Vs,255.4206,m/s,29.45,m,m,m/s,2.92608,,old
554,3781,80,Oak023,-122.24,37.7898,SCPT,1998.12.22,,Vs,289.2122,m/s,16.3,m,m,m/s,#N/A,,old
555,3782,80,Oak024,-122.253,37.7939,SCPT,1998.12.23,,Vs,NULL,m/s,11.75,m,m,m/s,#N/A,,old
556,3783,80,Oak025,-122.257,37.8074,SCPT,1998.12.23,,Vs,291.5888,m/s,15.6,m,m,m/s,#N/A,,old
557,3784,80,Oak026,-122.2,37.7818,SCPT,1998.12.23,,Vs,340.1249,m/s,10.35,m,m,m/s,#N/A,,old
558,3785,80,Oak027,-122.163,37.749,SCPT,1999.1.5,,Vs,283.2704,m/s,12.75,m,m,m/s,>0.2,,old
559,3786,80,Oak028,-122.175,37.7363,SCPT,1999.1.5,,Vs,201.0512,m/s,7.65,m,m,m/s,4.20624,,old
560,3787,80,Oak029,-122.243,37.7915,SCPT,1999.1.6,,Vs,223.867,m/s,12.25,m,m,m/s,9.9,,old
561,3788,80,Oak030,-122.215,37.7574,SCPT,1999.1.6,,Vs,211.6402,m/s,3.2,m,m,m/s,#N/A,,old
562,3789,80,Oak031,-122.261,37.7974,SCPT,1999.1.7,,Vs,160.3261,m/s,29.5,m,m,m/s,>2.6,,old
563,3790,80,Oak032,-122.187,37.7427,SCPT,1999.1.15,,Vs,NULL,m/s,28.05,m,m,m/s,>5.6,,old
564,3791,80,Oak033,-122.179,37.7372,SCPT,1999.1.19,,Vs,251.2859,m/s,23.45,m,m,m/s,>9.0,,old
565,3792,80,Oak034,-122.175,37.7281,SCPT,1999.1.19,,Vs,208.445,m/s,15.55,m,m,m/s,>4.4,,old
566,3793,80,Oak035,-122.191,37.7379,SCPT,1999.1.20,,Vs,265.0865,m/s,17,m,m,m/s,1.43256,,old
567,3794,80,Oak036,-122.189,37.729,SCPT,1999.1.20,,Vs,173.282,m/s,11.7,m,m,m/s,-,,old
568,3795,80,Oak037,-122.222,37.7146,SCPT,1999.2.1,,Vs,166.8196,m/s,20,m,m,m/s,-,,old
569,3796,80,Oak038,-122.208,37.7202,SCPT,1999.2.1,,Vs,175.3077,m/s,18.8,m,m,m/s,-,,old
570,3797,80,Oak039,-122.203,37.715,SCPT,1999.2.2,,Vs,238.9078,m/s,35,m,m,m/s,>0.2,,old
571,3798,80,Oak040,-122.207,37.7289,SCPT,1999.2.3,,Vs,161.1134,m/s,11.75,m,m,m/s,>1.6,,old
572,3799,80,Oak041,-122.226,37.7412,SCPT,1999.2.5,,Vs,181.5757,m/s,26.55,m,m,m/s,Artesian flow,,old
573,3800,80,Oak042,-122.213,37.7091,SCPT,1999.2.5,,Vs,163.2263,m/s,17.95,m,m,m/s,>0.2,,old
574,3801,80,Oak043,-122.232,37.7109,SCPT,1999.2.8,,Vs,205.1697,m/s,30.4,m,m,m/s,>0.3,,old
575,3802,80,Oak044,-122.219,37.7023,SCPT,1999.2.8,,Vs,134.76,m/s,11.65,m,m,m/s,>0.2,,old
576,3803,80,Oak045,-122.226,37.7279,SCPT,1999.2.10,,Vs,198.4827,m/s,11.25,m,m,m/s,1.3716,,old
577,3804,80,Oak046,-122.189,37.729,SCPT,1999.2.19,,Vs,232.9365,m/s,29.35,m,m,m/s,1.61544,,old
578,3805,80,Oak047,-122.282,37.8455,SCPT,1999.2.22,,Vs,343.4203,m/s,17.25,m,m,m/s,1.49352,,old
579,3806,80,Oak048,-122.198,37.7541,SCPT,1999.2.25,,Vs,244.7421,m/s,19.55,m,m,m/s,2.62128,,old
580,3807,80,Oak049,-122.282,37.8413,SCPT,1999.3.2,,Vs,205.5921,m/s,3.75,m,m,m/s,2.86512,,old
581,3808,80,Oak050,-122.206,37.7556,SCPT,1999.3.3,,Vs,223.427,m/s,13.6,m,m,m/s,1.3716,,old
582,3809,80,Oak051,-122.211,37.7504,SCPT,1999.3.5,,Vs,126.1905,m/s,13.25,m,m,m/s,0.79248,,old
583,3810,80,Oak052,-122.204,37.743,SCPT,1999.3.5,,Vs,175.7732,m/s,17.05,m,m,m/s,1.70688,,old
584,3811,80,Oak053,-122.31,37.8102,SCPT,1999.3.11,,Vs,198.2176,m/s,12.9,m,m,m/s,2.1336,,old
585,3812,80,Oak054,-122.302,37.816,SCPT,1999.3.11,,Vs,197.2486,m/s,9.75,m,m,m/s,1.70688,,old
586,3813,80,Oak055,-122.297,37.823,SCPT,1999.3.11,,Vs,168.1139,m/s,16.65,m,m,m/s,1.18872,,old
587,3814,80,Oak056,-122.311,37.8145,SCPT,1999.3.16,,Vs,189.7766,m/s,12.4,m,m,m/s,>2.0,,old
588,3815,80,Oak057,-122.324,37.8083,SCPT,1999.3.22,,Vs,184.6796,m/s,11.5,m,m,m/s,2.37744,,old
589,3816,80,Oak058,-122.291,37.7987,SCPT,1999.3.25,,Vs,164.3672,m/s,9.65,m,m,m/s,>0.6,,old
590,3817,80,Oak059,-122.311,37.7967,SCPT,1999.3.25,,Vs,132.0344,m/s,10.3,m,m,m/s,0.79248,,old
591,3818,80,Oak060,-122.33,37.8003,SCPT,1999.3.25,,Vs,157.7653,m/s,11.55,m,m,m/s,>2.6,,old
592,3819,80,Oak061,-122.281,37.8182,SCPT,1999.3.30,,Vs,222.8009,m/s,19.25,m,m,m/s,2.80416,,old
593,3820,80,Oak062,-122.286,37.8129,SCPT,1999.3.30,,Vs,270.5105,m/s,10.65,m,m,m/s,#N/A,,old
594,3821,80,Oak064,-122.255,37.7889,SCPT,1999.4.7,,Vs,207.567,m/s,19.75,m,m,m/s,2.01168,,old
595,3822,80,Oak065,-122.245,37.7853,SCPT,1999.4.7,,Vs,170.112,m/s,19.75,m,m,m/s,1.95072,,old
596,3823,80,Oak067,-122.218,37.7649,SCPT,1999.4.15,,Vs,216.3462,m/s,15.75,m,m,m/s,1.8288,,old
597,3824,80,Oak068,-122.229,37.7691,SCPT,1999.4.15,,Vs,225.8343,m/s,15.7,m,m,m/s,3.68808,,old
598,3825,80,Oak069,-122.238,37.7772,SCPT,1999.4.19,,Vs,235.5366,m/s,16,m,m,m/s,>1.8,,old
599,3826,80,Oak070,-122.216,37.7883,SCPT,1999.4.19,,Vs,250.9684,m/s,15.55,m,m,m/s,#N/A,,old
600,3827,80,Oak071,-122.158,37.7445,SCPT,2000.3.22,,Vs,333.7718,m/s,20.3,m,m,m/s,-,,old
601,3828,80,Oak072,-122.17,37.7601,SCPT,2000.3.22,,Vs,266.915,m/s,8.6,m,m,m/s,-,,old
602,3829,80,Oak073,-122.176,37.7657,SCPT,2000.3.22,,Vs,345.0656,m/s,15,m,m,m/s,5.1816,,old
603,3830,80,Oak074,-122.184,37.7732,SCPT,2000.4.4,,Vs,268.5378,m/s,7.75,m,m,m/s,>8.1,,old
604,3831,80,Oak075,-122.216,37.8043,SCPT,2000.4.4,,Vs,237.3573,m/s,14.55,m,m,m/s,>4.0,,old
605,3832,80,Oak076,-122.261,37.8247,SCPT,2000.4.4,,Vs,249.3868,m/s,15.25,m,m,m/s,3.6576,,old
606,3833,80,Oak077,-122.203,37.7909,SCPT,2000.4.5,,Vs,351.9856,m/s,13.65,m,m,m/s,#N/A,,old
607,3834,80,Oak079,-122.264,37.8083,SCPT,2000.5.18,,Vs,212.9973,m/s,16.65,m,m,m/s,3.048,,old
608,3835,80,Oak080,-122.262,37.8113,SCPT,2000.5.18,,Vs,144.2104,m/s,17.05,m,m,m/s,1.524,,old
609,3836,80,Oak081,-122.248,37.8096,SCPT,2000.5.18,,Vs,161.2903,m/s,16.9,m,m,m/s,2.1336,,old
610,3837,80,Oak082,-122.256,37.7999,SCPT,2000.5.18,,Vs,213.5695,m/s,16.4,m,m,m/s,1.524,,old
611,3838,80,Oak083,-122.276,37.8334,SCPT,2000.8.28,,Vs,261.3049,m/s,23.75,m,m,m/s,4.572,,old
612,3839,80,Oak084,-122.269,37.8372,SCPT,2000.8.28,,Vs,256.7457,m/s,15.7,m,m,m/s,5.0292,,old
613,3840,80,Oak085,-122.272,37.8188,SCPT,2000.8.28,,Vs,237.4253,m/s,20.25,m,m,m/s,>0.9,,old
614,3841,80,Oak086,-122.22,37.7886,SCPT,2000.9.14,,Vs,268.0708,m/s,16.8,m,m,m/s,4.05384,,old
615,3842,80,Oak087,-122.224,37.7906,SCPT,2000.9.14,,Vs,299.6591,m/s,16.7,m,m,m/s,3.07848,,old
616,3843,80,Oak088,-122.222,37.7896,SCPT,2000.9.14,,Vs,289.6457,m/s,19.05,m,m,m/s,3.77952,,old
617,3844,80,Oak089,-122.267,37.8259,SCPT,2000.9.15,,Vs,267.2908,m/s,17.7,m,m,m/s,3.77952,,old
618,3845,80,Oak090,-122.266,37.8256,SCPT,2000.9.15,,Vs,247.6415,m/s,15.75,m,m,m/s,3.77952,,old
619,3846,80,Oak091,-122.264,37.8252,SCPT,2000.9.15,,Vs,291.8895,m/s,19.65,m,m,m/s,3.9624,,old
620,3847,80,Oak092,-122.268,37.8322,SCPT,2000.9.21,,Vs,301.4643,m/s,17.5,m,m,m/s,4.63296,,old
621,3848,80,Oak093,-122.265,37.8451,SCPT,2000.9.21,,Vs,292.8475,m/s,21.7,m,m,m/s,2.49936,,old
622,3849,80,Oak094,-122.186,37.7551,SCPT,2000.10.11,,Vs,276.8129,m/s,12.75,m,m,m/s,2.5908,,old
623,3850,80,POR001,-87.0074,41.6811,SCPT,2004.9.23,,Vs,252.7778,m/s,18.2,m,m,m/s,-,,old
624,3851,80,POR002,-87.003,41.6831,SCPT,2004.9.23,,Vs,236.4703,m/s,19.75,m,m,m/s,-,,old
625,3852,80,POR003,-86.9615,41.6931,SCPT,2004.9.23,,Vs,221.843,m/s,13.65,m,m,m/s,-,,old
626,3853,80,POR004,-86.9618,41.6974,SCPT,2004.9.23,,Vs,248.2123,m/s,18.05,m,m,m/s,-,,old
627,3854,80,POR005,-87.0479,41.6566,SCPT,2004.9.24,,Vs,202.7778,m/s,14.6,m,m,m/s,-,,old
628,3855,80,POR006,-87.0511,41.6598,SCPT,2004.9.24,,Vs,229.8582,m/s,14.75,m,m,m/s,-,,old
629,3856,80,POR007,-87.0607,41.6569,SCPT,2004.9.24,,Vs,228.8815,m/s,14.55,m,m,m/s,-,,old
630,3857,80,POR008,-87.0619,41.6597,SCPT,2004.9.24,,Vs,245.9691,m/s,14.95,m,m,m/s,-,,old
631,3858,80,POR009,-87.0651,41.6594,SCPT,2004.9.24,,Vs,264.7327,m/s,20.35,m,m,m/s,-,,old
632,3859,80,POR010,-87.0674,41.6541,SCPT,2004.9.25,,Vs,219.1122,m/s,23.25,m,m,m/s,-,,old
633,3860,80,POR011,-87.0695,41.6591,SCPT,2004.9.25,,Vs,242.4569,m/s,20.25,m,m,m/s,-,,old
634,3861,80,POR012,-87.0748,41.6569,SCPT,2004.9.25,,Vs,245.9995,m/s,20.6,m,m,m/s,-,,old
635,3862,80,POR013,-87.2201,41.6227,SCPT,2004.9.25,,Vs,239.1837,m/s,14.65,m,m,m/s,-,,old
636,3863,80,POR014,-87.2228,41.615,SCPT,2004.9.26,,Vs,242.479,m/s,14.75,m,m,m/s,-,,old
637,3864,80,POR015,-87.2163,41.6198,SCPT,2004.9.26,,Vs,237.1472,m/s,20.25,m,m,m/s,-,,old
638,3865,80,POR016,-87.0094,41.6547,SCPT,2004.9.26,,Vs,262.1622,m/s,14.55,m,m,m/s,-,,old
639,3866,80,POR017,-87.0096,41.6564,SCPT,2004.9.26,,Vs,254.0129,m/s,15.35,m,m,m/s,-,,old
640,3867,80,POR018,-87.0095,41.6615,SCPT,2004.9.26,,Vs,231.0718,m/s,11.75,m,m,m/s,-,,old
641,3868,80,POR019,-87.0097,41.6625,SCPT,2004.9.27,,Vs,230.0542,m/s,14.85,m,m,m/s,-,,old
642,3869,80,POR020,-87.0097,41.6798,SCPT,2004.9.27,,Vs,240.0167,m/s,17.25,m,m,m/s,-,,old
643,3870,80,POR021,-87.0096,41.6774,SCPT,2004.9.27,,Vs,228.4386,m/s,14.25,m,m,m/s,-,,old
644,3871,80,POR022,-87.0097,41.6754,SCPT,2004.9.27,,Vs,240.481,m/s,15.6,m,m,m/s,-,,old
645,3872,80,POR023,-86.9396,41.7037,SCPT,2004.9.28,,Vs,212.0641,m/s,15.75,m,m,m/s,-,,old
646,3873,80,POR024,-86.9438,41.7031,SCPT,2004.9.28,,Vs,238.7449,m/s,15.75,m,m,m/s,-,,old
647,3874,80,POR025,-86.9554,41.7011,SCPT,2004.9.28,,Vs,255.814,m/s,15.4,m,m,m/s,-,,old
648,3875,80,POT001,-90.5714,35.6854,SCPT,2008.10.10,,Vs,227.784,m/s,20.25,m,m,m/s,-,,old
649,3876,80,POT002,-90.4835,35.5794,SCPT,2008.10.10,,Vs,219.2652,m/s,20.35,m,m,m/s,-,,old
650,3877,80,POT003,-90.5375,35.5593,SCPT,2008.10.10,,Vs,227.0456,m/s,20.45,m,m,m/s,-,,old
651,3878,80,POT006,-90.3581,35.513,SCPT,2008.10.11,,Vs,193.4467,m/s,20.25,m,m,m/s,-,,old
652,3879,80,POT007,-90.322,35.5697,SCPT,2008.10.11,,Vs,221.0157,m/s,20.15,m,m,m/s,-,,old
653,3880,80,POT008,-90.4531,35.5139,SCPT,2008.10.16,,Vs,248.8079,m/s,20.35,m,m,m/s,-,,old
654,3881,80,POT009,-90.5552,35.5384,SCPT,2008.10.16,,Vs,217.9968,m/s,20.35,m,m,m/s,-,,old
655,3882,80,POT010,-90.6086,35.5503,SCPT,2008.10.16,,Vs,210.2367,m/s,20.25,m,m,m/s,-,,old
656,3883,80,POT011,-90.6004,35.6055,SCPT,2008.10.16,,Vs,235.5324,m/s,20.35,m,m,m/s,-,,old
657,3884,80,POT012,-90.5667,35.6347,SCPT,2008.10.17,,Vs,222.161,m/s,20.15,m,m,m/s,-,,old
658,3885,80,PST001,-89.9584,36.1323,SCPT,2008.9.22,,Vs,209.638,m/s,19.75,m,m,m/s,-,,old
659,3886,80,PST002,-89.9587,36.0089,SCPT,2008.9.23,,Vs,206.5897,m/s,23.45,m,m,m/s,-,,old
660,3887,80,PST003,-89.9585,36.0307,SCPT,2008.9.23,,Vs,205.3251,m/s,20.05,m,m,m/s,-,,old
661,3888,80,PST004,-89.9582,36.0598,SCPT,2008.9.23,,Vs,208.0564,m/s,20.35,m,m,m/s,-,,old
662,3889,80,PST005,-89.9585,36.1034,SCPT,2008.9.23,,Vs,197.8185,m/s,19.95,m,m,m/s,-,,old
663,3890,80,PST006,-89.7881,36.0145,SCPT,2008.9.24,,Vs,193.6186,m/s,20.45,m,m,m/s,-,,old
664,3891,80,PST007,-89.7882,36.0064,SCPT,2008.9.23,,Vs,212.6443,m/s,20.45,m,m,m/s,-,,old
665,3892,80,PST008,-89.784,36.0005,SCPT,2008.9.24,,Vs,208.5883,m/s,20.45,m,m,m/s,-,,old
666,3893,80,PST009,-89.7702,36.0087,SCPT,2008.9.23,,Vs,192.053,m/s,20.3,m,m,m/s,-,,old
667,3894,80,PST010,-89.7703,36.0279,SCPT,2008.9.24,,Vs,191.4414,m/s,20.4,m,m,m/s,-,,old
668,3895,80,PST015,-89.7659,36.0159,SCPT,2008.10.1,,Vs,166.5303,m/s,20.35,m,m,m/s,-,,old
669,3896,80,PST016,-89.7661,36.074,SCPT,2008.10.1,,Vs,175.2967,m/s,9.75,m,m,m/s,-,,old
670,3897,80,PST017,-89.7176,36.0883,SCPT,2008.10.1,,Vs,196.3891,m/s,20.45,m,m,m/s,-,,old
671,3898,80,PST018,-89.695,36.0961,SCPT,2008.10.1,,Vs,202.864,m/s,18.7,m,m,m/s,-,,old
672,3899,80,PST019,-89.7042,36.1325,SCPT,2008.10.1,,Vs,175.1894,m/s,20.35,m,m,m/s,-,,old
673,3900,80,PST020,-89.7234,36.1765,SCPT,2008.10.2,,Vs,195.5551,m/s,20.15,m,m,m/s,-,,old
674,3901,80,PST021,-89.7,36.1922,SCPT,2008.10.2,,Vs,188.4957,m/s,20.35,m,m,m/s,-,,old
675,3902,80,PST022,-89.6892,36.3018,SCPT,2008.10.2,,Vs,150.7931,m/s,20.25,m,m,m/s,-,,old
676,3903,80,PST023,-89.7081,36.3056,SCPT,2008.10.2,,Vs,213.3571,m/s,20.35,m,m,m/s,-,,old
677,3904,80,PST025,-89.7379,36.387,SCPT,2008.10.5,,Vs,213.5101,m/s,20.45,m,m,m/s,-,,old
678,3905,80,PST027,-89.8155,36.3788,SCPT,2008.10.5,,Vs,206.9141,m/s,20.35,m,m,m/s,-,,old
679,3906,80,PST028,-89.8087,36.3285,SCPT,2008.10.5,,Vs,214.3911,m/s,20.35,m,m,m/s,-,,old
680,3907,80,PST030,-89.9352,36.3802,SCPT,2008.10.8,,Vs,200.1622,m/s,19.75,m,m,m/s,-,,old
681,3908,80,PSY001,-87.7167,37.9806,SCPT,2004.10.6,,Vs,190.8311,m/s,8.45,m,m,m/s,#N/A,,old
682,3909,80,PSY002,-87.9066,38.1937,SCPT,2004.10.7,,Vs,243.2647,m/s,15.35,m,m,m/s,#N/A,,old
683,3910,80,PSY003,-87.936,38.1305,SCPT,2004.10.7,,Vs,229.1105,m/s,14.45,m,m,m/s,#N/A,,old
684,3911,80,RCD001,-96.9739,46.4708,SCPT,2004.8.25,,Vs,137.7074,m/s,19.75,m,m,m/s,-,,old
685,3912,80,RCD002,-97.0405,46.4708,SCPT,2004.8.25,,Vs,213.9194,m/s,14.6,m,m,m/s,-,,old
686,3913,80,RCD004,-97.1554,46.4708,SCPT,2004.8.25,,Vs,224.5849,m/s,19.75,m,m,m/s,-,,old
687,3914,80,RCD005,-97.2183,46.4273,SCPT,2004.8.25,,Vs,213.6397,m/s,20.55,m,m,m/s,-,,old
688,3915,80,RCD006,-96.8937,46.4709,SCPT,2004.8.26,,Vs,156.7267,m/s,20.55,m,m,m/s,-,,old
689,3916,80,RCD007,-97.1384,46.4706,SCPT,2004.8.26,,Vs,237.5645,m/s,20.25,m,m,m/s,-,,old
690,3917,80,RCD008,-97.1763,46.4563,SCPT,2004.8.26,,Vs,204.7721,m/s,17.25,m,m,m/s,-,,old
691,3918,80,RCD009,-97.2604,46.3982,SCPT,2004.8.26,,Vs,212.5239,m/s,17.75,m,m,m/s,-,,old
692,3919,80,RCD010,-97.239,46.4128,SCPT,2004.8.26,,Vs,204.5838,m/s,14.55,m,m,m/s,-,,old
693,3920,80,RCD011,-97.1973,46.4417,SCPT,2004.8.27,,Vs,219.1766,m/s,19.75,m,m,m/s,-,,old
694,3921,80,RCD012,-97.1078,46.4705,SCPT,2004.8.27,,Vs,208.9433,m/s,15.7,m,m,m/s,-,,old
695,3922,80,RCD013,-97.0935,46.4705,SCPT,2004.8.27,,Vs,215.1141,m/s,17.25,m,m,m/s,-,,old
696,3923,80,RCD014,-97.0719,46.471,SCPT,2004.8.27,,Vs,235.3718,m/s,37.45,m,m,m/s,-,,old
697,3924,80,RCD015,-97.0513,46.4707,SCPT,2004.8.27,,Vs,220.5882,m/s,18.45,m,m,m/s,-,,old
698,3925,80,RCD016,-96.9183,46.4708,SCPT,2004.8.28,,Vs,126.1123,m/s,22.25,m,m,m/s,-,,old
699,3926,80,RCD017,-96.9298,46.4707,SCPT,2004.8.28,,Vs,135.2871,m/s,20.45,m,m,m/s,-,,old
700,3927,80,RCD018,-96.9419,46.4707,SCPT,2004.8.28,,Vs,119.3603,m/s,20.45,m,m,m/s,-,,old
701,3928,80,RCD019,-96.9535,46.4707,SCPT,2004.8.28,,Vs,154.2251,m/s,20.35,m,m,m/s,-,,old
702,3929,80,RCD020,-96.9889,46.4707,SCPT,2004.8.28,,Vs,150.1973,m/s,20.55,m,m,m/s,-,,old
703,3930,80,RCD021,-97.0054,46.4708,SCPT,2004.8.30,,Vs,163.697,m/s,18.65,m,m,m/s,-,,old
704,3931,80,RCD022,-97.0203,46.4707,SCPT,2004.8.30,,Vs,196.2499,m/s,20.2,m,m,m/s,-,,old
705,3932,80,RCD023,-97.1693,46.4707,SCPT,2004.8.30,,Vs,219.5797,m/s,17.45,m,m,m/s,-,,old
706,3933,80,RCD024,-97.1836,46.4707,SCPT,2004.8.30,,Vs,225.5499,m/s,18.15,m,m,m/s,-,,old
707,3934,80,RCD025,-97.2749,46.3982,SCPT,2004.8.30,,Vs,213.6817,m/s,14.15,m,m,m/s,-,,old
708,3935,80,RCD026,-97.2476,46.3983,SCPT,2004.8.31,,Vs,219.5233,m/s,19.25,m,m,m/s,-,,old
709,3936,80,RCD027,-97.2346,46.3983,SCPT,2004.8.31,,Vs,222.6595,m/s,10.75,m,m,m/s,-,,old
710,3937,80,RCD028,-97.2207,46.3983,SCPT,2004.8.31,,Vs,231.2549,m/s,14.65,m,m,m/s,-,,old
711,3938,80,RCD029,-97.2081,46.3984,SCPT,2004.8.31,,Vs,232.4665,m/s,14.75,m,m,m/s,-,,old
712,3939,80,RCD030,-97.1808,46.3984,SCPT,2004.8.31,,Vs,218.7948,m/s,15.25,m,m,m/s,-,,old
713,3940,80,RCD031,-97.1623,46.3983,SCPT,2004.9.1,,Vs,201.94,m/s,11.45,m,m,m/s,-,,old
714,3941,80,RCD032,-97.1491,46.3983,SCPT,2004.9.1,,Vs,197.2809,m/s,13.35,m,m,m/s,-,,old
715,3942,80,RCD033,-97.1353,46.3983,SCPT,2004.9.1,,Vs,205.35,m/s,20.65,m,m,m/s,-,,old
716,3943,80,RCD034,-97.124,46.3983,SCPT,2004.9.1,,Vs,204.3416,m/s,18.45,m,m,m/s,-,,old
717,3944,80,RCD035,-97.1108,46.3983,SCPT,2004.9.1,,Vs,205.7678,m/s,19.55,m,m,m/s,-,,old
718,3945,80,RCD036,-97.0965,46.3982,SCPT,2004.9.2,,Vs,195.1399,m/s,13.25,m,m,m/s,-,,old
719,3946,80,RCD037,-97.0717,46.3956,SCPT,2004.9.2,,Vs,212.878,m/s,14.15,m,m,m/s,-,,old
720,3947,80,RCD038,-97.0602,46.3836,SCPT,2004.9.2,,Vs,211.1312,m/s,16.35,m,m,m/s,-,,old
721,3948,80,RCD039,-97.0441,46.3836,SCPT,2004.9.2,,Vs,174.0337,m/s,16.3,m,m,m/s,-,,old
722,3949,80,RCD040,-97.0294,46.3836,SCPT,2004.9.2,,Vs,158.2669,m/s,19.25,m,m,m/s,-,,old
723,3950,80,RCD041,-97.2185,46.3838,SCPT,2004.9.2,,Vs,206.8702,m/s,13.55,m,m,m/s,-,,old
724,3951,80,RCD042,-97.0096,46.3835,SCPT,2004.9.3,,Vs,144.3726,m/s,20.55,m,m,m/s,-,,old
725,3952,80,RCD043,-96.9955,46.3837,SCPT,2004.9.3,,Vs,154.2214,m/s,20.55,m,m,m/s,-,,old
726,3953,80,RCD044,-96.9837,46.3836,SCPT,2004.9.3,,Vs,144.933,m/s,19.25,m,m,m/s,-,,old
727,3954,80,RCD045,-96.9566,46.3838,SCPT,2004.9.3,,Vs,124.362,m/s,19.25,m,m,m/s,-,,old
728,3955,80,RCD046,-97.2183,46.4127,SCPT,2004.9.3,,Vs,222.7267,m/s,18.15,m,m,m/s,-,,old
729,3956,80,RCD047,-96.9359,46.3837,SCPT,2004.9.4,,Vs,115.9676,m/s,20.35,m,m,m/s,-,,old
730,3957,80,RCD048,-96.9152,46.3837,SCPT,2004.9.4,,Vs,118.2454,m/s,18.25,m,m,m/s,-,,old
731,3958,80,RCD049,-96.8963,46.3837,SCPT,2004.9.4,,Vs,122.4123,m/s,19.75,m,m,m/s,-,,old
732,3959,80,RCD050,-96.8721,46.3839,SCPT,2004.9.4,,Vs,111.0165,m/s,19.55,m,m,m/s,-,,old
733,3960,80,RCD051,-96.835,46.3839,SCPT,2004.9.4,,Vs,147.2704,m/s,19.45,m,m,m/s,-,,old
734,3961,80,RCD052,-96.8345,46.471,SCPT,2008.9.8,,Vs,164.5269,m/s,17.3,m,m,m/s,-,,old
735,3962,80,RCD053,-96.7478,46.4999,SCPT,2008.9.8,,Vs,170.249,m/s,16,m,m,m/s,-,,old
736,3963,80,RCD054,-96.7853,46.4999,SCPT,2008.9.8,,Vs,162.2039,m/s,15.75,m,m,m/s,-,,old
737,3964,80,RCD055,-96.8277,46.4999,SCPT,2008.9.8,,Vs,167.3702,m/s,17.05,m,m,m/s,-,,old
738,3965,80,RCD056,-96.8414,46.4889,SCPT,2008.9.8,,Vs,167.4503,m/s,17.45,m,m,m/s,-,,old
739,3966,80,RCD057,-96.82,46.4706,SCPT,2008.9.11,,Vs,138.8265,m/s,15.45,m,m,m/s,-,,old
740,3967,80,RCD058,-96.7991,46.4711,SCPT,2008.9.11,,Vs,154.3082,m/s,14.9,m,m,m/s,-,,old
741,3968,80,RCD059,-96.8203,46.485,SCPT,2008.9.11,,Vs,146.73,m/s,15.75,m,m,m/s,-,,old
742,3969,80,RCD060,-96.8411,46.4782,SCPT,2008.9.11,,Vs,151.381,m/s,17.1,m,m,m/s,-,,old
743,3970,80,RCD061,-96.7361,46.4708,SCPT,2008.9.12,,Vs,168.319,m/s,15.45,m,m,m/s,-,,old
744,3971,80,RCD062,-96.7515,46.4708,SCPT,2008.9.12,,Vs,159.1231,m/s,15.75,m,m,m/s,-,,old
745,3972,80,RCD063,-96.7709,46.4708,SCPT,2008.9.12,,Vs,158.371,m/s,15.75,m,m,m/s,-,,old
746,3973,80,RCD064,-96.7426,46.4275,SCPT,2008.9.12,,Vs,155.5387,m/s,14.35,m,m,m/s,-,,old
747,3974,80,RCD065,-96.7611,46.4275,SCPT,2008.9.12,,Vs,150.4011,m/s,13.5,m,m,m/s,-,,old
748,3975,80,RCD066,-96.7936,46.4275,SCPT,2008.9.12,,Vs,150.4368,m/s,13.95,m,m,m/s,-,,old
749,3976,80,RCD067,-96.8257,46.4275,SCPT,2008.9.13,,Vs,152.3496,m/s,17.15,m,m,m/s,-,,old
750,3977,80,RCD068,-96.8197,46.4201,SCPT,2008.9.13,,Vs,146.7354,m/s,19.35,m,m,m/s,-,,old
751,3978,80,RCD069,-96.8198,46.4055,SCPT,2008.9.13,,Vs,173.9057,m/s,20.5,m,m,m/s,-,,old
752,3979,80,RCD070,-96.8284,46.3984,SCPT,2008.9.13,,Vs,144.3192,m/s,18.05,m,m,m/s,-,,old
753,3980,80,RCD071,-96.809,46.4274,SCPT,2008.9.13,,Vs,154.1519,m/s,17.45,m,m,m/s,-,,old
754,3981,80,RCD072,-96.8205,46.4927,SCPT,2008.9.14,,Vs,155.8858,m/s,16.05,m,m,m/s,-,,old
755,3982,80,RCD073,-96.7682,46.4999,SCPT,2008.9.14,,Vs,149.9001,m/s,15.75,m,m,m/s,-,,old
756,3983,80,RCD074,-96.7428,46.4564,SCPT,2008.9.14,,Vs,154.655,m/s,15.15,m,m,m/s,-,,old
757,3984,80,RCD075,-96.7465,46.4418,SCPT,2008.9.14,,Vs,151.0823,m/s,13.75,m,m,m/s,-,,old
758,3985,80,RCD076,-96.7987,46.4183,SCPT,2008.9.14,,Vs,159.3357,m/s,17.75,m,m,m/s,-,,old
759,3986,80,RDC003,-97.124,46.4706,SCPT,2004.8.25,,Vs,220.2336,m/s,20.55,m,m,m/s,#N/A,,#N/A
760,3987,80,SBC001,-117.3,34.0626,SCPT,2001.3.8,,Vs,205.9465,m/s,7.55,m,m,m/s,#N/A,,old
761,3988,80,SBC002,-117.217,34.0522,SCPT,2001.3.8,,Vs,304.6745,m/s,18.25,m,m,m/s,#N/A,,old
762,3989,80,SBC003,-117.155,34.081,SCPT,2001.3.8,,Vs,220.9782,m/s,3.75,m,m,m/s,#N/A,,old
763,3990,80,SBC004,-117.178,34.0812,SCPT,2001.3.8,,Vs,240.6739,m/s,8,m,m,m/s,#N/A,,old
764,3991,80,SBC005,-117.216,34.0776,SCPT,2001.3.9,,Vs,262.2814,m/s,15.75,m,m,m/s,#N/A,,old
765,3992,80,SBC006,-117.226,34.0557,SCPT,2001.3.9,,Vs,243.4018,m/s,16.6,m,m,m/s,#N/A,,old
766,3993,80,SBC007,-117.168,34.0048,SCPT,2001.3.9,,Vs,298.468,m/s,11.3,m,m,m/s,#N/A,,old
767,3994,80,SBC008,-117.189,34.0187,SCPT,2001.3.9,,Vs,258.9183,m/s,15.75,m,m,m/s,#N/A,,old
768,3995,80,SBC009,-117.203,34.0275,SCPT,2001.3.9,,Vs,232.6303,m/s,3.75,m,m,m/s,#N/A,,old
769,3996,80,SBC010,-117.343,34.145,SCPT,2001.3.10,,Vs,156.25,m/s,1.75,m,m,m/s,#N/A,,old
770,3997,80,SBC011,-117.385,34.1491,SCPT,2001.3.10,,Vs,325.1721,m/s,8.5,m,m,m/s,#N/A,,old
771,3998,80,SBC012,-117.359,34.1284,SCPT,2001.3.10,,Vs,272.2872,m/s,6.75,m,m,m/s,#N/A,,old
772,3999,80,SBC013,-117.279,34.1635,SCPT,2001.3.12,,Vs,254.8194,m/s,11.5,m,m,m/s,#N/A,,old
773,4000,80,SBC014,-117.282,34.1493,SCPT,2001.3.12,,Vs,236.9116,m/s,15.25,m,m,m/s,#N/A,,old
774,4001,80,SBC015,-117.311,34.114,SCPT,2001.3.12,,Vs,231.0818,m/s,9.1,m,m,m/s,#N/A,,old
775,4002,80,SBC016,-117.344,34.1075,SCPT,2001.3.12,,Vs,235.27,m/s,5.75,m,m,m/s,#N/A,,old
776,4003,80,SBC017,-117.283,34.1074,SCPT,2001.3.14,,Vs,238.8664,m/s,14.75,m,m,m/s,#N/A,,old
777,4004,80,SBC018,-117.255,34.1032,SCPT,2001.3.14,,Vs,175.4386,m/s,4.2,m,m,m/s,#N/A,,old
778,4005,80,SBC019,-117.263,34.0712,SCPT,2001.3.14,,Vs,265.5717,m/s,24.9,m,m,m/s,#N/A,,old
779,4006,80,SBC020,-117.295,34.0775,SCPT,2001.3.15,,Vs,176.1767,m/s,6.7,m,m,m/s,#N/A,,old
780,4007,80,SBC021,-117.302,34.0865,SCPT,2001.3.15,,Vs,213.1036,m/s,9.4,m,m,m/s,#N/A,,old
781,4008,80,SBC022,-117.197,34.0806,SCPT,2001.3.22,,Vs,294.9357,m/s,25.45,m,m,m/s,#N/A,,old
782,4009,80,SBC023,-117.243,34.0745,SCPT,2001.3.22,,Vs,261.1743,m/s,19.75,m,m,m/s,#N/A,,old
783,4010,80,SBC024,-117.211,34.0376,SCPT,2001.3.22,,Vs,250.8903,m/s,7.75,m,m,m/s,#N/A,,old
784,4011,80,SBC025,-117.221,34.0461,SCPT,2001.3.22,,Vs,240.3846,m/s,13,m,m,m/s,#N/A,,old
785,4012,80,SBC026,-117.213,34.0466,SCPT,2001.3.23,,Vs,362.5424,m/s,11.75,m,m,m/s,#N/A,,old
786,4013,80,SBC027,-117.221,34.0533,SCPT,2001.3.23,,Vs,290.9091,m/s,17.6,m,m,m/s,#N/A,,old
787,4014,80,SBC028,-117.23,34.0633,SCPT,2001.3.23,,Vs,270.7006,m/s,17,m,m,m/s,#N/A,,old
788,4015,80,SBC029,-117.283,34.1216,SCPT,2001.3.23,,Vs,246.4346,m/s,11.75,m,m,m/s,#N/A,,old
789,4016,80,SBC030,-117.29,34.0702,SCPT,2001.3.24,,Vs,240.6172,m/s,18.4,m,m,m/s,#N/A,,old
790,4017,80,SBC031,-117.286,34.0686,SCPT,2001.3.24,,Vs,221.6669,m/s,13.75,m,m,m/s,#N/A,,old
791,4018,80,SBC032,-117.285,34.065,SCPT,2001.3.24,,Vs,201.2072,m/s,15,m,m,m/s,#N/A,,old
792,4019,80,SBC033,-117.283,34.0804,SCPT,2001.3.26,,Vs,190.0325,m/s,12.85,m,m,m/s,#N/A,,old
793,4020,80,SBC034,-117.275,34.0868,SCPT,2001.3.26,,Vs,219.4463,m/s,9.75,m,m,m/s,#N/A,,old
794,4021,80,SBC035,-117.262,34.0979,SCPT,2001.3.26,,Vs,242.9044,m/s,13.95,m,m,m/s,#N/A,,old
795,4022,80,SBC036,-117.286,34.0937,SCPT,2001.3.26,,Vs,223.3921,m/s,7.85,m,m,m/s,#N/A,,old
796,4023,80,SBC037,-117.282,34.1047,SCPT,2001.3.27,,Vs,172.6519,m/s,3.75,m,m,m/s,#N/A,,old
797,4024,80,SBC038,-117.301,34.0789,SCPT,2001.3.27,,Vs,223.2965,m/s,4.85,m,m,m/s,#N/A,,old
798,4025,80,SBC039,-117.299,34.069,SCPT,2001.3.27,,Vs,228.5977,m/s,7.45,m,m,m/s,#N/A,,old
799,4026,80,SBC040,-117.293,34.081,SCPT,2001.3.28,,Vs,236.3558,m/s,5.5,m,m,m/s,#N/A,,old
800,4027,80,SBC041,-117.292,34.0617,SCPT,2001.3.28,,Vs,245.4132,m/s,15.65,m,m,m/s,#N/A,,old
801,4028,80,SBC042,-117.308,34.0564,SCPT,2001.3.28,,Vs,251.526,m/s,11.95,m,m,m/s,#N/A,,old
802,4029,80,SBC043,-117.319,34.0448,SCPT,2001.3.28,,Vs,224.4992,m/s,9.75,m,m,m/s,#N/A,,old
803,4030,80,SBC044,-117.313,34.0481,SCPT,2001.3.28,,Vs,242.3565,m/s,9.75,m,m,m/s,#N/A,,old
804,4031,80,SBC045,-117.333,34.0932,SCPT,2001.3.29,,Vs,319.7091,m/s,12.75,m,m,m/s,#N/A,,old
805,4032,80,SBC046,-117.338,34.1025,SCPT,2001.3.29,,Vs,311.4534,m/s,9.3,m,m,m/s,#N/A,,old
806,4033,80,SBC047,-117.351,34.1163,SCPT,2001.3.29,,Vs,291.5704,m/s,10.1,m,m,m/s,#N/A,,old
807,4034,80,SBC048,-117.304,34.1021,SCPT,2001.3.29,,Vs,240.0129,m/s,14.9,m,m,m/s,#N/A,,old
808,4035,80,SBC049,-117.321,34.1271,SCPT,2001.3.29,,Vs,269.5914,m/s,8.05,m,m,m/s,#N/A,,old
809,4036,80,SBC050,-117.255,34.0606,SCPT,2001.3.30,,Vs,243.2825,m/s,16.75,m,m,m/s,#N/A,,old
810,4037,80,SBC051,-117.253,34.052,SCPT,2001.3.30,,Vs,274.2057,m/s,21.75,m,m,m/s,#N/A,,old
811,4038,80,SBC052,-117.247,34.0414,SCPT,2001.3.30,,Vs,294.4889,m/s,7,m,m,m/s,#N/A,,old
812,4039,80,SBC053,-117.28,34.0682,SCPT,2001.3.31,,Vs,249.8674,m/s,18.85,m,m,m/s,#N/A,,old
813,4040,80,SBC054,-117.275,34.0686,SCPT,2001.3.31,,Vs,259.5948,m/s,26.65,m,m,m/s,#N/A,,old
814,4041,80,SBC055,-117.253,34.0711,SCPT,2001.3.31,,Vs,283.1727,m/s,19.1,m,m,m/s,#N/A,,old
815,4042,80,SBC056,-117.29,34.0774,SCPT,2001.4.1,,Vs,233.8675,m/s,5.4,m,m,m/s,#N/A,,old
816,4043,80,SBC057,-117.293,34.0744,SCPT,2001.4.1,,Vs,228.0891,m/s,6.35,m,m,m/s,#N/A,,old
817,4044,80,SBC058,-117.297,34.1186,SCPT,2001.4.2,,Vs,245.6276,m/s,9.55,m,m,m/s,#N/A,,old
818,4045,80,SBC059,-117.296,34.1224,SCPT,2001.4.2,,Vs,244.744,m/s,15.25,m,m,m/s,#N/A,,old
819,4046,80,SBC060,-117.292,34.1166,SCPT,2001.4.2,,Vs,273.9595,m/s,14.35,m,m,m/s,#N/A,,old
820,4047,80,SBC061,-117.3,34.12,SCPT,2001.4.2,,Vs,260.364,m/s,10.3,m,m,m/s,#N/A,,old
821,4048,80,SBC062,-117.299,34.1161,SCPT,2001.4.3,,Vs,233.3042,m/s,8,m,m,m/s,#N/A,,old
822,4049,80,SBC063,-117.346,34.1104,SCPT,2001.4.3,,Vs,334.8124,m/s,8.3,m,m,m/s,#N/A,,old
823,4050,80,SBC064,-117.28,34.0838,SCPT,2001.4.4,,Vs,190.4949,m/s,4.85,m,m,m/s,#N/A,,old
824,4051,80,SBC065,-117.289,34.0871,SCPT,2001.4.4,,Vs,220.9782,m/s,3.75,m,m,m/s,#N/A,,old
825,4052,80,SBC066,-117.27,34.0913,SCPT,2001.4.4,,Vs,216.5627,m/s,6.25,m,m,m/s,#N/A,,old
826,4053,80,SBC067,-117.284,34.1,SCPT,2001.4.4,,Vs,228.1818,m/s,12.55,m,m,m/s,#N/A,,old
827,4054,80,SBC068,-117.283,34.1147,SCPT,2001.4.4,,Vs,284.1694,m/s,12.35,m,m,m/s,#N/A,,old
828,4055,80,SBC069,-117.284,34.1187,SCPT,2001.4.5,,Vs,250.4174,m/s,15,m,m,m/s,#N/A,,old
829,4056,80,SBC070,-117.294,34.1195,SCPT,2001.4.5,,Vs,243.8808,m/s,13.75,m,m,m/s,#N/A,,old
830,4057,80,SBC071,-117.315,34.1185,SCPT,2001.4.5,,Vs,239.9651,m/s,13.75,m,m,m/s,#N/A,,old
831,4058,80,SBC072,-117.308,34.1093,SCPT,2001.4.5,,Vs,267.5219,m/s,17.1,m,m,m/s,#N/A,,old
832,4059,80,SBC073,-117.254,34.056,SCPT,2001.4.6,,Vs,262.2126,m/s,18.25,m,m,m/s,#N/A,,old
833,4060,80,SBC074,-117.248,34.0447,SCPT,2001.4.6,,Vs,303.3311,m/s,13.75,m,m,m/s,#N/A,,old
834,4061,80,SBC075,-117.243,34.0441,SCPT,2001.4.6,,Vs,304.3991,m/s,7.75,m,m,m/s,#N/A,,old
835,4062,80,SBC076,-117.243,34.0399,SCPT,2001.4.6,,Vs,287.1434,m/s,7.75,m,m,m/s,#N/A,,old
836,4063,80,SBC077,-117.302,34.0943,SCPT,2001.4.6,,Vs,208.9632,m/s,11.75,m,m,m/s,#N/A,,old
837,4064,80,SBC078,-117.281,34.1424,SCPT,2001.4.7,,Vs,305.0024,m/s,19.45,m,m,m/s,#N/A,,old
838,4065,80,SBC079,-117.282,34.1549,SCPT,2001.4.7,,Vs,239.4339,m/s,12.35,m,m,m/s,#N/A,,old
839,4066,80,SBC080,-117.281,34.1363,SCPT,2001.4.7,,Vs,267.3671,m/s,17.05,m,m,m/s,#N/A,,old
840,4067,80,SBC081,-117.283,34.1319,SCPT,2001.4.7,,Vs,274.3695,m/s,16.1,m,m,m/s,#N/A,,old
841,4068,80,SBC082,-117.283,34.126,SCPT,2001.4.8,,Vs,269.9229,m/s,15.75,m,m,m/s,#N/A,,old
842,4069,80,SBC083,-117.283,34.129,SCPT,2001.4.8,,Vs,258.177,m/s,15.55,m,m,m/s,#N/A,,old
843,4070,80,SBC084,-117.282,34.1586,SCPT,2001.4.19,,Vs,229.9413,m/s,11.75,m,m,m/s,#N/A,,old
844,4071,80,SBC085,-117.335,34.1375,SCPT,2001.4.19,,Vs,265.7116,m/s,11.5,m,m,m/s,#N/A,,old
845,4072,80,SBC086,-117.349,34.1541,SCPT,2001.4.19,,Vs,254.3248,m/s,9.85,m,m,m/s,#N/A,,old
846,4073,80,SBC087,-117.365,34.1355,SCPT,2001.4.20,,Vs,300.514,m/s,7.6,m,m,m/s,#N/A,,old
847,4074,80,SBC088,-117.369,34.1372,SCPT,2001.4.20,,Vs,259.9914,m/s,6.05,m,m,m/s,#N/A,,old
848,4075,80,SBC089,-117.375,34.1432,SCPT,2001.4.20,,Vs,334.3313,m/s,3.35,m,m,m/s,#N/A,,old
849,4076,80,SBC090,-117.168,34.0807,SCPT,2001.4.23,,Vs,269.635,m/s,9.75,m,m,m/s,#N/A,,old
850,4077,80,SBC091,-117.19,34.0811,SCPT,2001.4.23,,Vs,285.7618,m/s,25.75,m,m,m/s,#N/A,,old
851,4078,80,SBC092,-117.208,34.0819,SCPT,2001.4.23,,Vs,292.7467,m/s,25.75,m,m,m/s,#N/A,,old
852,4079,80,SBC093,-117.225,34.0753,SCPT,2001.4.24,,Vs,236.7614,m/s,17.75,m,m,m/s,#N/A,,old
853,4080,80,SBC094,-117.242,34.1067,SCPT,2001.4.24,,Vs,205.6317,m/s,5.55,m,m,m/s,#N/A,,old
854,4081,80,SBC096,-117.283,34.0692,SCPT,2001.4.25,,Vs,221.6362,m/s,19.75,m,m,m/s,#N/A,,old
855,4082,80,SBC097,-117.035,34.0462,SCPT,2001.4.25,,Vs,334.7128,m/s,13.75,m,m,m/s,#N/A,,old
856,4083,80,SBC098,-117.035,34.0128,SCPT,2001.4.25,,Vs,302.71,m/s,15.75,m,m,m/s,#N/A,,old
857,4084,80,SBC099,-117.361,34.4645,SCPT,2001.5.3,,Vs,326.0412,m/s,7.75,m,m,m/s,#N/A,,old
858,4085,80,SBC100,-117.358,34.4644,SCPT,2001.5.3,,Vs,306.4452,m/s,7.75,m,m,m/s,#N/A,,old
859,4086,80,SBC102,-117.361,34.4609,SCPT,2001.5.3,,Vs,456.4265,m/s,18.75,m,m,m/s,#N/A,,old
860,4087,80,SBC103,-117.365,34.4606,SCPT,2001.5.3,,Vs,478.45,m/s,12.1,m,m,m/s,#N/A,,old
861,4088,80,SBC104,-117.365,34.4641,SCPT,2001.5.3,,Vs,413.6834,m/s,5.2,m,m,m/s,#N/A,,old
862,4089,80,SBC106,-117.542,34.5958,SCPT,2001.5.4,,Vs,464.1757,m/s,12.05,m,m,m/s,#N/A,,old
863,4090,80,SBC107,-117.542,34.5695,SCPT,2001.5.4,,Vs,381.0385,m/s,14.75,m,m,m/s,#N/A,,old
864,4091,80,SBC108,-117.542,34.543,SCPT,2001.5.4,,Vs,307.6425,m/s,4.75,m,m,m/s,#N/A,,old
865,4092,80,SBC109,-117.542,34.5215,SCPT,2001.5.4,,Vs,335.0715,m/s,17.35,m,m,m/s,#N/A,,old
866,4093,80,SBC110,-117.619,34.4898,SCPT,2001.5.4,,Vs,290.0339,m/s,9.4,m,m,m/s,#N/A,,old
867,4094,80,SBC111,-117.629,34.5122,SCPT,2001.5.5,,Vs,358.4835,m/s,9.55,m,m,m/s,#N/A,,old
868,4095,80,SBC112,-117.63,34.5161,SCPT,2001.5.5,,Vs,296.2595,m/s,8.95,m,m,m/s,#N/A,,old
869,4096,80,SBC113,-117.359,34.4675,SCPT,2001.5.5,,Vs,409.9906,m/s,8.7,m,m,m/s,#N/A,,old
870,4097,80,SBC114,-117.357,34.4671,SCPT,2001.5.5,,Vs,312.5,m/s,13.05,m,m,m/s,#N/A,,old
871,4098,80,SBC115,-117.403,34.422,SCPT,2001.5.5,,Vs,325.1721,m/s,12.75,m,m,m/s,#N/A,,old
872,4099,80,SBC116,-116.274,34.1398,SCPT,2001.5.6,,Vs,220.6821,m/s,12.1,m,m,m/s,#N/A,,old
873,4100,80,SBC117,-116.276,34.1407,SCPT,2001.5.6,,Vs,264.7797,m/s,11.6,m,m,m/s,#N/A,,old
874,4101,80,SBC118,-116.274,34.1418,SCPT,2001.5.6,,Vs,343.1509,m/s,12.35,m,m,m/s,#N/A,,old
875,4102,80,SBC120,-116.276,34.1398,SCPT,2001.5.6,,Vs,290.6977,m/s,11.5,m,m,m/s,#N/A,,old
876,4103,80,SBC121,-116.301,34.1362,SCPT,2001.5.7,,Vs,191.8605,m/s,9.9,m,m,m/s,#N/A,,old
877,4104,80,SBC122,-116.302,34.1361,SCPT,2001.5.7,,Vs,221.1934,m/s,8.6,m,m,m/s,#N/A,,old
878,4105,80,SBC123,-116.245,34.1419,SCPT,2001.5.7,,Vs,215.9118,m/s,9.2,m,m,m/s,#N/A,,old
879,4106,80,SBC125,-116.29,34.1454,SCPT,2001.5.7,,Vs,236.7942,m/s,11.7,m,m,m/s,#N/A,,old
880,4107,80,SBC126,-116.281,34.0885,SCPT,2001.5.8,,Vs,194.6513,m/s,5.75,m,m,m/s,#N/A,,old
881,4108,80,SBC127,-116.279,34.0885,SCPT,2001.5.8,,Vs,270.4874,m/s,10.1,m,m,m/s,#N/A,,old
882,4109,80,SBC129,-116.281,34.0899,SCPT,2001.5.8,,Vs,268.6219,m/s,10.35,m,m,m/s,#N/A,,old
883,4110,80,SBC130,-116.292,34.1411,SCPT,2001.5.8,,Vs,277.6119,m/s,13.95,m,m,m/s,#N/A,,old
884,4111,80,SBC131,-116.332,34.1417,SCPT,2001.5.8,,Vs,303.6595,m/s,11.7,m,m,m/s,#N/A,,old
885,4112,80,SBC132,-117.571,34.5171,SCPT,2001.5.9,,Vs,413.5461,m/s,12.7,m,m,m/s,#N/A,,old
886,4113,80,SBC133,-117.603,34.5138,SCPT,2001.5.9,,Vs,354.7379,m/s,14.75,m,m,m/s,#N/A,,old
887,4114,80,SCC001 ,-122.1646,37.4324,SCPT,1999.4.14,,Vs,318.0952,m/s,8.35,m,m,m/s,#N/A,,#N/A
888,4115,80,SCC003,-122.1156,37.4515,SCPT,1999.9.8,,Vs,193.398,m/s,15.35,m,m,m/s,#N/A,,old
889,4116,80,SCC004,-122.1153,37.4394,SCPT,1999.9.9,,Vs,211.8721,m/s,11.6,m,m,m/s,#N/A,,old
890,4117,80,SCC005,-122.1186,37.4364,SCPT,1999.9.9,,Vs,209.5588,m/s,19.95,m,m,m/s,-,,old
891,4118,80,SCC006,-122.1175,37.456,SCPT,1998.3.19,,Vs,175.6757,m/s,31.2,m,m,m/s,#N/A,,old
892,4119,80,SCC008,-121.9154,37.4531,SCPT,1999.9.20,,Vs,216.5422,m/s,18.85,m,m,m/s,-,,old
893,4120,80,SCC009,-121.9121,37.4432,SCPT,1999.9.21,,Vs,196.0458,m/s,17.65,m,m,m/s,-,,old
894,4121,80,SCC010,-121.8747,37.4252,SCPT,1999.9.22,,Vs,269.0892,m/s,17.55,m,m,m/s,-,,old
895,4122,80,SCC011,-121.8806,37.423,SCPT,1999.9.22,,Vs,261.0374,m/s,15.55,m,m,m/s,-,,old
896,4123,80,SCC012,-121.9146,37.4299,SCPT,1999.9.23,,Vs,200.762,m/s,13.7,m,m,m/s,-,,old
897,4124,80,SCC013,-121.9286,37.4231,SCPT,1999.9.23,,Vs,210.7602,m/s,17.55,m,m,m/s,-,,old
898,4125,80,SCC014,-121.924,37.4245,SCPT,1999.9.28,,Vs,257.3716,m/s,25.4,m,m,m/s,-,,old
899,4126,80,SCC015,-122.1297,37.4306,SCPT,1999.9.28,,Vs,219.7592,m/s,23,m,m,m/s,-,,old
900,4127,80,SCC016,-121.9462,37.4192,SCPT,1999.10.4,,Vs,300.9649,m/s,19.65,m,m,m/s,-,,old
901,4128,80,SCC017,-121.9497,37.4191,SCPT,1999.10.4,,Vs,212.9023,m/s,14.95,m,m,m/s,-,,old
902,4129,80,SCC018,-121.9949,37.4109,SCPT,1999.10.5,,Vs,236.6157,m/s,14.85,m,m,m/s,-,,old
903,4130,80,SCC019,-122.0217,37.3957,SCPT,1999.10.5,,Vs,219.5846,m/s,14.8,m,m,m/s,-,,old
904,4131,80,SCC021,-121.9994,37.3966,SCPT,1999.10.6,,Vs,228.3417,m/s,15.05,m,m,m/s,-,,old
905,4132,80,SCC022,-122.0135,37.3869,SCPT,1999.10.6,,Vs,215.2578,m/s,16.45,m,m,m/s,-,,old
906,4133,80,SCC023,-122.0393,37.3762,SCPT,1999.10.13,,Vs,281.7919,m/s,13.65,m,m,m/s,-,,old
907,4134,80,SCC026,-122.0267,37.3821,SCPT,1999.10.13,,Vs,255.9682,m/s,9.65,m,m,m/s,-,,old
908,4135,80,SCC028,-121.9824,37.3922,SCPT,1999.10.15,,Vs,252.563,m/s,23.65,m,m,m/s,-,,old
909,4136,80,SCC030,-122.0987,37.4123,SCPT,1999.10.19,,Vs,218.4285,m/s,14.65,m,m,m/s,-,,old
910,4137,80,SCC032,-122.0832,37.4051,SCPT,1999.10.19,,Vs,215.592,m/s,16.15,m,m,m/s,-,,old
911,4138,80,SCC033,-122.0657,37.4021,SCPT,1999.10.20,,Vs,273.8163,m/s,14.4,m,m,m/s,-,,old
912,4139,80,SCC034,-122.076,37.4047,SCPT,1999.10.20,,Vs,202.2711,m/s,8.55,m,m,m/s,-,,old
913,4140,80,SCC035,-122.0217,37.3957,SCPT,1999.10.26,,Vs,230.3143,m/s,14.8,m,m,m/s,-,,old
914,4141,80,SCC036,-122.1459,37.4496,SCPT,1999.10.28,,Vs,186.6883,m/s,11.5,m,m,m/s,-,,old
915,4142,80,SCC037,-122.0597,37.3945,SCPT,1999.11.10,,Vs,233.7662,m/s,14.4,m,m,m/s,-,,old
916,4143,80,SCC039,-121.9942,37.3999,SCPT,1999.11.19,,Vs,240.7889,m/s,15.75,m,m,m/s,-,,old
917,4144,80,SCC042,-121.9865,37.4106,SCPT,1999.12.29,,Vs,230.933,m/s,24.95,m,m,m/s,-,,old
918,4145,80,SCC043,-121.9598,37.4102,SCPT,1999.12.29,,Vs,252.4131,m/s,29.55,m,m,m/s,#N/A,,old
919,4146,80,SCC045,-121.9265,37.4127,SCPT,1999.12.30,,Vs,251.3393,m/s,28.15,m,m,m/s,-,,old
920,4147,80,SCC046,-121.9317,37.4166,SCPT,2000.1.4,,Vs,214.7063,m/s,14.95,m,m,m/s,-,,old
921,4148,80,SCC047,-121.9763,37.422,SCPT,2000.1.4,,Vs,216.2162,m/s,21.6,m,m,m/s,#N/A,,old
922,4149,80,SCC048,-121.9767,37.4078,SCPT,2000.1.7,,Vs,207.2394,m/s,18.55,m,m,m/s,-,,old
923,4150,80,SCC049,-121.987,37.3951,SCPT,2000.1.7,,Vs,236.6151,m/s,18.65,m,m,m/s,-,,old
924,4151,80,SCC050,-121.91,37.3669,SCPT,2000.2.2,,Vs,180.2709,m/s,19.7,m,m,m/s,3.2004,,old
925,4152,80,SCC051,-121.941,37.3545,SCPT,2000.2.2,,Vs,172.7842,m/s,9.65,m,m,m/s,dry,,old
926,4153,80,SCC052,-122.0044,37.3273,SCPT,2000.2.3,,Vs,297.6862,m/s,10.55,m,m,m/s,dry,,old
927,4154,80,SCC053,-121.9745,37.3595,SCPT,2000.2.3,,Vs,223.9376,m/s,14.65,m,m,m/s,2.286,,old
928,4155,80,SCC054,-122.0822,37.4209,SCPT,2000.4.19,,Vs,232.6176,m/s,13.65,m,m,m/s,3.9624,,old
929,4156,80,SCC055,-121.9685,37.4014,SCPT,2000.4.20,,Vs,209.3407,m/s,17.75,m,m,m/s,3.048,,old
930,4157,80,SCC056,-121.9569,37.3914,SCPT,2000.4.20,,Vs,231.1644,m/s,17.55,m,m,m/s,Dry to 0.6,,old
931,4158,80,SCC057,-121.9456,37.3903,SCPT,2000.4.21,,Vs,206.3733,m/s,13.6,m,m,m/s,2.7432,,old
932,4159,80,SCC060,-121.9346,37.3689,SCPT,2000.5.25,,Vs,202.9221,m/s,15,m,m,m/s,-,,old
933,4160,80,SCC061,-121.9374,37.3633,SCPT,2000.5.25,,Vs,194.4248,m/s,19.25,m,m,m/s,-,,old
934,4161,80,SCC064,-121.9266,37.3552,SCPT,2000.5.25,,Vs,145.4044,m/s,6.85,m,m,m/s,-,,old
935,4162,80,SCC066,-121.9178,37.3597,SCPT,2000.5.25,,Vs,182.0959,m/s,15.5,m,m,m/s,-,,old
936,4163,80,SCC067,-122.019,37.4176,SCPT,2000.6.6,,Vs,221.5495,m/s,16.1,m,m,m/s,-,,old
937,4164,80,SCC069,-122.0202,37.412,SCPT,2000.6.6,,Vs,229.3755,m/s,17.85,m,m,m/s,-,,old
938,4165,80,SCC070,-121.9802,37.4299,SCPT,2000.6.6,,Vs,194.5589,m/s,11.8,m,m,m/s,#N/A,,old
939,4166,80,SCC073,-121.9156,37.357,SCPT,2000.6.12,,Vs,186.9847,m/s,12.7,m,m,m/s,-,,old
940,4167,80,SCC076,-121.9267,37.426,SCPT,2000.6.13,,Vs,213.4338,m/s,13.6,m,m,m/s,-,,old
941,4168,80,SCC077,-121.9287,37.4329,SCPT,2000.6.13,,Vs,209.1147,m/s,18.4,m,m,m/s,-,,old
942,4169,80,SCC079,-121.9243,37.4053,SCPT,2000.6.13,,Vs,205.9732,m/s,14,m,m,m/s,-,,old
943,4170,80,SCC081,-121.9159,37.3974,SCPT,2000.6.13,,Vs,251.7986,m/s,11.9,m,m,m/s,-,,old
944,4171,80,SCC082,-122.0439,37.4052,SCPT,2000.6.20,,Vs,231.8239,m/s,12.85,m,m,m/s,-,,old
945,4172,80,SCC084,-122.0465,37.4108,SCPT,2000.6.20,,Vs,225.8713,m/s,16.85,m,m,m/s,-,,old
946,4173,80,SCC085,-122.05,37.4176,SCPT,2000.6.20,,Vs,241.0125,m/s,17.9,m,m,m/s,-,,old
947,4174,80,SCC086,-122.053,37.4235,SCPT,2000.6.20,,Vs,240.0183,m/s,15.75,m,m,m/s,-,,old
948,4175,80,SCC088,-122.0578,37.4257,SCPT,2000.6.20,,Vs,247.9132,m/s,14.85,m,m,m/s,-,,old
949,4176,80,SCC089,-121.9222,37.3574,SCPT,2000.6.21,,Vs,199.3338,m/s,18.55,m,m,m/s,-,,old
950,4177,80,SCC092,-121.9189,37.3547,SCPT,2000.6.21,,Vs,196.3578,m/s,15.85,m,m,m/s,-,,old
951,4178,80,SCC093,-121.928,37.3629,SCPT,2000.6.21,,Vs,195.2997,m/s,17.95,m,m,m/s,-,,old
952,4179,80,SCC095,-122.0484,37.4049,SCPT,2000.6.26,,Vs,239.7667,m/s,22.2,m,m,m/s,-,,old
953,4180,80,SCC096,-122.0384,37.4024,SCPT,2000.6.26,,Vs,215.5589,m/s,15.6,m,m,m/s,-,,old
954,4181,80,SCC097,-122.0413,37.4269,SCPT,2000.6.26,,Vs,246.2277,m/s,17.95,m,m,m/s,-,,old
955,4182,80,SCC098,-122.0683,37.4275,SCPT,2000.6.26,,Vs,232.9528,m/s,15.1,m,m,m/s,-,,old
956,4183,80,SCC099,-121.9079,37.346,SCPT,2000.6.29,,Vs,148.0652,m/s,11.9,m,m,m/s,-,,old
957,4184,80,SCC101,-121.8901,37.3766,SCPT,2000.6.30,,Vs,216.576,m/s,23.1,m,m,m/s,#N/A,,old
958,4185,80,SCC102,-121.8639,37.3243,SCPT,2000.6.30,,Vs,219.307,m/s,21.9,m,m,m/s,-,,old
959,4186,80,SCC103,-121.8987,37.3342,SCPT,2000.7.12,,Vs,186.6759,m/s,13.45,m,m,m/s,-,,old
960,4187,80,SCC104,-121.8928,37.3285,SCPT,2000.7.12,,Vs,176.299,m/s,13.3,m,m,m/s,-,,old
961,4188,80,SCC106,-121.8839,37.3514,SCPT,2000.7.18,,Vs,222.6886,m/s,19.1,m,m,m/s,-,,old
962,4189,80,SCC108,-121.8754,37.3573,SCPT,2000.7.18,,Vs,194.4345,m/s,16.35,m,m,m/s,#N/A,,old
963,4190,80,SCC109,-121.8761,37.3557,SCPT,2000.7.18,,Vs,224.7919,m/s,12.15,m,m,m/s,-,,old
964,4191,80,SCC111,-121.8721,37.3473,SCPT,2000.7.18,,Vs,221.629,m/s,17.85,m,m,m/s,-,,old
965,4192,80,SCC112,-121.8682,37.3342,SCPT,2000.7.19,,Vs,241.7419,m/s,21.15,m,m,m/s,-,,old
966,4193,80,SCC113,-121.8944,37.377,SCPT,2000.7.19,,Vs,221.4827,m/s,19.3,m,m,m/s,#N/A,,old
967,4194,80,SCC114,-121.9668,37.4257,SCPT,2000.7.19,,Vs,228.4364,m/s,23.2,m,m,m/s,#N/A,,old
968,4195,80,SCC116,-121.8324,37.3712,SCPT,2000.7.31,,Vs,266.4605,m/s,14.65,m,m,m/s,#N/A,,old
969,4196,80,SCC117,-121.8776,37.3445,SCPT,2000.7.31,,Vs,200.9196,m/s,20.1,m,m,m/s,-,,old
970,4197,80,SCC118,-121.8901,37.3647,SCPT,2000.8.3,,Vs,180.1406,m/s,16.4,m,m,m/s,-,,old
971,4198,80,SCC119,-121.9053,37.3751,SCPT,2000.8.3,,Vs,203.5133,m/s,14.25,m,m,m/s,-,,old
972,4199,80,SCC120,-121.8825,37.3719,SCPT,2000.8.3,,Vs,224.6984,m/s,18.25,m,m,m/s,-,,old
973,4200,80,SCC123,-121.8601,37.356,SCPT,2000.8.11,,Vs,174.0066,m/s,13.75,m,m,m/s,-,,old
974,4201,80,SCC124,-121.8733,37.3764,SCPT,2000.8.11,,Vs,238.0952,m/s,15,m,m,m/s,-,,old
975,4202,80,SCC125,-121.8659,37.3823,SCPT,2000.8.16,,Vs,253.6462,m/s,8,m,m,m/s,-,,old
976,4203,80,SCC126,-121.8556,37.3879,SCPT,2000.8.16,,Vs,268.3983,m/s,3.1,m,m,m/s,-,,old
977,4204,80,SCC127,-121.8272,37.4022,SCPT,2000.8.17,,Vs,236.5357,m/s,3.25,m,m,m/s,#N/A,,old
978,4205,80,SCC128,-121.8471,37.3937,SCPT,2000.8.17,,Vs,252.1334,m/s,3.25,m,m,m/s,-,,old
979,4206,80,SCC129,-121.8885,37.3915,SCPT,2000.8.18,,Vs,230.1706,m/s,24.55,m,m,m/s,-,,old
980,4207,80,SCC130,-121.8595,37.4055,SCPT,2000.8.18,,Vs,230.708,m/s,2.9,m,m,m/s,-,,old
981,4208,80,SCC131,-121.8695,37.3367,SCPT,2000.8.24,,Vs,248.2316,m/s,38.25,m,m,m/s,#N/A,,old
982,4209,80,SCC132,-121.9441,37.2768,SCPT,2001.7.18,,Vs,253.3609,m/s,4.9,m,m,m/s,-,,old
983,4210,80,SCC133,-121.9032,37.3163,SCPT,2001.7.18,,Vs,219.3554,m/s,23.55,m,m,m/s,#N/A,,old
984,4211,80,SCC134,-121.9435,37.3178,SCPT,2002.2.14,,Vs,269.01,m/s,18.75,m,m,m/s,-,,old
985,4212,80,SCC135,-121.9363,37.3777,SCPT,2002.8.20,,Vs,223.507,m/s,18.75,m,m,m/s,13,,old
986,4213,80,SCC168,-121.7973,37.316,SCPT,2003.3.27,,Vs,373.6034,m/s,26.75,m,m,m/s,6.6,,old
987,4214,80,SCC169,-122.1046,37.4587,SCPT,2003.4.30,,Vs,177.9652,m/s,33.55,m,m,m/s,#N/A,,old
988,4215,80,SCC170,-122.1351,37.4524,SCPT,2003.8.21,,Vs,243.994,m/s,9.75,m,m,m/s,#N/A,,old
989,4216,80,SCC171,-122.1351,37.4524,SCPT,2003.8.21,,Vs,267.7479,m/s,26.25,m,m,m/s,3.5,,old
990,4217,80,SCC174,-122.0649,37.3346,SCPT,2003.9.2,,Vs,350.6761,m/s,15.3,m,m,m/s,#N/A,,old
991,4218,80,SCC175,-122.1192,37.3999,SCPT,2006.8.1,,Vs,534.1696,m/s,12.35,m,m,m/s,#N/A,,old
992,4219,80,SCC176,-122.1,37.383,SCPT,2006.8.1,,Vs,368.872,m/s,7.75,m,m,m/s,#N/A,,old
993,4220,80,SCC177,-122.0505,37.3374,SCPT,2006.8.1,,Vs,426.6389,m/s,4.1,m,m,m/s,#N/A,,old
994,4221,80,SCC178,-122.0449,37.3447,SCPT,2006.8.1,,Vs,350.3961,m/s,5.75,m,m,m/s,#N/A,,old
995,4222,80,SCC179,-122.0648,37.3521,SCPT,2006.8.1,,Vs,213.9933,m/s,5.75,m,m,m/s,-,,old
996,4223,80,SCC180,-122.055,37.3588,SCPT,2006.8.8,,Vs,345.8529,m/s,11.05,m,m,m/s,-,,old
997,4224,80,SCC181,-122.0153,37.3384,SCPT,2006.8.8,,Vs,345.0755,m/s,4.8,m,m,m/s,#N/A,,old
998,4225,80,SCC182,-121.9914,37.3373,SCPT,2006.8.8,,Vs,334.1701,m/s,10.65,m,m,m/s,-,,old
999,4226,80,SCC183,-121.9437,37.3424,SCPT,2006.8.8,,Vs,228.3985,m/s,20.75,m,m,m/s,-,,old
1000,4227,80,SCC184,-121.953,37.331,SCPT,2006.8.9,,Vs,296.2762,m/s,10.9,m,m,m/s,-,,old
1001,4228,80,SCC185,-121.9487,37.3137,SCPT,2006.8.9,,Vs,279.2672,m/s,12.5,m,m,m/s,-,,old
1002,4229,80,SCC186,-121.9481,37.301,SCPT,2006.8.9,,Vs,297.1387,m/s,8.1,m,m,m/s,-,,old
1003,4230,80,SCC187,-121.9335,37.3053,SCPT,2006.8.15,,Vs,276.4706,m/s,11.75,m,m,m/s,-,,old
1004,4231,80,SCC188,-121.9245,37.2824,SCPT,2006.8.15,,Vs,257.0481,m/s,7.75,m,m,m/s,-,,old
1005,4232,80,SCC189,-121.9057,37.2815,SCPT,2006.8.15,,Vs,259.2267,m/s,8.85,m,m,m/s,-,,old
1006,4233,80,SCC190,-121.8791,37.2868,SCPT,2006.8.15,,Vs,274.8494,m/s,18.25,m,m,m/s,-,,old
1007,4234,80,SCC191,-121.877,37.3044,SCPT,2006.8.15,,Vs,211.9105,m/s,9.75,m,m,m/s,-,,old
1008,4235,80,SCC192,-121.9699,37.3822,SCPT,2006.8.22,,Vs,262.5184,m/s,30.25,m,m,m/s,-,,old
1009,4236,80,SCC193,-121.968,37.3907,SCPT,2006.8.22,,Vs,270.2289,m/s,26.45,m,m,m/s,-,,old
1010,4237,80,SCC194,-121.9393,37.4145,SCPT,2006.8.22,,Vs,237.1472,m/s,20.25,m,m,m/s,-,,old
1011,4238,80,SCC195,-121.8562,37.3505,SCPT,2006.8.23,,Vs,218.1088,m/s,24.45,m,m,m/s,-,,old
1012,4239,80,SCC196,-121.837,37.341,SCPT,2006.8.23,,Vs,214.3609,m/s,24.45,m,m,m/s,-,,old
1013,4240,80,SCC197,-121.8215,37.3124,SCPT,2006.8.23,,Vs,236.953,m/s,20.25,m,m,m/s,-,,old
1014,4241,80,SCC198,-121.9147,37.385,SCPT,2006.8.24,,Vs,249.7225,m/s,20.25,m,m,m/s,-,,old
1015,4242,80,SCC199,-121.9342,37.4052,SCPT,2006.8.24,,Vs,254.2933,m/s,19.25,m,m,m/s,-,,old
1016,4243,80,SCR001,-90.1625,38.6204,SCPT,2008.10.6,,Vs,229.6451,m/s,24.2,m,m,m/s,#N/A,,old
1017,4244,80,SCS001,-90.2123,38.8558,SCPT,2008.10.6,,Vs,223.4559,m/s,23.95,m,m,m/s,#N/A,,old
1018,4245,80,SCT001,-86.2934,45.9584,SCPT,2004.9.11,,Vs,217.4172,m/s,18.25,m,m,m/s,-,,old
1019,4246,80,SCT002,-86.3062,45.9675,SCPT,2004.9.11,,Vs,220.2181,m/s,15.75,m,m,m/s,-,,old
1020,4247,80,SCT003,-86.3031,45.9652,SCPT,2004.9.11,,Vs,230.2944,m/s,19.4,m,m,m/s,-,,old
1021,4248,80,SCT004,-86.2999,45.9629,SCPT,2004.9.11,,Vs,237.1826,m/s,29.7,m,m,m/s,-,,old
1022,4249,80,SCT005,-86.2967,45.9607,SCPT,2004.9.11,,Vs,201.8189,m/s,19.75,m,m,m/s,-,,old
1023,4250,80,SCT006,-86.3127,45.9181,SCPT,2004.9.12,,Vs,195.8032,m/s,13.25,m,m,m/s,-,,old
1024,4251,80,SCT007,-86.2974,45.925,SCPT,2004.9.12,,Vs,253.6339,m/s,8.55,m,m,m/s,-,,old
1025,4252,80,SCT008,-86.283,45.9388,SCPT,2004.9.12,,Vs,194.378,m/s,6.5,m,m,m/s,-,,old
1026,4253,80,SCT010,-86.2613,45.9568,SCPT,2004.9.13,,Vs,196.8127,m/s,12.35,m,m,m/s,-,,old
1027,4254,80,SCT011,-86.2693,45.9551,SCPT,2004.9.13,,Vs,193.2537,m/s,13.75,m,m,m/s,-,,old
1028,4255,80,SCT012,-86.2704,45.9651,SCPT,2004.9.13,,Vs,216.3307,m/s,16.85,m,m,m/s,-,,old
1029,4256,80,SFC001,-90.4376,35.0198,SCPT,2003.10.3,,Vs,224.654,m/s,32.95,m,m,m/s,>6.4,,old
1030,4257,80,SFC002,-90.4376,35.049,SCPT,2003.10.3,,Vs,204.1484,m/s,21.85,m,m,m/s,>.8,,old
1031,4258,80,SFO036,-122.3893,37.7869,SCPT,2003.5.1,,Vs,334.5133,m/s,18.9,m,m,m/s,#N/A,,old
1032,4259,80,SFO037,-122.477,37.7978,SCPT,2003.6.2,,Vs,374.415,m/s,9.6,m,m,m/s,#N/A,,old
1033,4260,80,SMC008,-122.1726,37.4562,SCPT,1999.4.26,,Vs,302.9975,m/s,28,m,m,m/s,#N/A,,old
1034,4261,80,SMC009,-122.2477,37.5558,SCPT,1999.5.3,,Vs,144.5142,m/s,38,m,m,m/s,#N/A,,old
1035,4262,80,SMC010,-122.2477,37.5558,SCPT,1999.5.21,,Vs,97.3921,m/s,9,m,m,m/s,#N/A,,old
1036,4263,80,SMC013,-122.2014,37.4232,SCPT,2001.10.18,,Vs,298.112,m/s,18,m,m,m/s,#N/A,,old
1037,4264,80,SMC014,-122.1726,37.4562,SCPT,2001.11.2,,Vs,304.7619,m/s,16,m,m,m/s,#N/A,,old
1038,4265,80,SMC015,-122.17,37.4549,SCPT,2005.11.7,,Vs,289.2212,m/s,30.75,m,m,m/s,#N/A,,old
1039,4266,80,SMC016,-122.1694,37.4549,SCPT,2005.11.8,,Vs,321.5598,m/s,15.75,m,m,m/s,#N/A,,old
1040,4267,80,SMC017,-122.1685,37.4545,SCPT,2005.11.8,,Vs,288.1227,m/s,30.25,m,m,m/s,#N/A,,old
1042,4269,80,SMC018,-122.1677,37.4519,SCPT,2006.3.24,,Vs,338.3459,m/s,18.45,m,m,m/s,#N/A,,old
1043,4270,80,SMC020,-122.4539,37.672,SCPT,2009.11.18,,Vs,249.5185,m/s,14.25,m,m,m/s,#N/A,,old
1044,4271,80,SMC021,-122.4511,37.6694,SCPT,2009.11.18,,Vs,209.4241,m/s,16,m,m,m/s,#N/A,,old
1045,4272,80,SMC022,-122.4682,37.6842,SCPT,2010.2.10,,Vs,302.5686,m/s,6.95,m,m,m/s,#N/A,,old
1046,4273,80,SMC023,-122.4593,37.6747,SCPT,2010.2.10,,Vs,224.3481,m/s,13.25,m,m,m/s,#N/A,,old
1047,4274,80,SNC001,-122.1628,38.2341,SCPT,2004.3.16,,Vs,221.5616,m/s,19.75,m,m,m/s,#N/A,,old
1048,4275,80,SOC002,-120.6254,35.1098,SCPT,2004.2.23,,Vs,186.7985,m/s,22.3,m,m,m/s,#N/A,,old
1049,4276,80,SOC003,-120.6252,35.1099,SCPT,2004.2.23,,Vs,191.2648,m/s,19.75,m,m,m/s,#N/A,,old
1050,4277,80,SOC004,-120.625,35.11,SCPT,2004.2.24,,Vs,190.9873,m/s,19.75,m,m,m/s,#N/A,,old
1051,4278,80,SOC005,-120.6248,35.1101,SCPT,2004.2.24,,Vs,233.4966,m/s,25.75,m,m,m/s,#N/A,,old
1052,4279,80,SOC006,-120.6299,35.1043,SCPT,2004.2.24,,Vs,203.4501,m/s,15.45,m,m,m/s,#N/A,,old
1053,4280,80,SOC007,-120.6288,35.1043,SCPT,2004.2.24,,Vs,196.3198,m/s,15.15,m,m,m/s,#N/A,,old
1054,4281,80,SOC008,-120.6284,35.1044,SCPT,2004.2.24,,Vs,178.1034,m/s,14.95,m,m,m/s,#N/A,,old
1055,4282,80,SOC009,-120.6278,35.1046,SCPT,2004.2.25,,Vs,220.4667,m/s,24,m,m,m/s,#N/A,,old
1056,4283,80,SOC010,-120.6239,35.1079,SCPT,2004.2.25,,Vs,242.361,m/s,19.75,m,m,m/s,#N/A,,old
1057,4284,80,SOC011,-120.6247,35.1078,SCPT,2004.2.25,,Vs,201.6129,m/s,13.25,m,m,m/s,#N/A,,old
1058,4285,80,SOC012,-120.6248,35.1077,SCPT,2004.2.25,,Vs,1230.9758,m/s,13.75,m,m,m/s,#N/A,,old
1059,4286,80,SOC013,-120.6245,35.1086,SCPT,2004.2.26,,Vs,251.1674,m/s,17.75,m,m,m/s,#N/A,,old
1060,4287,80,SOC014,-120.6247,35.1085,SCPT,2004.2.26,,Vs,243.4534,m/s,17.85,m,m,m/s,#N/A,,old
1061,4288,80,SOC015,-120.625,35.1084,SCPT,2004.2.26,,Vs,188.0195,m/s,18.55,m,m,m/s,#N/A,,old
1062,4289,80,SOC016,-120.6242,35.1078,SCPT,2004.2.26,,Vs,242.2332,m/s,15.75,m,m,m/s,#N/A,,old
1063,4290,80,SOC017,-120.6253,35.1091,SCPT,2004.2.27,,Vs,170.6907,m/s,17.25,m,m,m/s,#N/A,,old
1064,4291,80,SOC018,-120.6249,35.1093,SCPT,2004.2.27,,Vs,197.1461,m/s,15.75,m,m,m/s,#N/A,,old
1065,4292,80,SOC019,-120.6223,35.1089,SCPT,2004.2.27,,Vs,268.8172,m/s,16.25,m,m,m/s,#N/A,,old
1066,4293,80,SOC020,-120.6215,35.1108,SCPT,2004.2.27,,Vs,256.1416,m/s,22,m,m,m/s,#N/A,,old
1067,4294,80,SOC021,-120.623,35.11,SCPT,2004.2.27,,Vs,261.9048,m/s,18.7,m,m,m/s,#N/A,,old
1068,4295,80,SOC022,-120.6292,35.1051,SCPT,2004.3.1,,Vs,207.1533,m/s,19.75,m,m,m/s,#N/A,,old
1069,4296,80,SOC023,-120.6311,35.1033,SCPT,2004.3.2,,Vs,223.5408,m/s,16.2,m,m,m/s,#N/A,,old
1070,4297,80,SOC024,-120.6312,35.104,SCPT,2004.3.2,,Vs,224.7616,m/s,14.85,m,m,m/s,#N/A,,old
1071,4298,80,SOC025,-120.6285,35.1051,SCPT,2004.3.2,,Vs,200.793,m/s,19.75,m,m,m/s,#N/A,,old
1072,4299,80,SOC026,-120.6278,35.1053,SCPT,2004.3.2,,Vs,185.7339,m/s,17.55,m,m,m/s,#N/A,,old
1073,4300,80,SOC027,-120.6259,35.1037,SCPT,2004.3.3,,Vs,189.3471,m/s,16.85,m,m,m/s,#N/A,,old
1074,4301,80,SOC028,-120.6246,35.1016,SCPT,2004.3.3,,Vs,160.9146,m/s,18.65,m,m,m/s,#N/A,,old
1075,4302,80,SOC029,-120.6189,35.1002,SCPT,2004.3.3,,Vs,185.1269,m/s,17.65,m,m,m/s,#N/A,,old
1076,4303,80,SOC030,-120.6268,35.1055,SCPT,2004.3.3,,Vs,198.7121,m/s,19.75,m,m,m/s,#N/A,,old
1077,4304,80,SOC031,-120.628,35.1094,SCPT,2004.3.4,,Vs,199.6495,m/s,15.95,m,m,m/s,#N/A,,old
1078,4305,80,SOC032,-120.6264,35.1097,SCPT,2004.3.4,,Vs,193.4798,m/s,13.65,m,m,m/s,#N/A,,old
1079,4306,80,SOC033,-120.6267,35.1073,SCPT,2004.3.4,,Vs,191.9029,m/s,15.5,m,m,m/s,#N/A,,old
1080,4307,80,SOC034,-120.6279,35.1082,SCPT,2004.3.4,,Vs,184.182,m/s,15.3,m,m,m/s,#N/A,,old
1081,4308,80,SOC035,-120.6186,35.0981,SCPT,2004.3.5,,Vs,212.8497,m/s,29.75,m,m,m/s,#N/A,,old
1082,4309,80,SOC036,-120.6191,35.0983,SCPT,2004.3.5,,Vs,197.5484,m/s,19.5,m,m,m/s,#N/A,,old
1083,4310,80,SOC037,-120.6181,35.0978,SCPT,2004.3.5,,Vs,176.79,m/s,14,m,m,m/s,#N/A,,old
1084,4311,80,STD001,-89.7472,36.801,SCPT,2008.10.8,,Vs,230.0091,m/s,20.25,m,m,m/s,-,,old
1085,4312,80,STD002,-89.7474,36.7144,SCPT,2008.10.8,,Vs,199.2207,m/s,20.45,m,m,m/s,-,,old
1086,4313,80,SYC001,-89.9873,35.1946,SCPT,2003.10.29,,Vs,235.6703,m/s,19.9,m,m,m/s,3.1,,old
1087,4314,80,SYC002,-89.9567,35.1925,SCPT,2003.10.29,,Vs,217.6548,m/s,19.75,m,m,m/s,4.4,,old
1088,4315,80,SYC003,-89.9444,35.196,SCPT,2003.10.29,,Vs,184.3923,m/s,13.35,m,m,m/s,>.4,,old
1089,4316,80,SYC004,-89.9003,35.1703,SCPT,2003.10.30,,Vs,198.1853,m/s,12.45,m,m,m/s,3.1,,old
1090,4317,80,SYC005,-89.909,35.1875,SCPT,2003.10.31,,Vs,203.2944,m/s,9.75,m,m,m/s,3.4,,old
1091,4318,80,SYC006,-89.9238,35.1997,SCPT,2003.10.31,,Vs,251.481,m/s,21.65,m,m,m/s,>.4,,old
1092,4319,80,SYC007,-89.9183,35.1912,SCPT,2003.10.31,,Vs,214.9171,m/s,17.75,m,m,m/s,>3.5,,old
1093,4320,80,SYC008,-89.9146,35.1866,SCPT,2003.10.31,,Vs,173.0749,m/s,16.25,m,m,m/s,>2,,old
1094,4321,80,SYC009,-89.8815,35.1568,SCPT,2003.10.31,,Vs,227.2129,m/s,17.25,m,m,m/s,>2.4,,old
1095,4322,80,SYC010,-89.8661,35.1341,SCPT,2003.11.2,,Vs,255.311,m/s,19.95,m,m,m/s,16.9,,old
1096,4323,80,SYC011,-89.8538,35.1336,SCPT,2003.11.2,,Vs,236.2654,m/s,22.75,m,m,m/s,5.4,,old
1097,4324,80,SYC012,-89.8579,35.1431,SCPT,2003.11.2,,Vs,226.6773,m/s,19.9,m,m,m/s,6.8,,old
1098,4325,80,SYC013,-89.8364,35.1289,SCPT,2003.11.3,,Vs,243.2046,m/s,17,m,m,m/s,9.4,,old
1099,4326,80,SYC014,-89.8022,35.1184,SCPT,2003.11.3,,Vs,195.6333,m/s,20.25,m,m,m/s,5.2,,old
1100,4327,80,SYC015,-89.7658,35.1,SCPT,2003.11.3,,Vs,223.0559,m/s,16.35,m,m,m/s,8,,old
1101,4328,80,SYC016,-89.7507,35.1037,SCPT,2003.11.3,,Vs,245.6354,m/s,12.1,m,m,m/s,>7.5,,old
1102,4329,80,SYC017,-89.7316,35.1045,SCPT,2003.11.3,,Vs,233.9971,m/s,20.8,m,m,m/s,8.1,,old
1103,4330,80,SYC018,-89.7212,35.098,SCPT,2003.11.4,,Vs,235.8168,m/s,24.15,m,m,m/s,>1.3,,old
1104,4331,80,SYC019,-89.7151,35.1015,SCPT,2003.11.4,,Vs,205.8863,m/s,15.25,m,m,m/s,>5.2,,old
1105,4332,80,SYC020,-89.7024,35.0911,SCPT,2003.11.4,,Vs,234.5495,m/s,15.75,m,m,m/s,>2.8,,old
1106,4333,80,SYC021,-89.6519,35.0783,SCPT,2003.11.4,,Vs,241.5547,m/s,19.95,m,m,m/s,>.7,,old
1107,4334,80,SYC022,-89.9757,35.0072,SCPT,2004.12.10,,Vs,311.0469,m/s,24.75,m,m,m/s,#N/A,,old
1108,4335,80,TNA001,-90.2327,34.6314,SCPT,2004.12.13,,Vs,208.1827,m/s,20.15,m,m,m/s,-,,old
1109,4336,80,TNA002,-90.2365,34.6344,SCPT,2004.12.13,,Vs,214.9443,m/s,20.05,m,m,m/s,-,,old
1110,4337,80,TNA003,-90.2122,34.8298,SCPT,2004.12.14,,Vs,180.0693,m/s,19.75,m,m,m/s,-,,old
1111,4338,80,TNA004,-90.2289,34.8011,SCPT,2004.12.14,,Vs,174.5208,m/s,19.85,m,m,m/s,-,,old
1112,4339,80,TNA005,-90.2903,34.7876,SCPT,2004.12.14,,Vs,186.4684,m/s,14.8,m,m,m/s,-,,old
1113,4340,80,TNA006,-90.2903,34.8098,SCPT,2004.12.14,,Vs,196.4199,m/s,20.3,m,m,m/s,-,,old
1114,4341,80,TNA007,-90.2729,34.8028,SCPT,2004.12.15,,Vs,203.9061,m/s,20.15,m,m,m/s,-,,old
1115,4342,80,TNA008,-90.3046,34.7727,SCPT,2004.12.15,,Vs,208.5274,m/s,20.15,m,m,m/s,-,,old
1116,4343,80,TNA009,-90.3267,34.7952,SCPT,2004.12.15,,Vs,184.5172,m/s,19.95,m,m,m/s,-,,old
1117,4344,80,TNA010,-90.3608,34.8399,SCPT,2004.12.15,,Vs,193.1829,m/s,19.95,m,m,m/s,-,,old
1118,4345,80,TNA011,-90.3581,34.8353,SCPT,2004.12.15,,Vs,182.419,m/s,20.15,m,m,m/s,-,,old
1119,4346,80,TNA012,-90.4609,34.7097,SCPT,2004.12.16,,Vs,229.6535,m/s,19.95,m,m,m/s,-,,old
1120,4347,80,TNA013,-90.4211,34.713,SCPT,2004.12.16,,Vs,221.7942,m/s,20.15,m,m,m/s,-,,old
1121,4348,80,TNA014,-90.2662,34.7142,SCPT,2004.12.16,,Vs,174.3786,m/s,17.75,m,m,m/s,-,,old
1122,4349,80,TNA015,-90.3406,34.6436,SCPT,2004.12.17,,Vs,187.4593,m/s,20.15,m,m,m/s,-,,old
1123,4350,80,TNA016,-90.3182,34.6833,SCPT,2004.12.17,,Vs,195.2462,m/s,17.25,m,m,m/s,-,,old
1124,4351,80,TNA017,-90.3405,34.6345,SCPT,2004.12.18,,Vs,167.6752,m/s,19.95,m,m,m/s,-,,old
1125,4352,80,TNA018,-90.3568,34.5688,SCPT,2004.12.18,,Vs,211.0268,m/s,19.75,m,m,m/s,-,,old
1126,4353,80,TNA019,-90.3452,34.5833,SCPT,2004.12.18,,Vs,228.4976,m/s,20.35,m,m,m/s,#N/A,,old
1127,4354,80,TNA020,-90.4367,34.5243,SCPT,2004.12.19,,Vs,197.9379,m/s,20.35,m,m,m/s,-,,old
1128,4355,80,TNA021,-90.4106,34.5106,SCPT,2004.12.19,,Vs,207.1495,m/s,20.05,m,m,m/s,-,,old
1129,4356,80,TNA022,-90.4608,34.5608,SCPT,2004.12.19,,Vs,229.8916,m/s,20.15,m,m,m/s,-,,old
1130,4357,80,TNA024,-90.3519,34.6846,SCPT,2004.12.20,,Vs,230.3211,m/s,30.05,m,m,m/s,-,,old
1131,4358,80,TNA025,-90.3444,34.6705,SCPT,2004.12.20,,Vs,213.3404,m/s,20.15,m,m,m/s,-,,old
1132,4359,80,TNA026,-90.3365,34.681,SCPT,2004.12.20,,Vs,218.2713,m/s,19.95,m,m,m/s,-,,old
1133,4360,80,TNA027,-90.3682,34.7285,SCPT,2004.12.21,,Vs,218.4625,m/s,19.95,m,m,m/s,-,,old
1134,4361,80,TNA029,-90.3927,34.787,SCPT,2005.1.5,,Vs,166.4885,m/s,20.25,m,m,m/s,-,,old
1135,4362,80,TNA030,-90.3579,34.7724,SCPT,2005.1.5,,Vs,157.3916,m/s,20.25,m,m,m/s,-,,old
1136,4363,80,TNA031,-90.4488,34.7356,SCPT,2005.1.5,,Vs,136.8613,m/s,20.25,m,m,m/s,-,,old
1137,4364,80,TNA033,-90.2467,34.7741,SCPT,2005.1.6,,Vs,182.1435,m/s,19.85,m,m,m/s,-,,old
1138,4365,80,TNA034,-90.2455,34.7438,SCPT,2005.1.6,,Vs,191.1963,m/s,19.85,m,m,m/s,-,,old
1139,4366,80,TNA035,-90.2334,34.5836,SCPT,2005.1.6,,Vs,222.0614,m/s,19.95,m,m,m/s,-,,old
1140,4367,80,TNA036,-90.2364,34.67,SCPT,2005.1.6,,Vs,194.7986,m/s,19.25,m,m,m/s,-,,old
1141,4368,80,TNA038,-90.2527,34.6997,SCPT,2005.1.7,,Vs,169.7426,m/s,20.05,m,m,m/s,-,,old
1142,4369,80,TNA039,-90.4093,34.6699,SCPT,2005.1.8,,Vs,177.5655,m/s,21.75,m,m,m/s,-,,old
1143,4370,80,TNA040,-90.4281,34.6575,SCPT,2005.1.8,,Vs,166.4885,m/s,20.25,m,m,m/s,-,,old
1144,4371,80,TNA041,-90.468,34.5936,SCPT,2005.1.8,,Vs,232.7888,m/s,19.95,m,m,m/s,-,,old
1145,4372,80,TNA042,-90.3332,34.5429,SCPT,2005.1.8,,Vs,246.1673,m/s,19.75,m,m,m/s,-,,old
1146,4373,80,TNA043,-90.3926,34.5248,SCPT,2005.1.8,,Vs,196.7524,m/s,16.6,m,m,m/s,-,,old
1147,4374,80,TNA044,-90.3162,34.7509,SCPT,2005.1.9,,Vs,235.9163,m/s,19.85,m,m,m/s,-,,old
1148,4375,80,TTE001,-89.9475,34.6179,SCPT,2004.12.12,,Vs,228.5421,m/s,20.05,m,m,m/s,#N/A,,old
1149,4376,80,TTE002,-89.9702,34.7021,SCPT,2004.12.12,,Vs,249.3823,m/s,16.15,m,m,m/s,#N/A,,old
1150,4377,80,UNN001,-92.4836,33.2904,SCPT,2005.12.12,,Vs,232.3718,m/s,11.6,m,m,m/s,-,,old
1151,4378,80,UNN002,-92.4752,33.2945,SCPT,2005.12.12,,Vs,243.7703,m/s,15.75,m,m,m/s,-,,old
1152,4379,80,UNN003,-92.5031,33.3179,SCPT,2005.12.12,,Vs,229.4686,m/s,12.35,m,m,m/s,-,,old
1153,4380,80,UNN004,-92.5258,33.3252,SCPT,2005.12.12,,Vs,225.4007,m/s,20.25,m,m,m/s,-,,old
1154,4381,80,UNN005,-92.528,33.3307,SCPT,2005.12.12,,Vs,202.6245,m/s,15.75,m,m,m/s,-,,old
1155,4382,80,UNN006,-92.5367,33.3363,SCPT,2005.12.13,,Vs,202.4466,m/s,11.75,m,m,m/s,-,,old
1156,4383,80,UNN007,-92.1135,33.1587,SCPT,2005.12.14,,Vs,207.6808,m/s,15.25,m,m,m/s,-,,old
1157,4384,80,UNN008,-92.1127,33.1512,SCPT,2005.12.14,,Vs,200.7273,m/s,13.8,m,m,m/s,-,,old
1158,4385,80,UNN009,-92.1573,33.1476,SCPT,2005.12.14,,Vs,178.92,m/s,11,m,m,m/s,-,,old
1159,4386,80,UNN010,-92.3523,33.2993,SCPT,2005.12.14,,Vs,189.006,m/s,12.55,m,m,m/s,-,,old
1160,4387,80,UNN011,-92.0898,33.032,SCPT,2005.12.15,,Vs,206.6116,m/s,11.75,m,m,m/s,-,,old
1161,4388,80,UNN012,-92.0983,33.0297,SCPT,2005.12.15,,Vs,216.4103,m/s,10.55,m,m,m/s,-,,old
1162,4389,80,UNN013,-92.1079,33.0308,SCPT,2005.12.15,,Vs,211.7932,m/s,11.35,m,m,m/s,-,,old
1163,4390,80,UNN014,-92.1131,33.038,SCPT,2005.12.15,,Vs,245.2781,m/s,9.35,m,m,m/s,-,,old
1164,4391,80,UNN015,-92.1181,33.0474,SCPT,2005.12.15,,Vs,220.1319,m/s,11.35,m,m,m/s,-,,old
1165,4392,80,UNN016,-92.1258,33.055,SCPT,2005.12.15,,Vs,212.3552,m/s,7.15,m,m,m/s,-,,old
1166,4393,80,UNN017,-92.3612,33.2859,SCPT,2005.12.17,,Vs,219.7684,m/s,10.25,m,m,m/s,-,,old
1167,4394,80,UNN018,-92.3745,33.2808,SCPT,2005.12.17,,Vs,232.0715,m/s,12.2,m,m,m/s,-,,old
1168,4395,80,VHC001,-87.4928,37.9278,SCPT,2003.11.10,,Vs,239.6382,m/s,17.75,m,m,m/s,#N/A,,old
1169,4396,80,VHC002,-87.4714,37.9329,SCPT,2003.11.10,,Vs,249.1474,m/s,13.15,m,m,m/s,#N/A,,old
1170,4397,80,VHC003,-87.4712,37.9463,SCPT,2003.11.10,,Vs,228.0463,m/s,16.75,m,m,m/s,#N/A,,old
1171,4398,80,VHC004,-87.5722,37.951,SCPT,2003.11.11,,Vs,190.6412,m/s,19.8,m,m,m/s,#N/A,,old
1172,4399,80,VHC005,-87.568,37.9411,SCPT,2003.11.11,,Vs,225.5793,m/s,33,m,m,m/s,#N/A,,old
1173,4400,80,VHC006,-87.5595,37.9318,SCPT,2003.11.11,,Vs,187.571,m/s,19.8,m,m,m/s,#N/A,,old
1174,4401,80,VHC007,-87.5023,37.9294,SCPT,2003.11.11,,Vs,253.3284,m/s,20.55,m,m,m/s,#N/A,,old
1175,4402,80,VHC008,-87.512,37.9072,SCPT,2003.11.12,,Vs,204.3202,m/s,18.35,m,m,m/s,#N/A,,old
1176,4403,80,VHC009,-87.5278,37.9155,SCPT,2003.11.12,,Vs,208.7869,m/s,21.1,m,m,m/s,#N/A,,old
1177,4404,80,VHC010,-87.5453,37.9229,SCPT,2003.11.12,,Vs,205.1892,m/s,19.85,m,m,m/s,#N/A,,old
1178,4405,80,VHC011,-87.4582,37.9913,SCPT,2003.11.12,,Vs,204.3168,m/s,19.5,m,m,m/s,-,,old
1179,4406,80,VHC012,-87.4735,37.9765,SCPT,2003.11.13,,Vs,226.4614,m/s,20.3,m,m,m/s,-,,old
1180,4407,80,VHC013,-87.4738,37.9894,SCPT,2003.11.13,,Vs,218.7876,m/s,21.8,m,m,m/s,-,,old
1181,4408,80,VHC014,-87.4714,38.0275,SCPT,2003.11.17,,Vs,217.2478,m/s,19.75,m,m,m/s,-,,old
1182,4409,80,VHC015,-87.4774,37.984,SCPT,2003.11.19,,Vs,192.0394,m/s,20.65,m,m,m/s,-,,old
1183,4410,80,VHC016,-87.488,37.9775,SCPT,2003.11.19,,Vs,202.3773,m/s,19.75,m,m,m/s,-,,old
1184,4411,80,VHC017,-87.5019,37.9763,SCPT,2003.11.19,,Vs,216.3663,m/s,20.65,m,m,m/s,-,,old
1185,4412,80,VHC018,-87.5016,37.9828,SCPT,2003.11.19,,Vs,223.0546,m/s,19.95,m,m,m/s,-,,old
1186,4413,80,VHC019,-87.5017,37.988,SCPT,2003.11.19,,Vs,237.5511,m/s,19.75,m,m,m/s,-,,old
1187,4414,80,VHC020,-87.4519,37.9732,SCPT,2003.11.19,,Vs,206.0319,m/s,11.75,m,m,m/s,-,,old
1188,4415,80,VHC021,-87.5474,37.992,SCPT,2003.11.20,,Vs,207.1099,m/s,19.75,m,m,m/s,#N/A,,old
1189,4416,80,VHC022,-87.5264,38.008,SCPT,2003.11.20,,Vs,203.1684,m/s,19.75,m,m,m/s,-,,old
1190,4417,80,VHC023,-87.5277,37.9892,SCPT,2003.11.20,,Vs,213.8087,m/s,19.85,m,m,m/s,-,,old
1191,4418,80,VHC024,-87.519,37.9843,SCPT,2003.11.20,,Vs,218.5702,m/s,19.75,m,m,m/s,-,,old
1192,4419,80,VHC025,-87.5528,37.981,SCPT,2003.11.21,,Vs,223.0924,m/s,18.8,m,m,m/s,-,,old
1193,4420,80,VHC026,-87.5623,37.9873,SCPT,2003.11.21,,Vs,212.0464,m/s,19.75,m,m,m/s,-,,old
1194,4421,80,VHC027,-87.5779,37.9856,SCPT,2003.11.21,,Vs,238.3741,m/s,20.35,m,m,m/s,-,,old
1195,4422,80,VHC028,-87.5855,37.9824,SCPT,2003.11.21,,Vs,255.1875,m/s,19.8,m,m,m/s,-,,old
1196,4423,80,VHC029,-87.4728,38.0381,SCPT,2003.12.3,,Vs,214.1471,m/s,17.65,m,m,m/s,-,,old
1197,4424,80,VHC030,-87.4738,38.0495,SCPT,2003.12.3,,Vs,203.3282,m/s,18.45,m,m,m/s,-,,old
1198,4425,80,VHC031,-87.4919,38.0349,SCPT,2003.12.3,,Vs,229.0814,m/s,20.15,m,m,m/s,-,,old
1199,4426,80,VHC032,-87.5937,37.9797,SCPT,2003.12.4,,Vs,243.5882,m/s,19.85,m,m,m/s,-,,old
1200,4427,80,VHC033,-87.5816,37.984,SCPT,2003.12.4,,Vs,231.9738,m/s,19.85,m,m,m/s,-,,old
1201,4428,80,VHC034,-87.5521,37.989,SCPT,2003.12.4,,Vs,203.8072,m/s,19.7,m,m,m/s,-,,old
1202,4429,80,VHC035,-87.5659,37.9742,SCPT,2003.12.5,,Vs,235.6703,m/s,19.9,m,m,m/s,#N/A,,old
1203,4430,80,VHC036,-87.6256,37.9796,SCPT,2004.10.5,,Vs,180.2825,m/s,18.25,m,m,m/s,-,,old
1204,4431,80,VHC037,-87.6341,37.9602,SCPT,2004.10.5,,Vs,213.3879,m/s,21.9,m,m,m/s,#N/A,,old
1205,4432,80,VHC038,-87.5949,38.025,SCPT,2004.10.5,,Vs,193.7984,m/s,17.75,m,m,m/s,-,,old
1206,4433,80,VHC039,-87.5978,38.0135,SCPT,2004.10.5,,Vs,217.1422,m/s,18.95,m,m,m/s,-,,old
1207,4434,80,VHC040,-87.505,38.0532,SCPT,2004.10.6,,Vs,206.4758,m/s,17.6,m,m,m/s,-,,old
1208,4435,80,VHC041,-87.5405,38.0281,SCPT,2004.10.6,,Vs,202.7183,m/s,17.6,m,m,m/s,-,,old
1209,4436,80,WKC001,-87.4456,37.9911,SCPT,2003.11.13,,Vs,217.6471,m/s,29.6,m,m,m/s,-,,old
1210,4437,80,WKC002,-87.4454,38.0058,SCPT,2003.11.17,,Vs,209.5268,m/s,19.75,m,m,m/s,-,,old
1211,4438,80,WKC003,-87.4365,38.0067,SCPT,2003.11.17,,Vs,195.6802,m/s,19.75,m,m,m/s,-,,old
1212,4439,80,WKC004,-87.4365,38.0201,SCPT,2003.11.17,,Vs,226.5765,m/s,17.75,m,m,m/s,-,,old
1213,4440,80,WKC005,-87.4274,38.0274,SCPT,2003.11.17,,Vs,191.9007,m/s,13.6,m,m,m/s,-,,old
1214,4441,80,WKC006,-87.4658,38.0885,SCPT,2003.11.18,,Vs,194.8194,m/s,17.75,m,m,m/s,-,,old
1215,4442,80,WKC007,-87.4729,38.0583,SCPT,2003.11.18,,Vs,211.5207,m/s,20.6,m,m,m/s,-,,old
1216,4443,80,WKC008,-87.4503,37.9802,SCPT,2003.11.18,,Vs,209.1183,m/s,16.65,m,m,m/s,-,,old
1217,4444,80,WKC009,-87.4658,38.0781,SCPT,2003.12.3,,Vs,191.6141,m/s,17,m,m,m/s,-,,old
1218,4445,80,WKC010,-87.4659,38.0677,SCPT,2003.12.3,,Vs,199.5832,m/s,12.45,m,m,m/s,-,,old
1219,4446,80,WTE001,-88.061,38.0523,SCPT,2004.10.7,,Vs,229.5193,m/s,16.95,m,m,m/s,#N/A,,old
1220,4447,80,WYA1,-89.1582,36.9261,SCPT,2001.3.8,,Vs,191.3912,m/s,24.9,m,m,m/s,2.7,,old
1221,4448,80,oak003,-122.316,37.8064,SCPT,1998.11.12,,Vs,216.1167,m/s,15.85,m,m,m/s,>1.7,,old
1222,4449,80,oak010,-122.275,37.8081,SCPT,1998.11.21,,Vs,376.3667,m/s,26.85,m,m,m/s,#N/A,,old